time,target,hit
1609746300,1922.68,1609946700.0
1609748100,1932.2600000000004,1609748400.0
1609763700,1926.5499999999997,1609936800.0
1609765800,1940.6799999999996,1609767000.0
1609773600,1953.8799999999994,1609894800.0
1609774500,1941.5899999999995,1609775400.0
1609782600,1922.85,1609946700.0
1609785900,1948.2600000000002,1609845600.0
1609789200,1947.62,1609839900.0
1609792200,1948.1500000000005,1609839900.0
1609806000,1934.1099999999997,1609936800.0
1609817100,1936.4600000000003,1609936800.0
1609819200,1944.76,1609838700.0
1609821000,1932.7999999999995,1609936800.0
1609822200,1937.62,1609825200.0
1609823100,1942.8200000000006,1609831200.0
1609825200,1934.5700000000002,1609936800.0
1609826100,1944.4399999999998,1609837500.0
1609827600,1941.23,1609828500.0
1609834800,1948.28,1609845600.0
1609858200,1926.7699999999995,1609936800.0
1609865100,1957.1400000000006,1609926900.0
1609867500,1957.0800000000004,1609926900.0
1609869000,1947.8999999999999,1609881000.0
1609870200,1953.7699999999998,1609894800.0
1609872300,1956.71,1609926900.0
1609880400,1943.0699999999997,1609901700.0
1609883100,1953.9500000000005,1609894800.0
1609883700,1947.1500000000005,1609896000.0
1609889400,1955.2100000000005,1609894800.0
1609890900,1944.9199999999994,1609901700.0
1609892100,1955.1399999999996,1609894800.0
1609893600,1955.3199999999997,1609922700.0
1609894800,1964.38,1645697700.0
1609895700,1947.3000000000004,1609896000.0
1609896900,1935.11,1609936800.0
1609897800,1958.9099999999999,1609927800.0
1609899900,1942.51,1609901700.0
1609902600,1936.7599999999995,1609936800.0
1609916700,1952.5599999999997,1609922100.0
1609918800,1953.0600000000002,1609922100.0
1609935600,1933.2000000000003,1609936800.0
1609962600,1929.9600000000003,1645673400.0
1609981200,1914.1699999999998,1610014800.0
1609983900,1917.58,1609984800.0
1609984500,1921.7500000000007,1610000400.0
1609985100,1913.2999999999997,1610014800.0
1609986900,1910.06,1610015400.0
1609996800,1915.0099999999998,1610013000.0
1609998300,1915.5,1610013000.0
1609999500,1926.6400000000003,1610001600.0
1610006700,1912.0399999999997,1610014800.0
1610007300,1926.7100000000005,1645671900.0
1610013000,1909.4299999999998,1610015400.0
1610025300,1900.7399999999998,1610092800.0
1610029200,1920.5099999999998,1645671600.0
1610030100,1905.5899999999995,1610092500.0
1610030700,1930.3499999999995,1645673400.0
1610031300,1903.99,1621992000.0
1610032200,1904.6100000000004,1610092500.0
1610045400,1917.5500000000002,1610049000.0
1610046900,1912.3999999999999,1610067600.0
1610048400,1920.2900000000002,1645671000.0
1610050800,1910.8399999999992,1610067600.0
1610051700,1922.3299999999997,1645671600.0
1610053200,1919.1900000000005,1645671000.0
1610064600,1911.6599999999999,1610067600.0
1610065500,1918.2599999999998,1645671000.0
1610067900,1898.5599999999995,1610092800.0
1610108700,1901.5200000000002,1621990800.0
1610109300,1883.2100000000003,1610111700.0
1610114100,1904.91,1621994700.0
1610114700,1882.3299999999997,1610116500.0
1610142300,1854.35,1610319600.0
1610324400,1837.7499999999998,1610326800.0
1610325000,1850.2499999999998,1610352000.0
1610325900,1840.3199999999997,1610326800.0
1610343000,1841.6799999999996,1610343600.0
1610367000,1841.2200000000005,1610369700.0
1610381700,1836.9599999999996,1610473200.0
1610382600,1860.0800000000002,1610434200.0
1610394000,1855.1599999999994,1610429700.0
1610394600,1841.87,1610402400.0
1610398800,1834.4599999999998,1610591400.0
1610408700,1853.8799999999997,1610429700.0
1610411100,1828.4700000000005,1610725800.0
1610418000,1856.2000000000003,1610430000.0
1610449800,1854.15,1610457600.0
1610450700,1868.0,1611156900.0
1610454000,1866.24,1611155700.0
1610458200,1835.6699999999998,1610591400.0
1610475900,1855.4800000000002,1610479800.0
1610517300,1851.57,1610529000.0
1610521800,1853.83,1610526600.0
1610523000,1865.7599999999995,1611155700.0
1610523900,1847.3300000000006,1610571000.0
1610542800,1842.3500000000004,1610590800.0
1610544600,1866.98,1611155700.0
1610548500,1861.96,1611153000.0
1610559600,1847.2599999999998,1610571000.0
1610561400,1863.1799999999998,1611153600.0
1610562600,1842.3799999999999,1610590800.0
1610565300,1842.9899999999998,1610574600.0
1610589600,1857.4200000000005,1611152400.0
1610590500,1842.4499999999998,1610590800.0
1610607000,1850.04,1610634300.0
1610610600,1843.1200000000001,1610611500.0
1610617500,1834.3700000000003,1610723100.0
1610621100,1827.8999999999999,1610725800.0
1610624400,1847.3200000000002,1610634000.0
1610627400,1834.8899999999999,1610723100.0
1610631600,1833.8299999999995,1610723100.0
1610632500,1848.8399999999997,1610634000.0
1610655300,1836.2800000000002,1610718600.0
1610657100,1840.2399999999998,1610718300.0
1610658300,1852.0399999999995,1610670300.0
1610661600,1838.88,1610718300.0
1610669700,1853.0800000000002,1610672400.0
1610688900,1842.05,1610718300.0
1610699100,1859.6399999999999,1611152400.0
1610701200,1838.8400000000004,1610718300.0
1610702700,1845.12,1610718000.0
1610704800,1863.08,1611153600.0
1610712000,1835.1499999999999,1610723100.0
1610741100,1819.9599999999998,1610748000.0
1610745300,1811.7699999999995,1610927700.0
1610934900,1818.8400000000006,1611352800.0
1610936400,1819.5400000000002,1611352800.0
1610937300,1836.2699999999998,1610948100.0
1610940600,1823.3999999999996,1611352800.0
1610941800,1831.8599999999997,1610947800.0
1610964600,1817.66,1611352800.0
1610975400,1838.6399999999996,1610987100.0
1610990700,1855.5400000000002,1611129000.0
1610997900,1837.0000000000002,1611010800.0
1611015000,1829.8299999999997,1611352800.0
1611015600,1830.31,1611352800.0
1611016500,1841.7600000000002,1611018900.0
1611026700,1842.9599999999996,1611043500.0
1611031200,1847.9799999999998,1611108300.0
1611033900,1830.8999999999996,1611352800.0
1611039900,1832.7,1611061800.0
1611040500,1847.5399999999995,1611108300.0
1611042600,1828.9299999999998,1611352800.0
1611043800,1847.8800000000006,1611108300.0
1611060000,1827.17,1611352800.0
1611074100,1835.0300000000004,1611148200.0
1611075900,1849.82,1611111000.0
1611088200,1832.08,1611352800.0
1611090000,1831.9300000000003,1611352800.0
1611092700,1832.7600000000004,1611352800.0
1611102900,1856.0,1611129600.0
1611138900,1845.88,1611147000.0
1611139800,1861.3600000000004,1611153000.0
1611140400,1845.6200000000001,1611147000.0
1611153000,1871.7200000000003,1611183600.0
1611171300,1860.7999999999997,1611237000.0
1611171900,1862.89,1611237000.0
1611173400,1875.8,1621431300.0
1611190500,1862.8299999999995,1611237000.0
1611191700,1860.3700000000001,1611237000.0
1611197400,1876.0799999999995,1621431300.0
1611199200,1861.8499999999997,1611237000.0
1611201300,1878.98,1621431300.0
1611202500,1876.4600000000005,1621431300.0
1611213000,1866.9400000000005,1611214200.0
1611216600,1878.4199999999996,1621431300.0
1611217200,1862.8,1611237000.0
1611218700,1877.2600000000002,1621431300.0
1611221100,1864.0400000000002,1611236700.0
1611230100,1877.94,1621431300.0
1611233400,1863.7200000000005,1611236700.0
1611252300,1871.36,1611927600.0
1611255000,1871.2200000000007,1611927600.0
1611274500,1864.55,1611277200.0
1611299700,1867.9199999999998,1611924300.0
1611300600,1855.1399999999999,1611310500.0
1611304200,1845.6199999999997,1611318600.0
1611329700,1872.36,1611927900.0
1611346800,1861.6599999999999,1611572100.0
1611349500,1844.0599999999995,1611352800.0
1611352200,1846.1400000000003,1611352800.0
1611352800,1862.2,1611572100.0
1611531600,1869.7600000000004,1611926100.0
1611533400,1849.9299999999998,1611553800.0
1611535500,1863.1400000000003,1611572100.0
1611537900,1850.6200000000001,1611553800.0
1611538500,1849.94,1611553800.0
1611539100,1858.2,1611571200.0
1611542700,1851.3000000000006,1611553500.0
1611543900,1850.7000000000003,1611553800.0
1611570600,2163.5600000000004,1709885400.0
1611586800,1847.23,1611590400.0
1611602100,1858.7400000000005,1611626400.0
1611604500,1850.9200000000005,1611646500.0
1611605400,1860.1100000000004,1611628500.0
1611609900,1852.0399999999997,1611646500.0
1611617400,1854.2100000000005,1611619200.0
1611619200,1850.07,1611657600.0
1611624900,1860.41,1611628500.0
1611638400,1850.9800000000002,1611646500.0
1611639300,1860.4800000000002,1611844200.0
1611641100,1851.1200000000001,1611646500.0
1611661800,1858.4999999999998,1611667800.0
1611664200,1848.0900000000001,1611708600.0
1611665700,1860.3299999999997,1611843300.0
1611667200,1856.3,1611667500.0
1611677100,1857.6000000000004,1611842400.0
1611678300,1848.1899999999998,1611708600.0
1611693000,1846.7799999999997,1611709200.0
1611707100,1851.7400000000005,1611734400.0
1611708000,1844.93,1611711900.0
1611724200,1848.2700000000002,1611726000.0
1611725100,1842.9500000000005,1611739500.0
1611726900,1854.16,1611841800.0
1611739800,1860.0699999999997,1611843300.0
1611741000,1833.66,1611758400.0
1611760500,1861.74,1611844200.0
1611774900,1841.2600000000007,1611777300.0
1611775800,1841.2900000000002,1611777300.0
1611777000,1838.9700000000003,1611792000.0
1611809100,1832.2099999999996,1611856200.0
1611810900,1841.1,1611821700.0
1611812100,1846.5,1611852900.0
1611813600,1832.5099999999998,1611856200.0
1611816000,1833.2800000000002,1611856200.0
1611816600,1835.7500000000002,1611817200.0
1611817200,1830.4200000000003,1611856200.0
1611822600,1849.8099999999997,1611841500.0
1611823200,1832.92,1611856200.0
1611824100,1846.0299999999997,1611852900.0
1611837600,1842.9700000000003,1611841200.0
1611840900,1845.3900000000003,1611841200.0
1611856500,1753.1100000000004,1614350700.0
1611869400,1838.3799999999997,1612163400.0
1611870300,1847.9299999999996,1611903000.0
1611879300,1839.8299999999995,1611881400.0
1611884700,1852.28,1611911100.0
1611887700,1846.5999999999997,1611902700.0
1611889200,1839.0000000000007,1612163400.0
1611890100,1844.0700000000004,1611897300.0
1611891900,1839.7800000000002,1611957600.0
1611895500,1844.2499999999998,1611897300.0
1611931200,1843.2899999999995,1611953400.0
1611931800,1874.9899999999998,1621429200.0
1611934500,1851.72,1611941700.0
1612134000,1839.54,1612163400.0
1612138800,1845.7800000000002,1612163400.0
1612139700,1861.7800000000002,1612148400.0
1612171800,2183.4200000000005,1709905200.0
1612174500,1855.5400000000002,1612192200.0
1612180500,1848.29,1612192200.0
1612181400,1891.54,1621951200.0
1612182900,1872.7899999999997,1621302300.0
1612184700,1872.0600000000006,1621302000.0
1612194900,1840.1100000000001,1612271100.0
1612199100,1869.8000000000002,1621305900.0
1612200000,1855.9400000000005,1612224900.0
1612202700,1868.5100000000002,1621295700.0
1612203900,1859.1299999999997,1612204200.0
1612209600,1866.1999999999998,1621266300.0
1612211400,1840.2799999999997,1612271100.0
1612212900,1853.8799999999999,1612236300.0
1612216800,1851.8599999999994,1612249800.0
1612223100,1854.5899999999995,1612225500.0
1612228500,1862.6799999999996,1612230300.0
1612229100,1855.9599999999996,1612235400.0
1612230600,1869.2599999999995,1621297800.0
1612233600,1860.37,1612233900.0
1612286700,1841.7099999999994,1612317600.0
1612287300,1840.7700000000002,1612315200.0
1612289400,1819.6300000000003,1612404600.0
1612293900,1850.6800000000003,1612963800.0
1612297800,1830.6399999999999,1612357800.0
1612302000,1832.0799999999995,1612338600.0
1612302900,1840.9200000000005,1612315200.0
1612330200,1837.8400000000004,1612332000.0
1612354500,1839.89,1612358700.0
1612355100,1841.3799999999999,1612358700.0
1612357500,1841.9800000000005,1612358700.0
1612359300,1843.6799999999998,1612860600.0
1612363500,1827.8600000000004,1612403100.0
1612364400,1811.2400000000002,1612430100.0
1612368900,1828.0900000000006,1612403100.0
1612369800,1840.0000000000002,1612837500.0
1612371600,1828.4399999999996,1612403100.0
1612372800,1836.3799999999997,1612797300.0
1612373400,1829.93,1612403100.0
1612380300,1840.9600000000003,1612837800.0
1612382100,1839.5399999999997,1612837500.0
1612382700,1827.1700000000003,1612403100.0
1612393500,1829.8499999999997,1612403100.0
1612395000,1838.6200000000006,1612799100.0
1612395900,1829.1699999999994,1612403100.0
1612396500,1834.9299999999994,1612796400.0
1612398900,1829.6400000000003,1612403100.0
1612401300,1824.7599999999995,1612403400.0
1612401900,1835.54,1612796700.0
1612402800,1823.6900000000005,1612403400.0
1612422900,1828.5400000000004,1612791600.0
1612425900,1818.8100000000004,1612427400.0
1612429200,1798.1000000000004,1612447800.0
1612444800,1827.0600000000006,1612791300.0
1612446000,1802.88,1612447200.0
1612464600,1794.8200000000004,1612467900.0
1612466400,1788.8499999999997,1613516700.0
1612467000,1793.5900000000001,1612467300.0
1612486800,1789.47,1613516700.0
1612488000,1798.3000000000002,1612503300.0
1612497300,1797.0300000000004,1612502400.0
1612498800,1788.9599999999998,1613516700.0
1612502100,1803.2000000000005,1612512600.0
1612506900,1803.5199999999998,1612512600.0
1612528200,1796.0500000000002,1612530900.0
1612532700,1814.7500000000002,1612544400.0
1612534500,1772.7400000000005,1613577300.0
1612538100,1812.6399999999999,1612544100.0
1612540500,1816.6900000000003,1612738800.0
1612559400,1807.14,1613480100.0
1612738800,1818.7900000000002,1612783800.0
1612750500,1805.3299999999997,1613480400.0
1612752300,1803.9700000000005,1613481900.0
1612761900,1817.3800000000006,1612769400.0
1612764000,1806.0999999999997,1613480400.0
1612765500,1819.3900000000003,1612783800.0
1612772700,1806.06,1613480400.0
1612774200,1800.1699999999996,1613482800.0
1612774800,1812.1900000000005,1612776000.0
1612775400,1804.6499999999996,1613481600.0
1612777200,1805.3100000000004,1613480400.0
1612779000,1812.0500000000002,1612780200.0
1612781100,1821.5799999999997,1612784100.0
1612808100,1828.1499999999999,1613063100.0
1612809300,1829.3500000000001,1612818000.0
1612829100,1834.7199999999998,1612832400.0
1612831500,1830.4500000000005,1613062500.0
1612832400,1838.1999999999998,1612835100.0
1612853700,1834.0800000000006,1612919400.0
1612854900,1828.1099999999997,1613063100.0
1612856700,1848.6799999999996,1612963800.0
1612859400,1833.8100000000006,1612919400.0
1612860300,1846.8699999999997,1612963800.0
1612884000,1851.7899999999997,1612963800.0
1612886700,1835.0100000000004,1612889100.0
1612905000,1831.6200000000001,1613062500.0
1612908000,1827.7400000000007,1613063100.0
1612912500,1843.3900000000003,1612928400.0
1612919100,1828.6299999999999,1613063100.0
1612920300,1839.7399999999998,1612922100.0
1612944300,1840.0,1612950600.0
1612945500,1850.1999999999998,1612963800.0
1612949700,1838.5800000000004,1612961100.0
1612953000,1847.9199999999996,1612963800.0
1612955100,1835.35,1612973700.0
1612963800,1852.06,1612964100.0
1612970400,1827.7199999999998,1613063100.0
1612971600,1834.5200000000007,1613062200.0
1612976100,1845.3500000000001,1612985400.0
1612977000,1833.4199999999998,1613062200.0
1612985100,1838.0900000000001,1613007600.0
1612986000,1848.7199999999998,1621214100.0
1613000400,1838.27,1613007600.0
1613025900,1843.3800000000006,1613027100.0
1613042100,1833.4099999999999,1613062200.0
1613044500,1838.5500000000002,1613054100.0
1613045700,1838.4299999999998,1613057400.0
1613047800,1837.8799999999999,1613057400.0
1613048700,1847.6700000000003,1621203600.0
1613051400,1852.5499999999997,1621215000.0
1613053200,1836.2599999999993,1613059200.0
1613054400,1823.9300000000003,1613064600.0
1613055300,1848.59,1621214100.0
1613056500,1832.4099999999999,1613062200.0
1613057400,1832.4399999999996,1613062200.0
1613058300,1835.6400000000003,1613061000.0
1613080500,1831.66,1620390600.0
1613085000,1829.08,1613145300.0
1613085900,1824.2199999999998,1613090400.0
1613087700,1835.1200000000003,1620390900.0
1613091900,1818.2400000000007,1613113800.0
1613108100,1819.0700000000002,1613113200.0
1613109600,1827.9,1613145000.0
1613110800,1821.27,1613111700.0
1613111400,1821.2999999999995,1613111700.0
1613112600,1817.6300000000003,1613116200.0
1613127600,1822.9900000000002,1613144700.0
1613128200,1823.06,1613144700.0
1613131200,1822.52,1613144700.0
1613132400,1823.3799999999997,1613145000.0
1613136000,1810.0999999999995,1613479800.0
1613138700,1825.67,1613145000.0
1613140200,1809.8499999999995,1613479800.0
1613145600,1838.6799999999996,1620391200.0
1613160000,1816.57,1613374800.0
1613166300,1826.0600000000004,1613353800.0
1613345100,1820.9600000000003,1613345700.0
1613351100,1830.7400000000002,1620390600.0
1613358000,1821.4899999999996,1613364600.0
1613359800,1822.9800000000002,1613363100.0
1613361000,1833.5099999999995,1620390600.0
1613364300,1817.7199999999996,1613371800.0
1613364900,1825.3199999999997,1613439900.0
1613366100,1825.05,1613368500.0
1613367600,1818.72,1613371500.0
1613387100,1814.1599999999999,1613479500.0
1613389500,1833.53,1620390600.0
1613397000,1816.62,1613397600.0
1613398800,1823.96,1613439000.0
1613399400,1815.7899999999995,1613476500.0
1613400300,1823.56,1613438700.0
1613401500,1814.45,1613479200.0
1613430900,1815.53,1613478900.0
1613433300,1821.2399999999996,1613435100.0
1613434500,1821.7599999999998,1613436000.0
1613455500,1811.9999999999998,1613479500.0
1613459400,1819.8500000000001,1613460600.0
1613468700,1828.3200000000002,1620390600.0
1613472900,1820.1199999999997,1613474700.0
1613498400,1802.4,1614000300.0
1613499300,1802.88,1614004500.0
1613504100,1786.4700000000005,1613517000.0
1613511900,1789.1399999999994,1613516700.0
1613532600,1801.2699999999998,1614000000.0
1613541000,1795.0199999999993,1613981400.0
1613544000,1778.52,1613568300.0
1613544900,1785.88,1613548800.0
1613563800,1800.6399999999999,1613999700.0
1613567400,1781.3799999999997,1613568000.0
1613583300,1783.7399999999998,1613617200.0
1613584200,1773.5700000000002,1613586300.0
1613593800,1777.3599999999997,1613602800.0
1613595000,1772.3499999999995,1613660700.0
1613603100,1782.9399999999996,1613615700.0
1613625900,1786.2099999999998,1613637900.0
1613632200,1778.68,1613650800.0
1613637300,1776.4699999999998,1613659500.0
1613638800,1807.1999999999996,1614005100.0
1613643900,1778.1799999999998,1613659200.0
1613645400,1785.6999999999998,1613647200.0
1613651700,1769.52,1613661300.0
1613652900,1777.2999999999997,1613659500.0
1613655900,1766.4799999999996,1613695200.0
1613658900,1764.3999999999999,1613696700.0
1613676600,1782.56,1613743200.0
1613677500,1769.77,1613692800.0
1613683200,1778.5399999999995,1613742900.0
1613685300,1769.4700000000003,1613694300.0
1613689500,1780.6200000000001,1613742900.0
1613691600,1780.7099999999998,1613742900.0
1613692200,1771.24,1613692500.0
1613710500,1771.6599999999999,1613713800.0
1613711400,1774.2300000000007,1613715000.0
1613728500,1764.9699999999996,1614317400.0
1613731200,1770.45,1613734200.0
1613734500,1778.17,1613742900.0
1613735400,1761.3900000000003,1614318300.0
1613737500,1776.4299999999998,1613742900.0
1613738700,1770.5100000000002,1613741700.0
1613740500,1765.5800000000004,1614298800.0
1613742600,1792.3999999999999,1613974200.0
1613759100,1772.54,1614266100.0
1613760600,1776.6599999999994,1614265500.0
1613769600,1784.7300000000002,1613948400.0
1613963700,1778.2600000000004,1614265200.0
1613965200,1781.01,1613965500.0
1613967000,1786.1900000000003,1613970000.0
1613967900,1781.09,1614259800.0
1613970900,1783.0900000000006,1614253500.0
1613973300,1795.5799999999995,1613985300.0
1614003000,1788.65,1614174900.0
1614004200,1808.8400000000006,1614008400.0
1614023400,1805.6499999999999,1614072000.0
1614030900,1810.8100000000006,1614035100.0
1614036600,1813.1199999999997,1614044700.0
1614039600,1813.6899999999994,1614044700.0
1614043500,1822.6400000000003,1620376500.0
1614060000,1814.6200000000001,1620312600.0
1614061800,1816.8299999999995,1620314700.0
1614062400,1808.1400000000006,1614067200.0
1614082200,1814.2599999999995,1620312600.0
1614085200,1818.56,1620356400.0
1614085800,1819.3299999999997,1620356400.0
1614091500,1784.07,1614178500.0
1614095400,1802.6800000000003,1614097200.0
1614106500,1813.0499999999997,1614131400.0
1614109800,1798.6599999999994,1614174000.0
1614111900,1809.75,1614128700.0
1614113400,1802.4300000000003,1614172500.0
1614125700,1816.5799999999995,1620314400.0
1614144900,1802.65,1614160500.0
1614154800,1817.5400000000004,1620314700.0
1614157200,1803.6700000000003,1614159300.0
1614166800,1820.3799999999999,1620356700.0
1614170100,1802.8199999999995,1614172500.0
1614172200,1801.17,1614172500.0
1614188100,1803.9600000000005,1614203100.0
1614189000,1804.9399999999996,1614203400.0
1614217800,1795.3099999999995,1614221400.0
1614232500,1805.0700000000004,1620308100.0
1614233100,1794.91,1614233400.0
1614280500,1784.39,1618818000.0
1614281700,1769.2300000000005,1614290100.0
1614282300,1777.4899999999996,1618570500.0
1614284400,1759.2799999999993,1614318900.0
1614294900,1763.38,1614317400.0
1614305700,1766.8,1614314400.0
1614306600,1779.92,1618574700.0
1614314400,1763.8400000000001,1614317400.0
1614317400,1765.5399999999997,1614317400.0
1614329700,1772.3400000000004,1618567500.0
1614331200,1757.1800000000003,1614349800.0
1614332700,1758.6299999999997,1614339000.0
1614333900,1772.7600000000002,1618568400.0
1614336000,1770.3499999999995,1618566600.0
1614339000,1762.2599999999998,1614343200.0
1614340200,1766.4800000000007,1614346800.0
1614341100,1756.36,1614349800.0
1614342600,1756.9,1614349800.0
1614343500,1755.2799999999997,1614349800.0
1614368400,1741.93,1614561300.0
1614369300,1721.4800000000002,1614622200.0
1614372600,1744.2000000000005,1614562200.0
1614588900,1746.3200000000002,1614591300.0
1614640200,1726.8799999999997,1614645300.0
1614641700,1712.5099999999998,1614649500.0
1614644400,1734.18,1614703800.0
1614648300,1702.94,1614786000.0
1614665100,1720.78,1614667200.0
1614699300,1711.18,1614777300.0
1614701700,1752.8999999999999,1616030400.0
1614719700,1737.42,1614721200.0
1614729000,1729.2400000000002,1614759000.0
1614729900,1739.5499999999993,1615452300.0
1614732900,1737.6399999999999,1615448700.0
1614733500,1740.4699999999996,1615905300.0
1614734400,1730.3799999999999,1614735000.0
1614736800,1731.27,1614752100.0
1614746100,1737.5799999999995,1615448400.0
1614747900,1733.1000000000004,1614749400.0
1614748800,1731.3899999999999,1614752100.0
1614750600,1727.5100000000002,1614759600.0
1614754800,1728.2700000000002,1614759300.0
1614756900,1728.83,1614759000.0
1614789600,1714.9700000000003,1614799200.0
1614792600,1723.9999999999998,1615403100.0
1614800100,1716.7900000000002,1614801600.0
1614802500,1709.3199999999997,1614808800.0
1614817800,1715.9600000000005,1614821700.0
1614819600,1709.6100000000004,1614828000.0
1614821400,1718.9200000000003,1614836100.0
1614824100,1707.1699999999998,1614830700.0
1614831300,1698.7,1614880800.0
1614832200,1722.5300000000004,1614862800.0
1614834000,1710.5800000000004,1614848400.0
1614834600,1719.7900000000002,1614841800.0
1614835500,1712.44,1614847800.0
1614837300,1724.6700000000003,1615403400.0
1614848400,1700.8800000000003,1614879300.0
1614860100,1720.9000000000005,1614862800.0
1614867900,1728.0900000000001,1615428300.0
1614871200,1725.0399999999995,1615403400.0
1614875100,1709.9999999999998,1614878400.0
1614902400,1690.86,1614903000.0
1614916800,1692.3000000000002,1614917700.0
1614918000,1698.3000000000006,1614924600.0
1614918900,1685.6599999999999,1615204800.0
1614920400,1688.79,1614951000.0
1614921000,1696.9400000000005,1614923700.0
1614932100,1704.9500000000003,1614954000.0
1614933300,1698.4399999999996,1614944100.0
1614933900,1686.2400000000002,1615204500.0
1614935400,1699.8399999999997,1614951900.0
1614937200,1685.7499999999998,1615204800.0
1614941100,1699.9300000000003,1614951900.0
1614942300,1691.6200000000001,1614951000.0
1614946200,1697.3700000000006,1614947100.0
1614951300,1719.57,1615299300.0
1614956400,1702.2900000000002,1614957900.0
1614960000,1693.16,1615193400.0
1614960900,1702.3299999999997,1614965100.0
1614961500,1689.5300000000004,1615196100.0
1614962700,1703.63,1614968100.0
1614963300,1702.15,1614965100.0
1614964200,1701.2399999999998,1614964500.0
1614969300,1689.5500000000002,1615196100.0
1614970200,1704.6800000000003,1615158000.0
1614972600,1690.5499999999995,1615195200.0
1614975600,1703.8500000000001,1615158000.0
1614979800,1702.5600000000002,1615158000.0
1614980700,1705.64,1615158000.0
1615158000,1700.7,1615158000.0
1615173900,1703.6900000000003,1615186800.0
1615177500,1707.9199999999996,1615179600.0
1615179000,1701.4400000000003,1615187100.0
1615180500,1704.7600000000002,1615181400.0
1615181700,1722.78,1615383300.0
1615184100,1699.4299999999996,1615188000.0
1615211400,1694.68,1615212000.0
1615214700,1680.8199999999997,1615218300.0
1615233000,1687.2800000000002,1615256100.0
1615252200,1692.9100000000005,1615272000.0
1615253100,1679.2999999999993,1617155100.0
1615255200,1693.2500000000005,1615272300.0
1615315500,1714.7999999999995,1615323000.0
1615316400,1709.4799999999996,1615375500.0
1615317300,1719.9800000000002,1615383000.0
1615317900,1713.3400000000004,1615332300.0
1615319700,1724.9499999999996,1615403400.0
1615323300,1720.2400000000005,1615383300.0
1615326300,1707.3200000000002,1615536300.0
1615336800,1708.3,1615375800.0
1615338000,1724.6099999999994,1615403400.0
1615338900,1714.5899999999992,1615339800.0
1615357800,1706.53,1615536600.0
1615358400,1716.1899999999996,1615360200.0
1615363800,1705.9,1615539300.0
1615365900,1715.9500000000003,1615383000.0
1615366800,1711.4599999999998,1615373400.0
1615369200,1721.0100000000002,1615383300.0
1615370100,1714.3000000000002,1615370400.0
1615373400,1710.4899999999993,1615374300.0
1615378500,1713.2100000000003,1615378500.0
1615380300,1704.9700000000005,1615539900.0
1615381800,1723.2000000000003,1615383300.0
1615383000,1715.02,1615383000.0
1615398000,1713.2300000000002,1615529400.0
1615399500,1731.5600000000002,1615429800.0
1615400100,1710.18,1615531200.0
1615401600,1729.13,1615428300.0
1615424700,1718.5600000000002,1615518000.0
1615426500,1736.2500000000002,1615447500.0
1615428300,1733.5000000000007,1615433100.0
1615457700,1739.0600000000002,1615905000.0
1615463100,1718.1000000000006,1615518000.0
1615488600,1727.3999999999999,1615512900.0
1615490700,1728.22,1615586100.0
1615494000,1728.5399999999997,1615586100.0
1615495800,1727.0199999999995,1615512600.0
1615497300,1720.5400000000004,1615516800.0
1615507200,1718.42,1615518000.0
1615508100,1728.2,1615586100.0
1615511100,1730.1200000000001,1615770300.0
1615515000,1719.2700000000002,1615517100.0
1615556400,1716.9699999999993,1615567200.0
1615558500,1716.6799999999998,1615567200.0
1615559400,1713.0900000000001,1615566300.0
1615560000,1708.53,1615563900.0
1615775100,1722.6,1615786500.0
1615776300,1720.9299999999994,1616073900.0
1615777200,1730.2099999999996,1615799700.0
1615778700,1720.29,1616073900.0
1615780500,1732.2800000000002,1615800600.0
1615783200,1721.35,1616073300.0
1615784400,1722.1999999999998,1615786800.0
1615797900,1730.0599999999997,1615799700.0
1615817100,1745.58,1616006100.0
1615818900,1716.6699999999994,1617024900.0
1615825500,1733.4600000000005,1615857300.0
1615827300,1725.0900000000001,1615989600.0
1615829400,1727.1599999999999,1615878600.0
1615832100,1734.5399999999995,1615869000.0
1615832700,1729.18,1615834200.0
1615833300,1733.0399999999995,1615857300.0
1615850400,1725.8000000000004,1615989600.0
1615851600,1735.53,1615872900.0
1615856400,1732.9599999999994,1615857300.0
1615861200,1726.3300000000006,1615878600.0
1615863000,1734.1899999999998,1615869000.0
1615878000,1728.8600000000004,1615878300.0
1615893300,1739.0800000000002,1615905000.0
1615898700,1737.2800000000002,1615904700.0
1615907400,1738.88,1616004600.0
1615908300,1724.96,1615989600.0
1615914900,1723.99,1616072700.0
1615923900,1737.8800000000003,1615962600.0
1615928400,1729.6100000000001,1615943100.0
1615933800,1722.9099999999996,1616072700.0
1615934400,1734.5400000000002,1615946100.0
1615941000,1725.6600000000003,1615989600.0
1615942500,1734.0000000000005,1615945500.0
1615944900,1736.3799999999999,1615954500.0
1615949700,1736.3999999999996,1615954500.0
1615965900,1731.1,1615979400.0
1615968000,1732.1899999999996,1615979100.0
1615974300,1733.8099999999997,1615978800.0
1615975200,1739.3799999999997,1616004600.0
1615976700,1731.1899999999998,1615979400.0
1615978500,1731.6699999999998,1615979100.0
1615995000,1724.32,1616072700.0
1615996200,1731.8000000000004,1616004000.0
1615997400,1721.2700000000002,1616073300.0
1616004600,1763.9,1618496100.0
1616026200,1740.4100000000005,1616052600.0
1616027100,1753.1799999999996,1616030400.0
1616042100,1743.2100000000003,1616052300.0
1616044500,1754.42,1617888600.0
1616045400,1748.7400000000002,1616052000.0
1616048100,1752.8999999999996,1617888600.0
1616049600,1746.1599999999999,1616052000.0
1616083800,1739.7500000000007,1616134800.0
1616098800,1731.35,1616114700.0
1616100000,1740.7500000000002,1616135100.0
1616109000,1725.36,1616513700.0
1616110500,1729.8399999999997,1616115600.0
1616111100,1735.07,1616111400.0
1616112000,1728.5000000000002,1616116500.0
1616112900,1729.0900000000004,1616115900.0
1616126100,1723.4599999999998,1616691600.0
1616130000,1740.2799999999993,1616135100.0
1616150400,1725.8299999999997,1616508900.0
1616156400,1735.7400000000007,1616158800.0
1616163600,1728.53,1616396700.0
1616173200,1748.92,1616356800.0
1616366700,1739.4700000000003,1616367300.0
1616382300,1741.1000000000004,1616384700.0
1616382900,1733.0299999999995,1616393400.0
1616384400,1745.4100000000003,1617867300.0
1616393400,1729.9599999999998,1616394600.0
1616409000,1735.8799999999997,1616411100.0
1616410800,1740.3400000000006,1616435400.0
1616426700,1731.5800000000004,1616466600.0
1616428800,1744.4599999999998,1616679300.0
1616445600,1735.24,1616461800.0
1616446500,1739.91,1616457600.0
1616451600,1734.6900000000005,1616461800.0
1616455800,1733.6200000000001,1616462400.0
1616476800,1740.4600000000003,1616493900.0
1616496000,1745.2300000000002,1617724500.0
1616497500,1747.6799999999998,1617879600.0
1616504400,1732.85,1616506200.0
1616523600,1724.43,1616547600.0
1616525700,1718.4200000000003,1617024900.0
1616529600,1721.45,1617024600.0
1616532300,1725.9000000000005,1616543700.0
1616533200,1722.7100000000003,1616691600.0
1616537100,1729.8500000000006,1616549700.0
1616537700,1724.9399999999996,1616547600.0
1616540100,1723.2800000000002,1616691600.0
1616542800,1732.1,1616553300.0
1616544600,1721.6499999999999,1617022500.0
1616547000,1730.72,1616550600.0
1616548200,1713.1700000000003,1617025200.0
1616549700,1735.3399999999995,1616580000.0
1616567400,1724.63,1616691600.0
1616577000,1736.2000000000003,1616601900.0
1616578200,1735.0900000000004,1616580000.0
1616583000,1730.4099999999996,1616583000.0
1616583900,1736.0200000000004,1616601900.0
1616585700,1735.7399999999993,1616601600.0
1616591400,1730.0699999999997,1616592300.0
1616592600,1721.3599999999997,1617024600.0
1616597700,1738.5100000000002,1616642100.0
1616598900,1723.8500000000004,1616691600.0
1616601900,1753.1,1617888600.0
1616606400,1737.0199999999998,1616641800.0
1616618700,1727.9900000000002,1616673000.0
1616624400,1739.5,1616678700.0
1616625600,1731.4400000000003,1616656200.0
1616627400,1729.1500000000003,1616672700.0
1616629800,1736.1400000000003,1616641500.0
1616630400,1731.1999999999998,1616656200.0
1616631900,1729.5199999999995,1616669400.0
1616632800,1737.8,1616641800.0
1616633400,1729.6399999999999,1616669400.0
1616634900,1728.5500000000006,1616673000.0
1616635500,1736.9499999999996,1616641800.0
1616636400,1736.6599999999994,1616641800.0
1616637600,1727.43,1616674200.0
1616639400,1736.4700000000003,1616641800.0
1616640900,1738.1299999999999,1616642100.0
1616646000,1740.9000000000003,1616679000.0
1616654400,1738.3399999999992,1616678700.0
1616658000,1719.7400000000002,1617024900.0
1616671500,1738.1600000000003,1616678700.0
1616673900,1720.5200000000007,1617024600.0
1616679300,1750.2000000000005,1617881700.0
1616691900,1705.5700000000006,1617072900.0
1616710200,1730.89,1616751600.0
1616711100,1732.7899999999997,1616771100.0
1616713200,1723.25,1616726700.0
1616715600,1718.96,1617024900.0
1616719500,1733.7899999999997,1616771100.0
1616721000,1723.9899999999996,1616726700.0
1616725500,1716.36,1617024900.0
1616736300,1729.68,1616751300.0
1616737500,1723.4099999999999,1616757300.0
1616740200,1735.4000000000003,1616771700.0
1616755800,1723.2600000000007,1616757300.0
1616762700,1715.6000000000001,1617025200.0
1616769000,1727.7200000000005,1616979900.0
1616769900,1735.8500000000001,1616771700.0
1616782800,1733.1200000000006,1616958000.0
1616786100,1725.4199999999994,1616999400.0
1616790900,1723.52,1617005700.0
1616968800,1736.19,1617687000.0
1616971500,1728.31,1616979900.0
1616972700,1734.0200000000007,1617671100.0
1616974500,1725.0599999999997,1617001200.0
1616977800,1728.5,1616979900.0
1616984700,1733.4799999999998,1617671100.0
1616985600,1725.66,1616999400.0
1616986500,1732.5399999999997,1617637500.0
1616987400,1728.74,1616991300.0
1616995800,1735.3300000000004,1617672900.0
1616997600,1718.3499999999997,1617024900.0
1617014400,1727.94,1617015000.0
1617016500,1721.3400000000001,1617024600.0
1617017400,1727.91,1617287700.0
1617019500,1720.6599999999999,1617024600.0
1617021300,1721.8000000000002,1617022500.0
1617024000,1718.1199999999997,1617024900.0
1617040500,1718.0600000000004,1617261600.0
1617041400,1712.96,1617057600.0
1617043800,1705.1500000000003,1617072900.0
1617046800,1712.98,1617057600.0
1617048000,1713.9800000000005,1617065100.0
1617048900,1706.55,1617071700.0
1617059400,1714.9799999999998,1617259200.0
1617068100,1696.4300000000003,1617198900.0
1617125400,1680.7300000000007,1617154800.0
1617126600,1687.3600000000001,1617172500.0
1617129300,1679.0499999999995,1617155100.0
1617133200,1685.4700000000005,1617144000.0
1617134100,1678.8800000000003,1617155100.0
1617145800,1678.1199999999994,1617159300.0
1617147300,1689.5800000000002,1617197400.0
1617154200,1679.55,1617155100.0
1617171300,1689.1599999999996,1617194400.0
1617189000,1690.79,1617197700.0
1617190800,1690.7299999999998,1617197400.0
1617193200,1679.2600000000004,1628463300.0
1617194700,1706.9200000000005,1617205500.0
1617221100,1705.98,1617221400.0
1617237000,1708.8699999999994,1617241200.0
1617237600,1703.0700000000004,1628463300.0
1617241200,1712.9000000000003,1617246000.0
1617271200,1710.2999999999995,1628463300.0
1617272100,1716.0500000000002,1617278100.0
1617274200,1710.3099999999995,1628463300.0
1617282000,1728.96,1617288900.0
1617303000,1722.7200000000005,1617602100.0
1617307500,1733.4899999999998,1617671100.0
1617581100,1724.5999999999997,1617590400.0
1617585600,1731.5600000000002,1617635700.0
1617586200,1725.3100000000004,1617589800.0
1617588900,1725.1799999999994,1617589800.0
1617606300,1731.66,1617635700.0
1617614700,1722.1099999999994,1617624300.0
1617615300,1727.4800000000002,1617625500.0
1617618600,1720.7800000000004,1628463000.0
1617622200,1730.54,1617635700.0
1617622800,1723.4300000000005,1617624000.0
1617626400,1737.1799999999998,1617687900.0
1617627000,1717.2299999999998,1628463000.0
1617632100,1749.0700000000002,1617881400.0
1617641100,1721.0599999999995,1628463000.0
1617643200,1735.94,1617685500.0
1617645600,1722.6200000000003,1628463000.0
1617650100,1731.8199999999997,1617670800.0
1617650700,1720.9800000000002,1628463000.0
1617660600,1731.4399999999996,1617670800.0
1617661800,1729.7400000000005,1617667200.0
1617670200,1725.8299999999997,1618292100.0
1617672900,1742.5499999999997,1617717600.0
1617692400,1724.5700000000006,1618295700.0
1617697500,1724.7700000000004,1618292400.0
1617708300,1745.35,1617724500.0
1617734700,1747.1199999999994,1617867300.0
1617736200,1748.8000000000002,1617880200.0
1617738900,1731.5200000000007,1617796800.0
1617741900,1749.0600000000004,1617881400.0
1617747300,1747.5800000000004,1617879600.0
1617749700,1739.7699999999998,1617757200.0
1617751500,1737.9100000000003,1617759900.0
1617752100,1745.6799999999996,1617867300.0
1617753000,1738.7899999999997,1617758700.0
1617753600,1740.78,1617755400.0
1617756600,1735.9600000000003,1617764100.0
1617776100,1741.6300000000003,1617777300.0
1617783000,1736.7599999999995,1617783000.0
1617785700,1735.5399999999997,1617793800.0
1617790500,1745.41,1617867300.0
1617792600,1729.3399999999995,1618251900.0
1617801900,1739.3399999999995,1617803700.0
1617802800,1725.2600000000004,1618292100.0
1617803400,1741.1299999999994,1617806700.0
1617805500,1744.62,1617863400.0
1617821100,1737.7399999999996,1617822300.0
1617841800,1740.3799999999997,1617859200.0
1617844500,1725.3700000000006,1618292100.0
1617846900,1731.6299999999999,1617974100.0
1617851400,1741.06,1617859800.0
1617875400,1740.89,1617970800.0
1617876000,1746.6799999999996,1617878100.0
1617904500,1747.2399999999998,1617951900.0
1617909600,1753.14,1617927600.0
1617911100,1755.8899999999994,1617912300.0
1617912600,1757.62,1618495500.0
1617914400,1758.4199999999998,1618495500.0
1617919200,1746.9999999999993,1617951900.0
1617922500,1757.8600000000001,1618495500.0
1617924900,1751.8100000000004,1617936600.0
1617931200,1759.7199999999998,1618495500.0
1617934200,1746.7499999999998,1617951900.0
1617967200,1755.1299999999994,1618493400.0
1617970200,1735.5600000000002,1617973500.0
1617980100,1741.0599999999995,1617992400.0
1617984900,1747.7300000000002,1618321200.0
1617994800,1736.0700000000004,1618205400.0
1618183500,1738.3899999999999,1618193100.0
1618187700,1739.7399999999996,1618191600.0
1618189500,1748.3699999999994,1618321200.0
1618192500,1727.6699999999998,1618251900.0
1618208100,1742.92,1618226400.0
1618214700,1736.69,1618233300.0
1618217100,1743.5500000000002,1618226700.0
1618218900,1740.7700000000004,1618219200.0
1618225500,1735.8000000000004,1618234200.0
1618226700,1749.8300000000002,1618488300.0
1618232100,1733.5600000000004,1618235400.0
1618232700,1747.0900000000006,1618321200.0
1618234200,1731.89,1618235700.0
1618257300,1732.8699999999997,1618260900.0
1618258200,1729.7399999999996,1618272300.0
1618258800,1735.9700000000003,1618281900.0
1618260900,1735.8199999999997,1618281600.0
1618265700,1737.4999999999998,1618317600.0
1618267500,1736.9199999999998,1618317600.0
1618268700,1737.2599999999995,1618317600.0
1618273500,1724.9900000000007,1618292100.0
1618278900,1729.5499999999993,1618287900.0
1618279500,1738.7699999999995,1618317600.0
1618285500,1731.4999999999995,1618286100.0
1618286400,1733.6800000000005,1618316100.0
1618287900,1728.0200000000004,1618289100.0
1618291200,1724.43,1618296600.0
1618292100,1717.28,1628463000.0
1618307100,1731.3299999999997,1618315800.0
1618310100,1727.8199999999997,1618311600.0
1618314300,1731.2799999999997,1618315800.0
1618337400,1747.3600000000001,1618362000.0
1618352100,1743.9199999999998,1618352400.0
1618354500,1742.9900000000002,1618372200.0
1618355100,1748.1400000000003,1618362000.0
1618357200,1749.1600000000005,1618362000.0
1618364100,1742.9599999999994,1618372200.0
1618365300,1750.4499999999998,1618488300.0
1618366500,1741.54,1618376700.0
1618367400,1748.3000000000006,1618477200.0
1618368000,1741.6799999999998,1618376700.0
1618368600,1741.8899999999999,1618376700.0
1618381800,1752.8300000000004,1618493400.0
1618386300,1749.8200000000002,1618488300.0
1618394100,1738.7900000000002,1618406100.0
1618395900,1738.54,1618406100.0
1618401000,1742.9,1618401000.0
1618403400,1735.5799999999997,1618406100.0
1618421400,1732.6500000000005,1628463000.0
1618424400,1740.2699999999998,1618448700.0
1618426200,1732.4700000000007,1628463000.0
1618428000,1739.9300000000003,1618448400.0
1618431600,1738.2700000000002,1618445700.0
1618433100,1732.8100000000002,1628463000.0
1618438500,1730.2399999999996,1628463000.0
1618440000,1740.3800000000006,1618448700.0
1618441800,1733.3300000000006,1628463000.0
1618444500,1740.86,1618463100.0
1618450500,1737.44,1618450500.0
1618453500,1739.43,1618455900.0
1618486500,1744.18,1618487400.0
1618488000,1751.1500000000003,1618488900.0
1618491300,1742.3599999999994,1628462700.0
1618491900,1757.6600000000003,1618495500.0
1618514400,1763.0000000000005,1618519200.0
1618515300,1760.2299999999993,1618539000.0
1618546500,1758.0800000000002,1619704800.0
1618548300,1766.01,1618551600.0
1618559400,1765.3700000000001,1618560600.0
1618588800,1775.0300000000004,1618602300.0
1618593600,1780.8099999999995,1618792200.0
1618598100,1774.6100000000006,1618795800.0
1618599600,1782.4899999999998,1618792800.0
1618602000,1769.9899999999998,1618838100.0
1618791900,1785.21,1618818300.0
1618795800,1771.1000000000001,1618838100.0
1618796400,1781.5600000000004,1618817400.0
1618797000,1771.6100000000001,1618838100.0
1618797600,1779.4700000000003,1618801200.0
1618806600,1771.6400000000006,1618838100.0
1618810200,1782.7199999999996,1618818000.0
1618813200,1780.7000000000003,1618813800.0
1618815900,1775.75,1618834200.0
1618817100,1790.1599999999994,1619012700.0
1618833900,1772.05,1618838100.0
1618853700,1765.76,1618886100.0
1618855800,1766.63,1618885800.0
1618865400,1766.66,1618885800.0
1618871700,1775.8800000000006,1618927200.0
1618873200,1767.25,1618885800.0
1618875000,1775.2999999999997,1618889100.0
1618875600,1772.4200000000003,1618876800.0
1618879800,1765.8899999999994,1618886100.0
1618882200,1774.7900000000002,1618889100.0
1618883400,1759.0500000000006,1619704500.0
1618889100,1787.3500000000006,1618987800.0
1618892100,1774.1400000000006,1618904400.0
1618892700,1776.5999999999997,1618927200.0
1618898400,1778.2899999999997,1618933200.0
1618900200,1765.2099999999996,1618911000.0
1618901400,1778.1900000000007,1618933200.0
1618902300,1765.5599999999995,1618907700.0
1618905600,1765.1000000000001,1618911000.0
1618914600,1763.5200000000007,1619601900.0
1618916400,1783.1499999999999,1618974900.0
1618919700,1768.97,1618921800.0
1618920600,1775.9799999999996,1618927200.0
1618922700,1768.5200000000002,1618923000.0
1618923600,1762.18,1619704200.0
1618925700,1778.8899999999996,1618933200.0
1618948500,1774.6500000000003,1619187300.0
1618949700,1782.74,1618974000.0
1618950300,1781.92,1618968900.0
1618950900,1776.25,1618961400.0
1618951800,1781.1000000000001,1618968900.0
1618959300,1776.4700000000003,1618961100.0
1618960800,1772.9800000000002,1619187300.0
1618965600,1783.9399999999996,1618974600.0
1618967400,1775.4000000000003,1619187300.0
1618968600,1784.7199999999998,1618983600.0
1618990500,1779.0199999999995,1618994700.0
1618992300,1777.5899999999997,1618997700.0
1618993800,1777.86,1618995300.0
1618994400,1775.9699999999998,1619187300.0
1619005800,1786.18,1619008200.0
1619007600,1778.0900000000004,1619107200.0
1619008200,1794.3500000000006,1619013000.0
1619027700,1791.2300000000007,1619028000.0
1619031600,1796.32,1619055300.0
1619035200,1791.7599999999998,1619064900.0
1619036100,1790.2500000000002,1619065800.0
1619036700,1789.11,1619071500.0
1619037300,1797.29,1619055600.0
1619052300,1785.83,1619083800.0
1619054100,1791.16,1619065500.0
1619055300,1805.3599999999997,1620308100.0
1619058900,1787.9,1619072100.0
1619060400,1797.9499999999996,1620137100.0
1619064600,1788.4400000000003,1619071800.0
1619069700,1789.6499999999999,1619071200.0
1619080800,1787.1699999999998,1619083800.0
1619086800,1793.1599999999996,1619180400.0
1619088900,1780.69,1619097600.0
1619106300,1769.8199999999997,1619439600.0
1619112300,1773.7299999999998,1619187300.0
1619121000,1790.13,1619178300.0
1619138400,1782.3999999999999,1619139000.0
1619139300,1787.18,1619140800.0
1619156700,1774.98,1619187300.0
1619168700,1787.3399999999995,1619174700.0
1619171100,1792.6799999999998,1619180400.0
1619172600,1781.2399999999998,1619186100.0
1619174400,1791.9900000000005,1619179500.0
1619187300,1765.1500000000003,1619601900.0
1619204400,1783.1200000000003,1619415000.0
1619206500,1770.21,1619439600.0
1619208900,1772.1600000000003,1619439000.0
1619210100,1779.4599999999996,1619398800.0
1619211000,1772.5099999999995,1619439000.0
1619396100,1779.4499999999998,1619398800.0
1619415000,1785.1599999999999,1619526300.0
1619417400,1772.4200000000005,1619439000.0
1619425800,1776.5300000000002,1619435700.0
1619427900,1783.3800000000006,1619485200.0
1619429700,1773.4499999999998,1619439000.0
1619431800,1786.6499999999999,1619658600.0
1619437200,1770.9599999999998,1619439600.0
1619439000,1769.41,1619439900.0
1619451600,1788.3500000000001,1619659800.0
1619458800,1782.1800000000005,1619470200.0
1619461800,1775.8100000000002,1619487900.0
1619462700,1783.73,1619485200.0
1619484900,1784.7600000000007,1619526300.0
1619486700,1774.8099999999997,1619488500.0
1619499600,1775.9199999999998,1619511000.0
1619502300,1792.7200000000007,1620049800.0
1619510400,1776.3799999999999,1619510700.0
1619517600,1775.4499999999994,1619553000.0
1619519100,1783.9500000000003,1619526000.0
1619520900,1782.3299999999995,1619522100.0
1619523300,1774.63,1619568000.0
1619524500,1786.4899999999998,1619658300.0
1619530500,1792.4399999999998,1620049800.0
1619532000,1789.4399999999996,1619660700.0
1619534100,1776.8700000000006,1619545500.0
1619534700,1783.2700000000007,1619650800.0
1619536200,1773.9499999999998,1619568000.0
1619586300,1765.6100000000001,1619601900.0
1619586900,1773.8300000000002,1619618400.0
1619588700,1778.8399999999995,1619634900.0
1619589600,1766.6099999999994,1619593500.0
1619609100,1761.7299999999998,1619704200.0
1619610600,1763.7099999999998,1619613000.0
1619615700,1775.46,1619624700.0
1619670900,1786.1200000000001,1620046200.0
1619673900,1779.2500000000002,1619678400.0
1619699400,1781.7100000000005,1620038700.0
1619702100,1765.5900000000006,1619702400.0
1619717100,1771.3700000000003,1619721600.0
1619718600,1763.9300000000003,1624046400.0
1619719500,1770.54,1619721600.0
1619741100,1766.0799999999995,1619752200.0
1619759400,1771.8200000000004,1619764200.0
1619760900,1770.5400000000002,1619763600.0
1619762400,1772.0500000000002,1619764500.0
1619775000,1763.5500000000006,1624046400.0
1619776500,1762.62,1624046700.0
1619782200,1768.4399999999998,1619784300.0
1619783100,1765.5199999999995,1619791500.0
1619784900,1762.2000000000003,1624046700.0
1619789100,1786.78,1620046200.0
1619790900,1779.4699999999993,1620024900.0
1619792400,1778.1000000000006,1620023400.0
1619797200,1758.6100000000006,1624970400.0
1619801700,1758.4599999999998,1624970400.0
1619804400,1770.73,1620003300.0
1619806200,1776.0000000000005,1620022800.0
1619807700,1764.3899999999996,1624046400.0
1619812200,1759.75,1624970400.0
1619813100,1771.5999999999997,1620006300.0
1619814600,1773.8700000000001,1620012000.0
1619992800,1768.01,1619992800.0
1619993400,1770.33,1620003000.0
1619994600,1762.9399999999996,1624046700.0
1619999700,1764.4600000000003,1624046400.0
1620002100,1775.9399999999998,1620022800.0
1620039300,1774.2999999999995,1620141300.0
1620040200,1773.9899999999996,1620144000.0
1620042300,1785.68,1620045000.0
1620065400,1786.41,1620105300.0
1620071100,1788.4599999999996,1620099300.0
1620072000,1793.81,1620136200.0
1620072600,1787.7299999999998,1620104700.0
1620079200,1791.53,1620079200.0
1620082500,1793.82,1620136200.0
1620085200,1790.07,1620090300.0
1620087300,1795.2,1620136800.0
1620087900,1788.86,1620090900.0
1620090000,1786.9699999999996,1620105000.0
1620115800,1792.5899999999997,1620135900.0
1620116700,1784.99,1620119100.0
1620119400,1780.29,1620141000.0
1620133200,1797.03,1620136800.0
1620141000,1787.9799999999996,1620141000.0
1620142500,1779.4899999999998,1620143100.0
1620161400,1785.0600000000002,1620231000.0
1620166200,1774.55,1620201900.0
1620167700,1774.4799999999998,1620204000.0
1620171300,1773.2600000000002,1620217500.0
1620172800,1781.8599999999997,1620182100.0
1620177000,1774.8599999999994,1620201900.0
1620178200,1774.86,1620201900.0
1620180300,1782.9799999999998,1620186000.0
1620192300,1773.2400000000002,1620218100.0
1620194100,1774.11,1620204000.0
1620207900,1781.64,1620219000.0
1620209400,1776.79,1620210900.0
1620210300,1781.57,1620219000.0
1620217200,1787.14,1620245400.0
1620218400,1754.4500000000003,1624971000.0
1620219300,1799.4200000000003,1620308100.0
1620238500,1786.34,1620244800.0
1620260100,1780.8500000000001,1623932400.0
1620261000,1787.68,1620268200.0
1620262200,1780.1200000000001,1623932400.0
1620267000,1783.4200000000003,1623932400.0
1620269100,1793.1000000000006,1620282600.0
1620297000,1796.9300000000003,1620308100.0
1620297900,1785.9100000000003,1623930600.0
1620301500,1799.74,1620308100.0
1620306600,1777.3199999999995,1623932400.0
1620307200,1799.2500000000002,1620308100.0
1620327300,1811.4300000000003,1620899700.0
1620330600,1807.7699999999993,1623876000.0
1620334800,1807.7800000000002,1623876000.0
1620339600,1809.0399999999997,1620901200.0
1620342000,1816.9600000000005,1620355800.0
1620345300,1821.4400000000003,1620357300.0
1620348000,1810.79,1620900000.0
1620349500,1805.7200000000003,1623915600.0
1620353400,1817.6799999999996,1620355800.0
1620372000,1825.71,1620390600.0
1620372900,1813.2600000000007,1620852000.0
1620375900,1824.7300000000002,1620390600.0
1620380700,1823.1399999999996,1620390600.0
1620387000,1818.0300000000002,1620389400.0
1620388200,1823.4200000000005,1620390600.0
1620389700,1810.8400000000004,1620900000.0
1620391800,1856.91,1621260900.0
1620406500,1819.6,1620739200.0
1620407700,1836.18,1620604500.0
1620408900,1825.1399999999999,1620738000.0
1620409500,1826.7499999999998,1620737700.0
1620414000,1835.45,1620604200.0
1620416700,1824.1999999999998,1620738900.0
1620420900,1833.8600000000001,1620598500.0
1620597900,1841.95,1620647700.0
1620606600,1834.3100000000002,1620608700.0
1620607500,1835.3400000000001,1620624000.0
1620611700,1836.39,1620624600.0
1620613200,1829.5200000000004,1620737700.0
1620614400,1835.0699999999995,1620623700.0
1620615600,1827.6299999999999,1620737700.0
1620617400,1827.1100000000006,1620737700.0
1620620400,1837.0000000000002,1620624600.0
1620641100,1831.4800000000002,1620694800.0
1620643800,1845.8600000000001,1621203300.0
1620658200,1831.16,1620694800.0
1620661200,1847.9300000000005,1621213500.0
1620663000,1838.4999999999995,1620663900.0
1620675900,1829.2000000000003,1620737700.0
1620692400,1828.89,1620737700.0
1620696600,1840.6400000000003,1620728400.0
1620699300,1843.3799999999999,1621022100.0
1620705900,1825.9,1620738000.0
1620707100,1842.7000000000003,1620824400.0
1620712800,1840.1400000000003,1620728400.0
1620715500,1828.84,1620737700.0
1620721800,1828.8600000000006,1620737700.0
1620722400,1839.0500000000002,1620727800.0
1620725100,1830.9199999999998,1620737700.0
1620726300,1846.6899999999998,1621203300.0
1620737400,1826.68,1620737700.0
1620752700,1841.61,1620824400.0
1620779400,1828.9499999999998,1620785400.0
1620800100,1832.2699999999998,1620800400.0
1620817800,1826.9099999999999,1620822600.0
1620820500,1835.54,1620821100.0
1620822900,1869.65,1621297800.0
1620826200,1821.32,1620833400.0
1620827700,1839.2400000000007,1620999300.0
1620828900,1814.58,1620851100.0
1620870600,1840.09,1620999300.0
1620876600,1814.5800000000002,1620892500.0
1620877500,1821.5599999999997,1620888300.0
1620879000,1820.6400000000003,1620886800.0
1620883500,1815.3400000000001,1620892200.0
1620889500,1827.3600000000001,1620924300.0
1620892800,1810.6599999999999,1620900000.0
1620893400,1823.91,1620917100.0
1620897600,1803.3200000000002,1623919800.0
1620908100,1809.9599999999996,1623876000.0
1620909300,1841.5800000000004,1621017000.0
1620933300,1833.8300000000002,1620974400.0
1620939300,1824.8299999999995,1620949500.0
1620943500,1830.1700000000005,1620973200.0
1620944700,1829.6,1620973200.0
1620949800,1829.9799999999998,1620973200.0
1620951300,1821.3500000000001,1620959700.0
1620969900,1825.3100000000002,1620970500.0
1620970500,1828.1800000000005,1620973200.0
1620996000,1822.7000000000003,1623875400.0
1620997500,1848.0599999999997,1621213500.0
1621005900,1843.9799999999998,1621025100.0
1621014900,1832.6199999999997,1623869100.0
1621015800,1843.1799999999998,1621022100.0
1621237200,1858.67,1621260900.0
1621242900,1849.0500000000002,1621244400.0
1621259700,1867.77,1621270200.0
1621281600,1861.7000000000003,1621413900.0
1621289100,1859.4899999999996,1621416300.0
1621294200,1867.7899999999997,1621294800.0
1621323600,1863.7899999999997,1621346100.0
1621325100,1873.6799999999996,1621341000.0
1621326600,1874.9400000000005,1621429200.0
1621329900,1861.5,1621413900.0
1621337100,1857.2900000000004,1621419000.0
1621339800,1876.0799999999995,1621431300.0
1621343400,1859.6299999999997,1621416300.0
1621344600,1846.06,1623674700.0
1621345200,1858.1199999999997,1621417800.0
1621351200,1872.77,1621404000.0
1621354200,1849.1099999999997,1623672900.0
1621359000,1861.7900000000002,1621413900.0
1621359900,1864.9400000000005,1621389900.0
1621360500,1870.33,1621380900.0
1621380000,1865.6599999999996,1621389600.0
1621381800,1872.9900000000002,1621404000.0
1621384800,1873.0000000000002,1621404000.0
1621386600,1863.26,1621413900.0
1621398000,1872.5599999999997,1621404000.0
1621399200,1866.48,1621410600.0
1621402200,1872.1200000000001,1621403700.0
1621411500,1863.4299999999994,1621413900.0
1621429200,1896.6600000000005,1621962300.0
1621446900,1874.2300000000005,1621447200.0
1621466100,1871.9800000000005,1621472400.0
1621467000,1858.1699999999998,1622771700.0
1621468200,1864.5800000000002,1621469100.0
1621470900,1874.05,1621478100.0
1621474200,1860.0600000000006,1622771700.0
1621475400,1875.9999999999995,1621480200.0
1621493700,1866.45,1621503600.0
1621510500,1881.58,1621526400.0
1621511100,1866.25,1621513500.0
1621516200,1880.5399999999997,1621519800.0
1621516800,1862.4799999999998,1622771700.0
1621517700,1878.9600000000005,1621519500.0
1621534200,1852.2599999999998,1623672000.0
1621551300,1873.0399999999997,1621559100.0
1621552500,1874.4799999999998,1621554600.0
1621553400,1879.0799999999997,1621590000.0
1621554600,1874.33,1621554600.0
1621555800,1876.2399999999998,1621555800.0
1621558200,1866.44,1622727300.0
1621569900,1876.5900000000001,1621571400.0
1621570500,1876.6999999999996,1621571400.0
1621572900,1881.6200000000006,1621599600.0
1621587300,1869.8600000000001,1621616100.0
1621589400,1883.4700000000005,1621599900.0
1621605300,1854.62,1623666600.0
1621620600,1880.7600000000007,1621623900.0
1621878900,1886.2199999999996,1621926000.0
1621881000,1879.73,1621893600.0
1621882500,1878.8099999999995,1621897800.0
1621886100,1884.3500000000001,1621924800.0
1621888800,1876.1200000000003,1621901400.0
1621913100,1883.78,1621924800.0
1621940100,1878.8999999999996,1622725800.0
1621945200,1890.5900000000004,1621951200.0
1621947900,1879.6799999999994,1622725200.0
1621951200,1893.41,1621951200.0
1621986000,1903.56,1621991400.0
1621988700,1906.3400000000004,1621996200.0
1621989600,1894.8100000000004,1622050800.0
1621991100,1915.4099999999994,1622529000.0
1622008500,1897.1499999999996,1622050800.0
1622013000,1899.5100000000002,1622037600.0
1622014800,1910.5900000000001,1622032800.0
1622018400,1906.3000000000002,1622018400.0
1622019600,1904.1699999999996,1622020200.0
1622022600,1915.3000000000002,1622529000.0
1622030400,1898.7199999999993,1622050800.0
1622032200,1920.8700000000001,1645671600.0
1622035800,1911.8200000000004,1622511600.0
1622037000,1891.55,1622051100.0
1622069700,1900.6599999999999,1622094000.0
1622074800,1897.2100000000005,1622087100.0
1622076900,1889.08,1622122200.0
1622083500,1899.8200000000002,1622093400.0
1622086800,1898.2900000000004,1622089500.0
1622104800,1890.7799999999995,1622117700.0
1622120400,1892.3000000000002,1622122200.0
1622121300,1888.7399999999998,1622122200.0
1622130900,1899.3799999999994,1622208600.0
1622131500,1886.37,1622203800.0
1622132700,1893.58,1622134800.0
1622134800,1884.3099999999997,1622203800.0
1622136300,1900.0600000000004,1622210400.0
1622156400,1898.9599999999998,1622208600.0
1622157300,1895.3000000000004,1622163300.0
1622158800,1903.78,1622231100.0
1622161800,1888.23,1622183700.0
1622191500,1892.16,1622193600.0
1622192700,1888.1299999999999,1622203800.0
1622196000,1895.6900000000005,1622205900.0
1622203500,1886.6499999999999,1622203800.0
1622207100,1904.9200000000003,1622231700.0
1622213100,1890.9300000000003,1622721900.0
1622214900,1909.4899999999998,1622429100.0
1622422200,1905.2400000000007,1622422800.0
1622440800,1898.5099999999993,1622556300.0
1622451900,1909.57,1622510400.0
1622452500,1910.2599999999998,1622511300.0
1622453700,1901.0100000000002,1622556000.0
1622454300,1908.5799999999997,1622505600.0
1622455200,1898.2999999999993,1622556300.0
1622458200,1906.4900000000002,1622469900.0
1622458800,1901.4799999999993,1622556000.0
1622464200,1908.8700000000003,1622510100.0
1622464800,1902.8699999999994,1622555400.0
1622465700,1909.5799999999995,1622510400.0
1622466600,1898.3600000000001,1622556300.0
1622469000,1907.8799999999994,1622498700.0
1622478300,1902.7299999999998,1622555700.0
1622499300,1916.3,1622529900.0
1622527200,1914.0600000000002,1622527500.0
1622535000,1908.5000000000002,1622535900.0
1622537700,1915.31,1645670700.0
1622539800,1907.0399999999997,1622540400.0
1622552400,1903.43,1622554500.0
1622555100,1886.2499999999998,1622723400.0
1622571600,1906.8999999999999,1622637000.0
1622575800,1898.1599999999999,1622585700.0
1622576700,1902.9200000000005,1622635800.0
1622580300,1894.9100000000003,1622622900.0
1622595600,1901.84,1622596500.0
1622598000,1904.75,1622636700.0
1622600100,1894.9600000000003,1622622900.0
1622601900,1908.25,1622641200.0
1622603400,1892.7299999999998,1622706300.0
1622617800,1902.7099999999994,1622635200.0
1622623200,1904.71,1622636700.0
1622624400,1900.48,1622634900.0
1622625300,1901.3400000000001,1622635200.0
1622626200,1892.3700000000001,1622706300.0
1622626800,1899.4400000000003,1622634900.0
1622627700,1893.1800000000005,1622706300.0
1622628900,1893.2999999999997,1622706300.0
1622635500,1911.65,1645484400.0
1622652000,1908.3999999999996,1622663100.0
1622657400,1910.9500000000005,1645484400.0
1622681100,1912.3399999999997,1645484400.0
1622682600,1900.2099999999998,1622700300.0
1622743200,1876.5800000000004,1622809800.0
1622746200,1876.9000000000005,1622809800.0
1622754000,1866.82,1622771400.0
1622768400,1874.32,1622791800.0
1622771400,1860.6399999999996,1622771700.0
1622780400,1866.8400000000001,1622783100.0
1622782800,1859.3999999999999,1623652800.0
1622785200,1861.6399999999994,1623643200.0
1622787000,1877.8700000000001,1622809800.0
1622794500,1868.12,1622796900.0
1622795700,1872.66,1622808600.0
1622799900,1874.16,1622809200.0
1622802300,1866.83,1623633000.0
1622803500,1872.5300000000002,1622808000.0
1622804700,1864.4200000000005,1623636000.0
1622808000,1874.4900000000002,1622809800.0
1622830200,1892.47,1623076800.0
1622831700,1884.7300000000002,1623031500.0
1622839200,1895.6200000000006,1623085200.0
1623018600,1894.4,1623081000.0
1623022200,1884.7300000000005,1623031500.0
1623024900,1894.14,1623080700.0
1623027600,1884.9399999999996,1623031500.0
1623060300,1889.6499999999999,1623071400.0
1623108900,1894.1200000000003,1623136800.0
1623109500,1895.7699999999998,1623120900.0
1623110400,1900.49,1623113700.0
1623113100,1904.1799999999998,1645398000.0
1623117000,1897.76,1623117600.0
1623134400,1903.0100000000004,1623155700.0
1623135600,1899.7699999999998,1623153300.0
1623136500,1888.0099999999998,1623160200.0
1623152400,1899.2100000000003,1623153300.0
1623160200,1886.3999999999996,1623160500.0
1623160800,1908.0100000000002,1645402800.0
1623162000,1886.3999999999999,1623283800.0
1623164700,1888.12,1623229500.0
1623172200,1885.8999999999999,1623284400.0
1623176100,1888.7199999999998,1623227400.0
1623177000,1896.1199999999994,1623245400.0
1623179100,1889.9799999999998,1623222300.0
1623180900,1894.6300000000003,1623194400.0
1623186000,1897.1799999999998,1623245700.0
1623189600,1892.7,1623191400.0
1623192300,1899.9000000000003,1623357900.0
1623193800,1886.9,1623283800.0
1623196500,1888.9699999999998,1623227400.0
1623197700,1900.4799999999996,1623378000.0
1623203100,1889.9700000000003,1623222300.0
1623204000,1887.44,1623230100.0
1623206700,1883.3399999999997,1623303600.0
1623207300,1896.4799999999998,1623245400.0
1623212700,1896.9299999999998,1623245700.0
1623213600,1888.9100000000003,1623227400.0
1623214500,1895.9799999999998,1623245400.0
1623215700,1889.22,1623222600.0
1623218100,1896.0700000000002,1623245400.0
1623219900,1885.35,1623286500.0
1623220500,1896.46,1623245400.0
1623221700,1886.33,1623283800.0
1623238200,1884.9100000000003,1623286500.0
1623241200,1896.77,1623245700.0
1623249300,1882.7100000000003,1623303600.0
1623251400,1896.3999999999994,1623352200.0
1623256200,1888.2000000000003,1623267600.0
1623263100,1894.9599999999998,1623344700.0
1623265800,1892.58,1623330000.0
1623267000,1883.35,1623303600.0
1623302700,1882.0800000000002,1623303600.0
1623306600,1889.8600000000001,1623331500.0
1623307200,1880.8700000000001,1623310200.0
1623330000,1925.7699999999998,1645671900.0
1623371100,1896.7600000000004,1623398700.0
1623372600,1903.5200000000002,1645398000.0
1623373200,1893.9400000000005,1623399600.0
1623375300,1906.9799999999998,1645402500.0
1623377100,1903.2999999999997,1645398000.0
1623390300,1907.92,1645402800.0
1623391200,1896.3999999999999,1623398700.0
1623392100,1905.8800000000006,1645400700.0
1623396900,1894.4699999999998,1623399600.0
1623397500,1903.0800000000006,1645398000.0
1623398100,1896.6200000000001,1623398700.0
1623440100,1873.9000000000005,1623624900.0
1623622200,1879.3400000000001,1644906000.0
1623623100,1881.5399999999995,1645086300.0
1623624600,1872.8,1623628800.0
1623625500,1872.2800000000002,1623629100.0
1623650400,1867.8799999999997,1623681000.0
1623651300,1850.5500000000002,1623672300.0
1623678900,1882.3799999999999,1645086300.0
1623693900,1857.02,1623772500.0
1623695400,1859.9799999999998,1623720300.0
1623699000,1872.1600000000003,1637052900.0
1623719400,1849.59,1623866400.0
1623735000,1867.3800000000006,1623736800.0
1623744900,1859.3099999999995,1623766500.0
1623750300,1859.42,1623766500.0
1623759300,1870.2199999999996,1637052900.0
1623762000,1871.45,1637052900.0
1623763800,1878.2300000000002,1644895500.0
1623764700,1873.1799999999996,1637052900.0
1623765900,1858.9,1623766500.0
1623790800,1863.3799999999997,1636554900.0
1623802800,1853.2,1623808800.0
1623815100,1862.84,1636554900.0
1623818400,1870.66,1637052900.0
1623832500,1853.9499999999996,1623842700.0
1623834000,1853.8999999999994,1623842700.0
1623837300,1863.7800000000002,1636554900.0
1623838200,1858.1199999999997,1623839100.0
1623839700,1853.06,1623843000.0
1623856800,1863.0199999999993,1636554900.0
1623867000,1826.25,1623875100.0
1623894300,1823.8999999999996,1623895800.0
1623909300,1808.1000000000001,1623915300.0
1623954900,1773.5900000000001,1623959400.0
1623956700,1772.79,1623959400.0
1623957900,1781.5599999999997,1623979500.0
1623960000,1764.1999999999996,1624046400.0
1623960900,1775.88,1623967500.0
1623962700,1763.2600000000004,1624046400.0
1623963600,1777.6100000000001,1623975300.0
1623967200,1771.6,1624024800.0
1623968700,1778.49,1623976200.0
1623970200,1769.58,1624024800.0
1623977400,1789.4499999999996,1624001700.0
1623996600,1791.2399999999998,1624002600.0
1623999000,1788.1099999999994,1624001400.0
1624018500,1782.47,1624018800.0
1624039800,1781.15,1624263000.0
1624040400,1767.4099999999996,1624046100.0
1624228500,1762.9699999999998,1624970400.0
1624234800,1773.1100000000004,1624237200.0
1624252500,1766.9,1624253400.0
1624255500,1778.9600000000005,1624257900.0
1624260600,1778.6299999999999,1624262400.0
1624263600,1810.4099999999996,1625572200.0
1624277700,1775.7800000000002,1624278000.0
1624290300,1792.5400000000002,1624455900.0
1624305300,1779.3900000000006,1624345800.0
1624307400,1779.1299999999999,1624345800.0
1624308600,1786.45,1624314300.0
1624309200,1787.9600000000003,1624331700.0
1624320300,1779.2800000000007,1624345800.0
1624321500,1789.3799999999997,1624332300.0
1624328400,1782.2200000000003,1624339200.0
1624329000,1786.9099999999999,1624329600.0
1624330800,1791.66,1624455900.0
1624339800,1771.0400000000004,1624844400.0
1624356300,1783.85,1624357800.0
1624357800,1786.1399999999999,1624358700.0
1624365600,1757.2600000000004,1624970400.0
1624368000,1775.4299999999998,1624368600.0
1624380000,1783.5300000000002,1624418700.0
1624382700,1773.0300000000002,1624509000.0
1624383300,1785.4700000000003,1624450200.0
1624387500,1790.7299999999998,1624455600.0
1624391100,1783.0899999999995,1624417500.0
1624392300,1782.8999999999996,1624417500.0
1624393500,1771.7499999999995,1624844400.0
1624399200,1783.44,1624418700.0
1624403700,1783.2,1624417800.0
1624406100,1770.54,1624844400.0
1624410000,1781.5400000000002,1624410900.0
1624413600,1783.7599999999993,1624418700.0
1624425900,1774.8399999999997,1624476900.0
1624427100,1782.7700000000002,1624431000.0
1624429200,1777.3400000000006,1624475100.0
1624430400,1784.1999999999994,1624436100.0
1624432200,1773.4800000000007,1624476900.0
1624434000,1787.4999999999998,1624455300.0
1624435800,1790.4899999999998,1624455600.0
1624451400,1769.76,1624953600.0
1624455000,1792.9399999999998,1624456200.0
1624466100,1780.4799999999998,1624468500.0
1624468800,1787.7299999999998,1624536000.0
1624470300,1778.2000000000005,1624473000.0
1624493700,1779.6799999999998,1624496400.0
1624497600,1769.3299999999997,1624953900.0
1624499400,1781.1300000000006,1624523400.0
1624500900,1773.18,1624509000.0
1624507200,1772.3899999999999,1624844100.0
1624513200,1779.7699999999995,1624522800.0
1624514700,1769.2600000000007,1624953900.0
1624518300,1769.6200000000003,1624953600.0
1624519500,1784.4000000000005,1624533600.0
1624545900,1780.7399999999998,1624545900.0
1624572300,1768.61,1624953900.0
1624577100,1769.4699999999996,1624953600.0
1624583100,1782.4499999999994,1624605900.0
1624602300,1773.0400000000004,1624844100.0
1624602900,1770.9399999999998,1624844400.0
1624603500,1772.1299999999997,1624844100.0
1624605300,1783.3300000000002,1624608000.0
1624632900,1776.35,1624638300.0
1624650900,1781.0199999999995,1624654500.0
1624842300,1786.3300000000004,1625222400.0
1624842900,1777.6800000000005,1624843200.0
1624888800,1783.1000000000001,1625214000.0
1624889400,1777.3100000000002,1624892100.0
1624890600,1773.48,1624949100.0
1624898400,1776.4099999999996,1624921800.0
1624900800,1784.1499999999999,1625221200.0
1624906500,1769.3999999999999,1624953900.0
1624907400,1775.04,1624926300.0
1624923600,1769.0499999999995,1624953900.0
1624943100,1778.0400000000002,1624944600.0
1624949400,1780.5099999999998,1625144400.0
1624950300,1770.58,1624953600.0
1624952100,1765.24,1624965300.0
1624968600,1780.59,1625144400.0
1624970400,1762.6999999999996,1624970400.0
1624986600,1770.8700000000006,1625071200.0
1624995300,1757.5299999999993,1625028600.0
1625012400,1764.4199999999996,1625019600.0
1625015400,1753.2100000000003,1628701200.0
1625017500,1769.57,1625070900.0
1625026200,1755.8,1625039700.0
1625027100,1757.1,1625031600.0
1625045700,1760.7399999999996,1625052000.0
1625046900,1755.8700000000003,1625050800.0
1625049000,1752.9799999999998,1628701200.0
1625052000,1767.8999999999996,1625069100.0
1625052600,1756.2199999999998,1625055900.0
1625055000,1771.89,1625071500.0
1625058900,1753.4399999999996,1628701200.0
1625060700,1765.37,1625064600.0
1625063400,1771.2100000000003,1625071200.0
1625085900,1766.6999999999994,1625100900.0
1625095200,1773.7600000000002,1625106600.0
1625097900,1762.6599999999999,1628260800.0
1625104500,1783.98,1625221200.0
1625128200,1773.6799999999998,1625128800.0
1625132400,1771.1900000000003,1625152200.0
1625137800,1784.6600000000003,1625221800.0
1625142300,1792.02,1625229300.0
1625142900,1761.1499999999994,1628262000.0
1625144100,1787.48,1625222400.0
1625148600,1773.59,1625150400.0
1625150100,1770.52,1625152500.0
1625152200,1768.9399999999996,1625152800.0
1625165100,1777.1200000000001,1625186100.0
1625167500,1779.7800000000004,1625213100.0
1625181600,1781.0,1625213400.0
1625184600,1778.1599999999994,1625186100.0
1625202000,1782.2,1625214000.0
1625204100,1771.75,1628255100.0
1625206200,1781.0300000000002,1625213400.0
1625207400,1769.2599999999995,1628256600.0
1625212800,1779.6500000000005,1625213100.0
1625228400,1779.7500000000005,1625229000.0
1625229000,1785.5699999999997,1625229000.0
1625235300,1774.6299999999999,1628254800.0
1625237100,1776.8599999999997,1628254200.0
1625244300,1775.4800000000002,1628254800.0
1625248800,1790.9899999999998,1625250600.0
1625439000,1781.1800000000003,1628253600.0
1625447700,1791.8099999999995,1625470200.0
1625457300,1783.76,1628253600.0
1625458200,1788.2100000000003,1625463000.0
1625462400,1784.4700000000005,1625465700.0
1625467200,1792.99,1625472000.0
1625485800,1782.46,1628253600.0
1625489100,1796.2200000000007,1625536500.0
1625490600,1802.6400000000003,1625548800.0
1625491500,1786.8900000000003,1628253600.0
1625492400,1795.6199999999994,1625535900.0
1625493000,1789.9800000000002,1625499900.0
1625499300,1794.5799999999995,1625535900.0
1625502300,1785.7999999999997,1628253600.0
1625503800,1792.2600000000002,1625523300.0
1625523900,1796.47,1625537100.0
1625525100,1790.6399999999999,1625527500.0
1625526000,1788.5400000000002,1628253600.0
1625527200,1789.6400000000003,1628253300.0
1625528400,1795.3600000000001,1625535900.0
1625581200,1805.7100000000005,1625582100.0
1625602200,1798.96,1625620800.0
1625613600,1799.3799999999997,1625620800.0
1625614200,1791.48,1627039800.0
1625614800,1797.02,1625620200.0
1625616900,1785.6,1628253600.0
1625619900,1798.7699999999998,1625620800.0
1625635800,1796.12,1625718900.0
1625639100,1804.6599999999999,1625643300.0
1625662200,1799.2899999999995,1625668200.0
1625663100,1801.3400000000001,1625664000.0
1625666400,1801.9399999999996,1625667900.0
1625679300,1797.1600000000003,1625711400.0
1625680800,1806.8000000000002,1625680800.0
1625685000,1797.7899999999995,1625711400.0
1625686800,1809.7300000000002,1625730900.0
1625688600,1795.5599999999995,1625757300.0
1625690700,1807.04,1625730600.0
1625699700,1800.0400000000004,1625708100.0
1625701500,1806.9799999999998,1625730000.0
1625702100,1805.4999999999998,1625729100.0
1625703000,1807.6299999999997,1625730600.0
1625703900,1797.85,1625711400.0
1625706000,1799.3300000000002,1625708100.0
1625706600,1798.8000000000006,1625711100.0
1625727300,1807.7299999999996,1625730600.0
1625749500,1828.16,1626265800.0
1625751000,1805.9800000000005,1625753100.0
1625751900,1803.3400000000001,1625753700.0
1625772600,1803.7899999999997,1625787900.0
1625791800,1804.7200000000003,1625793600.0
1625794200,1808.88,1625843700.0
1625807100,1797.8399999999997,1625812200.0
1625808600,1790.9899999999998,1628253000.0
1625818500,1803.13,1625818800.0
1625820900,1798.21,1625831100.0
1625821500,1806.8700000000003,1625839200.0
1625830500,1793.97,1626097800.0
1625835000,1794.05,1626097800.0
1625835900,1807.5900000000006,1625839500.0
1625836500,1796.2700000000002,1626097800.0
1625839200,1808.4500000000005,1625840100.0
1625861700,1810.5699999999995,1626141300.0
1625862900,1804.57,1626059400.0
1626090900,1804.2800000000004,1626095400.0
1626092100,1788.3000000000004,1628253600.0
1626095100,1805.75,1626100500.0
1626096300,1792.6700000000003,1626098100.0
1626102000,1816.1099999999997,1626180000.0
1626116700,1811.0199999999995,1626143400.0
1626120300,1800.2299999999998,1626180900.0
1626123600,1810.9599999999998,1626143400.0
1626156000,1799.7700000000002,1626180900.0
1626160200,1817.7099999999998,1626264000.0
1626160800,1806.3900000000003,1626163500.0
1626161700,1816.27,1626180000.0
1626163200,1806.2900000000002,1626164100.0
1626169800,1809.78,1626177600.0
1626175500,1797.4900000000002,1626696000.0
1626178500,1816.98,1626259200.0
1626181800,1811.4000000000003,1626183000.0
1626183600,1837.1,1636551000.0
1626193800,1807.4000000000003,1626198000.0
1626195000,1808.4100000000005,1626196500.0
1626195600,1815.5000000000002,1626257400.0
1626197100,1814.7800000000002,1626244500.0
1626198300,1800.2399999999993,1626695700.0
1626219300,1801.4800000000002,1626688800.0
1626224400,1802.2300000000005,1626685800.0
1626225900,1818.3899999999999,1626264000.0
1626246600,1807.0900000000004,1626675000.0
1626249600,1810.6600000000003,1626447900.0
1626251100,1817.4099999999999,1626261600.0
1626280800,1813.76,1626446700.0
1626286500,1825.83,1626288000.0
1626310500,1819.57,1626432300.0
1626311700,1836.0900000000006,1636551000.0
1626312600,1830.7600000000007,1626329100.0
1626314700,1830.6700000000003,1626329100.0
1626315900,1818.68,1626432300.0
1626318300,1824.1699999999998,1626318600.0
1626323400,1830.0600000000004,1626329100.0
1626326700,1822.9199999999998,1626345000.0
1626328200,1835.8399999999997,1636551000.0
1626344400,1821.7600000000002,1626358200.0
1626362100,1826.6799999999996,1626366300.0
1626364200,1826.8499999999995,1626366300.0
1626366000,1830.2700000000002,1626390000.0
1626366600,1822.6099999999997,1626418800.0
1626367500,1831.8400000000006,1626390300.0
1626397200,1834.0,1636551000.0
1626400500,1821.2699999999995,1626420600.0
1626439200,1826.9,1627557600.0
1626439800,1813.4800000000005,1626446700.0
1626441000,1828.3799999999999,1627568100.0
1626445500,1806.0899999999997,1626675300.0
1626462000,1810.5400000000002,1626463200.0
1626650100,1814.6600000000005,1626651900.0
1626650700,1811.22,1626659100.0
1626652800,1820.6399999999996,1626784500.0
1626664500,1814.05,1626667500.0
1626666600,1810.66,1626672600.0
1626693900,1805.86,1626693900.0
1626694500,1800.44,1626695700.0
1626699000,1807.3899999999999,1626699300.0
1626714300,1803.18,1626856200.0
1626723000,1811.42,1626724200.0
1626758700,1813.3100000000002,1626768000.0
1626759600,1809.16,1626792300.0
1626767100,1805.13,1626793500.0
1626774300,1819.47,1626784500.0
1626777600,1814.41,1626792000.0
1626779700,1823.2899999999997,1626785400.0
1626781200,1824.4900000000005,1626788700.0
1626792000,1809.8300000000006,1626792300.0
1626807600,1811.1099999999997,1626847800.0
1626809400,1807.0000000000002,1626829200.0
1626810000,1811.0799999999995,1626847800.0
1626813300,1807.4,1626829200.0
1626814500,1814.4699999999996,1627520700.0
1626819300,1812.8200000000002,1626849000.0
1626825300,1812.3699999999997,1626847800.0
1626828000,1811.08,1626847800.0
1626830100,1796.3499999999997,1626871500.0
1626841200,1812.0800000000002,1626847800.0
1626842400,1803.6399999999999,1626855900.0
1626844500,1809.3899999999999,1626845400.0
1626852600,1803.0400000000006,1626856200.0
1626857400,1811.39,1627520400.0
1626858900,1801.7,1626864300.0
1626876900,1796.3099999999997,1626941400.0
1626877500,1809.6299999999999,1627026900.0
1626878400,1797.3099999999997,1626924900.0
1626881400,1823.2099999999994,1627553400.0
1626891300,1798.7500000000005,1626922500.0
1626893400,1807.4199999999998,1626967800.0
1626898800,1798.3700000000001,1626922800.0
1626900900,1804.5500000000004,1626957600.0
1626906900,1806.66,1626967500.0
1626911100,1798.6700000000003,1626922800.0
1626937800,1810.7600000000007,1627284600.0
1626941700,1790.1899999999994,1628253000.0
1626957000,1806.3099999999997,1626967500.0
1626983100,1808.7600000000002,1627026300.0
1626984900,1804.49,1627004700.0
1626987600,1811.2400000000002,1627284600.0
1626999600,1810.74,1627284600.0
1627002300,1799.6599999999999,1627034400.0
1627021500,1811.35,1627520400.0
1627032600,1794.3600000000006,1627039500.0
1627050300,1809.3099999999995,1627284000.0
1627053300,1806.9199999999996,1627264800.0
1627059600,1797.0,1627309200.0
1627061700,1804.7599999999995,1627262700.0
1627071600,1796.3800000000006,1627323600.0
1627251000,1801.0000000000005,1627252200.0
1627252500,1797.1000000000004,1627309200.0
1627256100,1802.5999999999995,1627262100.0
1627257300,1797.9999999999998,1627260600.0
1627262100,1805.88,1627263600.0
1627280100,1803.4799999999998,1627302300.0
1627281900,1812.2700000000007,1627520400.0
1627293000,1804.5499999999995,1627301700.0
1627293900,1813.71,1627520400.0
1627299300,1805.3400000000001,1627301700.0
1627301400,1800.18,1627306200.0
1627341900,1800.8399999999997,1627371900.0
1627345200,1792.8000000000002,1628253000.0
1627347000,1791.8700000000001,1628253000.0
1627347600,1801.2200000000003,1627387800.0
1627350000,1793.4600000000003,1627367400.0
1627354500,1802.6500000000003,1627388100.0
1627362000,1793.1299999999999,1628253000.0
1627365900,1798.9499999999996,1627371300.0
1627367100,1792.8399999999997,1628253000.0
1627372200,1792.66,1628253000.0
1627377900,1799.9100000000003,1627387500.0
1627379400,1799.4699999999998,1627387500.0
1627380900,1792.5899999999997,1628253000.0
1627381500,1801.5900000000004,1627387800.0
1627386300,1789.2400000000007,1628253600.0
1627388400,1809.8099999999997,1627514100.0
1627396800,1800.8100000000002,1627399200.0
1627398900,1807.0100000000004,1627441800.0
1627401300,1795.8,1627473000.0
1627402800,1793.15,1628253000.0
1627408200,1805.2199999999996,1627441200.0
1627412400,1807.6400000000003,1627501500.0
1627415400,1794.0599999999995,1628253000.0
1627416600,1804.8599999999997,1627441200.0
1627418700,1795.7199999999998,1627473000.0
1627423200,1798.08,1627432200.0
1627424700,1795.1399999999994,1627473000.0
1627431000,1795.2500000000002,1627473000.0
1627434600,1803.6399999999996,1627439700.0
1627456800,1798.63,1627460100.0
1627484400,1801.69,1627484700.0
1627536300,1819.4399999999996,1627542300.0
1627538100,1810.7800000000002,1627669800.0
1627539000,1823.7300000000005,1627557000.0
1627587900,1824.7000000000005,1627649100.0
1627603200,1826.2900000000002,1627622700.0
1627607700,1834.1900000000003,1636551000.0
1627611300,1820.36,1627657500.0
1627612500,1826.15,1627622700.0
1627623000,1819.5799999999997,1627662000.0
1627628700,1830.9099999999999,1627629600.0
1627632900,1832.8800000000006,1630681800.0
1627639800,1822.3900000000006,1627649400.0
1627640700,1832.2099999999998,1630681800.0
1627642500,1829.9099999999999,1628082300.0
1627643100,1825.5299999999995,1627649100.0
1627647900,1834.8699999999997,1636551000.0
1627648800,1821.7800000000002,1627649700.0
1627857000,1809.45,1627868100.0
1627860300,1820.1000000000004,1628078700.0
1627866900,1806.6799999999996,1627888800.0
1627885200,1803.6399999999999,1628170800.0
1627901700,1813.06,1627913700.0
1627902600,1805.2,1628170800.0
1627903500,1814.04,1627914000.0
1627905600,1801.6599999999999,1628170800.0
1627906500,1808.8500000000001,1627906800.0
1627908900,1803.82,1628170800.0
1627909500,1812.39,1627913400.0
1627912500,1797.5799999999997,1628244600.0
1627914300,1818.3799999999999,1627923600.0
1627929300,1811.8300000000002,1627945500.0
1627932900,1804.9800000000005,1628170800.0
1627966500,1809.1099999999994,1627971600.0
1627968300,1812.6000000000004,1627995000.0
1627969800,1808.2099999999994,1627971900.0
1627975500,1818.9900000000002,1628077800.0
1627976400,1811.3199999999997,1627980000.0
1627977600,1807.4400000000003,1627993500.0
1627980000,1813.0699999999995,1627995300.0
1627981500,1804.2799999999995,1628170800.0
1627986600,1816.8000000000006,1628076600.0
1627990200,1805.32,1628170800.0
1627991400,1806.58,1628090700.0
1627992600,1816.76,1628076600.0
1627993500,1801.8899999999999,1628170800.0
1627997100,1816.5399999999995,1628076600.0
1628001000,1805.0500000000002,1628170800.0
1628002800,1818.3000000000006,1628077500.0
1628003400,1805.6199999999997,1628170800.0
1628004600,1807.9800000000002,1628089800.0
1628007900,1813.2700000000002,1628043300.0
1628012400,1809.6899999999996,1628013000.0
1628016000,1812.8799999999997,1628041800.0
1628016900,1808.5199999999998,1628089800.0
1628019000,1815.3100000000002,1628076300.0
1628022900,1807.0300000000004,1628090400.0
1628024400,1808.21,1628089800.0
1628032800,1806.5599999999995,1628090700.0
1628034300,1813.98,1628046000.0
1628036700,1806.2599999999998,1628170800.0
1628040300,1816.0799999999997,1628076300.0
1628058000,1816.5000000000002,1628076600.0
1628061300,1817.3300000000004,1628076900.0
1628061900,1810.4000000000003,1628067600.0
1628062500,1816.9600000000005,1628076600.0
1628067900,1805.21,1628170800.0
1628070900,1818.7399999999998,1628077500.0
1628072700,1815.9599999999998,1628076300.0
1628075700,1817.2200000000007,1628076600.0
1628088300,1806.4699999999996,1628090700.0
1628103600,1812.9700000000005,1628148900.0
1628105100,1816.18,1630082400.0
1628110200,1807.3599999999994,1628170800.0
1628114700,1813.4700000000003,1628149500.0
1628117400,1805.93,1628170800.0
1628119200,1814.98,1630081800.0
1628120100,1812.9099999999996,1628148900.0
1628124600,1801.7199999999998,1628170800.0
1628138100,1806.1000000000001,1628170800.0
1628139000,1815.1,1630081800.0
1628141400,1807.98,1628170800.0
1628143800,1812.8999999999996,1628148900.0
1628145300,1807.7499999999998,1628170800.0
1628146800,1807.2000000000003,1628170800.0
1628148300,1813.0000000000002,1628148900.0
1628151300,1807.8600000000004,1628170800.0
1628155200,1813.3799999999994,1628161200.0
1628155800,1809.7099999999998,1628157300.0
1628157000,1815.1500000000003,1630081800.0
1628164800,1809.59,1628166000.0
1628166900,1818.68,1630093800.0
1628169000,1813.8900000000006,1630080000.0
1628169600,1807.1399999999999,1628170800.0
1628185800,1806.8600000000001,1629807300.0
1628196000,1799.7700000000007,1628216400.0
1628205000,1800.17,1628216100.0
1628207400,1800.2099999999998,1628212800.0
1628230200,1806.8,1629807300.0
1628231400,1796.6599999999994,1628247000.0
1628232900,1796.9399999999994,1628246400.0
1628234700,1802.0899999999992,1629723600.0
1628236200,1796.7300000000005,1628247000.0
1628238000,1804.52,1629725100.0
1628239500,1795.1599999999999,1628247000.0
1628243100,1793.5500000000006,1628253000.0
1628252400,1796.4300000000003,1628253000.0
1628273400,1771.3499999999995,1628863500.0
1628274300,1761.6,1628278500.0
1628278200,1766.28,1628863200.0
1628278800,1758.2200000000003,1628460900.0
1628281200,1763.91,1628460000.0
1628460000,1763.58,1628460000.0
1628479800,1753.2799999999995,1628701200.0
1628503200,1737.0800000000002,1628517600.0
1628507700,1750.1300000000003,1628696700.0
1628509500,1741.0300000000002,1628512500.0
1628511900,1753.9299999999996,1628701200.0
1628512500,1735.17,1628520000.0
1628516100,1756.4900000000005,1628753700.0
1628517300,1727.3899999999996,1628521200.0
1628535900,1734.12,1628558100.0
1628538300,1731.98,1628549400.0
1628538900,1725.8600000000006,1628601900.0
1628541300,1734.8400000000006,1628558400.0
1628575800,1738.2199999999996,1628679300.0
1628580300,1729.56,1628584500.0
1628611800,1716.82,1657715400.0
1628612700,1725.4699999999998,1628640000.0
1628615400,1735.64,1628677500.0
1628624700,1726.91,1628639700.0
1628634300,1723.9599999999998,1628643900.0
1628645700,1731.03,1628646900.0
1628664300,1727.27,1632925200.0
1628673000,1739.28,1628683200.0
1628674200,1731.0600000000006,1632832500.0
1628675700,1729.1399999999996,1632833100.0
1628676900,1737.5400000000004,1628679300.0
1628721000,1746.0200000000007,1628771100.0
1628726100,1758.1099999999997,1628835900.0
1628730000,1745.14,1628771400.0
1628736900,1746.1399999999999,1628771100.0
1628744400,1755.32,1628750100.0
1628765100,1746.0,1628771100.0
1628784300,1757.4199999999998,1628834700.0
1628799900,1755.3700000000001,1628818200.0
1628811900,1750.1800000000003,1631799900.0
1628812800,1757.7600000000007,1628834700.0
1628815800,1751.0099999999993,1631799900.0
1628818500,1761.6,1628858100.0
1628853600,1756.28,1631799000.0
1628854800,1764.6799999999998,1628861100.0
1628887200,1783.2300000000002,1629120900.0
1629080100,1773.4499999999998,1629092100.0
1629082200,1785.2399999999993,1629120900.0
1629085500,1771.3299999999995,1629113700.0
1629103200,1778.4999999999998,1629117300.0
1629105000,1769.7600000000002,1631793900.0
1629105600,1778.1600000000005,1629117300.0
1629106800,1771.86,1629113400.0
1629107700,1781.7599999999998,1629119400.0
1629112800,1765.8799999999997,1631795400.0
1629117000,1783.2599999999995,1629120900.0
1629138000,1790.4999999999998,1629178500.0
1629143700,1793.1399999999996,1629183900.0
1629153600,1790.3000000000006,1629178500.0
1629158400,1784.7599999999998,1629163800.0
1629162300,1793.1499999999996,1629183900.0
1629163800,1778.9099999999999,1629299700.0
1629168900,1782.53,1629209400.0
1629176400,1789.0699999999995,1629178500.0
1629177000,1783.9500000000003,1629209400.0
1629177600,1791.6999999999998,1629179400.0
1629199200,1789.4000000000005,1629203400.0
1629203100,1785.4600000000003,1629209400.0
1629225000,1778.86,1629299700.0
1629229500,1789.2199999999996,1629250200.0
1629265200,1782.8100000000004,1629286800.0
1629267600,1794.9899999999993,1629721800.0
1629274500,1782.01,1629296700.0
1629290100,1801.4900000000005,1629723600.0
1629291300,1790.7399999999998,1629378300.0
1629293700,1772.1400000000003,1631793000.0
1629309600,1784.6299999999994,1629309600.0
1629311100,1793.5399999999997,1629721500.0
1629329700,1790.9199999999998,1629378300.0
1629331800,1780.53,1629340500.0
1629356700,1776.8200000000004,1629400500.0
1629357300,1783.0200000000004,1629362100.0
1629360300,1774.01,1631792400.0
1629360900,1783.3799999999994,1629362100.0
1629362100,1784.4200000000003,1629362100.0
1629380100,1777.0099999999998,1629382200.0
1629397500,1776.5800000000004,1629400500.0
1629414900,1783.2,1629422100.0
1629417600,1774.1200000000003,1631791800.0
1629419100,1784.8400000000001,1629423600.0
1629421200,1787.7900000000002,1629441300.0
1629447600,1781.6100000000004,1629449100.0
1629462900,1791.14,1629717900.0
1629465600,1791.8199999999995,1629717900.0
1629467100,1777.2899999999995,1629674100.0
1629468900,1774.2199999999996,1631791800.0
1629469500,1776.5200000000002,1629681300.0
1629475800,1800.03,1629723600.0
1629478200,1782.3500000000001,1629480000.0
1629479100,1786.59,1629684300.0
1629484800,1788.9800000000002,1629715500.0
1629487500,1778.3300000000006,1629672600.0
1629683100,1783.4299999999998,1629683400.0
1629699300,1781.7500000000002,1629981600.0
1629699900,1782.1999999999996,1629981600.0
1629701700,1779.3400000000004,1631785800.0
1629709500,1792.2099999999998,1629718200.0
1629739200,1800.99,1629766800.0
1629741600,1807.1400000000003,1629807300.0
1629747300,1800.5200000000002,1629766800.0
1629749100,1809.19,1629808800.0
1629750300,1800.3100000000004,1629772200.0
1629752400,1809.6600000000003,1630079100.0
1629763500,1800.6700000000003,1629766800.0
1629781800,1805.6999999999994,1629807000.0
1629783000,1803.4500000000005,1629783900.0
1629784800,1798.2299999999996,1629851700.0
1629785700,1809.1900000000003,1629808800.0
1629789000,1796.7199999999996,1629852000.0
1629789900,1811.8399999999995,1630079100.0
1629790800,1796.7400000000002,1629852000.0
1629792000,1808.3099999999993,1629808800.0
1629796500,1804.1000000000001,1629799800.0
1629799500,1805.5200000000002,1629803100.0
1629800700,1798.3199999999995,1629851700.0
1629802800,1808.1399999999999,1629808800.0
1629811800,1803.3000000000006,1629811800.0
1629813300,1813.38,1630080000.0
1629816900,1801.3200000000006,1629846300.0
1629818100,1813.48,1630080000.0
1629822000,1801.87,1629843000.0
1629825000,1797.3999999999996,1629851700.0
1629826800,1807.4299999999998,1630075500.0
1629827700,1801.6100000000001,1629846000.0
1629830100,1803.76,1629834300.0
1629832800,1810.0,1630079100.0
1629834600,1801.1000000000001,1629846600.0
1629871800,1797.2600000000004,1629873000.0
1629874200,1791.6799999999998,1629890700.0
1629878100,1803.56,1630045200.0
1629879600,1805.21,1630073700.0
1629881400,1801.8400000000004,1630042200.0
1629882900,1785.3799999999999,1629901500.0
1629886500,1787.3799999999999,1629898800.0
1629892800,1788.1399999999999,1629898800.0
1629896100,1801.8599999999997,1630042200.0
1629898200,1788.7900000000002,1629898800.0
1629914100,1792.3,1629915600.0
1629924600,1785.8299999999995,1629956700.0
1629931200,1794.7600000000002,1629990300.0
1629933300,1789.92,1629937800.0
1629937200,1792.8400000000001,1629988200.0
1629937800,1786.3900000000003,1629953400.0
1629942300,1791.8199999999997,1629988200.0
1629944100,1786.6099999999997,1629951000.0
1629974700,1793.1600000000005,1629988200.0
1629981600,1773.2800000000004,1631792400.0
1629982500,1788.8700000000001,1629987300.0
1629983400,1770.6099999999997,1631793900.0
1629985200,1789.4899999999996,1629987300.0
1629985800,1781.38,1631784600.0
1629988200,1808.8199999999995,1630078800.0
1630003500,1794.5700000000002,1630026000.0
1630006200,1786.1499999999999,1631108700.0
1630010700,1787.96,1630071900.0
1630015800,1788.71,1630071000.0
1630020300,1797.1799999999998,1630031400.0
1630052400,1793.1999999999996,1630062000.0
1630068600,1802.7600000000002,1630073400.0
1630069800,1777.6699999999998,1631786100.0
1630073400,1834.53,1636551000.0
1630276500,1813.6199999999997,1630291500.0
1630277100,1815.09,1630290900.0
1630278900,1822.4800000000002,1630285500.0
1630279800,1813.6799999999996,1630291500.0
1630281600,1825.4800000000002,1630672200.0
1630282800,1822.8900000000003,1630672200.0
1630288800,1821.7199999999996,1630672200.0
1630290000,1810.7099999999998,1630333800.0
1630308000,1808.9199999999998,1630338000.0
1630311300,1809.7399999999998,1630337700.0
1630313400,1808.53,1630347300.0
1630317300,1816.73,1630322700.0
1630328100,1818.5,1630391400.0
1630329000,1808.6899999999998,1630346700.0
1630330800,1804.5299999999995,1630415100.0
1630332000,1817.2199999999998,1630389300.0
1630332900,1808.4499999999996,1630347600.0
1630352400,1812.4200000000003,1630371300.0
1630355700,1803.1200000000003,1630415100.0
1630357200,1804.8999999999996,1630415100.0
1630364400,1812.7400000000005,1630371300.0
1630396200,1813.0700000000002,1630407000.0
1630397400,1818.9599999999998,1630500300.0
1630399800,1812.1099999999997,1630407600.0
1630403700,1808.7600000000002,1630414800.0
1630417800,1818.1499999999999,1630500300.0
1630419600,1801.0499999999997,1631023200.0
1630428600,1816.2599999999995,1630476000.0
1630434600,1820.6200000000003,1630672200.0
1630450200,1807.9899999999998,1630508400.0
1630451400,1810.1599999999999,1630483500.0
1630453200,1811.5600000000002,1630459800.0
1630454100,1808.1999999999998,1630508400.0
1630468200,1820.5100000000002,1630672200.0
1630473000,1812.7900000000002,1630474200.0
1630474800,1820.5400000000002,1630672200.0
1630480800,1810.6899999999998,1630483200.0
1630489800,1810.6900000000005,1630504800.0
1630497300,1820.6299999999994,1630672200.0
1630505700,1792.0000000000007,1631108400.0
1630506900,1816.3499999999995,1630512900.0
1630507800,1806.4599999999996,1630591200.0
1630512600,1826.3799999999999,1630672200.0
1630513500,1814.48,1630513800.0
1630514400,1811.0199999999998,1630553700.0
1630521900,1809.2499999999998,1630589700.0
1630522500,1816.32,1630575600.0
1630525800,1811.6999999999994,1630553100.0
1630534500,1818.0799999999997,1630672200.0
1630540200,1811.01,1630553700.0
1630541400,1818.55,1630672200.0
1630542300,1808.8299999999995,1630591200.0
1630545600,1822.6699999999998,1630672200.0
1630547700,1810.4999999999998,1630554900.0
1630550700,1818.9,1630672200.0
1630552800,1808.28,1630591200.0
1630562700,1822.3499999999997,1630672200.0
1630566300,1811.3299999999997,1630586100.0
1630567200,1817.02,1630577400.0
1630586400,1800.9399999999996,1631023200.0
1630606500,1812.7599999999995,1630631100.0
1630608900,1803.3299999999997,1631023200.0
1630613400,1813.3999999999999,1630634700.0
1630624500,1804.9200000000005,1631023200.0
1630627500,1812.3300000000002,1630630800.0
1630628400,1805.9599999999996,1631023200.0
1630630800,1817.9799999999998,1630672200.0
1630647600,1814.0199999999998,1630652700.0
1630651800,1806.1700000000003,1631023200.0
1630653000,1818.2800000000004,1630672200.0
1630654200,1811.1000000000004,1630655700.0
1630657200,1814.3300000000006,1630666800.0
1630659900,1813.94,1630666800.0
1630665900,1808.6599999999999,1631013600.0
1630666500,1814.1099999999997,1630666800.0
1630695000,1828.59,1630697700.0
1630696800,1827.7099999999998,1630699500.0
1630698300,1830.7100000000003,1636480500.0
1630698900,1824.8700000000003,1630915200.0
1630892700,1825.1499999999999,1630900500.0
1630893900,1823.5599999999995,1630920900.0
1630903200,1821.7599999999998,1630937100.0
1630905900,1827.97,1630910400.0
1630907100,1822.9900000000002,1630923900.0
1630907700,1830.8399999999997,1636480500.0
1630908900,1828.6700000000005,1636464600.0
1630910400,1831.0199999999998,1636480500.0
1630911300,1825.46,1630912500.0
1630916400,1827.79,1636464600.0
1630917000,1821.4000000000003,1630937100.0
1630947000,1817.6500000000003,1630993500.0
1630966800,1816.63,1630994700.0
1630972200,1828.98,1636464600.0
1630986000,1819.0600000000002,1630992600.0
1631021400,1815.9500000000003,1636137000.0
1631022600,1799.63,1631024100.0
1631039700,1800.21,1631068500.0
1631042700,1801.48,1631103000.0
1631043600,1791.1400000000006,1631108700.0
1631061000,1800.3600000000001,1631068800.0
1631078100,1790.9000000000003,1631108700.0
1631079000,1795.3100000000002,1631080800.0
1631079600,1794.9699999999998,1631080800.0
1631086200,1804.7900000000002,1631630400.0
1631088000,1794.0600000000002,1631106000.0
1631088900,1805.8900000000006,1631630400.0
1631092200,1796.2699999999995,1631106000.0
1631093700,1800.5299999999997,1631102700.0
1631094900,1795.6000000000001,1631106000.0
1631096100,1800.3600000000001,1631102700.0
1631100600,1795.6799999999998,1631106000.0
1631102400,1800.2400000000002,1631102400.0
1631104200,1795.4399999999996,1631106000.0
1631124000,1796.5,1631185500.0
1631128800,1785.7600000000004,1631198100.0
1631147100,1790.8400000000004,1631172300.0
1631149500,1782.04,1631776500.0
1631152800,1792.3999999999996,1631174100.0
1631156100,1782.0899999999992,1631776500.0
1631157300,1785.36,1631198100.0
1631166300,1789.4600000000003,1631171100.0
1631167800,1780.65,1631785800.0
1631171400,1784.6600000000003,1631198100.0
1631172300,1796.69,1631185800.0
1631190900,1788.8,1631195700.0
1631192700,1798.9899999999998,1631193900.0
1631195400,1784.9,1631198100.0
1631206800,1796.8300000000002,1631207400.0
1631209200,1801.5300000000002,1631252100.0
1631225700,1789.1099999999994,1631296200.0
1631231400,1800.2599999999995,1631252100.0
1631235300,1793.6899999999998,1631236200.0
1631237100,1798.1600000000005,1631242500.0
1631239200,1792.2500000000005,1631278200.0
1631239800,1799.82,1631251800.0
1631268600,1791.64,1631279700.0
1631283900,1798.6499999999999,1631624400.0
1631284500,1790.9800000000002,1631288700.0
1631285100,1799.31,1631625000.0
1631286900,1787.1500000000003,1631303400.0
1631289600,1780.5200000000002,1631785800.0
1631540100,1795.7800000000002,1631541900.0
1631556000,1795.3299999999997,1631624100.0
1631557200,1787.79,1631607000.0
1631566800,1796.56,1631624100.0
1631570400,1793.21,1631570400.0
1631574900,1789.5799999999995,1631581200.0
1631577900,1789.17,1631606400.0
1631598000,1796.6200000000003,1631624100.0
1631601600,1794.5700000000002,1631604000.0
1631605200,1785.32,1631620200.0
1631606400,1782.2899999999995,1631776500.0
1631623200,1808.84,1634910900.0
1631648700,1796.6599999999996,1631710200.0
1631651100,1807.3000000000002,1634907900.0
1631658600,1800.5999999999997,1631688600.0
1631664600,1799.7700000000002,1631688900.0
1631665500,1801.71,1631667900.0
1631672400,1801.3000000000002,1631686800.0
1631680800,1808.03,1634910900.0
1631685000,1804.85,1631708400.0
1631686800,1796.4800000000005,1631710200.0
1631702100,1805.0100000000002,1631708400.0
1631704500,1808.8999999999996,1634910900.0
1631710800,1786.3199999999997,1631771100.0
1631732400,1795.1900000000003,1631745600.0
1631733300,1785.0200000000007,1631772600.0
1631734800,1796.7199999999996,1634200500.0
1631737500,1794.6999999999996,1631744100.0
1631755500,1797.6999999999996,1634202900.0
1631760900,1791.66,1631763600.0
1631762700,1788.9800000000002,1631770500.0
1631814300,1759.42,1631853900.0
1631816700,1757.5599999999997,1631842500.0
1631819700,1747.46,1631888100.0
1631821500,1757.25,1631841000.0
1631822400,1751.06,1631824500.0
1631839500,1759.3199999999997,1631848500.0
1631875200,1761.8599999999997,1631876100.0
1631881800,1757.35,1631882400.0
1631900700,1746.3600000000006,1632104400.0
1631902800,1745.5200000000007,1632104400.0
1631903700,1754.6799999999998,1632088800.0
1631909700,1755.2,1632127200.0
1631910600,1748.9400000000005,1632103500.0
1631911800,1755.7600000000002,1632127200.0
1632095700,1756.0399999999997,1632127200.0
1632097200,1756.3000000000006,1632127500.0
1632100200,1748.1000000000006,1632104100.0
1632118800,1761.6800000000003,1632147600.0
1632144000,1752.5000000000002,1632404100.0
1632146700,1760.99,1632147600.0
1632155700,1764.7599999999998,1632167700.0
1632163200,1753.62,1632403800.0
1632167400,1769.46,1632226200.0
1632186000,1760.6499999999999,1632199500.0
1632190500,1772.5099999999995,1632227100.0
1632191400,1762.3899999999999,1632192900.0
1632213600,1764.8900000000006,1632214500.0
1632249300,1776.7,1632272400.0
1632250200,1771.2900000000002,1632312900.0
1632270300,1770.01,1632336300.0
1632271200,1770.1600000000003,1632336300.0
1632272400,1776.4499999999998,1632272400.0
1632274800,1782.57,1632333900.0
1632288000,1780.4900000000002,1632333600.0
1632295500,1783.6300000000006,1632333900.0
1632296700,1780.8600000000004,1632333600.0
1632297600,1769.6999999999994,1632336300.0
1632317700,1779.1100000000004,1632324300.0
1632318600,1767.5299999999997,1632336900.0
1632321300,1780.7299999999996,1632333600.0
1632333600,1781.5799999999997,1632333600.0
1632336300,1739.7900000000006,1632429300.0
1632356400,1762.1400000000003,1632358800.0
1632374700,1766.9,1632382800.0
1632377700,1766.29,1632382800.0
1632380700,1768.2599999999998,1632384900.0
1632382500,1770.6399999999996,1632388500.0
1632404100,1745.5300000000004,1632428400.0
1632420300,1756.6799999999998,1632471600.0
1632422700,1743.1,1632428400.0
1632424500,1753.0800000000004,1632461700.0
1632426300,1743.0800000000002,1632428400.0
1632444900,1751.28,1632451200.0
1632445800,1753.1799999999998,1632461700.0
1632477900,1751.1400000000003,1632484200.0
1632479100,1761.4700000000005,1633014900.0
1632480300,1758.8200000000004,1632706800.0
1632484500,1743.3999999999994,1632488700.0
1632498900,1758.0799999999995,1632705300.0
1632511500,1738.6199999999997,1632812400.0
1632696600,1752.1799999999998,1632701700.0
1632724200,1748.2299999999996,1632735900.0
1632727500,1754.3000000000002,1632729300.0
1632746100,1756.8500000000004,1632750600.0
1632751500,1765.82,1633358100.0
1632762000,1744.78,1632809700.0
1632764400,1756.1400000000003,1633013100.0
1632765300,1748.6299999999999,1632790800.0
1632770700,1747.6999999999994,1632790800.0
1632786600,1751.8200000000004,1632793200.0
1632788400,1753.6699999999996,1632794400.0
1632789000,1748.6000000000004,1632790800.0
1632793800,1755.2799999999993,1633013100.0
1632802200,1744.8500000000004,1632809700.0
1632804000,1751.9200000000003,1633011900.0
1632805200,1755.9099999999996,1633013100.0
1632807000,1744.8700000000003,1632809700.0
1632841200,1740.5299999999997,1632883200.0
1632844500,1737.7999999999997,1632844800.0
1632849600,1742.4399999999998,1632906000.0
1632850800,1732.7500000000002,1632856200.0
1632851700,1740.2399999999993,1632883200.0
1632852900,1736.7900000000002,1632879900.0
1632854400,1727.7799999999995,1632924900.0
1632857400,1728.6099999999994,1632924900.0
1632873300,1738.1600000000003,1632882000.0
1632898800,1745.8899999999996,1633010700.0
1632900300,1731.3599999999997,1632924600.0
1632900900,1733.3499999999997,1632924300.0
1632904200,1744.12,1632910500.0
1632919200,1725.8299999999995,1632926100.0
1632949200,1729.8000000000006,1632962700.0
1632982500,1726.9800000000002,1632985500.0
1632990300,1739.0800000000002,1633008000.0
1632992700,1729.3899999999999,1632993300.0
1633007400,1748.5399999999995,1633011000.0
1633029900,1753.2999999999997,1633044000.0
1633035300,1751.4499999999994,1633048800.0
1633041600,1759.3400000000006,1633096200.0
1633043700,1749.8099999999997,1633090500.0
1633055700,1759.0099999999998,1633092300.0
1633056900,1752.3600000000001,1633060200.0
1633057500,1751.2999999999995,1633062600.0
1633059000,1759.0599999999997,1633092300.0
1633060200,1747.9400000000007,1633345200.0
1633061400,1752.0000000000002,1633061700.0
1633062300,1751.13,1633062600.0
1633063500,1756.2999999999997,1633071300.0
1633066800,1745.45,1657119300.0
1633072200,1753.11,1633073100.0
1633074300,1758.0099999999995,1633092300.0
1633076100,1749.3600000000001,1633336800.0
1633076700,1756.6500000000005,1633092300.0
1633077300,1760.3999999999996,1633098000.0
1633078200,1744.2999999999997,1657119300.0
1633079700,1758.4500000000003,1633092300.0
1633084500,1750.6300000000003,1633090200.0
1633089600,1758.7999999999995,1633092300.0
1633090200,1750.3200000000002,1633090500.0
1633090800,1760.9599999999998,1633098600.0
1633113300,1755.9200000000003,1633331400.0
1633114800,1752.9300000000003,1633332900.0
1633116900,1760.3799999999999,1633121700.0
1633117800,1756.9199999999998,1633330500.0
1633287600,1760.73,1633298400.0
1633315200,1755.54,1633350900.0
1633350600,1755.1200000000001,1633350900.0
1633353300,1757.43,1633356600.0
1633355700,1762.1399999999996,1633357500.0
1633373700,1764.1399999999994,1633374300.0
1633375200,1767.8200000000004,1633377000.0
1633379700,1771.0000000000002,1633696500.0
1633380600,1770.1000000000001,1633696200.0
1633381200,1765.8299999999997,1633394700.0
1633386000,1773.9999999999995,1633696500.0
1633395000,1760.09,1633405500.0
1633422300,1754.8999999999999,1633430700.0
1633427400,1760.9,1633436700.0
1633428300,1755.1299999999999,1633429800.0
1633437000,1770.0600000000002,1633696200.0
1633437900,1762.0599999999997,1633455900.0
1633439100,1748.4499999999998,1633504200.0
1633447800,1768.2100000000005,1633696200.0
1633451100,1760.4700000000005,1633453800.0
1633452300,1764.0600000000004,1633546200.0
1633463700,1761.9999999999995,1633531800.0
1633465800,1764.82,1633548900.0
1633467600,1755.94,1633483200.0
1633471800,1756.7700000000002,1633481100.0
1633472400,1761.1599999999996,1633531500.0
1633473300,1755.3999999999999,1633486200.0
1633518000,1754.0900000000001,1633519200.0
1633518900,1755.8799999999994,1633519200.0
1633554000,1758.3599999999997,1633574400.0
1633559400,1766.5999999999997,1633591500.0
1633562100,1763.7599999999998,1633562700.0
1633566300,1757.5899999999997,1633577700.0
1633587600,1756.4900000000002,1633610100.0
1633588200,1762.5499999999995,1633588500.0
1633598700,1755.4299999999994,1633610400.0
1633600500,1768.9499999999996,1633696200.0
1633603500,1759.1399999999996,1633609500.0
1633604700,1765.1100000000004,1633695300.0
1633606800,1753.58,1633611600.0
1633615200,1769.4,1633696200.0
1633616100,1757.7800000000002,1633617900.0
1633617300,1748.47,1657119000.0
1633625700,1760.4,1633662300.0
1633630200,1753.9500000000003,1633639800.0
1633654500,1752.1899999999998,1633904700.0
1633655700,1763.0000000000005,1633692300.0
1633670700,1753.0,1633904700.0
1633671600,1762.51,1633692000.0
1633672200,1755.2300000000005,1633677000.0
1633673400,1765.0299999999995,1633695300.0
1633676100,1750.2000000000005,1633956900.0
1633683600,1758.1,1633683900.0
1633685100,1758.52,1633686000.0
1633685700,1761.4800000000002,1633691100.0
1633688400,1762.0500000000002,1633691700.0
1633689900,1762.2199999999993,1633691700.0
1633704300,1741.6700000000003,1657119600.0
1633904700,1750.2500000000002,1633956900.0
1633912800,1753.7099999999998,1633935600.0
1633914300,1762.6899999999996,1634035800.0
1633925700,1749.9199999999998,1657119000.0
1633928400,1752.1,1633943700.0
1633930200,1750.7400000000007,1633956900.0
1633940400,1751.7699999999998,1633956300.0
1633948200,1751.22,1633956600.0
1633952400,1748.3599999999997,1657119000.0
1633954200,1760.3399999999997,1634016600.0
1633955400,1745.4299999999996,1657119300.0
1633957800,1757.14,1633959000.0
1633969500,1753.29,1633982100.0
1633971000,1762.1799999999998,1634018400.0
1633974600,1751.4700000000005,1633998000.0
1634001000,1759.4000000000005,1634015100.0
1634022600,1757.16,1634025300.0
1634023800,1764.3799999999999,1634037900.0
1634026500,1752.8300000000002,1657116900.0
1634027100,1760.74,1634031600.0
1634030700,1761.8299999999997,1634035200.0
1634031300,1764.65,1634046300.0
1634034300,1751.9200000000003,1657116900.0
1634035800,1765.01,1634046300.0
1634043900,1768.1200000000006,1634046900.0
1634045400,1758.1899999999996,1634045400.0
1634046300,1769.0,1634047200.0
1634051700,1758.8400000000006,1634059200.0
1634053500,1744.6599999999996,1657119300.0
1634054400,1764.5699999999997,1634130900.0
1634058000,1766.8,1634130900.0
1634059800,1748.6200000000001,1657119000.0
1634061300,1757.4699999999993,1639594800.0
1634068200,1764.78,1634130900.0
1634070300,1759.03,1634130300.0
1634077200,1763.7600000000007,1634130900.0
1634085000,1757.8899999999999,1639594800.0
1634088300,1763.1399999999994,1634099100.0
1634103000,1765.9400000000003,1634130900.0
1634105100,1758.15,1639594800.0
1634106600,1767.66,1634131200.0
1634107500,1763.77,1634130900.0
1634129700,1771.0399999999995,1634131800.0
1634130600,1766.8099999999997,1634130900.0
1634151300,1787.5700000000002,1634178600.0
1634153700,1784.8499999999995,1634288700.0
1634162700,1791.1399999999999,1634168100.0
1634165700,1797.9800000000002,1634203200.0
1634171100,1788.23,1634178300.0
1634172600,1793.6800000000003,1634173200.0
1634173800,1783.2200000000005,1634289300.0
1634191500,1797.2800000000004,1634202900.0
1634213400,1793.1900000000003,1634274900.0
1634214900,1809.0000000000005,1634910900.0
1634220000,1800.1799999999996,1634906400.0
1634221200,1800.32,1634906400.0
1634223000,1790.04,1634282400.0
1634228400,1803.02,1634906400.0
1634230500,1792.4999999999998,1634275200.0
1634234700,1800.5599999999997,1634906400.0
1634235300,1792.6099999999997,1634275200.0
1634237100,1800.9400000000003,1634906400.0
1634241600,1792.6499999999999,1634274900.0
1634264400,1784.92,1634288700.0
1634273700,1789.95,1634282400.0
1634318400,1771.5600000000002,1634514300.0
1634319000,1764.6099999999997,1634510400.0
1634320200,1765.3800000000006,1634509200.0
1634330700,1759.7099999999996,1639594800.0
1634513400,1771.6799999999996,1634514300.0
1634527800,1766.0699999999995,1634536800.0
1634555400,1768.0000000000002,1634563500.0
1634557500,1755.1899999999998,1657116600.0
1634558400,1769.3000000000006,1634565900.0
1634559300,1761.4999999999995,1634561400.0
1634562900,1774.8700000000001,1634616000.0
1634574300,1769.8400000000006,1634607900.0
1634575800,1759.3200000000004,1639594800.0
1634577000,1762.9299999999996,1634597700.0
1634577600,1766.6399999999999,1634578800.0
1634578500,1760.3000000000002,1635949200.0
1634580300,1765.1700000000003,1634582700.0
1634594400,1763.71,1634594700.0
1634604600,1770.4999999999995,1634607900.0
1634640900,1773.3900000000006,1634652900.0
1634643300,1787.59,1634733600.0
1634643900,1775.0700000000004,1634652900.0
1634645400,1787.4300000000003,1634733600.0
1634648400,1786.0700000000002,1634733300.0
1634649000,1772.75,1634652900.0
1634651100,1781.4500000000003,1634727900.0
1634652900,1765.9599999999996,1634661000.0
1634675700,1774.7199999999998,1634706600.0
1634681100,1771.1399999999999,1634692200.0
1634683500,1764.9999999999998,1635948000.0
1634692200,1777.5300000000002,1634709900.0
1634739900,1783.5399999999997,1634740200.0
1634746800,1786.16,1634747700.0
1634748900,1782.63,1634761500.0
1634750100,1785.99,1634753400.0
1634751000,1787.95,1634782200.0
1634759100,1782.2800000000002,1634761500.0
1634759700,1788.0899999999997,1634782200.0
1634761200,1780.27,1634815500.0
1634777700,1779.2400000000002,1634815500.0
1634781000,1789.6599999999994,1634884200.0
1634795700,1791.7999999999995,1634884800.0
1634796900,1782.9699999999996,1634799300.0
1634806800,1790.9899999999998,1634884500.0
1634812500,1779.7,1634815500.0
1634813100,1789.5100000000004,1634884200.0
1634816100,1770.4299999999998,1635945600.0
1634829600,1784.0600000000002,1634844000.0
1634830800,1783.92,1634844000.0
1634833800,1777.3099999999997,1635511800.0
1634843100,1786.5800000000002,1634864700.0
1634900700,1786.4700000000003,1634917200.0
1634902200,1803.64,1634906400.0
1634916600,1792.6999999999996,1634916900.0
1634932800,1799.2599999999998,1635135000.0
1634934900,1787.57,1635257100.0
1635114900,1796.6399999999999,1635123000.0
1635118200,1787.6700000000005,1635256800.0
1635120000,1797.2200000000003,1635123000.0
1635121800,1792.21,1635255000.0
1635122700,1797.1399999999994,1635123000.0
1635129900,1797.8200000000006,1635132300.0
1635147600,1794.5299999999997,1635251100.0
1635148800,1804.75,1635168600.0
1635156600,1801.9300000000005,1635161400.0
1635168300,1811.5900000000006,1636126800.0
1635184800,1803.2199999999996,1635212100.0
1635188100,1812.4599999999996,1636129200.0
1635188700,1804.9700000000003,1635210000.0
1635189600,1803.5699999999997,1635212100.0
1635190500,1801.3799999999999,1635222900.0
1635199200,1807.71,1635200100.0
1635205800,1804.5099999999998,1635211800.0
1635206400,1804.3699999999997,1635211800.0
1635207900,1810.2400000000005,1636126800.0
1635209400,1803.1,1635212100.0
1635227400,1806.4400000000003,1635427500.0
1635228600,1801.6300000000006,1635233100.0
1635230100,1801.7799999999997,1635233100.0
1635231600,1795.2100000000003,1635251100.0
1635237000,1797.9200000000003,1635251100.0
1635237600,1807.1099999999997,1635427800.0
1635239700,1797.4999999999998,1635251100.0
1635247800,1809.1599999999994,1635427800.0
1635251700,1785.0700000000002,1635257400.0
1635270000,1795.1399999999996,1635336600.0
1635271800,1799.6399999999996,1635387000.0
1635282000,1795.5999999999997,1635336900.0
1635286500,1790.42,1635298500.0
1635288600,1796.1000000000004,1635341700.0
1635290400,1791.45,1635296400.0
1635292800,1789.68,1635299100.0
1635293400,1796.5799999999995,1635341700.0
1635294900,1789.7699999999995,1635299100.0
1635318900,1784.7500000000005,1635323400.0
1635320700,1778.7899999999997,1635511800.0
1635326100,1790.3200000000006,1635333600.0
1635327300,1776.9900000000002,1635511800.0
1635328500,1790.6000000000004,1635334500.0
1635329400,1779.2600000000002,1635511800.0
1635331800,1792.74,1635336600.0
1635332700,1785.1300000000003,1635344100.0
1635334200,1794.31,1635336600.0
1635344100,1779.4600000000005,1635511800.0
1635344700,1793.4100000000003,1635346500.0
1635359100,1803.5399999999997,1635402600.0
1635375300,1790.92,1635496500.0
1635379200,1800.0600000000004,1635387900.0
1635380400,1798.9200000000003,1635386700.0
1635382200,1790.4599999999998,1635509100.0
1635385200,1801.4000000000003,1635388200.0
1635403200,1799.6199999999994,1635412200.0
1635404400,1806.3099999999995,1635423600.0
1635412200,1797.0800000000002,1635414300.0
1635421800,1800.0900000000001,1635424200.0
1635423300,1806.0399999999995,1635423600.0
1635425700,1779.3600000000001,1635511800.0
1635426600,1809.5599999999993,1635427800.0
1635432000,1774.9499999999998,1635515100.0
1635433200,1792.2400000000007,1635495900.0
1635433800,1803.7300000000002,1635435300.0
1635436200,1796.5899999999995,1635472500.0
1635438600,1797.9199999999998,1635450600.0
1635439200,1806.0299999999995,1636125300.0
1635441000,1807.8200000000002,1636125900.0
1635442200,1795.04,1635477300.0
1635446100,1802.1200000000001,1636118700.0
1635448800,1797.9500000000003,1635450600.0
1635464400,1795.75,1635473100.0
1635467100,1801.7100000000005,1636118700.0
1635470400,1805.58,1636125300.0
1635472800,1786.5599999999997,1635509400.0
1635489000,1802.1100000000001,1636118700.0
1635492900,1788.4500000000005,1635509100.0
1635493800,1791.4,1635496500.0
1635499800,1807.08,1636125900.0
1635503700,1792.3399999999997,1635508800.0
1635505200,1798.5499999999997,1636035900.0
1635506100,1791.2099999999996,1635508800.0
1635528900,1792.93,1635775200.0
1635719400,1775.4299999999998,1635943200.0
1635727500,1779.6200000000001,1635908700.0
1635728700,1785.6899999999996,1635732300.0
1635729900,1784.3799999999999,1635731100.0
1635747000,1784.0800000000004,1635747300.0
1635752100,1787.7100000000005,1635761400.0
1635753000,1780.3500000000001,1635906900.0
1635758400,1780.4900000000002,1635906900.0
1635760800,1789.2399999999993,1635769200.0
1635761700,1791.82,1635774900.0
1635765600,1780.5900000000004,1635905700.0
1635767400,1790.2400000000007,1635769200.0
1635791700,1797.8099999999995,1636034400.0
1635794700,1793.2800000000007,1635796800.0
1635805200,1789.35,1635816000.0
1635813600,1787.1800000000003,1635861900.0
1635827100,1797.0600000000006,1636034400.0
1635841500,1790.06,1635853500.0
1635843300,1796.5,1636034400.0
1635843900,1790.9199999999998,1635851700.0
1635846900,1801.6199999999994,1636118700.0
1635847800,1789.9099999999996,1635853500.0
1635849000,1786.5000000000005,1635863100.0
1635855000,1798.7399999999996,1636100400.0
1635855600,1782.9300000000003,1635899400.0
1635857700,1783.35,1635899400.0
1635886800,1786.04,1635895200.0
1635893400,1783.4799999999998,1635899100.0
1635894600,1789.8399999999995,1636029900.0
1635895500,1782.4099999999996,1635904800.0
1635897000,1792.16,1636030500.0
1635898500,1782.8900000000006,1635899400.0
1635924000,1784.4799999999996,1635938700.0
1635925200,1773.8500000000004,1635944700.0
1635927900,1785.1600000000003,1635939000.0
1635933300,1784.3600000000001,1635938700.0
1635934200,1780.7799999999995,1635934200.0
1635934800,1783.2299999999996,1635937200.0
1635943200,1773.44,1635945000.0
1635962700,1750.57,1657118700.0
1635963600,1775.4000000000003,1635978300.0
1635999600,1769.8799999999999,1638292800.0
1636002300,1772.6399999999996,1636005900.0
1636002900,1778.0799999999995,1636021800.0
1636004100,1779.3799999999997,1636022700.0
1636005600,1771.9899999999996,1636006200.0
1636014000,1777.2100000000003,1636015500.0
1636014900,1780.3300000000004,1636026000.0
1636046100,1794.42,1636074600.0
1636048200,1787.4699999999993,1636115400.0
1636048800,1796.4300000000005,1636088700.0
1636049400,1790.4199999999994,1636064100.0
1636056000,1797.44,1636095900.0
1636058100,1787.9499999999994,1636115400.0
1636063200,1787.96,1636115400.0
1636072200,1784.46,1637683800.0
1636074300,1797.2599999999998,1636095900.0
1636090500,1796.8300000000004,1636095300.0
1636092900,1799.1100000000006,1636100400.0
1636093800,1789.4400000000003,1636115400.0
1636095000,1799.4200000000003,1636100700.0
1636103400,1790.9,1636115400.0
1636105500,1803.5199999999995,1636125000.0
1636107600,1788.89,1636115400.0
1636121100,1816.4700000000003,1636140000.0
1636330800,1810.39,1637601900.0
1636333200,1815.93,1636333200.0
1636335600,1820.5800000000004,1636350900.0
1636336200,1812.4799999999998,1636361700.0
1636338600,1824.8600000000004,1636380900.0
1636348500,1816.3500000000004,1636354200.0
1636349700,1823.3099999999995,1636377900.0
1636352700,1816.7299999999998,1636353300.0
1636368600,1819.9299999999998,1636377600.0
1636370100,1815.5,1636370700.0
1636370700,1812.5299999999993,1637591400.0
1636371900,1818.94,1636377600.0
1636373700,1809.36,1637601900.0
1636374600,1819.5299999999997,1636377600.0
1636395300,1825.3500000000006,1636395600.0
1636405800,1826.9900000000005,1636438500.0
1636414200,1818.8599999999994,1636444500.0
1636420800,1827.4800000000002,1636464600.0
1636422000,1821.3799999999997,1636426200.0
1636423500,1833.98,1636551000.0
1636424100,1821.6599999999999,1636426200.0
1636434000,1826.8399999999997,1636438500.0
1636434600,1819.47,1636444200.0
1636437300,1828.0800000000002,1636464600.0
1636439700,1821.2200000000003,1636443300.0
1636441500,1828.8800000000006,1636464600.0
1636444200,1818.0099999999995,1637590800.0
1636465200,1843.4599999999996,1636551300.0
1636471500,1812.0999999999997,1637591400.0
1636473600,1832.6099999999994,1636551000.0
1636480800,1827.2700000000007,1636481400.0
1636482600,1834.7100000000003,1636551000.0
1636502400,1832.6000000000001,1636551000.0
1636505400,1824.5000000000005,1636523100.0
1636534200,1828.8600000000001,1636551000.0
1636534800,1829.11,1636551000.0
1636536600,1819.76,1637590500.0
1636538400,1821.2800000000002,1637590500.0
1636539900,1822.6699999999998,1636542600.0
1636543500,1812.25,1637591400.0
1636546800,1830.3699999999994,1636551000.0
1636548000,1821.1399999999999,1637590500.0
1636549500,1831.36,1636551000.0
1636550100,1823.5299999999995,1636551000.0
1636550700,1820.1699999999998,1637590500.0
1636551600,1869.44,1636982100.0
1636567200,1843.3500000000004,1636569300.0
1636586400,1855.2199999999996,1636609800.0
1636594500,1844.9799999999998,1636596000.0
1636602000,1853.67,1636609500.0
1636604100,1844.7499999999998,1637343600.0
1636606800,1853.6200000000006,1636609500.0
1636634400,1850.59,1636707600.0
1636637700,1852.8599999999997,1636704900.0
1636638600,1877.9599999999998,1644895500.0
1636641000,1869.7000000000005,1636982100.0
1636643700,1845.4199999999996,1636714800.0
1636649100,1865.93,1636741500.0
1636652400,1858.68,1636679700.0
1636653600,1858.8899999999996,1636679700.0
1636655700,1864.2099999999998,1636730400.0
1636656300,1863.1499999999999,1636658400.0
1636657800,1865.1099999999997,1636730700.0
1636661400,1856.8900000000003,1636683900.0
1636662300,1865.6400000000003,1636740300.0
1636665000,1860.7900000000006,1636675500.0
1636666800,1860.8100000000002,1636675200.0
1636667400,1863.0099999999998,1636730400.0
1636672200,1865.5600000000004,1636740300.0
1636676400,1857.23,1636683600.0
1636696200,1856.32,1636703700.0
1636697700,1849.08,1636713000.0
1636700400,1864.1,1636730400.0
1636706100,1831.8999999999994,1637589600.0
1636720800,1848.9600000000003,1637097900.0
1636722000,1857.2400000000002,1636723500.0
1636745400,1860.6299999999997,1636939800.0
1636746300,1868.3000000000006,1636982100.0
1636920000,1864.14,1636920000.0
1636932300,1878.43,1644895500.0
1636933500,1862.74,1636938600.0
1636935000,1861.4299999999994,1636938900.0
1636936800,1868.3399999999995,1636982100.0
1636939800,1857.36,1636940700.0
1636955400,1860.42,1636962000.0
1636956900,1853.6399999999994,1637080800.0
1636962000,1861.9499999999996,1636962600.0
1636966500,1855.1799999999996,1637079900.0
1636967700,1864.4699999999996,1636971900.0
1636979400,1855.9900000000002,1637079900.0
1636980600,1866.0799999999997,1636981800.0
1636986300,1857.6199999999994,1637079600.0
1636994100,1878.5600000000004,1644895500.0
1636995900,1860.9499999999996,1637071800.0
1637000400,1868.2400000000005,1637030100.0
1637001600,1867.64,1637004600.0
1637009100,1866.2900000000002,1637028000.0
1637009700,1867.2000000000005,1637028300.0
1637011200,1861.3699999999997,1637020500.0
1637013300,1865.6200000000003,1637027700.0
1637017500,1860.6300000000003,1637072100.0
1637018100,1864.6899999999996,1637024700.0
1637021100,1853.4999999999995,1637085000.0
1637026200,1860.9799999999998,1637071800.0
1637027100,1867.2900000000002,1637028300.0
1637043000,1863.35,1637046600.0
1637044200,1863.9799999999998,1637046600.0
1637052000,1867.2899999999995,1637052600.0
1637070600,1863.0800000000002,1637071500.0
1637108400,1856.4999999999995,1637133900.0
1637125800,1850.38,1637343600.0
1637130300,1855.6699999999994,1637131800.0
1637132100,1850.4400000000005,1637343600.0
1637134200,1864.6900000000007,1637153100.0
1637175600,1862.33,1637230500.0
1637179500,1868.1000000000004,1637194800.0
1637180100,1861.7099999999998,1637231100.0
1637181600,1866.7199999999998,1637182800.0
1637190900,1864.6899999999998,1637204700.0
1637192100,1863.18,1637217600.0
1637193000,1868.94,1637194800.0
1637204100,1861.5300000000002,1637231100.0
1637220000,1862.3899999999999,1637230500.0
1637223000,1880.12,1645086300.0
1637224200,1864.28,1637224800.0
1637229600,1855.14,1637310600.0
1637240400,1861.55,1637241600.0
1637243100,1872.03,1644864900.0
1637246400,1874.3399999999995,1644892500.0
1637247900,1850.68,1637343600.0
1637250600,1847.5300000000002,1637343600.0
1637257200,1866.94,1644850800.0
1637258400,1855.3499999999995,1637310300.0
1637265300,1854.05,1637310600.0
1637279100,1860.1200000000001,1637281200.0
1637280600,1853.01,1637312400.0
1637283600,1861.44,1637286000.0
1637302800,1864.2699999999993,1637316600.0
1637304000,1855.38,1637310300.0
1637316300,1868.5000000000002,1644851700.0
1637319000,1869.2999999999995,1644853800.0
1637320500,1868.6100000000001,1644851700.0
1637330100,1863.2899999999997,1637330700.0
1637331000,1854.0599999999997,1637331300.0
1637334000,1851.5799999999995,1637343600.0
1637336100,1869.68,1644852900.0
1637336700,1856.12,1637336700.0
1637358900,1841.2800000000004,1637563800.0
1637558100,1845.54,1637560500.0
1637559900,1842.56,1637563500.0
1637572500,1849.21,1643121900.0
1637574000,1841.8299999999997,1637577000.0
1637622300,1819.61,1640698200.0
1637638800,1806.4899999999998,1637647800.0
1637639700,1809.6899999999994,1637921100.0
1637641800,1801.4,1637657400.0
1637652300,1813.8799999999994,1637925900.0
1637653800,1798.4299999999996,1637659500.0
1637694600,1791.4199999999998,1637699400.0
1637717100,1781.9,1637760300.0
1637718000,1795.8800000000006,1637718900.0
1637735100,1786.1100000000004,1637752200.0
1637735700,1799.78,1637908500.0
1637737500,1798.8499999999997,1637907300.0
1637741100,1786.6900000000003,1637751900.0
1637742000,1790.2700000000002,1637743800.0
1637771100,1793.1099999999994,1637804700.0
1637777100,1790.6699999999996,1637798100.0
1637787000,1780.8800000000003,1638140700.0
1637788800,1791.98,1637799600.0
1637814600,1788.5800000000006,1637852400.0
1637815800,1794.2399999999993,1637824200.0
1637816400,1793.9599999999996,1637824200.0
1637819700,1789.6999999999998,1637845500.0
1637821200,1796.9,1637895900.0
1637823300,1787.5699999999995,1637862300.0
1637824200,1797.67,1637895900.0
1637833200,1800.4000000000003,1637908500.0
1637835300,1787.58,1637862300.0
1637849400,1793.1299999999999,1637884800.0
1637850000,1789.3,1637852400.0
1637850600,1792.2900000000002,1637883000.0
1637851800,1784.3000000000002,1637944800.0
1637860800,1784.8200000000004,1637944800.0
1637882400,1793.9500000000003,1637887200.0
1637931300,1816.2200000000003,1640687400.0
1637933700,1781.1800000000003,1638140700.0
1637934600,1810.2199999999998,1639744500.0
1637935800,1792.76,1637944500.0
1638147600,1801.9999999999998,1638283500.0
1638159900,1796.17,1638168600.0
1638161700,1789.38,1638192900.0
1638162900,1795.6300000000003,1638164700.0
1638165000,1791.9299999999998,1638169500.0
1638165900,1798.5900000000004,1638175800.0
1638170700,1783.1099999999997,1638203100.0
1638171600,1799.3999999999999,1638283500.0
1638173700,1799.3000000000006,1638283500.0
1638183600,1791.5600000000002,1638188400.0
1638184800,1797.0700000000004,1638264900.0
1638189600,1774.2500000000005,1638288000.0
1638221400,1784.5400000000004,1638221400.0
1638234600,1779.9199999999996,1638288000.0
1638235800,1788.25,1638236700.0
1638273000,1789.0299999999995,1638287400.0
1638274200,1787.83,1638287400.0
1638278400,1797.4600000000005,1638283500.0
1638279300,1783.3299999999997,1638288000.0
1638280200,1799.9799999999993,1638283500.0
1638281700,1789.78,1638287400.0
1638283200,1785.2000000000003,1638287700.0
1638283800,1822.4,1640956200.0
1638286500,1790.3399999999997,1638287400.0
1638307800,1777.0799999999995,1638319500.0
1638308400,1769.9999999999998,1638433500.0
1638309600,1768.3200000000004,1638455700.0
1638313500,1781.5999999999997,1638337500.0
1638315300,1770.6100000000006,1638433500.0
1638318900,1778.8599999999997,1638325200.0
1638348300,1771.89,1638433500.0
1638349500,1786.2499999999995,1638354600.0
1638351900,1787.8999999999996,1638359100.0
1638353400,1777.5499999999997,1638389400.0
1638358200,1789.8799999999999,1638365400.0
1638359700,1781.84,1638377100.0
1638360600,1789.3999999999994,1638365400.0
1638372300,1794.1899999999998,1639666500.0
1638374100,1778.9800000000002,1638389100.0
1638375600,1780.9100000000003,1638384000.0
1638378900,1781.3900000000003,1638382500.0
1638379800,1780.04,1638385800.0
1638396000,1776.1100000000001,1638418500.0
1638400500,1778.7099999999998,1638417600.0
1638401700,1784.83,1638561600.0
1638402900,1778.03,1638418200.0
1638405300,1785.5900000000004,1638561900.0
1638405900,1778.14,1638418200.0
1638407100,1784.5699999999997,1638561600.0
1638408900,1782.9100000000008,1638556200.0
1638412800,1777.6599999999999,1638418200.0
1638414300,1782.6499999999999,1638556200.0
1638415500,1776.4500000000005,1638418500.0
1638444900,1787.3100000000004,1638895800.0
1638455400,1770.2699999999995,1638455700.0
1638471900,1769.5399999999997,1638486000.0
1638474000,1757.9099999999996,1639594800.0
1638475200,1768.8400000000001,1638478200.0
1638477300,1770.6599999999994,1638492300.0
1638477900,1770.78,1638492300.0
1638516300,1767.9699999999998,1638519000.0
1638529800,1775.1299999999994,1638538200.0
1638537600,1777.8,1638538200.0
1638540600,1779.9400000000003,1638550800.0
1638541500,1776.33,1638547500.0
1638543900,1784.1499999999996,1638556500.0
1638545100,1760.4599999999998,1639594800.0
1638549600,1786.0799999999997,1638562200.0
1638798900,1782.38,1638809100.0
1638810600,1778.5099999999993,1638814200.0
1638815700,1781.3600000000004,1638834000.0
1638817200,1781.9999999999998,1638856800.0
1638818100,1777.6200000000001,1638819900.0
1638820500,1781.4199999999996,1638834000.0
1638821700,1774.2999999999997,1638884100.0
1638832800,1785.0600000000004,1638894300.0
1638840600,1776.4199999999996,1638851400.0
1638842100,1776.3299999999997,1638883800.0
1638842700,1781.8099999999997,1638856800.0
1638847800,1776.9899999999998,1638849600.0
1638856800,1783.2400000000002,1638860400.0
1638871800,1776.9299999999996,1638883800.0
1638878400,1784.4700000000003,1638878400.0
1638881700,1784.77,1638894300.0
1638882300,1789.5600000000002,1638930000.0
1638883800,1774.13,1638884100.0
1638887400,1788.44,1638929100.0
1638888300,1772.6699999999998,1639116900.0
1638890400,1790.5700000000002,1638942300.0
1638891900,1778.3800000000003,1639051500.0
1638893100,1788.8200000000004,1638929100.0
1638894000,1784.54,1638894300.0
1638910500,1779.6499999999996,1638974400.0
1638913200,1780.8699999999997,1638972300.0
1638913800,1787.0399999999995,1638927900.0
1638925800,1787.3599999999994,1638928200.0
1638927600,1791.1199999999994,1638943500.0
1638945600,1783.9399999999994,1638963900.0
1638948300,1793.7500000000002,1639666500.0
1638951300,1783.5600000000002,1638963900.0
1638953700,1789.5600000000006,1638955800.0
1638954900,1784.4900000000005,1638963900.0
1638955800,1790.5499999999997,1638959400.0
1638956400,1783.5699999999997,1638963900.0
1638960900,1804.24,1639708800.0
1638965100,1765.2700000000007,1639578600.0
1638983700,1786.8600000000004,1639027200.0
1638984900,1780.11,1639050300.0
1638985800,1779.5100000000004,1639050600.0
1638987300,1788.8799999999999,1639144800.0
1638998100,1781.8200000000002,1638999900.0
1639015500,1786.4000000000003,1639027200.0
1639017600,1779.59,1639050600.0
1639020600,1776.0400000000004,1639052700.0
1639021800,1781.0099999999995,1639050300.0
1639024200,1792.3200000000004,1639665600.0
1639038300,1782.9199999999998,1639039500.0
1639060200,1777.7799999999995,1639060500.0
1639066200,1784.8400000000006,1639144800.0
1639067100,1773.9100000000005,1639073700.0
1639067700,1781.1399999999996,1639143000.0
1639068300,1771.2899999999997,1639117800.0
1639070700,1781.5000000000002,1639143000.0
1639072200,1784.8799999999994,1639144800.0
1639074600,1768.6499999999999,1639490400.0
1639075800,1778.7600000000004,1639100400.0
1639078500,1773.0700000000006,1639116900.0
1639083600,1773.1999999999998,1639116900.0
1639091400,1779.08,1639101900.0
1639092300,1772.6200000000003,1639117200.0
1639096500,1784.78,1639144800.0
1639115700,1769.9999999999993,1639130400.0
1639137600,1768.9300000000005,1639490400.0
1639139100,1774.0299999999997,1639141500.0
1639140000,1767.5700000000002,1639490400.0
1639140600,1774.5899999999997,1639141800.0
1639159800,1778.7600000000004,1639488600.0
1639161000,1781.0900000000004,1639167300.0
1639162200,1787.0399999999995,1639394100.0
1639164600,1783.1200000000001,1639173000.0
1639165500,1778.46,1639488600.0
1639396800,1794.52,1639666500.0
1639404300,1787.4299999999996,1639405500.0
1639410600,1784.0199999999993,1639468800.0
1639411800,1788.6600000000003,1639412100.0
1639413600,1792.18,1639665600.0
1639416600,1793.9,1639666500.0
1639422300,1783.7000000000005,1639468800.0
1639423500,1788.9599999999998,1639447200.0
1639424100,1790.3799999999997,1639663500.0
1639427700,1785.5100000000004,1639436400.0
1639438500,1788.1400000000003,1639444500.0
1639439700,1779.6599999999999,1639488000.0
1639444500,1790.7800000000004,1639663800.0
1639446000,1788.7800000000004,1639447200.0
1639446600,1791.02,1639665600.0
1639451400,1780.13,1639488000.0
1639452900,1790.0200000000004,1639663500.0
1639454700,1788.8000000000002,1639660200.0
1639459200,1779.4899999999996,1639488300.0
1639464300,1788.5900000000004,1639660200.0
1639467300,1784.3999999999994,1639468200.0
1639485300,1789.5199999999998,1639660500.0
1639486200,1778.8599999999997,1639488600.0
1639488600,1760.1799999999994,1639594800.0
1639505700,1777.4200000000005,1639599600.0
1639509000,1767.11,1639551600.0
1639510800,1768.4900000000002,1639546200.0
1639511700,1768.6600000000003,1639545900.0
1639524900,1767.2499999999995,1639551600.0
1639529100,1776.5599999999997,1639599300.0
1639530300,1770.35,1639538400.0
1639531200,1775.99,1639599000.0
1639532700,1776.63,1639599300.0
1639538100,1769.56,1639540800.0
1639561800,1774.6599999999996,1639599000.0
1639563600,1764.5800000000002,1639578900.0
1639564800,1766.5200000000002,1639578600.0
1639567800,1773.7000000000003,1639598700.0
1639572000,1772.7200000000007,1639575000.0
1639576200,1766.0900000000004,1639578600.0
1639577100,1777.16,1639599300.0
1639579800,1773.23,1639598700.0
1639581900,1770.69,1639598400.0
1639582500,1760.2500000000002,1639594800.0
1639597500,1780.07,1639600500.0
1639657500,1774.46,1657029900.0
1639660200,1793.34,1639666500.0
1639681800,1794.2199999999993,1639682400.0
1639683000,1799.0599999999997,1639691100.0
1639684200,1799.38,1639691700.0
1639686300,1802.2599999999995,1639705800.0
1639689000,1802.7599999999998,1639706400.0
1639704000,1807.59,1639724700.0
1639740600,1813.7700000000002,1639747800.0
1639743000,1810.4199999999998,1639744500.0
1639744200,1812.7900000000002,1639747200.0
1639749000,1799.0099999999993,1639771500.0
1639749900,1812.7600000000002,1640618400.0
1639750800,1802.1000000000004,1639757400.0
1639752300,1802.92,1639757400.0
1639754400,1817.27,1640687700.0
1639755600,1798.0599999999997,1639773600.0
1639958100,1793.3699999999997,1640012100.0
1639961400,1803.4599999999994,1639979400.0
1639976100,1805.6799999999998,1640224500.0
1639984800,1798.8099999999995,1639985400.0
1639990800,1805.2800000000004,1640224200.0
1639992300,1794.34,1640012100.0
1640003100,1804.2199999999993,1640203500.0
1640003700,1799.67,1640091600.0
1640005500,1791.0800000000006,1640029200.0
1640027700,1789.2499999999998,1640030700.0
1640048700,1794.7599999999995,1640074200.0
1640051100,1794.6700000000003,1640074200.0
1640056200,1788.2600000000002,1640100900.0
1640059500,1795.7299999999998,1640074800.0
1640060100,1789.3200000000002,1640067900.0
1640061600,1791.7000000000007,1640061600.0
1640067300,1787.8999999999994,1640101200.0
1640070300,1793.9199999999996,1640073000.0
1640072700,1793.34,1640073000.0
1640090700,1791.5000000000005,1640098800.0
1640092800,1808.5400000000002,1640266200.0
1640094900,1800.0500000000004,1640196300.0
1640095500,1793.6800000000005,1640097000.0
1640098500,1783.2299999999998,1643367900.0
1640116800,1793.6799999999996,1640181300.0
1640136000,1784.59,1643367900.0
1640136600,1790.9999999999998,1640169300.0
1640140800,1784.9699999999996,1643367900.0
1640143200,1792.8000000000002,1640176800.0
1640144700,1787.58,1640149500.0
1640164800,1793.3500000000006,1640177700.0
1640166600,1784.7800000000004,1643367900.0
1640169300,1794.4300000000003,1640181900.0
1640184600,1785.88,1643367600.0
1640185200,1793.82,1640187600.0
1640225700,1822.38,1640956200.0
1640239800,1803.4900000000002,1640261700.0
1640241300,1809.51,1640266200.0
1640241900,1808.9499999999994,1640266200.0
1640242500,1803.3899999999999,1640261700.0
1640243100,1800.73,1640270100.0
1640244300,1811.6899999999998,1640568600.0
1640252400,1805.2899999999997,1640255100.0
1640254200,1809.7899999999997,1640266200.0
1640255100,1804.9499999999998,1640255400.0
1640260500,1804.6000000000004,1640261400.0
1640261400,1803.1999999999998,1640262600.0
1640268300,1802.56,1640270100.0
1640271900,1811.8100000000002,1640618400.0
1640275200,1809.5199999999998,1640283900.0
1640281500,1803.3799999999997,1640611800.0
1640282700,1815.82,1640675400.0
1640291400,1804.3899999999994,1640598000.0
1640292300,1809.66,1640337300.0
1640333400,1813.3000000000002,1640619600.0
1640339100,1804.4199999999996,1640598000.0
1640342100,1808.59,1640548800.0
1640548800,1807.99,1640560200.0
1640559600,1809.89,1640567400.0
1640567400,1814.6800000000005,1640673600.0
1640582400,1806.2600000000002,1640594400.0
1640609100,1808.7699999999995,1640613000.0
1640611200,1803.54,1640611800.0
1640612400,1814.9799999999998,1640673600.0
1640629500,1800.7099999999998,1640772900.0
1640631300,1802.3400000000001,1640765400.0
1640640000,1817.44,1640687700.0
1640655900,1805.29,1640717700.0
1640668200,1812.2899999999997,1640670000.0
1640700900,1798.3399999999997,1640773800.0
1640736300,1801.7500000000007,1640766600.0
1640743500,1808.4199999999996,1640875200.0
1640744400,1809.9,1640880600.0
1640745600,1808.7299999999996,1640880600.0
1640750700,1804.2900000000002,1640761200.0
1640757000,1812.7800000000002,1640882100.0
1640760900,1804.1499999999996,1640761200.0
1640790300,1812.8600000000004,1640882100.0
1640814000,1802.0599999999995,1640825400.0
1640820000,1807.9399999999996,1640874900.0
1640821200,1807.2399999999998,1640874900.0
1640822100,1799.9199999999996,1640839800.0
1640823600,1801.7600000000004,1640825400.0
1640825100,1800.0199999999995,1640839800.0
1640855400,1808.3400000000006,1640875200.0
1640856900,1804.2600000000007,1640868900.0
1640870100,1797.0000000000007,1641457500.0
1640871000,1791.9600000000003,1641473700.0
1640872200,1810.5600000000002,1640880900.0
1640915700,1807.5999999999997,1641216900.0
1640917800,1817.5800000000004,1640919300.0
1640918700,1821.1899999999998,1640956200.0
1640931300,1825.1999999999998,1640957400.0
1640935800,1815.07,1640938200.0
1640936400,1814.7600000000002,1641215400.0
1640937900,1812.22,1641216300.0
1640939700,1813.6600000000003,1641215400.0
1640940300,1821.4200000000003,1640956200.0
1640943600,1814.1199999999997,1641215400.0
1640948700,1825.9399999999998,1640957400.0
1640949900,1817.9000000000003,1641215100.0
1640952000,1824.48,1640957100.0
1640972700,1823.46,1641187500.0
1640973600,1822.16,1641193800.0
1640974200,1830.3700000000001,1641164400.0
1640974800,1828.0899999999995,1640976600.0
1641169500,1831.7399999999998,1642604700.0
1641175200,1816.0599999999993,1641215400.0
1641201600,1830.1599999999994,1642604400.0
1641203100,1828.82,1641394200.0
1641213300,1825.1099999999994,1641390000.0
1641214800,1818.0900000000001,1641215100.0
1641238200,1799.7000000000003,1641298800.0
1641239700,1806.5200000000002,1641258000.0
1641240900,1805.3099999999995,1641258000.0
1641260700,1807.5400000000004,1641292200.0
1641269700,1798.5699999999997,1641457500.0
1641270900,1799.97,1641298800.0
1641276900,1800.3999999999996,1641298800.0
1641280800,1808.7399999999996,1641304800.0
1641286800,1801.8599999999994,1641287100.0
1641287400,1808.0800000000004,1641292200.0
1641295200,1805.9199999999998,1641304500.0
1641295800,1796.4999999999998,1641459000.0
1641301800,1803.5200000000002,1641302700.0
1641302400,1794.6300000000003,1641459900.0
1641304500,1813.0900000000004,1641309900.0
1641307800,1816.5100000000004,1641363300.0
1641325200,1811.6800000000003,1641413400.0
1641327600,1818.3799999999999,1641374700.0
1641329100,1815.28,1641349800.0
1641333000,1818.3399999999997,1641374700.0
1641337800,1810.2300000000005,1641413700.0
1641348000,1813.6299999999997,1641365100.0
1641348900,1815.1999999999998,1641349800.0
1641351000,1811.9700000000003,1641413400.0
1641352500,1819.3800000000006,1641375000.0
1641362100,1817.1999999999996,1641371700.0
1641366000,1808.5999999999995,1641414600.0
1641368400,1810.4400000000005,1641413700.0
1641370500,1826.8300000000004,1641390000.0
1641405300,1818.2799999999995,1641409500.0
1641432600,1813.2199999999996,1641917400.0
1641434100,1807.9700000000003,1641438900.0
1641466200,1783.1800000000005,1643367900.0
1641467400,1799.5100000000007,1641467400.0
1641489000,1792.9000000000003,1641490200.0
1641493800,1799.7599999999995,1641809700.0
1641496500,1789.6699999999998,1641506100.0
1641497100,1782.2500000000002,1643367900.0
1641512400,1794.8600000000001,1641574800.0
1641535500,1783.9599999999996,1643367900.0
1641537600,1792.7900000000004,1641548400.0
1641538800,1787.7200000000005,1641541500.0
1641548700,1798.89,1641809400.0
1641553500,1785.46,1643367900.0
1641555900,1795.9,1641577800.0
1641560400,1784.87,1643367900.0
1641567000,1805.1599999999999,1641864000.0
1641568200,1782.0299999999997,1643368200.0
1641571200,1793.0100000000002,1641573600.0
1641573300,1795.9699999999996,1641577800.0
1641575700,1787.3199999999997,1643367000.0
1641576600,1793.67,1641577200.0
1641769800,1787.8700000000003,1643367000.0
1641773100,1792.26,1641785100.0
1641778200,1799.6000000000001,1641809400.0
1641780000,1798.6200000000003,1641809400.0
1641780600,1790.4599999999996,1641824100.0
1641801600,1804.3500000000004,1641860400.0
1641803100,1799.1799999999996,1641809400.0
1641819000,1788.14,1643367000.0
1641821100,1787.6100000000001,1643367000.0
1641834900,1797.1800000000003,1641836100.0
1641837000,1805.38,1641864300.0
1641857100,1806.0699999999997,1641867900.0
1641896100,1804.3300000000002,1641908400.0
1641912600,1808.3899999999999,1641914700.0
1641949500,1816.67,1641973200.0
1641965400,1822.3399999999997,1641994800.0
1641971400,1817.4200000000003,1641972600.0
1641975300,1823.1299999999994,1641994800.0
1641975900,1813.3799999999997,1642089600.0
1641990600,1822.63,1641994800.0
1642024200,1823.4299999999998,1642042500.0
1642046700,1827.3099999999997,1642050900.0
1642056000,1822.7100000000003,1642062900.0
1642057800,1821.64,1642063500.0
1642058400,1826.2200000000005,1642059000.0
1642062000,1819.6799999999998,1642064400.0
1642077300,1828.3300000000002,1642147500.0
1642080600,1814.2899999999997,1642089000.0
1642082100,1827.2599999999993,1642138800.0
1642082700,1826.0099999999998,1642129800.0
1642084200,1814.0500000000002,1642089600.0
1642095900,1817.9200000000003,1642177500.0
1642100700,1824.6200000000006,1642126500.0
1642116600,1817.7199999999996,1642177500.0
1642119300,1823.9199999999996,1642124100.0
1642121100,1812.71,1642495500.0
1642121700,1824.0200000000002,1642124100.0
1642122900,1817.92,1642177500.0
1642124100,1829.2299999999998,1642604400.0
1642149300,1823.8,1642150800.0
1642149900,1829.3700000000003,1642604400.0
1642151700,1816.8700000000003,1642180200.0
1642166700,1835.3700000000003,1642604700.0
1642171500,1833.48,1642604700.0
1642174200,1827.0500000000004,1642603500.0
1642175700,1817.49,1642177500.0
1642384800,1809.6599999999999,1642499400.0
1642386600,1820.1799999999996,1642394400.0
1642419600,1816.9400000000005,1642477200.0
1642431000,1818.0999999999997,1642431600.0
1642439100,1815.6200000000001,1642477200.0
1642440900,1814.3599999999997,1642489800.0
1642446600,1820.8199999999997,1642469700.0
1642447800,1814.4500000000005,1642489800.0
1642462200,1821.0799999999997,1642470000.0
1642464600,1821.32,1642470000.0
1642478400,1810.1500000000003,1642499400.0
1642492200,1820.4199999999996,1642598400.0
1642493700,1810.05,1642499400.0
1642509900,1818.2600000000007,1642512900.0
1642512600,1810.1399999999999,1642512600.0
1642524300,1815.56,1642533000.0
1642525200,1808.2300000000005,1643283600.0
1642526100,1820.2200000000003,1643226300.0
1642528500,1807.82,1643283600.0
1642531800,1816.94,1642584900.0
1642532400,1809.18,1643271300.0
1642533900,1818.7200000000003,1642588800.0
1642534800,1812.1299999999997,1642553700.0
1642537800,1817.7199999999998,1642588200.0
1642539600,1811.4599999999998,1642560600.0
1642541400,1808.57,1643283300.0
1642543200,1816.2199999999998,1642583700.0
1642551900,1810.3600000000001,1642561500.0
1642554600,1809.1999999999998,1643271300.0
1642556700,1810.3200000000004,1642561500.0
1642570200,1816.3200000000002,1642584000.0
1642571700,1815.2300000000002,1642581900.0
1642627500,1836.1699999999998,1642677300.0
1642629600,1842.6000000000004,1642641600.0
1642635300,1835.01,1642752900.0
1642642800,1841.1099999999997,1642644300.0
1642643700,1838.5300000000004,1642645500.0
1642644600,1845.56,1642685400.0
1642645800,1829.9800000000002,1642755300.0
1642646400,1842.8500000000001,1642685400.0
1642647600,1842.7700000000002,1642685400.0
1642653300,1835.4200000000005,1642752900.0
1642654800,1836.23,1642677300.0
1642663200,1834.7399999999998,1642752900.0
1642664700,1842.76,1642685400.0
1642665600,1847.47,1642691100.0
1642668000,1832.6799999999996,1642752900.0
1642668600,1843.7600000000002,1642685400.0
1642671900,1836.2500000000002,1642677300.0
1642681200,1830.7999999999995,1642755300.0
1642683300,1841.7500000000005,1642684800.0
1642684800,1841.1000000000001,1642684800.0
1642700700,1840.2700000000002,1642704000.0
1642731600,1845.2599999999995,1643121900.0
1642746900,1836.88,1642752600.0
1642747800,1843.1000000000004,1643015400.0
1642749600,1838.0199999999998,1642750800.0
1642768800,1838.2199999999998,1642770300.0
1642778700,1830.53,1642789800.0
1642779600,1827.61,1643223600.0
1642780800,1828.7700000000002,1642795800.0
1642781400,1830.46,1642789800.0
1642782600,1844.1699999999996,1643121900.0
1642783200,1832.4700000000003,1642783500.0
1642800600,1835.24,1642980300.0
1642801800,1838.98,1643003700.0
1642995600,1831.6400000000003,1643036400.0
1642996500,1841.2200000000003,1643014200.0
1643021100,1845.6099999999997,1643121900.0
1643024100,1844.9799999999998,1643121900.0
1643025900,1844.7800000000002,1643121900.0
1643026500,1834.0599999999997,1643034900.0
1643033700,1853.7000000000005,1644605100.0
1643034900,1823.6,1643226000.0
1643046900,1841.2299999999996,1643048100.0
1643067000,1838.9799999999998,1643075100.0
1643067900,1846.0400000000002,1643121900.0
1643075400,1831.94,1643208000.0
1643085600,1838.3700000000003,1643101200.0
1643089200,1836.8000000000006,1643103900.0
1643089800,1846.4099999999994,1643121900.0
1643096700,1839.69,1643099100.0
1643115600,1844.3200000000004,1643121900.0
1643144100,1842.93,1643198100.0
1643146200,1846.2900000000006,1643160600.0
1643163300,1843.1699999999998,1643183400.0
1643164200,1850.56,1644605100.0
1643166300,1851.66,1644605100.0
1643169000,1842.8199999999997,1643198100.0
1643175300,1852.0100000000004,1644605100.0
1643177100,1843.8200000000002,1643183400.0
1643178600,1844.06,1643183400.0
1643195100,1841.0800000000002,1643206200.0
1643199300,1833.3600000000004,1643206800.0
1643200800,1847.8599999999994,1643203200.0
1643204700,1838.51,1643206800.0
1643245200,1815.1699999999996,1643246700.0
1643246100,1814.9799999999996,1643246700.0
1643249400,1807.9199999999998,1643283600.0
1643250000,1820.5000000000002,1644258000.0
1643251500,1811.6999999999998,1643264100.0
1643275500,1817.36,1644251100.0
1643276100,1817.1799999999996,1644251100.0
1643281800,1806.0800000000004,1643288400.0
1643284200,1814.5500000000004,1644238800.0
1643287200,1800.1799999999996,1643291700.0
1643316600,1798.2200000000007,1643333100.0
1643330700,1801.9999999999995,1643693700.0
1643348100,1795.6999999999998,1643353200.0
1643351100,1795.7700000000002,1643353200.0
1643355600,1787.8500000000001,1643367000.0
1643382300,1793.3100000000006,1643636700.0
1643384700,1793.0999999999997,1643629800.0
1643385300,1777.7900000000002,1657029600.0
1643393400,1775.87,1657029900.0
1643394300,1790.7599999999998,1643405700.0
1643396700,1781.8600000000001,1657029600.0
1643399100,1789.9900000000005,1643404200.0
1643591100,1781.6299999999999,1657029600.0
1643594100,1792.1799999999998,1643618400.0
1643595000,1786.1299999999999,1643600700.0
1643606400,1792.0200000000002,1643618400.0
1643608500,1790.2599999999995,1643617500.0
1643613000,1778.71,1657029600.0
1643615400,1789.4500000000003,1643617200.0
1643624100,1790.4,1643625000.0
1643634300,1789.24,1643899800.0
1643634900,1795.1499999999999,1643637000.0
1643635800,1793.46,1643636700.0
1643653200,1792.63,1643899500.0
1643654100,1791.63,1643899500.0
1643655300,1800.2600000000002,1643692200.0
1643674800,1790.03,1643899500.0
1643679300,1793.8800000000003,1643899500.0
1643683800,1800.2200000000007,1643692200.0
1643686200,1794.4599999999996,1643899500.0
1643690100,1800.1200000000001,1643692200.0
1643721600,1800.4799999999998,1643727600.0
1643742000,1802.45,1643796000.0
1643744700,1796.2400000000002,1643784000.0
1643763900,1807.1500000000003,1643807700.0
1643770200,1790.53,1643899500.0
1643787300,1793.5299999999995,1643899500.0
1643790300,1801.8400000000001,1643795100.0
1643792700,1803.8800000000006,1643803200.0
1643810400,1792.4199999999998,1643899500.0
1643811000,1805.49,1643814000.0
1643812200,1806.0500000000006,1643814000.0
1643814300,1827.9900000000005,1644334200.0
1643831700,1804.46,1643872800.0
1643851200,1803.4200000000003,1643873400.0
1643851800,1809.52,1643963400.0
1643857500,1799.1900000000003,1643899200.0
1643862300,1799.6700000000005,1643892600.0
1643867700,1808.9599999999998,1643958300.0
1643869200,1798.73,1643899200.0
1643888700,1811.0399999999997,1644190800.0
1643889900,1793.1400000000006,1643899500.0
1643899200,1787.5299999999997,1652687400.0
1643902500,1804.2100000000003,1643904600.0
1643903100,1809.32,1643963400.0
1643904000,1798.1399999999999,1652687100.0
1643905800,1815.1599999999994,1644239100.0
1643913000,1805.94,1643915100.0
1643923500,1801.5099999999993,1652447700.0
1643925600,1807.24,1643939700.0
1643933700,1800.9699999999998,1652448000.0
1643936100,1810.0399999999997,1644190800.0
1643946600,1807.6000000000001,1643949000.0
1643956500,1800.3299999999995,1652448000.0
1643958300,1812.6300000000006,1644193500.0
1643986500,1799.4000000000005,1652448000.0
1643988300,1801.83,1652447700.0
1643989200,1800.5,1652448000.0
1643993700,1815.24,1644239700.0
1643995200,1805.6200000000001,1643997300.0
1643999100,1802.92,1652447100.0
1644001800,1805.7100000000003,1644002400.0
1644003300,1810.7199999999998,1644190800.0
1644003900,1805.8500000000004,1644004200.0
1644004800,1810.64,1644190800.0
1644009300,1803.1599999999999,1652447100.0
1644011100,1809.7199999999998,1644190200.0
1644208200,1805.0500000000006,1652447100.0
1644213300,1815.2999999999993,1644239700.0
1644214500,1806.07,1652446800.0
1644216900,1806.7600000000004,1652446800.0
1644217500,1815.0100000000002,1644239100.0
1644231300,1816.31,1644240000.0
1644281100,1814.7900000000002,1652394600.0
1644284100,1824.65,1644333000.0
1644294600,1826.1399999999999,1644333900.0
1644296700,1826.1,1644333900.0
1644297600,1815.2699999999995,1652394600.0
1644316200,1822.7600000000002,1644327300.0
1644318300,1812.3900000000003,1652394600.0
1644320400,1819.8299999999997,1644325800.0
1644323700,1813.9500000000003,1652394600.0
1644324900,1813.3300000000004,1652394600.0
1644325800,1824.0999999999997,1644328200.0
1644351000,1830.32,1644411600.0
1644355800,1821.4399999999998,1652374500.0
1644372900,1829.9200000000003,1644411600.0
1644390300,1832.3500000000001,1644424800.0
1644392700,1818.7000000000003,1652374500.0
1644402300,1828.2199999999998,1644414000.0
1644404100,1824.8900000000003,1644415200.0
1644407700,1831.6800000000003,1644411600.0
1644410100,1825.0200000000002,1644415200.0
1644411300,1829.8799999999999,1644411600.0
1644415500,1814.39,1652394600.0
1644417000,1824.0900000000001,1644541500.0
1644418200,1838.22,1644507300.0
1644439800,1828.6099999999997,1644523200.0
1644442200,1828.3100000000004,1644523500.0
1644454800,1836.8000000000002,1644507000.0
1644471300,1836.25,1644507000.0
1644476400,1832.52,1644480300.0
1644477000,1836.0799999999997,1644507000.0
1644480300,1827.0900000000004,1644525600.0
1644506700,1839.9399999999996,1644507600.0
1644515100,1836.0100000000002,1644515100.0
1644516900,1848.83,1644604500.0
1644521100,1825.1700000000003,1644538800.0
1644546900,1828.1000000000001,1644581700.0
1644547800,1824.0099999999995,1644552000.0
1644556200,1826.7900000000002,1644566700.0
1644558900,1817.1,1652394600.0
1644566700,1832.2699999999998,1644585000.0
1644586800,1823.9999999999998,1652374500.0
1644587400,1832.94,1644592200.0
1644795300,1854.21,1644806700.0
1644795900,1864.1600000000005,1644849000.0
1644800700,1849.01,1644927600.0
1644824100,1859.99,1644846000.0
1644825600,1852.4500000000007,1644825600.0
1644827700,1870.6100000000004,1644852900.0
1644842100,1853.64,1644842400.0
1644845700,1865.9599999999996,1644849000.0
1644869400,1872.48,1644869700.0
1644883800,1865.6799999999998,1644914400.0
1644887400,1879.6399999999999,1645086300.0
1644889500,1866.1000000000004,1644914400.0
1644894600,1882.2000000000003,1645086300.0
1644910500,1875.06,1644910800.0
1644943200,1859.0399999999995,1645005600.0
1644945000,1847.49,1652193900.0
1644945900,1855.24,1644948900.0
1644951900,1865.1200000000001,1645029000.0
1644960000,1857.4599999999998,1644999600.0
1644967200,1848.3700000000001,1652193900.0
1644977700,1858.04,1645004700.0
1644980700,1844.4999999999995,1652194200.0
1644985500,1856.7799999999993,1644999000.0
1645008000,1851.07,1651567500.0
1645008900,1848.7500000000002,1652193900.0
1645011900,1852.7699999999998,1645015200.0
1645012800,1860.9799999999998,1645021800.0
1645014300,1849.5399999999997,1652193900.0
1645020900,1852.5999999999995,1651566000.0
1645021800,1863.3499999999995,1645022100.0
1645048500,1867.6100000000001,1645065300.0
1645053600,1871.6899999999998,1645069800.0
1645054800,1870.8400000000001,1645056000.0
1645056900,1873.8400000000006,1645070100.0
1645058100,1875.34,1645071300.0
1645059900,1866.9899999999998,1651494900.0
1645064100,1873.7799999999997,1645070100.0
1645067100,1866.89,1651494900.0
1645069800,1872.86,1645070100.0
1645102500,1889.0899999999997,1645103100.0
1645104000,1902.5300000000004,1645398000.0
1645135200,1896.8500000000004,1645147800.0
1645143300,1905.3799999999997,1645399800.0
1645146300,1887.4200000000003,1645180200.0
1645147200,1893.75,1645148100.0
1645147800,1894.01,1645148100.0
1645164300,1898.3799999999999,1645190700.0
1645168800,1893.37,1645171500.0
1645170000,1889.12,1645179900.0
1645171200,1895.7600000000007,1645189800.0
1645179900,1881.5700000000002,1645731300.0
1645185900,1886.6200000000003,1645730700.0
1645189500,1884.4899999999993,1645731300.0
1645190700,1906.0400000000002,1645400700.0
1645205700,1891.41,1645418100.0
1645207500,1899.99,1645398000.0
1645208400,1892.0700000000002,1645407000.0
1645209600,1895.6899999999996,1645210500.0
1645211400,1903.5800000000002,1645398000.0
1645213800,1899.2,1645220400.0
1645215600,1887.9399999999998,1645426500.0
1645216500,1899.0999999999997,1645220100.0
1645219200,1906.1299999999994,1645400700.0
1645408500,1893.0800000000002,1645416600.0
1645413000,1894.44,1645416600.0
1645432500,1899.98,1645467900.0
1645446900,1891.0000000000002,1645608600.0
1645447800,1902.2900000000002,1645469400.0
1645449600,1887.44,1645730700.0
1645451400,1899.2299999999998,1645467300.0
1645453200,1880.0499999999993,1651115400.0
1645459800,1899.9999999999995,1645467900.0
1645462800,1891.1800000000003,1645608600.0
1645465500,1900.6200000000001,1645468200.0
1645500300,1905.46,1645518300.0
1645501800,1906.2599999999995,1645518300.0
1645506600,1908.6800000000005,1645507200.0
1645511100,1916.8500000000001,1645670700.0
1645516800,1914.4499999999998,1645669500.0
1645518300,1903.8199999999997,1645518600.0
1645536900,1927.1900000000005,1645672200.0
1645544700,1891.0399999999995,1645608600.0
1645545900,1901.0700000000006,1645546800.0
1645551900,1907.2400000000002,1645629000.0
1645555500,1900.5300000000002,1645558500.0
1645558200,1913.5800000000004,1645666500.0
1645561800,1902.87,1645622400.0
1645563000,1894.3199999999997,1645593600.0
1645580400,1895.6000000000004,1645593300.0
1645582800,1900.0199999999998,1645582800.0
1645584900,1904.3900000000006,1645628100.0
1645587600,1904.18,1645628100.0
1645591800,1894.9399999999996,1645593600.0
1645621800,1911.12,1645659300.0
1645647300,1901.5200000000004,1645730100.0
1645649100,1909.0000000000005,1645649700.0
1645650600,1906.0699999999997,1645729800.0
1645657500,1917.8299999999997,1645671000.0
1645691400,1930.4900000000005,1645715700.0
1645692300,1945.62,1645692900.0
1645713000,1950.8299999999997,1645713000.0
1645748400,1912.0600000000002,1645749300.0
1645767000,1907.9099999999996,1645781700.0
1645767600,1915.88,1645768200.0
1645776300,1907.9800000000002,1645781700.0
1645779000,1906.57,1645788000.0
1645781100,1905.3200000000002,1645788300.0
1645812300,1893.4899999999998,1646033400.0
1645814700,1886.1099999999997,1651066800.0
1645818000,1901.4400000000003,1646033100.0
1645818900,1895.1200000000003,1646033400.0
1646003400,2041.0700000000002,1646751600.0
1646017800,1906.0800000000002,1646019000.0
1646022000,1909.8400000000006,1646022300.0
1646022600,1904.7599999999995,1646032800.0
1646025600,1914.8000000000004,1646055600.0
1646026200,1905.1599999999999,1646032800.0
1646047500,1910.1499999999999,1646052900.0
1646064300,1901.6699999999998,1646065200.0
1646079900,1910.5900000000001,1646082600.0
1646097600,1895.5900000000001,1647454800.0
1646110200,1910.6599999999996,1646122200.0
1646111400,1910.5600000000002,1646122200.0
1646142300,1903.2599999999998,1647454500.0
1646145300,1931.7300000000007,1646152800.0
1646147100,1906.1000000000006,1647440100.0
1646148600,1928.9000000000003,1646149500.0
1646179200,1937.9599999999998,1646181600.0
1646180400,1947.13,1646207400.0
1646184000,1920.9299999999998,1646216700.0
1646197500,1930.3799999999997,1646216700.0
1646198100,1940.4700000000007,1646205000.0
1646201100,1924.7999999999997,1646216700.0
1646203500,1943.3399999999997,1646205600.0
1646205000,1945.4199999999996,1646207100.0
1646210400,1920.65,1646216700.0
1646211000,1943.1099999999997,1646353800.0
1646212500,1939.0400000000002,1646338500.0
1646214300,1924.5499999999997,1646216700.0
1646216400,1931.1099999999997,1646216700.0
1646232600,1932.3,1646234700.0
1646236800,1912.66,1647353400.0
1646250600,1930.14,1646251500.0
1646270100,1925.3000000000002,1646282400.0
1646271900,1934.88,1646297100.0
1646277000,1931.6,1646294100.0
1646279100,1924.1199999999997,1646282400.0
1646291700,1920.0400000000002,1647347400.0
1646294700,1943.6600000000005,1646353800.0
1646311500,1921.2399999999993,1647347400.0
1646312700,1938.9799999999998,1646338500.0
1646315400,1920.6499999999994,1647347400.0
1646316300,1934.7699999999998,1646332200.0
1646316900,1924.0200000000002,1647341700.0
1646327100,1936.9299999999994,1646337900.0
1646328300,1922.5700000000002,1647341700.0
1646330700,1943.5000000000007,1646353800.0
1646357700,1937.2700000000004,1646358600.0
1646361000,1932.3799999999999,1647321300.0
1646363400,1945.21,1646387400.0
1646371200,1932.7300000000005,1647321300.0
1646373600,1940.2500000000002,1646384700.0
1646376600,1926.8499999999997,1647323700.0
1646379900,1931.28,1647321600.0
1646385300,1952.7900000000002,1646404200.0
1646407500,1960.7799999999997,1646409900.0
1646623800,1980.6699999999998,1646633100.0
1646625000,1993.1699999999998,1646640000.0
1646628300,1994.4200000000003,1646640900.0
1646630100,1984.0099999999995,1646632500.0
1646639400,2000.0400000000004,1646648700.0
1646655000,1974.7999999999997,1646659200.0
1646668200,1973.6500000000003,1646874300.0
1646675100,1996.1799999999998,1646680800.0
1646700600,1985.82,1646701800.0
1646716800,1994.6499999999999,1646719200.0
1646736900,1997.1,1646832300.0
1646743800,2027.8599999999997,1646750400.0
1646745000,2022.35,1646750100.0
1646746200,2025.0900000000004,1646750100.0
1646766900,2012.7600000000002,1646820000.0
1646774400,2053.859999999999,1646794200.0
1646783700,2056.21,1646797200.0
1646786400,2053.9700000000003,1646794200.0
1646787900,2048.0899999999992,1646792700.0
1646790000,2031.0900000000006,1646816700.0
1646794200,2056.44,1646797200.0
1646810100,2028.2800000000002,1646817600.0
1646848800,1991.4200000000005,1646856000.0
1646849700,1994.77,1646857500.0
1646850600,1972.7099999999998,1646874900.0
1646861400,2012.6899999999998,1680617400.0
1646874000,1972.2200000000003,1646874900.0
1646891100,1994.2099999999998,1646907000.0
1646900100,1999.2899999999995,1646909700.0
1646905200,1973.4,1646998800.0
1646906700,1999.8899999999996,1646910000.0
1646925600,1940.1800000000003,1647309000.0
1646934000,2006.9999999999995,1679259600.0
1646935200,2013.2,1680617400.0
1646936700,1976.8800000000006,1646997900.0
1646939100,2002.7500000000005,1646944200.0
1646940600,2001.0799999999995,1646943300.0
1646949300,1990.1100000000004,1646960700.0
1646954400,2001.2399999999998,1679259600.0
1646955600,1992.8999999999994,1646959800.0
1646959800,1985.6899999999998,1646974500.0
1646986200,1982.1600000000005,1646997600.0
1646988000,2006.4400000000005,1679259600.0
1646997600,1984.14,1646997600.0
1647015000,1987.0800000000004,1647016800.0
1647033300,1969.82,1647216900.0
1647208800,1986.61,1647208800.0
1647210000,1978.88,1647210000.0
1647228600,1961.65,1647250500.0
1647229200,1967.1100000000001,1647248100.0
1647230400,1979.2700000000002,1649844600.0
1647233700,1972.05,1647237000.0
1647235200,1981.2000000000003,1649864700.0
1647235800,1972.8399999999995,1647236100.0
1647239700,1974.7300000000002,1647239700.0
1647246000,1961.1199999999994,1647250500.0
1647278700,1955.0700000000004,1647282000.0
1647281700,1960.7,1648132200.0
1647282900,1949.0599999999997,1647302400.0
1647285600,1947.4600000000005,1647302400.0
1647338400,1944.1899999999998,1647511200.0
1647339900,1924.1100000000004,1647341700.0
1647341700,1911.0500000000002,1647353400.0
1647361200,1915.0100000000004,1647375000.0
1647361800,1929.8999999999999,1647363000.0
1647373200,1911.5500000000006,1647439800.0
1647392400,1930.9499999999998,1647480600.0
1647396600,1914.7200000000005,1647405000.0
1647398100,1934.3000000000002,1647482400.0
1647403800,1907.4300000000003,1647440100.0
1647420000,1920.4200000000005,1647420600.0
1647425400,1914.2400000000005,1647438000.0
1647427200,1933.2499999999998,1647480900.0
1647436800,1910.5500000000004,1647439800.0
1647437700,1911.1299999999994,1647439800.0
1647456000,1889.9199999999998,1651047000.0
1647456600,1934.7200000000003,1647482400.0
1647478800,1921.08,1647630000.0
1647480000,1934.4600000000005,1647482400.0
1647497700,1927.54,1647609600.0
1647499800,1923.8000000000006,1647609900.0
1647504000,1941.4099999999996,1647506100.0
1647504900,1940.8800000000006,1647506100.0
1647520200,1946.0299999999993,1647526500.0
1647520800,1931.7499999999995,1647573300.0
1647522000,1930.6800000000003,1647574500.0
1647522900,1945.4099999999999,1647525300.0
1647526800,1954.68,1648122300.0
1647539700,1947.3199999999997,1648065300.0
1647540900,1929.0100000000002,1647609600.0
1647550200,1947.35,1648065300.0
1647555000,1939.2799999999995,1647565500.0
1647557100,1943.88,1647561300.0
1647558000,1935.9600000000003,1647569700.0
1647558600,1943.8899999999996,1647561600.0
1647567600,1936.9800000000002,1647568500.0
1647587400,1941.7099999999996,1648063500.0
1647590400,1938.2000000000005,1647602400.0
1647591000,1927.27,1647609600.0
1647592200,1939.6100000000004,1647602700.0
1647593700,1923.82,1647609900.0
1647595500,1938.6699999999998,1647602400.0
1647597600,1917.4800000000002,1647957600.0
1647598500,1938.0200000000002,1647602400.0
1647599400,1936.2000000000007,1647601500.0
1647600600,1920.6700000000003,1647630000.0
1647603900,1941.9599999999998,1648063500.0
1647609000,1930.44,1647609300.0
1647610800,1939.6200000000006,1647891600.0
1647613500,1918.1800000000003,1647633300.0
1647614400,1928.9400000000007,1647621300.0
1647617400,1922.6299999999999,1647630000.0
1647624600,1934.6800000000003,1647871200.0
1647626100,1923.92,1647629400.0
1647821700,1924.4,1647825600.0
1647844200,1912.8999999999999,1647957900.0
1647858000,1935.19,1647872100.0
1647865800,1932.1699999999996,1647871200.0
1647867000,1919.9499999999998,1647869100.0
1647869400,1930.77,1647871200.0
1647886200,1927.9,1647936600.0
1647888900,1938.2999999999997,1647891000.0
1647890400,1940.0399999999997,1648063200.0
1647893400,1927.46,1647936600.0
1647896100,1941.1400000000003,1648063500.0
1647907200,1932.9299999999998,1647908700.0
1647907800,1937.8100000000004,1647927600.0
1647910500,1912.5400000000002,1647957900.0
1647917700,1935.7300000000002,1647918000.0
1647918600,1932.86,1647934500.0
1647919200,1939.0499999999995,1648060500.0
1647921900,1937.7800000000002,1647927600.0
1647923100,1937.57,1647927300.0
1647933900,1930.6199999999997,1647936300.0
1647952200,1915.7400000000002,1647957900.0
1647954000,1921.3899999999999,1647955800.0
1647954900,1935.23,1648043700.0
1647955500,1922.1899999999998,1647955800.0
1647973500,1927.66,1648027800.0
1647982800,1924.61,1648025100.0
1647988200,1914.6400000000003,1648543200.0
1647991500,1924.1299999999999,1648004400.0
1647993300,1916.71,1647996000.0
1648001100,1921.9499999999998,1648001100.0
1648015200,1917.8300000000004,1648016100.0
1648023900,1913.4000000000003,1648543200.0
1648024500,1928.7099999999994,1648028100.0
1648046400,1935.52,1648054800.0
1648047600,1926.8500000000006,1648050000.0
1648049700,1934.7000000000003,1648053900.0
1648052100,1936.83,1648055100.0
1648084500,1939.9699999999998,1648089300.0
1648102500,1951.04,1648122000.0
1648104300,1943.6200000000003,1648107600.0
1648106700,1950.6099999999997,1648122000.0
1648112700,1938.0400000000002,1648113300.0
1648114800,1941.5799999999997,1648116000.0
1648147800,1959.1400000000003,1648154100.0
1648148700,1954.5900000000004,1648192500.0
1648150500,1970.6799999999996,1649767800.0
1648152300,1957.3600000000006,1648154100.0
1648171500,1965.4599999999998,1649680500.0
1648182300,1958.4899999999998,1648184700.0
1648201500,1955.42,1648204200.0
1648211100,1937.5399999999995,1648446300.0
1648220400,1960.73,1648222200.0
1648227900,1952.1699999999996,1648229400.0
1648231200,1970.55,1649767800.0
1648234800,1947.6100000000006,1648430700.0
1648237500,1949.8599999999997,1648430400.0
1648241400,1958.5599999999997,1648418400.0
1648419900,1973.1599999999994,1649774700.0
1648428000,1957.7499999999995,1648428600.0
1648430400,1944.5099999999998,1648439400.0
1648469400,1938.6800000000005,1648469700.0
1648485000,1932.7499999999998,1648491600.0
1648487100,1942.0499999999995,1648735200.0
1648488000,1941.0799999999997,1648734300.0
1648489800,1928.3700000000001,1648493700.0
1648490400,1937.8600000000006,1648652100.0
1648491600,1929.6200000000001,1648493400.0
1648513500,1927.79,1648518000.0
1648526400,1922.2700000000007,1648528200.0
1648527300,1926.0199999999998,1648615200.0
1648529100,1912.57,1648543200.0
1648531500,1918.5900000000001,1648539300.0
1648568700,1907.4399999999998,1650884400.0
1648569300,1916.9600000000005,1648571700.0
1648596600,1914.1900000000003,1650866100.0
1648597800,1921.2199999999998,1648602900.0
1648598400,1918.4499999999998,1648599300.0
1648599900,1913.2800000000002,1650867600.0
1648602600,1923.8199999999995,1648605600.0
1648622100,1924.4900000000007,1648622100.0
1648624200,1918.9500000000005,1648630800.0
1648625400,1919.6099999999997,1648628400.0
1648628100,1914.3499999999997,1650866100.0
1648639500,1919.0600000000004,1648834200.0
1648641300,1927.9199999999996,1648642500.0
1648662600,1930.0899999999997,1648685700.0
1648665000,1937.7700000000004,1648732500.0
1648668900,1923.28,1648700700.0
1648673700,1938.1999999999994,1648732500.0
1648680900,1938.98,1648733400.0
1648683900,1926.93,1648690200.0
1648684500,1934.8000000000002,1648729800.0
1648685400,1925.4999999999995,1648695300.0
1648710000,1923.4399999999998,1648718100.0
1648711200,1935.1099999999997,1648729800.0
1648725900,1926.26,1648823100.0
1648728000,1924.6200000000001,1648823100.0
1648729500,1940.7600000000002,1648734300.0
1648754100,1944.73,1649427000.0
1648755000,1935.38,1648756500.0
1648777200,1940.22,1649165400.0
1648779300,1934.0300000000002,1648781400.0
1648780800,1932.3200000000002,1648821000.0
1648783800,1937.0399999999997,1648784700.0
1648791900,1933.3099999999997,1649075400.0
1648792800,1941.8,1649165400.0
1648793400,1931.5799999999995,1648821000.0
1648839600,1921.01,1648840200.0
1648840500,1927.1799999999998,1649055300.0
1648842000,1920.2400000000007,1649038500.0
1648846800,1919.1099999999997,1649039400.0
1649023200,1928.0999999999997,1649055300.0
1649027100,1918.7200000000003,1649039400.0
1649030400,1926.5999999999997,1649033100.0
1649035200,1925.0700000000004,1649055000.0
1649037000,1919.6300000000003,1649039100.0
1649053200,1924.94,1649055000.0
1649070900,1930.8,1649073600.0
1649072400,1927.2699999999993,1649080500.0
1649073300,1924.99,1649160300.0
1649074200,1922.1699999999998,1649174400.0
1649075400,1941.0100000000002,1649165400.0
1649080500,1917.81,1649206800.0
1649082000,1937.1499999999999,1649164800.0
1649091000,1927.2599999999995,1649125800.0
1649095500,1931.8400000000001,1649096400.0
1649099100,1927.41,1649125800.0
1649102700,1930.4800000000002,1649115600.0
1649110200,1937.2000000000005,1649164800.0
1649116200,1924.3100000000002,1649160600.0
1649116800,1932.8600000000004,1649141400.0
1649117700,1934.19,1649162700.0
1649119200,1936.06,1649163900.0
1649120700,1927.35,1649125800.0
1649138100,1931.8100000000004,1649140500.0
1649144400,1930.2300000000007,1649148300.0
1649145000,1927.4100000000003,1649145300.0
1649148900,1931.89,1649148900.0
1649153400,1925.9300000000003,1649160000.0
1649162400,1936.6899999999996,1649164800.0
1649173200,1919.7500000000002,1649174400.0
1649189700,1925.0799999999997,1649212800.0
1649190900,1919.0099999999993,1649206200.0
1649191800,1926.9599999999996,1649235600.0
1649192400,1920.8,1649201700.0
1649203500,1911.19,1650882900.0
1649208600,1942.1500000000003,1649426400.0
1649209800,1919.69,1649225100.0
1649212500,1925.4399999999996,1649235000.0
1649225700,1913.1499999999994,1650867600.0
1649233200,1926.6700000000003,1649235600.0
1649246400,1912.2599999999998,1650882900.0
1649249700,1939.69,1649424900.0
1649250900,1918.1399999999999,1649268600.0
1649253900,1925.42,1649254500.0
1649256600,1929.66,1649331000.0
1649263500,1923.9999999999998,1649263500.0
1649271600,1934.6899999999998,1649342100.0
1649272200,1914.4100000000003,1650866100.0
1649276700,1929.74,1649331000.0
1649277900,1922.0900000000004,1649288100.0
1649278800,1929.0699999999997,1649331000.0
1649283000,1930.5,1649331900.0
1649286600,1927.3799999999994,1649316000.0
1649288700,1928.5499999999995,1649330100.0
1649289600,1921.6000000000004,1649296800.0
1649291100,1932.3600000000001,1649333100.0
1649293500,1922.01,1649295000.0
1649300700,1930.38,1649331900.0
1649302500,1921.3499999999997,1649304300.0
1649309700,1923.4600000000003,1649309700.0
1649310600,1919.71,1650861600.0
1649311200,1926.6200000000001,1649316000.0
1649312400,1933.2900000000002,1649340000.0
1649316000,1928.58,1649330100.0
1649335500,1923.5900000000004,1650852900.0
1649336400,1934.4699999999996,1649342100.0
1649356800,1931.0400000000004,1649359200.0
1649359800,1938.23,1649419800.0
1649361000,1934.6599999999994,1649377800.0
1649361600,1927.21,1650640200.0
1649375400,1936.6399999999999,1649419800.0
1649377200,1938.0000000000002,1649419800.0
1649384400,1929.6799999999994,1649385600.0
1649387700,1917.9400000000003,1650861600.0
1649401500,1935.74,1649419800.0
1649405700,1934.8999999999999,1649419500.0
1649421600,1922.4999999999998,1650853200.0
1649422800,1937.3999999999999,1649424600.0
1649441700,1942.2,1649442000.0
1649444400,1941.8300000000004,1649444400.0
1649448000,1948.41,1649664600.0
1649641800,1936.5800000000002,1650622800.0
1649649900,1948.7999999999995,1649664900.0
1649650800,1938.6099999999997,1650541200.0
1649656500,1947.6500000000003,1649664300.0
1649657100,1941.5700000000006,1649658000.0
1649657700,1947.0200000000004,1649664300.0
1649658900,1944.2400000000002,1649661000.0
1649659800,1938.4299999999998,1650541500.0
1649660400,1940.0800000000002,1650434700.0
1649661600,1939.4399999999996,1650541200.0
1649663700,1950.3999999999999,1649665200.0
1649684700,1957.8699999999997,1649684700.0
1649703300,1947.7999999999995,1650396000.0
1649705100,1956.6299999999999,1649729100.0
1649706000,1957.28,1649731500.0
1649706600,1947.7399999999996,1650396000.0
1649709600,1964.8400000000006,1649766600.0
1649723400,1947.4500000000005,1650396000.0
1649730000,1969.0000000000002,1649767800.0
1649747100,1954.3600000000001,1649749500.0
1649748300,1968.1400000000003,1649767500.0
1649749200,1949.1000000000004,1650395700.0
1649762400,1951.9699999999998,1650379200.0
1649765100,1969.9300000000005,1649767800.0
1649784000,1978.3199999999995,1649843100.0
1649786100,1979.0400000000004,1649844300.0
1649788500,1972.4600000000003,1649828400.0
1649789400,1962.1699999999994,1649944500.0
1649808000,1970.94,1649817000.0
1649809800,1957.5,1650378900.0
1649814000,1969.7399999999993,1649815500.0
1649830800,1967.0199999999998,1649831400.0
1649835600,1972.0200000000004,1649836500.0
1649836800,1963.3000000000002,1649944500.0
1649837700,1978.1499999999996,1649843100.0
1649853900,1988.28,1650262800.0
1649856300,1990.41,1650267600.0
1649857500,1963.36,1649944500.0
1649859600,1981.3999999999996,1649865600.0
1649860500,1963.7100000000005,1649944500.0
1649862000,1983.3899999999996,1650238200.0
1649867700,1982.4999999999998,1650238200.0
1649875500,1981.3199999999997,1650238200.0
1649876100,1971.19,1649919000.0
1649893200,1981.98,1650238200.0
1649893800,1975.7199999999998,1649895300.0
1649895300,1974.3899999999996,1649895900.0
1649900400,1979.0900000000004,1649901000.0
1649905200,1973.3199999999997,1649908800.0
1649911500,1975.9800000000002,1649921700.0
1649913000,1972.4000000000005,1649913600.0
1649922300,1982.03,1650238200.0
1649923200,1969.2900000000004,1649927100.0
1649923800,1978.1799999999998,1649936400.0
1649925300,1968.8300000000006,1649927700.0
1649926200,1972.46,1649926200.0
1649933400,1973.8200000000004,1649933700.0
1649937900,1985.8900000000006,1650239400.0
1649939400,1972.1,1649939400.0
1649942100,1994.8500000000001,1650285000.0
1649944200,1959.58,1650374100.0
1649946600,1972.9900000000005,1649955600.0
1649948400,1964.6200000000001,1649949600.0
1649956500,1960.33,1650373500.0
1649959200,1978.8900000000006,1650235800.0
1649963400,1976.4099999999999,1650234900.0
1650222300,1974.4,1650234000.0
1650233400,1985.34,1650239400.0
1650254700,1980.7999999999995,1650303300.0
1650255900,1987.3399999999997,1650259500.0
1650256800,1975.7400000000002,1650319200.0
1650258900,1995.0799999999997,1650285000.0
1650260100,1983.7800000000002,1650261600.0
1650260700,1988.98,1650263400.0
1650261600,1982.4799999999998,1650303000.0
1650262800,1988.6800000000003,1650263100.0
1650279300,1977.7000000000003,1650304500.0
1650280800,1991.9399999999996,1650282300.0
1650288600,1987.9100000000003,1650292500.0
1650290700,1999.0300000000004,1679259600.0
1650291600,1988.7000000000003,1650292500.0
1650292200,1986.3700000000006,1650292500.0
1650323400,1975.8799999999994,1650325800.0
1650333900,1976.2300000000002,1650335400.0
1650335100,1971.16,1650372000.0
1650338100,1974.2299999999996,1650343500.0
1650339300,1978.9499999999996,1650353100.0
1650342300,1972.8600000000006,1650346800.0
1650347100,1963.4600000000003,1650373200.0
1650353100,1983.3799999999999,1679079000.0
1650354900,1975.7999999999997,1650360000.0
1650356700,1985.6300000000003,1679079000.0
1650364200,1978.4599999999998,1650366300.0
1650368100,1975.3599999999997,1650371700.0
1650369600,1977.6499999999996,1650370200.0
1650370200,1984.04,1679079000.0
1650371700,1972.8600000000006,1650372000.0
1650394500,1958.4,1675321800.0
1650395700,1944.52,1650396600.0
1650415200,1956.7599999999995,1650483900.0
1650416700,1940.1,1650434700.0
1650433500,1951.9899999999998,1650449100.0
1650435300,1936.1899999999994,1650622800.0
1650442500,1936.57,1650622800.0
1650444000,1949.2500000000002,1650448800.0
1650460500,1942.2200000000007,1650535200.0
1650461400,1954.2400000000005,1650467100.0
1650463200,1967.7099999999998,1679073900.0
1650464700,1945.2200000000003,1650529800.0
1650465300,1963.9600000000005,1679064900.0
1650466200,1949.03,1650528000.0
1650468000,1956.6999999999994,1650483900.0
1650468900,1950.8100000000002,1650469200.0
1650473100,1957.5100000000002,1650484500.0
1650479400,1949.6899999999994,1650528000.0
1650480300,1948.6900000000005,1650528300.0
1650483300,1960.2599999999998,1679064000.0
1650501300,1949.8400000000004,1650525600.0
1650504300,1951.7700000000002,1650509100.0
1650525000,1945.2600000000007,1650529800.0
1650527100,1946.3700000000003,1650528300.0
1650544800,1959.7999999999997,1679064000.0
1650549600,1932.2900000000002,1650622800.0
1650552600,1953.2100000000005,1650567000.0
1650555600,1934.39,1650622800.0
1650557100,1935.5400000000006,1650622800.0
1650559500,1928.6,1650640200.0
1650563700,1953.6500000000003,1650570000.0
1650564300,1944.1000000000004,1650564600.0
1650565500,1948.7599999999995,1650566400.0
1650585000,1944.64,1650617700.0
1650587100,1948.3800000000006,1650588900.0
1650590100,1956.77,1675300200.0
1650593700,1940.7699999999995,1650622500.0
1650602700,1957.5099999999998,1675321800.0
1650604800,1950.25,1650614400.0
1650606300,1949.65,1650614400.0
1650607800,1957.38,1675321800.0
1650614700,1957.54,1675321800.0
1650615600,1946.0000000000005,1650616200.0
1650636900,1949.06,1675283400.0
1650640200,1930.6099999999997,1650640200.0
1650642600,1936.0200000000004,1650642900.0
1650646800,1928.0499999999993,1650846300.0
1650647700,1945.3200000000002,1674676800.0
1650648600,1928.8500000000001,1650845700.0
1650654900,1933.0499999999997,1650654900.0
1650657900,1925.4000000000005,1650851100.0
1650837900,1944.3799999999999,1674676800.0
1650839400,1927.0000000000002,1650847500.0
1650844800,1931.5699999999995,1650844800.0
1650877200,1919.4,1673634600.0
1650878700,1911.6700000000003,1650882900.0
1650879600,1922.1099999999994,1673805600.0
1650882600,1922.8000000000002,1674048600.0
1650884100,1904.2800000000002,1650888600.0
1650905100,1890.8199999999997,1651047000.0
1650908100,1882.7599999999998,1651067100.0
1650910500,1902.7900000000002,1650932700.0
1650911100,1902.5799999999995,1650932700.0
1650920400,1901.6900000000003,1650932400.0
1650930000,1894.81,1651046400.0
1650930900,1902.9600000000003,1650932700.0
1650957300,1896.7100000000003,1650959100.0
1650965400,1905.9199999999998,1650967500.0
1650966900,1900.3199999999995,1650977700.0
1650967800,1912.4599999999996,1651213800.0
1650970800,1927.5399999999997,1674156300.0
1650978000,1907.8200000000002,1650978600.0
1650982500,1898.7799999999997,1650997500.0
1650984600,1914.5399999999995,1651218000.0
1650985800,1901.1,1650988800.0
1650990600,1904.3899999999996,1650992400.0
1650992100,1904.5100000000004,1650992400.0
1650993300,1899.7700000000007,1650996000.0
1651003500,1904.99,1651004100.0
1651022700,1893.9700000000003,1651046400.0
1651043700,1903.1899999999994,1651044600.0
1651044600,1912.8899999999999,1651217700.0
1651048200,1861.4799999999996,1651496100.0
1651057800,1900.5200000000004,1651058700.0
1651059600,1889.4600000000003,1651066800.0
1651060800,1909.9999999999995,1651213200.0
1651066500,1867.79,1651494900.0
1651082100,1896.8199999999997,1651191000.0
1651084800,1884.5399999999995,1651090500.0
1651087500,1891.2,1651139100.0
1651090200,1884.0199999999998,1651102200.0
1651104300,1891.75,1651149000.0
1651105200,1884.04,1651107300.0
1651106100,1881.52,1651111800.0
1651129500,1888.0800000000002,1651135200.0
1651148100,1889.9,1651149000.0
1651149000,1891.5800000000004,1651149000.0
1651150500,1878.97,1651482000.0
1651154700,1882.1300000000006,1651479900.0
1651157100,1876.7500000000005,1651491600.0
1651158600,1883.1100000000004,1651467600.0
1651161000,1880.9099999999996,1651480200.0
1651162800,1892.0399999999997,1651169400.0
1651164600,1882.8000000000002,1651467600.0
1651165200,1892.6000000000001,1651172400.0
1651168800,1886.6600000000003,1651458300.0
1651170300,1897.5299999999993,1651191300.0
1651233600,1910.3999999999999,1651235400.0
1651234200,1926.8999999999999,1674156300.0
1651235700,1894.3199999999997,1651262100.0
1651252500,1900.8799999999999,1651260300.0
1651254600,1918.2799999999997,1673633400.0
1651255500,1907.8000000000004,1651258500.0
1651257900,1904.1999999999998,1651259100.0
1651473600,1881.6699999999994,1651479900.0
1651510200,1871.6799999999996,1651586100.0
1651512900,1869.4,1651585800.0
1651516800,1858.5800000000006,1651553700.0
1651519800,1873.6399999999999,1651587900.0
1651521300,1855.5600000000004,1651561500.0
1651531200,1862.8499999999995,1651531500.0
1651536300,1870.4999999999995,1651585800.0
1651542600,1858.91,1651553400.0
1651549800,1861.7799999999997,1651550400.0
1651559400,1850.8200000000002,1651567500.0
1651571400,1862.9200000000003,1651578000.0
1651572600,1853.12,1652124300.0
1651575600,1864.7800000000002,1651582800.0
1651602000,1864.7500000000007,1651624200.0
1651619700,1872.8600000000004,1651687200.0
1651621500,1874.1699999999996,1651687200.0
1651622700,1862.83,1651626600.0
1651640400,1871.7100000000005,1651650600.0
1651641300,1869.8800000000006,1651649400.0
1651643100,1861.7100000000003,1651644000.0
1651644000,1859.0900000000006,1652091600.0
1651644900,1868.0399999999997,1651647900.0
1651648200,1881.2999999999995,1651689900.0
1651663500,1873.3999999999999,1651687200.0
1651664400,1864.6999999999998,1651666800.0
1651671900,1854.95,1652118600.0
1651677300,1871.2900000000002,1651687200.0
1651679400,1856.0200000000002,1652118600.0
1651683300,1872.8600000000004,1651687200.0
1651684200,1863.16,1651689300.0
1651684800,1873.2900000000004,1651687200.0
1651685700,1862.6299999999997,1651689300.0
1651686900,1871.0800000000002,1651687200.0
1651689000,1866.35,1651689000.0
1651690200,1904.67,1651753800.0
1651729200,1903.1899999999998,1651753800.0
1651729800,1895.3700000000006,1651734300.0
1651731900,1899.03,1651731900.0
1651748700,1898.6,1651748700.0
1651758600,1886.1399999999996,1651761000.0
1651779000,1884.6700000000005,1651834500.0
1651779900,1874.42,1651794900.0
1651781100,1882.8899999999996,1651827900.0
1651788600,1872.5200000000004,1651798200.0
1651789800,1880.4200000000003,1651826700.0
1651794300,1873.9299999999998,1651795500.0
1651811400,1881.1599999999999,1651827300.0
1651821900,1878.7699999999995,1651825800.0
1651823400,1870.4399999999998,1652077200.0
1651825800,1882.49,1651827900.0
1651842300,1866.53,1652081100.0
1651844700,1884.8000000000002,1651845000.0
1651846200,1888.23,1651850400.0
1651862100,1877.86,1652055300.0
1651863600,1879.9500000000007,1652050800.0
1652047500,1888.7399999999993,1673528700.0
1652050500,1874.63,1652064000.0
1652101200,1873.22,1654216200.0
1652103900,1876.9199999999996,1655071200.0
1652105100,1878.4600000000003,1655072700.0
1652106600,1864.98,1652113800.0
1652111100,1863.7600000000002,1652112900.0
1652113200,1876.05,1655071200.0
1652115000,1853.83,1652122500.0
1652141700,1843.9899999999998,1652196900.0
1652142600,1856.9499999999998,1652148900.0
1652165700,1854.4200000000003,1652193600.0
1652166600,1867.8799999999999,1653400800.0
1652170500,1852.9699999999998,1652193900.0
1652175300,1851.12,1652193900.0
1652183400,1859.5999999999997,1652184000.0
1652185200,1855.3199999999997,1652190300.0
1652186700,1867.1500000000003,1653399900.0
1652189400,1855.4100000000003,1652190300.0
1652191800,1863.6699999999996,1653297600.0
1652193300,1851.5700000000002,1652193900.0
1652239500,1834.1599999999996,1652370600.0
1652241000,1839.1500000000005,1652245200.0
1652272500,1819.0199999999998,1652374500.0
1652277000,1865.87,1653399900.0
1652278500,1832.7099999999996,1652374200.0
1652280900,1846.3999999999994,1652339700.0
1652283900,1860.5799999999995,1653294000.0
1652284800,1846.6600000000005,1652339700.0
1652285400,1855.6699999999996,1652289300.0
1652292900,1855.7900000000002,1652312700.0
1652295600,1859.4800000000002,1653294000.0
1652300400,1850.11,1652331300.0
1652306400,1848.1000000000004,1652333700.0
1652310000,1854.29,1652312100.0
1652310900,1856.7199999999996,1652316000.0
1652327100,1851.0200000000002,1652330100.0
1652328900,1849.6499999999999,1652333400.0
1652329800,1849.1099999999997,1652333400.0
1652349000,1845.6699999999998,1652353500.0
1652349600,1852.8999999999999,1653267000.0
1652350200,1842.6200000000003,1652355600.0
1652351100,1851.71,1652351700.0
1652352000,1840.0600000000006,1652363700.0
1652355300,1840.75,1652355600.0
1652393100,1826.76,1652412900.0
1652393700,1820.21,1652394300.0
1652399100,1825.0799999999997,1652404200.0
1652400300,1814.2600000000002,1652442600.0
1652400900,1825.3200000000002,1652409000.0
1652401500,1820.7999999999997,1652430900.0
1652402700,1817.83,1652437500.0
1652403600,1825.0400000000002,1652404200.0
1652405700,1819.8099999999995,1652436900.0
1652406300,1828.0700000000004,1652419500.0
1652424000,1816.1200000000001,1652437800.0
1652426700,1828.4600000000003,1652427000.0
1652428200,1822.8900000000003,1652430000.0
1652429400,1819.0800000000004,1652436900.0
1652462700,1815.9400000000003,1652662500.0
1652467800,1800.4500000000005,1652686800.0
1652471400,1811.4200000000005,1652474700.0
1652473500,1804.46,1652686500.0
1652475000,1815.5,1652662500.0
1652475600,1807.6499999999999,1652676600.0
1652652000,1811.46,1652652000.0
1652667600,1805.74,1652681400.0
1652668200,1808.1800000000003,1652676000.0
1652670000,1813.58,1652710800.0
1652671200,1809.16,1652675700.0
1652673600,1809.1699999999998,1652675700.0
1652698800,1799.8899999999996,1652700900.0
1652702100,1804.7000000000005,1652703600.0
1652748300,1832.4900000000005,1652787000.0
1652749800,1814.7099999999998,1652812500.0
1652751000,1831.0500000000002,1652787000.0
1652756700,1821.7999999999997,1652759400.0
1652764500,1826.4800000000007,1652766300.0
1652781600,1821.7299999999998,1652796300.0
1652785200,1824.6800000000003,1652794200.0
1652786400,1833.5,1652787300.0
1652793300,1825.7200000000003,1652794200.0
1652795100,1818.5900000000004,1652799000.0
1652827800,1819.5599999999997,1652866500.0
1652829600,1806.3599999999994,1655233200.0
1652832600,1820.9400000000003,1652888400.0
1652839800,1805.8500000000004,1655233500.0
1652855700,1810.0200000000002,1652856000.0
1652859000,1820.0699999999997,1652866800.0
1652874300,1801.8299999999997,1656647400.0
1652889600,1831.3,1652958300.0
1652904600,1805.9099999999999,1655233500.0
1652913000,1819.2399999999998,1652949900.0
1652914800,1812.51,1652943600.0
1652919900,1813.4499999999998,1652937000.0
1652924400,1824.5899999999995,1652951100.0
1652926200,1813.0800000000002,1652940300.0
1652928000,1820.3400000000001,1652949900.0
1652928600,1812.1000000000004,1652943600.0
1652931600,1811.7700000000007,1652946000.0
1652933400,1821.6599999999999,1652949900.0
1652936700,1811.3700000000001,1652946900.0
1652949600,1816.9699999999993,1652949600.0
1652984400,1839.3200000000002,1652986800.0
1652990400,1846.8100000000004,1653026700.0
1652992200,1834.7499999999995,1653055200.0
1652997300,1840.9,1652997300.0
1652998200,1846.6699999999994,1653026700.0
1652999100,1838.2499999999998,1653010200.0
1653000900,1845.82,1653025200.0
1653005100,1846.66,1653026700.0
1653006000,1839.0099999999998,1653009300.0
1653007200,1838.32,1653010200.0
1653009000,1837.3700000000006,1653012300.0
1653019500,1843.4000000000005,1653020700.0
1653020700,1844.2300000000007,1653024000.0
1653021300,1841.7700000000004,1653021600.0
1653022800,1847.32,1653028200.0
1653042300,1845.0600000000002,1653042600.0
1653051000,1837.38,1653054900.0
1653060000,1855.9799999999998,1653282300.0
1653062100,1839.2100000000003,1653065700.0
1653067200,1844.8600000000001,1653076500.0
1653067800,1837.2499999999998,1654026600.0
1653068700,1846.1500000000003,1653080100.0
1653074700,1837.33,1654026600.0
1653076800,1850.26,1653256800.0
1653291300,1861.0699999999997,1653294000.0
1653310500,1849.0299999999995,1653322500.0
1653332100,1863.9099999999999,1653399900.0
1653345900,1849.4299999999998,1653358500.0
1653351900,1851.4399999999996,1653354000.0
1653353100,1856.9200000000005,1653366000.0
1653353700,1849.0400000000004,1653483600.0
1653362700,1856.3800000000003,1653365700.0
1653383400,1859.5100000000002,1653396900.0
1653394500,1854.8700000000001,1653395400.0
1653397500,1866.8700000000001,1653399900.0
1653414900,1860.7099999999998,1653445800.0
1653416100,1870.3599999999997,1654212000.0
1653418500,1869.6000000000001,1654185000.0
1653420000,1860.0600000000004,1653446700.0
1653424500,1869.8399999999995,1654186200.0
1653426000,1863.0500000000004,1653440700.0
1653430500,1854.6500000000003,1653473400.0
1653433500,1871.02,1654216200.0
1653438600,1867.8000000000002,1654179000.0
1653439800,1863.1699999999998,1653440700.0
1653482400,1852.2100000000003,1653482700.0
1653501600,1849.3600000000006,1653501600.0
1653521400,1848.9699999999996,1653534900.0
1653528000,1850.4800000000005,1653530100.0
1653528600,1856.4200000000005,1653635700.0
1653530100,1846.8600000000001,1653539400.0
1653555300,1844.1200000000001,1653556800.0
1653556200,1844.0899999999997,1653557700.0
1653559200,1850.6799999999994,1653573900.0
1653562500,1832.0900000000001,1654058700.0
1653564000,1839.8000000000006,1654007100.0
1653570300,1848.4499999999996,1653572700.0
1653571200,1850.1899999999998,1653573900.0
1653571800,1842.3499999999995,1653572400.0
1653572700,1863.4199999999998,1653891300.0
1653578700,1850.84,1653590400.0
1653589500,1840.4900000000007,1654007100.0
1653590700,1852.5600000000006,1653591600.0
1653600900,1850.6,1653602400.0
1653604500,1857.4599999999998,1653635700.0
1653607800,1847.45,1653958500.0
1653609000,1855.6700000000005,1653616500.0
1653609900,1846.58,1653958500.0
1653617100,1858.3800000000003,1653635700.0
1653631500,1849.4700000000003,1653865500.0
1653632700,1862.7000000000003,1653888000.0
1653633900,1854.8400000000004,1653634800.0
1653654300,1851.7200000000003,1653654900.0
1653657000,1875.08,1654878300.0
1653658200,1854.1899999999998,1653660000.0
1653671400,1847.4600000000003,1653958500.0
1653678600,1856.8700000000001,1653875100.0
1653681000,1849.5200000000002,1653865500.0
1653684300,1850.85,1653864300.0
1653851100,1859.8200000000002,1653876900.0
1653861600,1853.4,1653861900.0
1653862800,1849.1700000000003,1653865500.0
1653865500,1840.4500000000005,1654007100.0
1653875400,1868.91,1654179300.0
1653897900,1852.2499999999995,1653952500.0
1653916500,1859.8800000000003,1653916800.0
1653920100,1862.3999999999996,1654176300.0
1653921300,1848.4899999999996,1653957000.0
1653921900,1859.71,1654175100.0
1653925800,1854.7500000000005,1653925800.0
1653927300,1859.4400000000003,1654175100.0
1653931200,1854.1500000000005,1653933300.0
1653936600,1847.6100000000004,1653958500.0
1653948600,1859.9199999999998,1654175100.0
1653951900,1844.5399999999997,1654006200.0
1653970800,1847.4399999999998,1653993300.0
1653972300,1858.8999999999999,1654175100.0
1653988500,1859.7199999999998,1654175100.0
1653989100,1851.37,1653990000.0
1653992400,1843.4400000000005,1654006800.0
1654004400,1847.8300000000002,1654005600.0
1654005300,1859.9999999999995,1654175100.0
1654006500,1836.34,1654026600.0
1654023000,1837.77,1654026300.0
1654053900,1835.7599999999993,1654055400.0
1654056300,1827.0200000000007,1654864200.0
1654065600,1828.2500000000007,1654075200.0
1654077000,1825.64,1655131800.0
1654087200,1858.5000000000002,1654174800.0
1654104900,1852.3500000000006,1654152300.0
1654115700,1844.42,1654134900.0
1654123200,1847.9300000000005,1654129200.0
1654123800,1842.31,1654528200.0
1654129800,1846.5199999999995,1654131300.0
1654130400,1843.8499999999997,1654138200.0
1654136100,1846.3000000000004,1654136100.0
1654137300,1843.5799999999997,1654138200.0
1654148100,1851.4199999999998,1654151400.0
1654173900,1867.68,1654179000.0
1654194900,1873.04,1654216200.0
1654200900,1865.2400000000007,1654239300.0
1654203600,1871.0999999999997,1654216200.0
1654204800,1867.5,1654204800.0
1654212600,1864.3399999999997,1654239900.0
1654213500,1871.9199999999998,1654216200.0
1654214400,1865.8700000000001,1654239000.0
1654215600,1872.1200000000003,1654216200.0
1654227000,1860.8999999999996,1654259700.0
1654229400,1869.1299999999999,1654233900.0
1654230000,1864.86,1654239900.0
1654253700,1868.3799999999994,1654876800.0
1654255200,1862.7300000000002,1654259100.0
1654255800,1869.0,1654876800.0
1654256400,1861.5600000000002,1654259700.0
1654258800,1863.0400000000002,1654259100.0
1654287600,1852.2299999999998,1654470000.0
1654288800,1853.66,1654478100.0
1654289700,1847.56,1654524900.0
1654462800,1843.7799999999993,1654528200.0
1654467000,1857.2600000000002,1654517400.0
1654476300,1846.8600000000006,1654524900.0
1654476900,1853.9799999999996,1654478400.0
1654498200,1850.2100000000003,1654522800.0
1654498800,1857.29,1654517400.0
1654500000,1848.1299999999994,1654524000.0
1654514400,1848.5999999999995,1654524000.0
1654515300,1858.9600000000003,1654702200.0
1654518900,1844.2799999999997,1654528200.0
1654520400,1861.2299999999998,1654874700.0
1654524600,1838.9299999999998,1654557600.0
1654548900,1840.5599999999997,1654549200.0
1654555800,1836.8000000000002,1654861200.0
1654567200,1838.2299999999998,1654860900.0
1654568700,1843.8799999999994,1654576200.0
1654570200,1835.8,1654861500.0
1654570800,1838.7700000000002,1654581600.0
1654572000,1844.4200000000003,1654576200.0
1654583100,1841.6699999999998,1654584000.0
1654584000,1845.0,1654586700.0
1654614600,1872.7,1654878000.0
1654621800,1847.4899999999998,1654658700.0
1654623600,1853.8399999999995,1654627800.0
1654634700,1855.2400000000005,1654697700.0
1654636500,1851.2000000000005,1654636500.0
1654641600,1850.4699999999998,1654646400.0
1654642200,1854.3400000000004,1654694100.0
1654644300,1849.8699999999997,1654647600.0
1654668000,1856.1199999999994,1654698900.0
1654669200,1852.7800000000004,1654692300.0
1654670400,1843.18,1654783800.0
1654673700,1851.0600000000004,1654674600.0
1654677900,1851.5,1654688100.0
1654678800,1850.4299999999996,1654682400.0
1654686300,1843.0999999999995,1654783800.0
1654686900,1851.76,1654689600.0
1654691100,1838.8000000000002,1654860900.0
1654692300,1857.2999999999997,1654700700.0
1654709400,1850.0800000000002,1654720200.0
1654711200,1849.4200000000003,1654756500.0
1654711800,1858.5799999999997,1654874100.0
1654713300,1851.61,1654719000.0
1654728900,1854.9699999999998,1654746300.0
1654730700,1856.5200000000004,1654872600.0
1654731900,1849.6400000000003,1654756500.0
1654736700,1849.9200000000003,1654756200.0
1654739100,1849.0299999999995,1654761000.0
1654746600,1860.4899999999998,1654874400.0
1654753800,1845.6600000000003,1654775100.0
1654756200,1843.7599999999995,1654776900.0
1654777800,1856.8399999999997,1654872900.0
1654779300,1843.4800000000002,1654783500.0
1654782900,1834.7499999999998,1654861800.0
1654791600,1849.4900000000005,1654792800.0
1654792800,1841.0800000000006,1654860000.0
1654794000,1853.22,1654872300.0
1654794600,1852.5699999999997,1654872300.0
1654796100,1846.2399999999998,1654804200.0
1654797300,1852.8600000000001,1654872300.0
1654808400,1844.5000000000005,1654824300.0
1654841700,1838.5100000000002,1654860900.0
1654847100,1845.0399999999995,1654847400.0
1654848900,1853.0599999999997,1654872300.0
1654852200,1850.2099999999994,1654872300.0
1654853100,1843.3700000000003,1654853100.0
1654872300,1878.2800000000002,1655072700.0
1654893900,1867.8700000000001,1655083800.0
1654894800,1874.1700000000003,1655071200.0
1655071200,1871.27,1655082000.0
1655082000,1868.18,1655082900.0
1655100300,1873.2199999999993,1673228700.0
1655103300,1858.9900000000005,1655106000.0
1655104500,1860.6500000000005,1655105100.0
1655121600,1858.9499999999998,1672819200.0
1655123400,1843.2300000000005,1655124300.0
1655145600,1828.63,1655186400.0
1655146500,1815.5000000000005,1655157600.0
1655164800,1813.7599999999993,1655215800.0
1655167200,1824.1100000000001,1655168100.0
1655197800,1817.6999999999998,1655207400.0
1655248500,1813.2800000000002,1655256000.0
1655301600,1814.8899999999999,1655316000.0
1655318100,1836.53,1655318400.0
1655334900,1839.0800000000006,1655392500.0
1655335800,1832.0200000000002,1655335800.0
1655339100,1831.9400000000003,1655342700.0
1655343300,1829.8500000000004,1655346300.0
1655351100,1834.0600000000006,1655370300.0
1655352300,1831.1999999999998,1655352900.0
1655358900,1838.48,1655392500.0
1655362800,1816.48,1655379900.0
1655368200,1828.0099999999995,1655373900.0
1655368800,1824.87,1655373900.0
1655369700,1840.7999999999995,1655392800.0
1655372700,1823.97,1655374200.0
1655385000,1817.2499999999998,1656075900.0
1655389200,1834.79,1655392200.0
1655424000,1847.6799999999998,1655425800.0
1655442900,1843.9199999999994,1655449200.0
1655445300,1849.6499999999999,1655451900.0
1655449500,1835.88,1655493600.0
1655450700,1851.02,1655456100.0
1655461200,1852.3599999999997,1655470200.0
1655462400,1853.9299999999998,1672817400.0
1655466000,1842.6400000000003,1655473800.0
1655469900,1855.7199999999998,1672817400.0
1655471100,1844.7999999999995,1655472600.0
1655490300,1841.6999999999994,1655498400.0
1655492100,1830.8099999999997,1655812200.0
1655499300,1851.0900000000006,1672816200.0
1655665500,1838.2600000000007,1655672400.0
1655677500,1842.44,1655693400.0
1655679900,1835.24,1655690700.0
1655682000,1841.0700000000006,1655687100.0
1655689200,1834.4800000000005,1655790300.0
1655689800,1836.6100000000004,1655690400.0
1655691000,1845.0399999999997,1655696100.0
1655691600,1834.58,1655790300.0
1655693400,1853.1999999999996,1672817400.0
1655708700,1837.3199999999997,1655719500.0
1655717100,1841.3599999999994,1655717400.0
1655727300,1843.6200000000003,1655901900.0
1655729400,1834.6399999999999,1655790300.0
1655730600,1850.0799999999997,1672816200.0
1655731200,1838.5600000000004,1655733600.0
1655738700,1835.6800000000003,1655744100.0
1655739600,1839.9699999999998,1655770800.0
1655740200,1837.7399999999998,1655741700.0
1655742000,1833.23,1655794200.0
1655749500,1840.7000000000003,1655771400.0
1655750700,1836.5400000000002,1655789400.0
1655752500,1837.9,1655753400.0
1655753400,1837.8,1655753400.0
1655754300,1837.8,1655754600.0
1655763300,1835.6800000000003,1655790300.0
1655763900,1839.03,1655769300.0
1655786100,1833.3100000000002,1655794200.0
1655805600,1843.3799999999994,1655822100.0
1655807700,1828.3099999999995,1655840400.0
1655808900,1838.75,1655814600.0
1655810100,1829.0400000000002,1655840100.0
1655811300,1835.7200000000005,1655813100.0
1655813100,1820.79,1656075600.0
1655814600,1840.2200000000005,1655820000.0
1655818800,1818.7099999999996,1656075600.0
1655820000,1840.7399999999998,1655821800.0
1655830500,1828.8000000000002,1655840100.0
1655831400,1829.0999999999997,1655840100.0
1655832000,1840.1200000000006,1655896200.0
1655832900,1838.6900000000005,1655896200.0
1655833800,1828.57,1655840400.0
1655856300,1825.7899999999997,1655864400.0
1655858100,1820.8700000000003,1656075600.0
1655880600,1817.85,1656075600.0
1655881800,1819.4700000000005,1656075600.0
1655884500,1816.8299999999995,1656484200.0
1655888700,1826.8200000000006,1655889900.0
1655913900,1842.54,1655991900.0
1655915100,1836.41,1655915100.0
1655919900,1843.8500000000001,1655992200.0
1655920500,1834.1400000000003,1655949300.0
1655922300,1842.0100000000002,1655991900.0
1655923500,1833.6900000000005,1655949300.0
1655931000,1839.9200000000003,1655991900.0
1655932500,1837.1,1655935200.0
1655933400,1836.9,1655933400.0
1655934600,1836.7,1655934600.0
1655939700,1839.3300000000002,1655991900.0
1655940300,1836.8000000000002,1655940900.0
1655948100,1834.1699999999994,1655949000.0
1655964600,1841.9600000000003,1655991900.0
1655968200,1842.67,1655992200.0
1655970600,1848.93,1672731000.0
1655976300,1837.3800000000006,1655990400.0
1655977500,1826.6000000000006,1655982300.0
1655988900,1838.7199999999998,1655991900.0
1656002100,1828.5599999999997,1656003600.0
1656025800,1821.1399999999999,1656075600.0
1656033000,1826.9699999999998,1656056100.0
1656044400,1822.4799999999998,1656053100.0
1656045600,1828.58,1656057000.0
1656050700,1817.36,1656075600.0
1656054900,1828.0400000000002,1656056700.0
1656056400,1833.9199999999998,1656280800.0
1656070800,1820.1200000000001,1656075600.0
1656078600,1815.9300000000005,1656489300.0
1656081300,1841.4900000000005,1672716000.0
1656082500,1815.1499999999999,1656495000.0
1656084000,1833.4799999999996,1656280800.0
1656099300,1821.33,1656342900.0
1656103800,1828.5499999999997,1656290100.0
1656270300,1821.95,1656342900.0
1656280800,1827.15,1656336600.0
1656297000,1841.6100000000006,1672716000.0
1656311100,1837.64,1656312900.0
1656312600,1839.3200000000004,1656314400.0
1656318000,1841.01,1672715400.0
1656329100,1831.1800000000003,1656332400.0
1656357900,1825.4099999999999,1656385800.0
1656360000,1820.1799999999996,1656423900.0
1656368400,1824.9799999999996,1656378000.0
1656369000,1819.3299999999997,1656423900.0
1656374700,1828.65,1656398400.0
1656408900,1828.3799999999997,1656505800.0
1656411300,1820.6100000000001,1656423900.0
1656439500,1816.2599999999998,1656484800.0
1656442800,1816.7799999999997,1656484200.0
1656444300,1818.75,1656444600.0
1656448200,1818.1899999999998,1656457500.0
1656456000,1814.6099999999994,1656495000.0
1656459300,1813.21,1656495000.0
1656462300,1820.84,1656466200.0
1656463500,1815.2699999999995,1656495000.0
1656464700,1823.57,1656498900.0
1656465600,1817.2499999999995,1656484200.0
1656466200,1824.5700000000004,1656499200.0
1656481500,1823.1199999999997,1656498900.0
1656482100,1820.2400000000007,1656482400.0
1656500100,1827.2599999999995,1656501900.0
1656513000,1810.5199999999995,1656584700.0
1656527700,1824.7500000000005,1672155900.0
1656529500,1819.5,1656549000.0
1656533400,1822.14,1656592800.0
1656534900,1815.7400000000007,1656563700.0
1656535800,1818.7599999999993,1656545700.0
1656541800,1812.5500000000006,1656575100.0
1656544200,1820.7000000000005,1656550200.0
1656545400,1822.3799999999999,1656592800.0
1656547200,1815.3699999999997,1656564000.0
1656547800,1819.8100000000002,1656549600.0
1656549600,1824.0200000000002,1656594000.0
1656560100,1815.4899999999996,1656564000.0
1656579600,1814.23,1656580500.0
1656592800,1817.6500000000005,1656592800.0
1656600300,1802.9999999999998,1656646200.0
1656604500,1827.59,1672155600.0
1656609000,1803.8700000000003,1656636000.0
1656615900,1803.09,1656645900.0
1656616800,1807.0199999999998,1656617400.0
1656618600,1803.5700000000002,1656636000.0
1656631800,1808.4899999999996,1656688800.0
1656632700,1801.5700000000004,1656647400.0
1656634500,1807.4300000000003,1656688200.0
1656635400,1800.9700000000005,1656648000.0
1656642000,1808.81,1656701100.0
1656642900,1799.83,1656653700.0
1656681000,1788.8599999999994,1657028700.0
1656683100,1779.9800000000002,1657029600.0
1656684300,1813.2600000000004,1656900900.0
1656703500,1812.7799999999997,1656900900.0
1656704100,1803.4099999999999,1657008300.0
1656705000,1804.6399999999994,1656929100.0
1656707700,1811.5400000000004,1656900900.0
1656892800,1812.7600000000007,1656900900.0
1656897900,1799.21,1657019700.0
1656902100,1796.3600000000004,1657026600.0
1656903300,1811.6100000000004,1656904200.0
1656917100,1815.63,1670940300.0
1656918900,1809.4000000000005,1656919800.0
1656938400,1810.3600000000004,1656945900.0
1656941700,1805.3999999999999,1657008000.0
1656942300,1813.4,1670940000.0
1656948600,1804.9000000000005,1657008000.0
1656949200,1809.1599999999994,1656975300.0
1656950100,1807.79,1656958500.0
1656951300,1804.71,1657008300.0
1656973800,1811.9600000000005,1656996300.0
1656982800,1813.5800000000004,1670940000.0
1657001100,1805.82,1657008000.0
1657023300,1805.1499999999999,1660134600.0
1657025100,1786.1900000000003,1657029300.0
1657049400,1770.0600000000002,1657065900.0
1657050600,1764.1000000000004,1657054800.0
1657059300,1779.76,1659401700.0
1657064400,1771.28,1657069200.0
1657080900,1764.13,1657085700.0
1657095300,1785.09,1659443100.0
1657096500,1764.6800000000005,1657098300.0
1657100100,1761.26,1657102200.0
1657100700,1769.5899999999997,1659346800.0
1657101600,1767.1,1657111800.0
1657102800,1759.6899999999996,1657115400.0
1657136400,1745.8000000000006,1657163400.0
1657144200,1737.8,1657144200.0
1657145100,1746.2999999999997,1657163700.0
1657148400,1738.24,1657158300.0
1657149600,1740.7,1657153200.0
1657151100,1735.3600000000001,1657266000.0
1657153200,1743.26,1657161900.0
1657158300,1737.08,1657158300.0
1657159200,1742.2999999999995,1657161600.0
1657161000,1744.3100000000006,1657162500.0
1657177800,1739.4799999999998,1657197900.0
1657192500,1742.1299999999997,1657196400.0
1657193700,1748.8799999999999,1657202700.0
1657194900,1740.93,1657197000.0
1657196100,1747.9200000000003,1657201800.0
1657197000,1736.3699999999997,1657266000.0
1657201500,1758.9199999999998,1659064800.0
1657206900,1735.4099999999996,1657266000.0
1657212000,1744.8500000000001,1657242300.0
1657215000,1736.9699999999998,1657266000.0
1657225800,1737.0699999999997,1657265700.0
1657231200,1739.0,1657231200.0
1657233300,1737.4500000000003,1657265700.0
1657236900,1743.4200000000003,1657239900.0
1657238400,1745.56,1657242600.0
1657253100,1739.6200000000006,1657254000.0
1657253700,1739.3999999999999,1657265100.0
1657260600,1734.2999999999997,1657266300.0
1657262100,1740.48,1657264800.0
1657263000,1740.4300000000005,1657264800.0
1657264200,1745.8600000000004,1657290600.0
1657265400,1733.6000000000001,1657266600.0
1657279800,1744.1800000000005,1657282500.0
1657282800,1736.38,1657283400.0
1657284000,1720.8500000000004,1657715400.0
1657287000,1748.55,1657291500.0
1657288800,1742.7900000000006,1657289400.0
1657297500,1739.62,1657501500.0
1657299900,1751.0900000000004,1659014700.0
1657304400,1742.7299999999998,1657305300.0
1657306500,1735.2699999999995,1657533000.0
1657312200,1739.81,1657498500.0
1657313100,1744.78,1657725000.0
1657479900,1738.3300000000006,1657503300.0
1657490700,1745.9699999999996,1658995800.0
1657493400,1739.1900000000005,1657501500.0
1657494000,1746.8199999999997,1658995800.0
1657496700,1749.8600000000001,1659014400.0
1657497600,1740.27,1657498500.0
1657501800,1733.61,1657560300.0
1657504800,1743.8700000000006,1657724700.0
1657505700,1733.4099999999996,1657560300.0
1657512600,1743.98,1657724700.0
1657513800,1745.2700000000004,1658995800.0
1657516200,1746.6199999999994,1658995800.0
1657519800,1736.4099999999994,1657525800.0
1657546500,1739.6400000000003,1657547400.0
1657556700,1733.8700000000001,1657557000.0
1657558200,1737.5399999999997,1657589400.0
1657559700,1730.92,1657568700.0
1657577400,1736.4400000000003,1657589400.0
1657578300,1729.3100000000004,1657587600.0
1657585200,1738.3700000000001,1657589400.0
1657587000,1727.4499999999996,1657589100.0
1657591500,1744.1700000000003,1657724700.0
1657596900,1732.83,1657597200.0
1657603200,1731.3399999999992,1657607100.0
1657604400,1723.9799999999993,1657673400.0
1657611000,1741.2599999999995,1657724100.0
1657612800,1739.6899999999998,1657723800.0
1657614600,1742.9700000000005,1657724400.0
1657622700,1727.7100000000005,1657633500.0
1657625400,1743.21,1657724400.0
1657626000,1733.6100000000006,1657628400.0
1657626600,1741.5099999999995,1657724100.0
1657629000,1743.2200000000003,1657724400.0
1657629900,1725.2199999999996,1657649100.0
1657666800,1724.2499999999998,1657671600.0
1657673100,1727.17,1657674300.0
1657674900,1731.7899999999997,1657711200.0
1657689600,1721.4599999999994,1657715400.0
1657698600,1730.8499999999997,1657710600.0
1657699500,1723.4099999999994,1657715400.0
1657702500,1731.7999999999997,1657711200.0
1657715700,1667.4099999999999,1663253700.0
1657723200,1734.1300000000006,1657723200.0
1657739400,1726.7700000000002,1657763100.0
1657769400,1738.2000000000003,1658499000.0
1657770600,1734.4700000000003,1658497500.0
1657773900,1731.5599999999993,1658497500.0
1657776000,1727.0499999999997,1657776000.0
1657779300,1713.7299999999998,1657791000.0
1657813200,1716.7700000000002,1658114100.0
1657814400,1701.6600000000003,1657867500.0
1657818900,1700.7799999999995,1657888200.0
1657819500,1713.8599999999997,1657850100.0
1657828200,1707.9600000000003,1657857600.0
1657830000,1713.3600000000004,1657849800.0
1657838400,1711.4600000000005,1657841700.0
1657839900,1708.75,1657855800.0
1657841100,1711.8699999999997,1657843200.0
1657848000,1717.3100000000004,1658114700.0
1657855500,1703.7199999999998,1657866900.0
1657858800,1710.3,1657858800.0
1657861200,1702.6000000000001,1657866900.0
1657883100,1711.1500000000003,1657890600.0
1657888200,1698.8500000000001,1658346000.0
1657889700,1715.86,1658114100.0
1657892700,1699.0500000000002,1658346000.0
1657894200,1721.92,1658136600.0
1657896000,1691.3800000000006,1658365200.0
1657899300,1696.89,1658346600.0
1657900500,1702.4299999999998,1658335500.0
1657903500,1702.62,1658335500.0
1657907700,1705.41,1657908300.0
1657908600,1701.6499999999999,1658339400.0
1657910400,1708.1600000000005,1658095200.0
1657912500,1701.8299999999995,1658335500.0
1657913100,1708.28,1658096100.0
1657913700,1703.1499999999994,1658335500.0
1657916100,1709.2699999999995,1658099400.0
1658126400,1708.9299999999994,1658158200.0
1658127300,1717.1999999999998,1658128800.0
1658142900,1714.1500000000005,1658143800.0
1658156400,1709.55,1658157900.0
1658188800,1704.4199999999998,1658335200.0
1658189700,1704.1900000000005,1658335200.0
1658202000,1711.64,1658217600.0
1658232900,1706.0800000000006,1658298600.0
1658238300,1699.5900000000006,1658344800.0
1658248200,1715.4600000000005,1658415600.0
1658253300,1709.6399999999999,1658256600.0
1658271300,1716.1200000000001,1658415600.0
1658274300,1707.2399999999998,1658297100.0
1658278200,1712.3099999999997,1658278500.0
1658278800,1708.58,1658295900.0
1658281200,1713.0,1658287800.0
1658283300,1705.1399999999994,1658335200.0
1658286900,1715.2699999999995,1658415600.0
1658294100,1704.0800000000002,1658335500.0
1658309100,1711.2100000000003,1658309400.0
1658316600,1704.0799999999997,1658335500.0
1658319600,1714.5199999999995,1658415600.0
1658322600,1713.65,1658323500.0
1658324700,1701.15,1658339700.0
1658329200,1712.9800000000002,1658415300.0
1658330100,1706.4499999999996,1658331000.0
1658331600,1710.7200000000005,1658415300.0
1658332800,1702.3699999999997,1658335500.0
1658380500,1698.9399999999996,1658407200.0
1658382300,1697.25,1658406900.0
1658384100,1689.1399999999996,1658385000.0
1658408100,1716.5600000000004,1658415900.0
1658430900,1717.0799999999997,1658431200.0
1658451300,1712.4200000000003,1658930100.0
1658470800,1721.1000000000001,1658481900.0
1658512200,1723.68,1658513100.0
1658702700,1724.6400000000003,1658703900.0
1658703600,1728.34,1658719200.0
1658708100,1727.0699999999995,1658717400.0
1658708700,1721.3400000000004,1658709600.0
1658716800,1728.7499999999998,1658720400.0
1658728200,1727.16,1658731800.0
1658730600,1722.1800000000005,1658756100.0
1658731200,1728.9599999999996,1658734500.0
1658732100,1717.4899999999998,1658758200.0
1658734500,1730.5200000000004,1658740200.0
1658736300,1722.0600000000002,1658756100.0
1658737800,1730.38,1658740200.0
1658749800,1731.67,1658947200.0
1658751600,1720.7300000000002,1658756100.0
1658773800,1720.3000000000004,1658794800.0
1658774700,1713.4999999999998,1658930100.0
1658776200,1721.3299999999997,1658795100.0
1658777700,1720.7600000000007,1658795100.0
1658778900,1720.3200000000004,1658794800.0
1658787600,1714.31,1658838000.0
1658789100,1715.1899999999998,1658838000.0
1658792100,1722.3799999999997,1658797200.0
1658812200,1720.2999999999993,1658827500.0
1658819400,1728.1599999999994,1658946900.0
1658825100,1716.7199999999998,1658830500.0
1658825700,1726.32,1658944800.0
1658828400,1713.1699999999998,1658930100.0
1658842500,1731.5100000000002,1658947200.0
1658844000,1712.1599999999999,1658930100.0
1658845800,1727.9200000000003,1658946900.0
1658846400,1716.2500000000005,1658846700.0
1658847900,1712.4799999999998,1658930100.0
1658848800,1723.3100000000002,1658909700.0
1658850300,1715.3900000000003,1658890500.0
1658851200,1719.7,1658854800.0
1658852700,1712.79,1658930100.0
1658854800,1721.0599999999997,1658905500.0
1658856600,1717.2300000000002,1658857500.0
1658859300,1713.3299999999997,1658930100.0
1658862000,1721.5799999999995,1658905500.0
1658863200,1714.9199999999996,1658897100.0
1658865300,1721.9599999999996,1658909100.0
1658868900,1712.8999999999999,1658930100.0
1658873700,1716.4700000000005,1658886000.0
1658874900,1716.3700000000006,1658886000.0
1658876100,1720.7800000000004,1658905500.0
1658878500,1716.2600000000002,1658886000.0
1658879100,1718.8099999999997,1658880000.0
1658887800,1715.4099999999999,1658890500.0
1658901300,1726.0800000000002,1658944800.0
1658925000,1714.08,1658929500.0
1658942400,1732.57,1658947200.0
1658965500,1746.8499999999997,1658995800.0
1658975700,1742.4499999999998,1658992200.0
1658978700,1736.02,1658982000.0
1658988900,1742.29,1658992200.0
1659005100,1734.3000000000004,1661157000.0
1659009300,1733.86,1661157600.0
1659012000,1758.6299999999994,1659064800.0
1659014100,1757.8099999999997,1659064200.0
1659030300,1750.3900000000006,1660903500.0
1659030900,1754.0300000000007,1659035100.0
1659032400,1754.2099999999994,1659035100.0
1659033600,1748.0600000000006,1660919400.0
1659034200,1753.7300000000007,1659035100.0
1659035100,1744.9299999999998,1660936500.0
1659037200,1751.0000000000002,1660903200.0
1659039300,1760.3,1659066300.0
1659052200,1748.6400000000003,1660919400.0
1659053400,1758.4700000000005,1659064800.0
1659054300,1750.5299999999997,1660903500.0
1659063300,1759.04,1659064800.0
1659083700,1768.5500000000002,1659346800.0
1659086100,1759.9000000000003,1659086400.0
1659106800,1766.5800000000002,1659109800.0
1659122400,1760.4400000000005,1659328800.0
1659127500,1770.1700000000003,1659346800.0
1659307500,1759.3100000000002,1659329700.0
1659312900,1767.3899999999996,1659346500.0
1659316500,1751.2399999999998,1660903200.0
1659322800,1771.7100000000003,1659347700.0
1659324300,1760.3200000000002,1659328800.0
1659326400,1760.7200000000003,1659326700.0
1659327000,1764.76,1659337500.0
1659327900,1758.8000000000004,1659333000.0
1659338400,1774.9900000000005,1659399900.0
1659363000,1754.4199999999994,1660872600.0
1659372900,1773.9500000000003,1659399600.0
1659375000,1762.9300000000003,1659468300.0
1659375900,1765.7299999999993,1659466500.0
1659378900,1774.5700000000004,1659399600.0
1659381000,1775.1300000000006,1659399900.0
1659390600,1771.5999999999997,1659391200.0
1659398700,1768.1299999999999,1659463200.0
1659400500,1778.84,1659400800.0
1659415200,1769.4300000000005,1659463200.0
1659430800,1776.7300000000007,1659438600.0
1659433200,1776.2099999999998,1659435300.0
1659438900,1783.5500000000004,1659442800.0
1659455400,1775.6800000000003,1659456300.0
1659489900,1768.08,1659497100.0
1659511500,1758.7299999999998,1659535800.0
1659512400,1770.7399999999993,1659529800.0
1659513000,1762.2,1659522000.0
1659527700,1759.25,1659535800.0
1659529500,1773.1700000000003,1659590700.0
1659535200,1762.73,1659535200.0
1659551700,1769.6700000000005,1659582000.0
1659570900,1758.0299999999995,1660837500.0
1659573000,1766.83,1659574200.0
1659620100,1768.23,1659704100.0
1659621300,1799.1900000000003,1660051800.0
1659649500,1790.5999999999997,1659650400.0
1659652200,1786.7099999999998,1659687300.0
1659658500,1789.27,1659663900.0
1659659400,1797.8599999999997,1660050300.0
1659663600,1788.4499999999994,1659666600.0
1659665100,1793.2500000000002,1660034400.0
1659666000,1785.31,1659692400.0
1659667500,1793.5699999999997,1660041600.0
1659670200,1785.51,1659692400.0
1659671100,1793.5899999999995,1660041600.0
1659672900,1786.1699999999994,1659687600.0
1659678000,1794.94,1660050300.0
1659681000,1785.64,1659692400.0
1659681900,1782.66,1659702600.0
1659683100,1795.34,1660050300.0
1659684900,1786.1699999999998,1659687600.0
1659702600,1782.4700000000003,1659702600.0
1659719400,1783.3500000000001,1659960000.0
1659722700,1771.5699999999995,1659909600.0
1659729000,1778.6399999999996,1659944700.0
1659730200,1776.8300000000002,1659943200.0
1659733200,1771.67,1659909600.0
1659909900,1755.9,1660839300.0
1659914100,1778.1900000000003,1659943500.0
1659914700,1774.91,1659920400.0
1659915300,1771.6699999999998,1659918000.0
1659916800,1776.94,1659943200.0
1659917400,1771.43,1659918000.0
1659921600,1767.99,1660735200.0
1659923400,1779.5900000000001,1659955500.0
1659927600,1770.6499999999999,1660734900.0
1659932400,1775.7599999999995,1659938100.0
1659934200,1767.9300000000005,1660735200.0
1659938400,1780.6399999999999,1659956400.0
1659939000,1771.1999999999998,1660734600.0
1659940200,1770.6799999999994,1660734900.0
1659941100,1771.8999999999999,1660653000.0
1659942300,1778.9799999999996,1659944700.0
1659987300,1783.5900000000004,1660010100.0
1659989100,1791.5800000000004,1660032900.0
1659997500,1792.7799999999997,1660033500.0
1660000800,1791.21,1660032900.0
1660007100,1782.5600000000002,1660553400.0
1660023600,1793.5800000000002,1660041600.0
1660029600,1780.58,1660555800.0
1660031700,1787.5499999999995,1660032000.0
1660047300,1787.0100000000004,1660113000.0
1660048500,1798.4899999999998,1660051800.0
1660057500,1781.6699999999998,1660555800.0
1660058400,1795.2600000000004,1660059900.0
1660066500,1791.1,1660094700.0
1660072500,1798.3600000000001,1660134600.0
1660075500,1788.9,1660108200.0
1660085100,1790.4499999999998,1660103100.0
1660089600,1789.0799999999995,1660108200.0
1660097700,1798.0000000000005,1660134600.0
1660100700,1794.54,1660125000.0
1660101600,1792.4900000000002,1660101900.0
1660121400,1803.25,1660134600.0
1660130100,1787.2299999999996,1660181400.0
1660131600,1795.7000000000003,1660134600.0
1660139700,1813.1100000000001,1670940000.0
1660150800,1795.47,1660154100.0
1660152300,1793.5599999999995,1660154400.0
1660153200,1802.0200000000002,1660333200.0
1660155300,1787.7700000000002,1660180800.0
1660172100,1794.0900000000001,1660218000.0
1660173000,1794.1600000000005,1660218300.0
1660177200,1788.64,1660179900.0
1660178400,1783.0600000000004,1660553400.0
1660199700,1779.3099999999993,1660557000.0
1660200600,1791.56,1660213800.0
1660202700,1777.95,1660557300.0
1660204500,1793.7399999999993,1660217700.0
1660230300,1785.6699999999998,1660247100.0
1660246500,1784.9500000000003,1660247400.0
1660251000,1792.95,1660287300.0
1660254600,1788.1,1660256100.0
1660257600,1779.1599999999996,1660557000.0
1660258500,1783.6399999999999,1660553400.0
1660259100,1786.7000000000003,1660259100.0
1660262700,1800.8599999999997,1660323900.0
1660265400,1782.7200000000005,1660553400.0
1660277700,1806.7200000000007,1670204100.0
1660293000,1778.7700000000007,1660557000.0
1660306200,1790.45,1660306800.0
1660515300,1806.86,1670204100.0
1660518300,1795.7300000000002,1660529700.0
1660525200,1792.7999999999997,1660540800.0
1660573800,1779.0399999999997,1660574700.0
1660575900,1775.84,1660636800.0
1660577100,1783.9,1660583100.0
1660581600,1775.3099999999995,1660636800.0
1660582800,1789.2200000000005,1669901400.0
1660585800,1785.5100000000002,1668519000.0
1660591200,1783.98,1668498300.0
1660593600,1781.66,1660615500.0
1660596600,1775.3799999999999,1660636800.0
1660602900,1782.2200000000003,1660615800.0
1660604700,1780.9999999999998,1660615500.0
1660605600,1781.4900000000002,1660615500.0
1660606800,1775.5699999999997,1660636800.0
1660614300,1789.2500000000002,1669901400.0
1660615500,1788.7800000000002,1669901400.0
1660630500,1780.4200000000003,1660630800.0
1660651500,1778.6699999999998,1660710900.0
1660652400,1775.6,1660652400.0
1660653600,1780.05,1660714200.0
1660654800,1776.9500000000003,1660656900.0
1660656000,1783.12,1668498300.0
1660661100,1789.4799999999996,1669901400.0
1660662900,1779.5600000000004,1660714200.0
1660665000,1767.0299999999997,1660735500.0
1660667400,1781.0999999999995,1660714500.0
1660668600,1783.1300000000006,1668498300.0
1660669800,1772.0399999999997,1660723500.0
1660671000,1771.0399999999997,1660734600.0
1660674900,1772.1699999999998,1660723500.0
1660677000,1771.8100000000002,1660723500.0
1660680000,1782.68,1668498300.0
1660683600,1770.4200000000003,1660734900.0
1660687500,1778.2800000000007,1660710900.0
1660688100,1772.7200000000005,1660723200.0
1660691100,1777.62,1660710300.0
1660693800,1769.3500000000004,1660734900.0
1660699800,1779.5000000000002,1660714200.0
1660702200,1782.2900000000004,1668498300.0
1660707300,1773.5199999999998,1660721100.0
1660708200,1777.6400000000003,1660710600.0
1660711500,1791.1099999999997,1669902900.0
1660720200,1771.8700000000001,1660723500.0
1660721100,1779.8899999999999,1668498000.0
1660722000,1773.3600000000001,1660724400.0
1660759800,1781.3499999999997,1668498300.0
1660761300,1774.9400000000003,1668496800.0
1660769700,1758.86,1660837200.0
1660776600,1759.4900000000002,1660837200.0
1660782600,1769.02,1660816800.0
1660794000,1758.8099999999997,1660837200.0
1660811100,1771.1099999999997,1660822200.0
1660828800,1756.6700000000003,1660839300.0
1660830300,1762.3999999999999,1660834200.0
1660850700,1756.0300000000002,1660867800.0
1660853100,1754.6000000000001,1660869900.0
1660854000,1762.8800000000006,1661412300.0
1660863900,1747.5599999999997,1660919700.0
1660867200,1751.2999999999995,1660903200.0
1660887600,1755.9800000000002,1660888200.0
1660890300,1759.6600000000003,1661409000.0
1660892100,1758.8999999999999,1661408100.0
1660893000,1747.8900000000003,1660919400.0
1660897800,1761.8300000000004,1661411400.0
1660901400,1751.73,1660903200.0
1660902000,1758.3200000000004,1661403600.0
1660903200,1749.2099999999998,1660919400.0
1660911900,1757.7299999999993,1660915200.0
1660919100,1746.3699999999997,1660919700.0
1660936800,1739.1500000000003,1661152500.0
1661174100,1741.05,1661242500.0
1661176500,1728.4300000000003,1661736000.0
1661181900,1729.9899999999998,1661735700.0
1661183100,1742.4700000000005,1661243700.0
1661190600,1732.9900000000005,1661257200.0
1661191500,1739.6399999999996,1661217600.0
1661192400,1733.4100000000008,1661257200.0
1661193300,1739.3200000000002,1661217300.0
1661194200,1731.7099999999996,1661257800.0
1661196300,1741.88,1661242800.0
1661197200,1727.9799999999998,1661736000.0
1661201400,1735.9199999999998,1661201700.0
1661205600,1736.8,1661214300.0
1661206200,1732.9699999999998,1661257200.0
1661207700,1730.5599999999995,1661735700.0
1661214000,1741.17,1661242500.0
1661230500,1730.97,1661735400.0
1661240400,1742.0200000000004,1661242800.0
1661242200,1748.1099999999997,1661262600.0
1661250000,1734.3200000000002,1661257200.0
1661251200,1741.7200000000007,1661262300.0
1661253000,1744.4200000000003,1661262300.0
1661254200,1732.3400000000004,1661257800.0
1661255100,1743.0700000000002,1661262300.0
1661256000,1734.6,1661257200.0
1661261400,1742.3099999999995,1661262300.0
1661277300,1743.2200000000005,1661298300.0
1661277900,1747.6699999999998,1661277900.0
1661278800,1745.9899999999996,1661280000.0
1661299200,1748.4100000000003,1661315700.0
1661304000,1737.2399999999998,1661526600.0
1661306700,1740.8899999999994,1661525700.0
1661315100,1749.06,1661315700.0
1661321700,1735.8400000000006,1661526900.0
1661322300,1740.6699999999996,1661525700.0
1661323800,1746.5200000000002,1661323800.0
1661337000,1742.4299999999996,1661522400.0
1661339400,1737.4699999999993,1661526600.0
1661351700,1758.5399999999997,1661403900.0
1661366100,1752.8800000000006,1661387700.0
1661367600,1747.6300000000006,1661508600.0
1661371200,1754.86,1661390100.0
1661373000,1755.2600000000007,1661390100.0
1661429400,1757.86,1661430600.0
1661449500,1758.58,1661450100.0
1661453400,1757.3700000000003,1661457600.0
1661454900,1759.6999999999998,1668144600.0
1661455800,1751.3400000000004,1661502900.0
1661457000,1763.4700000000003,1668146700.0
1661465700,1750.0899999999997,1661502600.0
1661466300,1761.6200000000001,1668144600.0
1661466900,1754.3299999999997,1661476800.0
1661468700,1754.0100000000002,1661476800.0
1661470200,1757.0400000000002,1661486100.0
1661474400,1750.9399999999998,1661502300.0
1661486100,1759.58,1668144600.0
1661490600,1759.2400000000005,1668144600.0
1661492100,1758.9799999999996,1668144600.0
1661503500,1733.8700000000001,1661530200.0
1661520300,1749.5,1661522400.0
1661521200,1744.8799999999997,1661522400.0
1661521800,1758.6899999999996,1668144600.0
1661522700,1780.1999999999998,1668498000.0
1661525400,1736.9600000000003,1661526600.0
1661541900,1739.52,1661716800.0
1661544900,1742.7400000000002,1661781900.0
1661724300,1742.1999999999996,1661781900.0
1661726100,1730.66,1661735700.0
1661763300,1727.3899999999994,1661769900.0
1661764200,1722.9899999999993,1661764200.0
1661765700,1721.2199999999998,1661871000.0
1661768100,1724.9699999999998,1661768400.0
1661793300,1735.4,1661800800.0
1661810400,1737.3,1661810400.0
1661812200,1732.3800000000003,1661842500.0
1661818200,1751.74,1668093600.0
1661823900,1731.2699999999993,1661843400.0
1661847600,1746.5700000000002,1668092700.0
1661848800,1733.5100000000004,1661850000.0
1661851200,1740.9000000000003,1668090300.0
1661852400,1731.9900000000002,1661859300.0
1661853600,1732.01,1661859300.0
1661855700,1742.0100000000007,1668091500.0
1661857200,1727.0000000000005,1661868900.0
1661857800,1737.6099999999997,1668089400.0
1661860200,1728.4099999999996,1661868900.0
1661861400,1729.7500000000002,1661863500.0
1661885700,1727.3599999999997,1662637200.0
1661889000,1716.3999999999999,1661934000.0
1661893200,1720.0400000000004,1661930100.0
1661906400,1725.2899999999995,1661920500.0
1661908200,1725.4299999999998,1661920500.0
1661910000,1715.6699999999998,1661934000.0
1661912700,1720.2699999999998,1661929800.0
1661914200,1727.5800000000002,1662637200.0
1661915400,1726.1699999999996,1661923500.0
1661916000,1725.9899999999998,1661923500.0
1661917500,1726.3,1661923500.0
1661918100,1724.2199999999998,1661918400.0
1661928300,1714.9900000000002,1661934300.0
1661953500,1727.5,1662637200.0
1661969100,1710.3999999999999,1661973000.0
1662011400,1712.43,1662126600.0
1662014100,1706.7399999999998,1662014700.0
1662018600,1700.4400000000005,1662021300.0
1662019800,1702.25,1662020100.0
1662022800,1703.3299999999997,1662022800.0
1662025800,1714.9300000000003,1662129600.0
1662027000,1702.2500000000002,1662027300.0
1662035400,1693.57,1662040800.0
1662055500,1693.4300000000003,1662510900.0
1662056400,1701.2200000000003,1662098100.0
1662061200,1699.58,1662087600.0
1662062700,1688.4999999999993,1663217400.0
1662065400,1699.3000000000002,1662087600.0
1662068400,1694.6999999999998,1662073200.0
1662073500,1698.3000000000002,1662077400.0
1662076800,1705.3899999999999,1662110700.0
1662081000,1694.8899999999999,1662510300.0
1662081600,1703.4199999999996,1662104100.0
1662084900,1702.0000000000005,1662098400.0
1662093600,1701.62,1662098400.0
1662139800,1709.68,1662139800.0
1662141300,1706.16,1662325200.0
1662142200,1700.1399999999996,1662483600.0
1662142800,1717.9999999999995,1662424200.0
1662144600,1708.3,1662147300.0
1662330900,1716.6000000000001,1662423600.0
1662332700,1707.7199999999998,1662336000.0
1662339600,1712.6500000000003,1662340200.0
1662344100,1699.3499999999997,1662491100.0
1662349500,1726.95,1662636900.0
1662355800,1706.9800000000005,1662468900.0
1662356400,1718.2599999999998,1662424200.0
1662363000,1696.9499999999998,1662510000.0
1662366300,1707.7799999999995,1662468900.0
1662368100,1702.8600000000001,1662473100.0
1662370500,1716.7600000000007,1662423600.0
1662382800,1708.8999999999999,1662402600.0
1662384300,1720.3000000000006,1662424200.0
1662385800,1705.3199999999997,1662472800.0
1662400500,1706.9899999999998,1662468900.0
1662415200,1709.2000000000003,1662468600.0
1662418800,1721.9900000000002,1662425100.0
1662439800,1712.9799999999998,1662453300.0
1662443700,1728.4199999999996,1662708000.0
1662445500,1721.68,1662620400.0
1662447600,1711.46,1662454200.0
1662502500,1699.3600000000006,1662505800.0
1662503100,1705.2300000000002,1662537900.0
1662506400,1703.27,1662507900.0
1662512700,1681.9,1663248900.0
1662532500,1708.35,1662560700.0
1662552300,1693.9199999999996,1663182000.0
1662553800,1698.2600000000004,1662555000.0
1662560100,1708.8999999999999,1662560700.0
1662561600,1716.9799999999998,1662572100.0
1662590400,1714.01,1662602700.0
1662591300,1721.03,1662620400.0
1662595800,1710.68,1662642900.0
1662600000,1721.62,1662620400.0
1662600600,1712.5100000000002,1662642300.0
1662610200,1718.3300000000002,1662617700.0
1662611100,1711.4799999999998,1662642600.0
1662616500,1714.4700000000003,1662641700.0
1662617700,1729.45,1662923100.0
1662642000,1694.28,1663182000.0
1662660900,1713.96,1662683400.0
1662666600,1712.95,1662682800.0
1662667200,1703.2900000000002,1663075800.0
1662668100,1712.51,1662682500.0
1662674400,1706.2000000000003,1663073400.0
1662680700,1716.2399999999993,1662687600.0
1662723000,1722.3,1662724200.0
1662742800,1724.4500000000003,1662923100.0
1662743700,1724.2400000000002,1662923100.0
1662744300,1714.44,1662747000.0
1662745200,1720.9000000000003,1662923100.0
1662747300,1710.3800000000003,1663072500.0
1662748800,1718.4199999999998,1662923100.0
1662750000,1709.5199999999993,1663072500.0
1662750900,1721.4,1662923100.0
1662751800,1710.72,1663072500.0
1662923100,1716.6,1662934200.0
1662933600,1717.5,1662934200.0
1662935100,1721.9899999999998,1662966600.0
1662948000,1705.9100000000005,1663073400.0
1662964800,1719.1600000000003,1662965400.0
1662990900,1729.9099999999996,1662994500.0
1662999600,1727.7299999999998,1663005300.0
1663002000,1722.9699999999998,1663031100.0
1663002600,1736.5,1668087900.0
1663003800,1734.4499999999998,1668087900.0
1663007100,1722.19,1663031700.0
1663026000,1729.18,1663066800.0
1663026600,1721.32,1663032000.0
1663030200,1736.5699999999997,1668087900.0
1663031400,1715.9100000000003,1663072200.0
1663047000,1727.2000000000005,1663061400.0
1663048200,1724.84,1663050900.0
1663050600,1726.6200000000003,1663060800.0
1663072500,1655.24,1663314900.0
1663089900,1716.83,1664892300.0
1663094700,1693.0800000000004,1663182000.0
1663099800,1708.4,1664867100.0
1663100400,1697.7100000000003,1663118400.0
1663112400,1706.44,1663159800.0
1663114500,1695.6099999999994,1663179900.0
1663115700,1690.6999999999996,1663211100.0
1663120800,1705.04,1663142700.0
1663122600,1698.45,1663140300.0
1663126800,1698.18,1663140900.0
1663130400,1718.5199999999998,1664894100.0
1663136100,1697.9999999999995,1663140900.0
1663139400,1718.0799999999995,1664894100.0
1663140000,1694.4599999999998,1663181700.0
1663140600,1703.6,1663142400.0
1663141200,1681.8899999999996,1663248900.0
1663143000,1720.3399999999997,1664894700.0
1663151400,1718.3200000000004,1664894100.0
1663156800,1705.2,1663159200.0
1663158900,1713.3700000000001,1664892000.0
1663159500,1698.9399999999996,1663175400.0
1663160100,1714.3600000000004,1664892000.0
1663161000,1714.7600000000002,1664892000.0
1663163100,1694.97,1663181400.0
1663166700,1708.8799999999997,1664867100.0
1663169100,1699.0100000000004,1663175100.0
1663171200,1709.4,1664867700.0
1663174500,1692.0700000000002,1663210800.0
1663196700,1701.1,1664826600.0
1663203900,1681.2,1663249200.0
1663207500,1699.8700000000003,1664823300.0
1663208100,1692.0599999999995,1663210800.0
1663232700,1693.1700000000003,1664809800.0
1663233300,1680.7700000000002,1663249200.0
1663234500,1697.3000000000006,1664821800.0
1663235400,1684.4699999999998,1663240200.0
1663236600,1694.7000000000005,1664818200.0
1663238400,1682.6399999999996,1663244400.0
1663239300,1679.7699999999993,1663253100.0
1663243800,1676.6799999999996,1663253100.0
1663245600,1691.2800000000002,1663245900.0
1663248300,1671.6599999999999,1663253400.0
1663250100,1699.0000000000005,1664823000.0
1663251300,1677.2599999999993,1663253100.0
1663274100,1661.03,1663284600.0
1663287900,1671.56,1663337400.0
1663293600,1650.1599999999999,1663929900.0
1663296300,1657.8800000000003,1663314300.0
1663298700,1666.78,1663326000.0
1663303800,1658.9800000000005,1663310700.0
1663309200,1655.1599999999999,1663314900.0
1663321200,1657.46,1663323000.0
1663324800,1666.22,1663325700.0
1663333200,1655.5500000000002,1663783500.0
1663337100,1679.7000000000005,1663338600.0
1663354200,1671.1799999999994,1663552800.0
1663358100,1670.5800000000002,1663555500.0
1663359900,1677.1400000000003,1663539300.0
1663538400,1675.23,1663538700.0
1663539000,1680.66,1663785600.0
1663551000,1669.4099999999999,1663553100.0
1663586700,1660.9399999999998,1663586700.0
1663588200,1665.1099999999994,1663590300.0
1663591500,1659.6900000000003,1663783200.0
1663592400,1673.76,1663599600.0
1663593900,1668.4900000000002,1663598100.0
1663597500,1670.7000000000005,1663598400.0
1663615800,1667.1299999999999,1663667100.0
1663616700,1679.6399999999999,1663785600.0
1663637400,1672.1100000000006,1663650300.0
1663640700,1678.7600000000007,1663785300.0
1663644300,1679.8799999999997,1663785600.0
1663647900,1671.0,1663651200.0
1663695600,1672.7000000000003,1663741200.0
1663698600,1671.8600000000004,1663741200.0
1663701300,1655.78,1663783500.0
1663702800,1661.22,1663733700.0
1663707000,1671.6599999999999,1663741200.0
1663709100,1661.9999999999998,1663733100.0
1663712100,1667.9700000000003,1663740300.0
1663714200,1658.3200000000004,1663783500.0
1663717500,1673.34,1663741200.0
1663720200,1670.07,1663740900.0
1663722000,1657.0600000000004,1663783500.0
1663723200,1659.6399999999994,1663783200.0
1663723800,1658.3299999999995,1663783500.0
1663725600,1670.49,1663741200.0
1663729200,1659.9199999999996,1663783200.0
1663738500,1658.0599999999997,1663783500.0
1663739400,1670.97,1663741200.0
1663766700,1670.7399999999998,1663770000.0
1663768500,1669.9199999999998,1663770300.0
1663785000,1672.3999999999999,1663785000.0
1663802400,1664.27,1663804800.0
1663822800,1666.7700000000004,1663834500.0
1663827900,1655.16,1663926600.0
1663828800,1654.0900000000001,1663926600.0
1663835100,1696.4799999999996,1664818500.0
1663863000,1662.2500000000002,1663923300.0
1663869000,1675.8699999999997,1664805900.0
1663869600,1668.2099999999994,1663905000.0
1663873500,1678.0800000000002,1664805900.0
1663880400,1666.66,1663917300.0
1663890600,1679.0799999999995,1664805900.0
1663892700,1668.8700000000003,1663901400.0
1663893300,1668.7500000000005,1663904400.0
1663894200,1680.2600000000002,1664806800.0
1663894800,1668.9299999999998,1663901400.0
1663895700,1681.3799999999999,1664806800.0
1663899300,1666.6000000000001,1663917300.0
1663900800,1664.94,1663920900.0
1663915800,1664.2300000000002,1663920900.0
1663917000,1660.1900000000003,1663925700.0
1663945800,1638.6899999999998,1664153100.0
1663947000,1653.1799999999996,1664373900.0
1663948500,1640.8399999999997,1663959300.0
1663954200,1637.02,1664153400.0
1663960200,1632.9800000000002,1664153700.0
1664145600,1641.4000000000003,1664151600.0
1664148300,1647.1600000000003,1664177100.0
1664151600,1633.1099999999994,1664153700.0
1664160300,1631.9599999999998,1664209500.0
1664169900,1629.77,1664209800.0
1664177700,1654.2600000000002,1664377200.0
1664187000,1638.1799999999998,1664187000.0
1664187600,1649.0400000000004,1664372700.0
1664188800,1645.39,1664196300.0
1664190600,1634.4400000000003,1664207400.0
1664197500,1638.5199999999998,1664206200.0
1664199000,1649.32,1664372700.0
1664199900,1649.49,1664372700.0
1664206800,1633.1200000000001,1664208000.0
1664232600,1630.5200000000002,1664239800.0
1664240400,1642.3199999999997,1664371500.0
1664257200,1638.0799999999995,1664262000.0
1664273700,1624.54,1664328300.0
1664275200,1632.6000000000004,1664292300.0
1664275800,1642.7299999999998,1664371500.0
1664277300,1630.2000000000003,1664295000.0
1664278200,1644.7399999999996,1664371500.0
1664281800,1651.1600000000003,1664372700.0
1664284200,1646.3399999999997,1664371800.0
1664290200,1631.65,1664292300.0
1664291400,1630.5000000000002,1664295000.0
1664316000,1630.0,1664317500.0
1664319600,1622.18,1664345700.0
1664323500,1634.2900000000004,1664367600.0
1664325600,1623.15,1664330400.0
1664361300,1633.1799999999998,1664367600.0
1664398500,1666.5299999999995,1664516400.0
1664402400,1658.7,1664402400.0
1664444400,1653.05,1664454300.0
1664462100,1639.7699999999995,1666162500.0
1664463600,1666.5099999999998,1664516400.0
1664483700,1664.5900000000004,1664495400.0
1664484300,1656.1299999999999,1665664200.0
1664491200,1672.14,1664521500.0
1664505900,1665.0399999999995,1664515200.0
1664506800,1667.1900000000003,1664517000.0
1664509500,1661.5900000000004,1664509800.0
1664516100,1677.8400000000006,1664805900.0
1664534100,1669.7799999999993,1664545500.0
1664535900,1658.6999999999998,1665664200.0
1664546100,1678.2900000000002,1664805900.0
1664556000,1659.3199999999995,1664567700.0
1664748000,1660.72,1664784300.0
1664765700,1661.1,1664782500.0
1664770200,1655.0800000000006,1665664200.0
1664781300,1676.6200000000003,1664805900.0
1664783400,1651.34,1665665100.0
1664787900,1669.0400000000002,1664799600.0
1664788800,1655.1599999999999,1665664200.0
1664793900,1667.9700000000005,1664799600.0
1664797200,1674.1800000000005,1664805600.0
1664845800,1685.0600000000002,1665376200.0
1664858100,1708.41,1664867100.0
1664884500,1695.21,1665146700.0
1664887200,1715.9400000000005,1664892000.0
1664890800,1701.4399999999998,1664978400.0
1664892000,1716.3900000000003,1664892300.0
1664912400,1715.78,1664956200.0
1664914500,1719.4100000000003,1664933700.0
1664920800,1725.4,1664920800.0
1664926800,1720.1699999999998,1664933700.0
1664928000,1720.2200000000003,1664933700.0
1664929200,1722.8500000000001,1664930100.0
1664949300,1715.18,1664956500.0
1664950500,1725.76,1664952600.0
1664955300,1711.3400000000001,1664958000.0
1664974500,1696.39,1665146700.0
1664978400,1703.3600000000001,1664978400.0
1664981400,1704.3100000000004,1665145800.0
1664984100,1713.87,1664991900.0
1664986200,1722.4700000000005,1665016800.0
1664988000,1700.8100000000004,1665146700.0
1664991300,1725.98,1668087000.0
1665031200,1725.8799999999999,1668087000.0
1665039900,1726.9300000000005,1668087000.0
1665042600,1730.67,1668087000.0
1665043800,1718.59,1665044400.0
1665060900,1708.5600000000002,1665066600.0
1665070500,1707.2199999999998,1665072600.0
1665076200,1715.2400000000002,1667924100.0
1665077700,1703.4099999999999,1665145800.0
1665078900,1716.1000000000001,1667924700.0
1665079800,1706.0800000000002,1665145800.0
1665080700,1718.8900000000003,1668006600.0
1665093600,1710.2,1665104400.0
1665097200,1715.0500000000004,1667924100.0
1665098400,1706.3799999999997,1665138600.0
1665107700,1713.7,1665122700.0
1665108600,1704.56,1665145800.0
1665112200,1707.7600000000004,1665137700.0
1665118500,1702.9499999999996,1665145800.0
1665122400,1724.5899999999995,1668087000.0
1665124500,1703.1400000000003,1665145800.0
1665129300,1721.4900000000002,1668087000.0
1665135900,1708.2899999999995,1665137700.0
1665140400,1706.8100000000004,1665143100.0
1665161700,1704.4399999999998,1667920500.0
1665163200,1694.0199999999998,1665169500.0
1665165300,1707.5299999999997,1667920800.0
1665167400,1695.0800000000002,1665169500.0
1665355500,1697.3200000000002,1665356100.0
1665356700,1701.1399999999996,1667920500.0
1665361200,1702.1200000000001,1667920500.0
1665364200,1680.3999999999996,1665389700.0
1665366000,1701.5199999999998,1667920500.0
1665366900,1689.87,1665371400.0
1665428700,1677.8799999999994,1665502500.0
1665436200,1667.4,1665436200.0
1665436800,1667.5,1665436800.0
1665439800,1671.2,1665449100.0
1665446400,1675.1800000000003,1665502200.0
1665453600,1674.2900000000002,1665502200.0
1665454800,1654.4299999999998,1665664800.0
1665470400,1680.2099999999996,1665503700.0
1665476100,1687.54,1667919900.0
1665480300,1660.1500000000003,1665664200.0
1665480900,1657.66,1665664200.0
1665486300,1673.4,1665502200.0
1665515100,1635.5000000000002,1666175100.0
1665536700,1660.6999999999996,1665664200.0
1665547200,1672.5199999999998,1665555900.0
1665564600,1686.6599999999999,1667919900.0
1665570000,1664.57,1665664200.0
1665575100,1678.5200000000002,1665660900.0
1665577200,1657.8299999999995,1665664200.0
1665581100,1662.96,1665664200.0
1665582600,1662.2799999999997,1665664200.0
1665583800,1680.22,1665660900.0
1665585000,1676.7500000000002,1665598200.0
1665587400,1663.6899999999996,1665664200.0
1665590400,1662.1300000000003,1665664200.0
1665591000,1675.68,1665598200.0
1665592200,1661.9499999999996,1665664200.0
1665596100,1679.4500000000003,1665660900.0
1665597300,1665.2599999999998,1665664200.0
1665597900,1678.6100000000001,1665660900.0
1665616200,1672.2299999999996,1665624300.0
1665618000,1676.76,1665652200.0
1665620400,1669.1000000000004,1665630000.0
1665624600,1657.25,1665664200.0
1665629700,1657.4499999999998,1665664200.0
1665647100,1678.2199999999996,1665660900.0
1665664800,1590.1299999999999,
1665680400,1678.7999999999997,1667587200.0
1665691800,1654.9099999999996,1665739800.0
1665694500,1661.14,1665699300.0
1665712800,1671.39,1665728700.0
1665731700,1662.2299999999996,1665735600.0
1665753000,1671.1799999999996,1666770300.0
1665753600,1649.8699999999997,1665755100.0
1665780300,1638.44,1666163100.0
1665957600,1648.14,1665965100.0
1665987000,1657.9700000000003,1666001100.0
1665988500,1644.5399999999995,1666156200.0
1665990000,1654.3099999999997,1665992400.0
1666025700,1654.8400000000001,1666029000.0
1666052100,1659.2299999999998,1666067700.0
1666058700,1654.3599999999997,1666065600.0
1666059600,1643.8899999999999,1666156200.0
1666061100,1655.2500000000002,1666066500.0
1666062000,1642.7000000000003,1666160700.0
1666063800,1656.8799999999994,1666067100.0
1666082100,1646.15,1666107300.0
1666092900,1657.8300000000002,1666558800.0
1666095000,1645.4099999999996,1666154700.0
1666098000,1668.88,1666568700.0
1666103100,1644.6099999999997,1666155600.0
1666106100,1647.26,1666106400.0
1666119000,1644.0600000000002,1666156200.0
1666121700,1657.3999999999996,1666385700.0
1666124100,1654.49,1666378200.0
1666126800,1656.1100000000004,1666379700.0
1666142400,1642.6000000000006,1666160700.0
1666143300,1657.6100000000004,1666385700.0
1666147200,1639.8099999999993,1666162500.0
1666191900,1637.8700000000001,1666262400.0
1666194900,1622.78,1666233300.0
1666212900,1623.3699999999997,1666232700.0
1666218300,1626.3799999999997,1666223100.0
1666220400,1620.1999999999994,1666324800.0
1666225500,1620.13,1666324800.0
1666239900,1639.9700000000003,1666276500.0
1666241400,1639.4799999999996,1666281600.0
1666255200,1636.5399999999997,1666262400.0
1666256400,1624.5800000000002,1666293900.0
1666258500,1627.7100000000003,1666289700.0
1666260300,1645.0099999999998,1666278000.0
1666278000,1661.0900000000004,1666562400.0
1666282500,1632.8999999999994,1666285500.0
1666284900,1626.4699999999998,1666293600.0
1666311900,1624.8700000000006,1666312200.0
1666312800,1618.9199999999998,1666333200.0
1666313700,1620.0000000000005,1666324800.0
1666315500,1622.93,1666323300.0
1666322700,1629.6099999999994,1666356900.0
1666326000,1610.9200000000003,
1666338300,1632.74,1666356900.0
1666343700,1634.2000000000005,1666357500.0
1666352100,1620.64,1666354500.0
1666356000,1626.8500000000004,1666356900.0
1666575900,1644.1400000000006,1666600800.0
1666590000,1648.9500000000005,1666597200.0
1666593300,1667.4899999999998,1666769100.0
1666594200,1647.18,1666599600.0
1666595700,1630.6500000000003,1667260800.0
1666612800,1642.0700000000002,1666689000.0
1666613700,1660.4900000000002,1666706400.0
1666614300,1654.18,1666619700.0
1666617300,1654.0000000000002,1666619700.0
1666618800,1639.35,1666691400.0
1666619700,1675.4700000000007,1667586300.0
1666620600,1641.0999999999995,1666689300.0
1666622700,1638.1999999999996,1666693200.0
1666623600,1638.9400000000003,1666691400.0
1666625100,1640.4199999999996,1666690800.0
1666627800,1667.6500000000005,1666769100.0
1666630500,1656.6200000000001,1666704600.0
1666632900,1658.0399999999997,1666705500.0
1666635600,1643.3499999999997,1666688100.0
1666636500,1653.1399999999999,1666657500.0
1666645200,1644.5000000000002,1666683900.0
1666648800,1648.8,1666648800.0
1666662300,1659.5800000000004,1666706100.0
1666664100,1637.6199999999997,1666970100.0
1666670100,1657.9300000000003,1666705500.0
1666671600,1645.1499999999999,1666683600.0
1666679700,1662.8200000000002,1666764900.0
1666682700,1638.3900000000006,1666692900.0
1666703100,1653.0699999999997,1666704600.0
1666722900,1654.4599999999996,1666723200.0
1666749300,1661.45,1666764600.0
1666749900,1645.9600000000003,1666959900.0
1666751700,1663.12,1666764900.0
1666785000,1660.8600000000001,1666788600.0
1666785600,1673.8900000000003,1667572500.0
1666787700,1649.3200000000002,1666945800.0
1666796700,1676.81,1667586600.0
1666798800,1665.61,1666799100.0
1666802700,1676.4099999999999,1667586600.0
1666810800,1659.1800000000003,1666854000.0
1666824000,1661.1499999999999,1666853700.0
1666828800,1676.28,1667586600.0
1666837200,1659.0400000000002,1666854000.0
1666839900,1670.2799999999993,1667571000.0
1666843200,1654.8100000000006,1666873500.0
1666849500,1673.1999999999994,1667572200.0
1666850400,1664.1100000000001,1666851900.0
1666852500,1656.7699999999995,1666873200.0
1666858200,1667.72,1667414100.0
1666860600,1667.3600000000001,1667414100.0
1666862100,1653.5200000000004,1666941000.0
1666869300,1668.7499999999993,1667414100.0
1666872300,1655.2,1666873500.0
1666878300,1652.0699999999995,1666941300.0
1666881000,1678.0499999999997,1667587200.0
1666882200,1667.8000000000006,1667414100.0
1666884900,1656.3799999999999,1666889100.0
1666890300,1649.37,1666945800.0
1666893000,1655.2100000000003,1666940400.0
1666894200,1655.1999999999994,1666940400.0
1666902600,1669.96,1667570700.0
1666915200,1656.32,1666940100.0
1666918500,1656.3100000000002,1666940100.0
1666919400,1669.0299999999997,1667414100.0
1666920600,1660.8099999999995,1666935600.0
1666921200,1667.76,1667414100.0
1666935300,1657.3899999999994,1666937400.0
1666977300,1630.6699999999996,1667260800.0
1666983300,1636.2700000000007,1667205000.0
1666985100,1649.8600000000001,1667295900.0
1667163600,1643.21,1667163600.0
1667167800,1650.5999999999995,1667296800.0
1667175600,1640.2000000000005,1667178600.0
1667181900,1636.7700000000002,1667205000.0
1667190600,1654.38,1667301900.0
1667194500,1640.9199999999998,1667194800.0
1667196900,1632.57,1667243700.0
1667199600,1650.2799999999993,1667296500.0
1667202300,1629.07,1667459400.0
1667217000,1632.84,1667243100.0
1667218500,1647.1900000000003,1667286000.0
1667219100,1648.1399999999999,1667286000.0
1667219700,1633.3399999999997,1667223000.0
1667221800,1630.52,1667260800.0
1667225400,1643.4000000000003,1667283000.0
1667230200,1630.9199999999998,1667246100.0
1667232900,1634.5300000000004,1667238600.0
1667236200,1629.8,1667459400.0
1667237100,1643.1499999999999,1667283000.0
1667238300,1630.4499999999998,1667459400.0
1667262600,1639.6299999999999,1667269800.0
1667265600,1644.15,1667284500.0
1667311500,1625.9899999999996,1667463900.0
1667326800,1662.99,1667412300.0
1667339700,1646.5,1667339700.0
1667344800,1651.9600000000003,1667357700.0
1667351700,1664.6699999999998,1667412600.0
1667364300,1644.0599999999995,1667416500.0
1667365200,1655.8799999999997,1667381400.0
1667373300,1646.62,1667401800.0
1667376900,1664.4300000000003,1667412300.0
1667396700,1649.36,1667399100.0
1667412000,1655.4699999999996,1667412000.0
1667415600,1635.6000000000006,1667419500.0
1667416500,1638.66,1667416800.0
1667438700,1659.5599999999997,1667566500.0
1667454300,1629.7000000000005,1667459400.0
1667483100,1634.13,1667528100.0
1667483700,1615.3799999999999,
1667485500,1630.9600000000003,1667487300.0
1667517600,1624.9400000000003,
1667523000,1625.2599999999998,
1667524500,1625.3499999999997,
1667525700,1636.3200000000002,1667529600.0
1667556300,1637.0000000000005,
1667557800,1657.81,1667565900.0
1667565600,1691.7800000000002,1667919900.0
1667772000,1671.91,1667772000.0
1667776500,1698.4299999999998,1667920500.0
1667778000,1670.8200000000002,1667784000.0
1667778600,1668.8400000000001,1667804700.0
1667780700,1666.98,1667805600.0
1667790900,1664.7299999999998,1667898300.0
1667792700,1669.0600000000004,1667804700.0
1667794200,1668.1399999999994,1667805600.0
1667797200,1666.7699999999995,1667805900.0
1667799300,1685.2099999999998,1667919900.0
1667800200,1664.4299999999998,
1667809200,1684.05,1667919900.0
1667811000,1686.8300000000002,1667919900.0
1667827500,1662.83,
1667829900,1684.9799999999998,1667919900.0
1667830800,1675.6299999999997,1667834400.0
1667833200,1692.2600000000007,1667919900.0
1667835600,1670.4900000000002,1667881500.0
1667836200,1681.6799999999998,1667919900.0
1667842200,1683.0600000000004,1667919900.0
1667843700,1681.59,1667919900.0
1667845500,1671.5699999999997,1667873700.0
1667849400,1680.0400000000004,1667919900.0
1667858400,1662.9399999999998,
1667869500,1669.2800000000002,1667883000.0
1667883900,1656.73,
1667900100,1675.2999999999995,1667917500.0
1667902500,1665.3100000000004,
1667906400,1678.8900000000006,1667919000.0
1667910000,1674.9400000000003,1667913600.0
1667937300,1704.61,1667988900.0
1667944800,1706.54,1667958900.0
1667952300,1704.96,1667988300.0
1667955300,1702.0900000000001,1668022800.0
1667973900,1715.3800000000003,1667981400.0
1667978400,1705.2,1667988300.0
1667979300,1720.48,1668006600.0
1667987700,1704.3399999999997,1667988900.0
1668003000,1715.95,1668006600.0
1668018600,1702.1100000000001,1668022800.0
1668037500,1709.26,1668054300.0
1668041400,1700.04,
1668053700,1723.8300000000002,1668087000.0
1668066900,1697.9799999999998,
1668069300,1699.9599999999998,
1668070200,1701.9999999999998,
1668081000,1717.7400000000005,1668087000.0
1668087300,1809.0099999999995,1670212200.0
1668108900,1756.72,1668114600.0
1668125400,1747.5699999999997,1668130500.0
1668142500,1759.5100000000002,1668144600.0
1668159900,1767.32,1668195000.0
1668165000,1749.59,1668792000.0
1668166200,1741.7099999999996,1669016700.0
1668170100,1750.29,1668783000.0
1668173100,1748.4299999999994,1668797400.0
1668175800,1761.0399999999995,1668176400.0
1668176400,1756.9399999999998,1668177600.0
1668179400,1772.1899999999994,1668362400.0
1668189300,1759.7899999999995,1668399900.0
1668190800,1775.2600000000007,1668496800.0
1668381300,1753.6099999999994,1668424500.0
1668382800,1769.5200000000004,1668437700.0
1668383700,1759.6799999999996,1668399900.0
1668395400,1765.16,1668396000.0
1668398400,1761.6999999999998,1668399000.0
1668406500,1766.6799999999996,1668436800.0
1668409500,1756.4799999999993,1668420000.0
1668412800,1769.2699999999998,1668437700.0
1668417600,1744.0299999999995,1668996900.0
1668419700,1749.6599999999999,1668792000.0
1668433500,1779.9400000000007,1668498000.0
1668453900,1767.09,1668471900.0
1668456900,1787.7600000000002,1669901400.0
1668463200,1766.86,1668471900.0
1668481200,1777.2799999999993,1668497400.0
1668494100,1764.1000000000001,1668654900.0
1668496800,1783.2999999999997,1668498300.0
1668513600,1764.0600000000002,1668654900.0
1668516900,1767.7799999999995,1668531600.0
1668519000,1780.9399999999996,1668519000.0
1668525000,1753.5699999999997,1668781800.0
1668538800,1785.1599999999996,1669899600.0
1668556800,1790.4999999999995,1669902000.0
1668559800,1768.91,1668650100.0
1668578700,1767.5400000000002,1668651000.0
1668585000,1786.6999999999998,1669899900.0
1668606000,1757.9700000000003,1668690300.0
1668635700,1766.1800000000003,1668651600.0
1668641100,1777.6,1669856100.0
1668642600,1776.6599999999999,1669854300.0
1668647700,1781.08,1669873200.0
1668649500,1764.6099999999994,1668654600.0
1668668100,1772.2399999999998,1669851600.0
1668668700,1763.11,1668677700.0
1668669900,1771.3900000000006,1669851300.0
1668681900,1752.2300000000002,1668782700.0
1668708000,1765.16,1668743400.0
1668714300,1767.6399999999999,1669837800.0
1668724500,1758.3000000000002,1668726000.0
1668732300,1774.1899999999996,1669852800.0
1668747900,1756.71,1668781500.0
1668752700,1770.0299999999995,1669849500.0
1668756000,1778.8899999999999,1669856400.0
1668758400,1760.5800000000006,1668762000.0
1668759300,1747.59,1668798600.0
1668764100,1783.0799999999997,1669988400.0
1668765900,1759.62,1668772800.0
1668771300,1747.96,1668798000.0
1668774600,1756.6500000000005,1668781500.0
1668777300,1767.42,1669837800.0
1668778200,1757.5500000000004,1668781500.0
1668986700,1746.2900000000004,1668993300.0
1668987600,1754.0799999999995,1669249500.0
1668992700,1743.19,1668999000.0
1669009200,1739.6299999999997,1669021800.0
1669013100,1750.7900000000004,1669230000.0
1669015800,1738.8000000000006,1669023000.0
1669036500,1750.4999999999995,1669230000.0
1669042500,1736.82,1669043100.0
1669059600,1744.9500000000003,1669091400.0
1669066800,1749.8799999999999,1669230000.0
1669071600,1736.6,1669145700.0
1669072200,1733.9699999999998,1669176300.0
1669075800,1744.48,1669080600.0
1669095300,1736.1599999999999,1669148100.0
1669098000,1735.5000000000002,1669148100.0
1669103700,1735.33,1669176000.0
1669104900,1747.8200000000004,1669110000.0
1669105800,1736.83,1669144200.0
1669108200,1740.3200000000002,1669132800.0
1669110000,1761.6199999999997,1669626000.0
1669124700,1731.95,1669210200.0
1669153800,1743.3999999999999,1669188900.0
1669157100,1737.5399999999997,1669175400.0
1669159200,1745.55,1669215000.0
1669167600,1734.4800000000005,1669176000.0
1669170600,1743.6100000000004,1669188900.0
1669173900,1733.5099999999998,1669176300.0
1669186500,1730.2899999999997,1669210200.0
1669188300,1753.7900000000002,1669249500.0
1669198200,1733.1200000000003,1669209900.0
1669214100,1747.4499999999998,1669230000.0
1669215300,1759.0400000000004,1669344600.0
1669246500,1752.3799999999994,1669248000.0
1669268400,1760.9,1669349100.0
1669272000,1744.99,1669650600.0
1669273500,1761.7000000000003,1669626000.0
1669274100,1753.5200000000004,1669276800.0
1669275000,1750.1599999999999,1669363200.0
1669275600,1761.54,1669626000.0
1669277400,1743.7799999999997,1669650600.0
1669281000,1762.5700000000002,1669628400.0
1669295700,1752.1200000000001,1669336200.0
1669298700,1750.4699999999998,1669363200.0
1669301100,1750.46,1669363200.0
1669304100,1763.46,1669814100.0
1669305900,1752.2299999999998,1669336200.0
1669313400,1747.2399999999998,1669382400.0
1669318200,1750.9199999999994,1669363200.0
1669334100,1750.2699999999998,1669363200.0
1669338900,1759.7,1669348800.0
1669355400,1752.5700000000002,1669361700.0
1669356000,1750.7599999999993,1669363200.0
1669381200,1741.4199999999996,1669651800.0
1669395900,1757.8100000000006,1669624200.0
1669586400,1757.39,1669586400.0
1669590900,1753.3199999999995,1669595100.0
1669599000,1736.1399999999999,
1669614300,1743.3600000000001,1669650600.0
1669615800,1757.99,1669624500.0
1669639500,1749.88,1669644300.0
1669678200,1737.04,
1669680600,1749.19,1669692300.0
1669684800,1732.5100000000002,
1669685700,1753.9199999999998,1669697700.0
1669714800,1748.8900000000006,1669731600.0
1669718400,1762.9300000000003,1669803000.0
1669725000,1749.4899999999996,1669731600.0
1669731000,1743.5699999999997,
1669737000,1771.95,1669851600.0
1669737900,1748.1600000000003,1669739400.0
1669748100,1742.8800000000003,
1669752000,1737.8100000000004,
1669768200,1754.5999999999997,1669780500.0
1669788000,1750.04,1669822200.0
1669790700,1760.9700000000005,1669799400.0
1669815600,1744.8300000000002,
1669821600,1743.43,
1669834500,1764.2199999999998,1669837200.0
1669873200,1785.4099999999999,1669899600.0
1669921200,1793.6799999999998,1669987800.0
1669932000,1813.0700000000002,1670940000.0
1669939200,1796.9399999999996,1669945800.0
1669958400,1802.7799999999993,1670202000.0
1669962000,1811.88,1670940000.0
1669980000,1794.14,1669987800.0
1669984800,1791.4800000000002,1669987800.0
1670003100,1802.1399999999996,1670202000.0
1670016900,1801.3700000000003,1670202000.0
1670195400,1797.8299999999995,1670196600.0
1670220900,1800.6999999999998,1670222700.0
1670222400,1796.2300000000005,1670230200.0
1670245200,1789.0599999999997,1670250900.0
1670283600,1778.3000000000002,1670327700.0
1670304300,1767.5000000000005,1670307600.0
1670313600,1777.13,1670327100.0
1670314800,1763.83,
1670319600,1778.6799999999998,1670327700.0
1670340600,1760.65,
1670357400,1768.44,1670369700.0
1670362200,1769.83,1670364000.0
1670364000,1766.6799999999996,
1670373600,1781.0800000000002,1670423400.0
1670374800,1761.8999999999994,
1670377200,1775.1799999999998,1670403000.0
1670387700,1781.9500000000003,1670423700.0
1670388600,1776.27,1670419500.0
1670393100,1766.8400000000004,
1670394300,1763.2999999999997,
1670397900,1778.2200000000005,1670420100.0
1670402400,1781.19,1670423400.0
1670405700,1765.4600000000003,
1670408400,1785.9400000000003,1670424300.0
1670409600,1777.11,1670419800.0
1670410200,1767.3600000000001,
1670413500,1765.7899999999997,
1670415900,1764.2,
1670418300,1764.42,
1670419500,1782.9599999999998,1670423700.0
1670455800,1782.0500000000002,1670462400.0
1670458200,1781.1100000000006,1670463300.0
1670477400,1785.8500000000001,1670481300.0
1670489100,1777.0900000000001,1670872500.0
1670490300,1787.8899999999999,1670504700.0
1670493900,1778.5699999999997,1670870100.0
1670497500,1771.55,
1670503200,1797.7100000000005,1670585100.0
1670521200,1784.4,1670859300.0
1670522400,1780.5700000000006,1670866800.0
1670525100,1795.4600000000005,1670558400.0
1670530200,1773.8299999999995,1671110400.0
1670532300,1785.32,1670821800.0
1670534400,1783.3299999999997,1670859600.0
1670536800,1794.79,1670548500.0
1670540700,1784.3000000000004,1670859300.0
1670542500,1791.7800000000002,1670547900.0
1670544300,1785.8399999999997,1670816400.0
1670548500,1811.6999999999994,1670940000.0
1670570400,1791.74,1670571600.0
1670571300,1788.77,1670578500.0
1670584500,1785.1100000000001,1670821800.0
1670586300,1807.0500000000002,1670938200.0
1670600100,1777.8299999999997,1670872200.0
1670603100,1815.9699999999998,1670940600.0
1670607600,1804.7199999999996,1670938200.0
1670610600,1803.8200000000002,1670938200.0
1670612100,1793.41,1670803500.0
1670612700,1796.9999999999998,1670613000.0
1670613600,1806.2099999999998,1670938200.0
1670619000,1783.7699999999998,1670859600.0
1670796000,1798.89,1670796000.0
1670829600,1796.28,1670938200.0
1670852100,1794.7900000000006,1670938200.0
1670853000,1780.85,1670862600.0
1670882400,1774.8600000000006,1671093600.0
1670886600,1784.92,1670899200.0
1670905500,1775.4000000000003,1671093600.0
1670906100,1787.1900000000003,1670915100.0
1670911500,1800.1399999999996,1670938200.0
1670925300,1774.9899999999998,1671093600.0
1670928000,1780.6800000000005,1671092400.0
1670929200,1794.12,1670938200.0
1670933700,1794.2,1670938200.0
1670954400,1814.3500000000006,1671548400.0
1670955300,1802.2199999999998,1671044400.0
1670962500,1804.7099999999998,1671018600.0
1670964900,1816.9400000000003,1671548700.0
1670966700,1813.26,1671048600.0
1670979300,1814.5699999999997,1671548400.0
1670981400,1816.43,1671548700.0
1670982900,1818.3100000000002,1671549000.0
1670983800,1802.6599999999996,1671044400.0
1670986800,1817.8500000000001,1671549000.0
1670989800,1820.7900000000002,1671636600.0
1670994300,1799.1599999999999,1671044700.0
1671002700,1799.6799999999996,1671044700.0
1671006000,1802.7099999999994,1671044400.0
1671024300,1803.1499999999994,1671044400.0
1671025500,1802.2000000000003,1671044400.0
1671026400,1814.49,1671548400.0
1671041400,1801.8700000000001,1671044400.0
1671042900,1813.03,1671048600.0
1671044700,1774.69,1671095400.0
1671048600,1817.7199999999998,1671549000.0
1671049500,1798.9699999999998,1671069000.0
1671061200,1811.42,1671547500.0
1671066000,1799.72,1671068700.0
1671088800,1783.76,1671091800.0
1671108300,1788.2600000000007,1671201900.0
1671109200,1771.6199999999997,
1671111600,1784.8599999999997,1671114900.0
1671112800,1771.5900000000001,
1671114600,1796.6399999999999,1671419400.0
1671118800,1760.1500000000005,
1671119700,1768.9700000000005,
1671126600,1772.4400000000005,
1671127800,1781.19,1671157500.0
1671128700,1772.3000000000006,
1671133800,1783.4800000000002,1671158400.0
1671135000,1774.2500000000005,1671182100.0
1671141300,1768.4000000000003,
1671155100,1780.9599999999996,1671157500.0
1671176100,1776.33,1671177300.0
1671185700,1785.9300000000005,1671196800.0
1671186600,1773.94,
1671190200,1790.6399999999999,1671202500.0
1671217800,1786.79,1671465300.0
1671218400,1796.2400000000002,1671419100.0
1671407400,1789.3100000000006,1671428100.0
1671412200,1799.5499999999997,1671525600.0
1671414900,1806.49,1671529200.0
1671428700,1773.9799999999996,
1671438300,1810.6,1671547500.0
1671452700,1790.3400000000001,1671459300.0
1671487200,1781.2000000000003,
1671500100,1776.8400000000006,
1671504900,1789.6399999999999,1671505200.0
1671540900,1782.8,
1671543000,1811.7000000000005,1671547500.0
1671546000,1789.6800000000005,1671732000.0
1671547500,1822.95,1671636900.0
1671564900,1809.5100000000002,1671716700.0
1671565800,1826.1600000000005,1672155900.0
1671570000,1823.08,1671636900.0
1671570900,1812.9499999999996,1671597600.0
1671573600,1815.5099999999995,1671586800.0
1671575400,1816.7,1671575400.0
1671586800,1807.2600000000004,1671717300.0
1671596700,1801.4899999999996,1671720300.0
1671609900,1809.6899999999998,1671716700.0
1671612300,1821.57,1671636900.0
1671615600,1810.1599999999999,1671716700.0
1671618600,1807.9399999999998,1671717000.0
1671619500,1819.2600000000002,1671629700.0
1671620400,1817.1600000000008,1671628500.0
1671621000,1818.0000000000005,1671628800.0
1671624600,1800.5600000000002,1671719400.0
1671628500,1821.3699999999994,1671636900.0
1671646200,1811.27,1671716100.0
1671650100,1804.6099999999997,1671719100.0
1671672600,1833.5100000000004,1672713600.0
1671689700,1813.9399999999996,1671691500.0
1671709800,1820.2800000000004,1672154700.0
1671713700,1821.8700000000001,1672155000.0
1671714900,1821.6599999999999,1672154700.0
1671715800,1811.4099999999999,1671716100.0
1671749100,1790.4,1671756600.0
1671757200,1784.2699999999998,
1671759900,1798.61,1671789300.0
1671770400,1802.8200000000002,1671812100.0
1671778800,1803.1000000000004,1671991200.0
1671795600,1791.8099999999997,1671805500.0
1671798000,1804.3,1671991200.0
1671799500,1786.0,
1671800100,1805.9099999999994,1671991200.0
1671802200,1792.6999999999998,1671804900.0
1671803100,1788.12,
1671809700,1809.3399999999995,1672133400.0
1671819000,1803.1099999999997,1671991200.0
1671823500,1791.9999999999998,
1671991200,1800.1499999999999,1671991200.0
1672110900,1810.2000000000003,1672141200.0
1672123500,1812.53,1672153500.0
1672147500,1803.3100000000006,1672150200.0
1672152900,1823.4199999999998,1672155000.0
1672169700,1805.9499999999998,1672215300.0
1672191300,1821.2199999999998,1672383600.0
1672194900,1797.2300000000002,1672243500.0
1672195800,1818.01,1672334100.0
1672196400,1805.4099999999999,1672215300.0
1672204200,1806.6399999999994,1672211100.0
1672208400,1814.6499999999999,1672324800.0
1672210200,1805.2,1672215300.0
1672234200,1815.1599999999996,1672324800.0
1672240800,1797.6100000000006,1672243500.0
1672248900,1798.4700000000003,
1672250400,1812.3399999999997,1672322400.0
1672252500,1800.0300000000007,
1672254600,1810.6099999999997,1672304700.0
1672258200,1812.6599999999999,1672324200.0
1672263600,1800.9600000000005,
1672271400,1808.2,1672278300.0
1672296600,1801.0000000000002,
1672302600,1817.7300000000007,1672334100.0
1672308600,1803.7900000000004,1672312800.0
1672317000,1798.55,
1672321500,1804.1200000000006,
1672322100,1825.1499999999994,1672423200.0
1672339800,1808.5900000000004,1677469200.0
1672340700,1823.9000000000005,1672409100.0
1672349700,1806.8000000000006,1677469200.0
1672362900,1822.1499999999999,1672383600.0
1672386600,1809.82,1677249600.0
1672389600,1820.5200000000002,1672403400.0
1672392900,1808.1000000000004,1677469200.0
1672401000,1826.7400000000002,1672700400.0
1672413300,1823.8600000000001,1672423200.0
1672414500,1811.26,1677248400.0
1672416300,1811.4800000000002,1677248400.0
1672421400,1827.38,1672700700.0
1672422300,1812.6099999999997,1677245700.0
1672423500,1844.2600000000002,1672730400.0
1672425300,1811.5300000000004,1677248400.0
1672428300,1826.91,1672700400.0
1672734600,1832.33,1672744500.0
1672738200,1849.3100000000002,1672757400.0
1672739100,1828.23,1672760100.0
1672750800,1836.5300000000002,1672750800.0
1672753200,1825.0800000000002,1676608800.0
1672754100,1849.3399999999997,1672757400.0
1672756200,1856.69,1672817700.0
1672759500,1828.74,1672760100.0
1672760700,1837.4299999999996,1672767000.0
1672761900,1828.6200000000001,1672762500.0
1672766700,1825.5799999999997,1672932900.0
1672770300,1842.3200000000004,1672796400.0
1672772400,1830.8,1672931700.0
1672774500,1841.0199999999998,1672796100.0
1672787400,1842.2,1672796400.0
1672788300,1831.71,1672931100.0
1672791300,1843.4099999999999,1672797000.0
1672792500,1841.12,1672796100.0
1672834500,1855.38,1672835100.0
1672839300,1872.23,1673228100.0
1672840800,1849.1399999999994,1672858800.0
1672842900,1862.1599999999994,1673019600.0
1672844100,1845.2,1672908000.0
1672848900,1852.0200000000004,1672854600.0
1672849800,1862.66,1673019600.0
1672854300,1851.7200000000005,1672854600.0
1672860900,1845.83,1672905900.0
1672869300,1855.3799999999999,1672874400.0
1672885200,1848.36,1672905300.0
1672886400,1855.8900000000006,1672886700.0
1672889400,1856.7899999999997,1673017500.0
1672890300,1850.1799999999998,1672905000.0
1672921200,1839.2900000000002,1672926600.0
1672922700,1843.91,1672924500.0
1672924200,1858.5800000000002,1673017500.0
1672924800,1831.2099999999996,1672931700.0
1672943700,1844.56,1673012400.0
1672944600,1839.4599999999998,1672971600.0
1672954800,1833.64,1672965300.0
1672955400,1829.5099999999998,1676555100.0
1672961400,1831.79,1672961700.0
1672965300,1836.28,1672970400.0
1672968300,1830.86,1676475900.0
1672969200,1837.1399999999999,1672970400.0
1672987200,1840.5700000000006,1673011800.0
1672989900,1834.3000000000002,1672996800.0
1672992900,1840.49,1673011800.0
1672994400,1832.5299999999997,1676448000.0
1673005500,1833.3400000000001,1676448000.0
1673010600,1838.7999999999995,1673011800.0
1673012400,1857.5199999999998,1673017500.0
1673221800,1870.8400000000004,1673227500.0
1673222700,1865.2000000000005,1675444200.0
1673223600,1874.1199999999997,1673229000.0
1673224800,1866.8200000000002,1675441500.0
1673226900,1876.1599999999994,1673230200.0
1673247600,1875.9299999999994,1673250000.0
1673248500,1882.3700000000001,1673415300.0
1673250900,1868.3500000000001,1673310000.0
1673267400,1877.22,1673271000.0
1673268300,1872.1700000000003,1673284200.0
1673270400,1880.5399999999997,1673275500.0
1673284200,1862.5800000000002,1675447800.0
1673295600,1866.16,1675441500.0
1673300100,1875.16,1673315100.0
1673306100,1866.1999999999998,1675441500.0
1673313300,1873.9199999999996,1673314500.0
1673329800,1873.3399999999997,1673331300.0
1673333700,1875.7399999999998,1673340900.0
1673336400,1865.1099999999994,1675444200.0
1673340000,1877.4800000000002,1673360100.0
1673354100,1869.2600000000002,1673453100.0
1673361300,1895.0199999999998,1673530500.0
1673365200,1871.6299999999997,1673369700.0
1673366400,1879.8,1673413800.0
1673370300,1875.8900000000003,1673377200.0
1673371800,1871.94,1673448600.0
1673373300,1878.8,1673413800.0
1673374500,1871.16,1673448600.0
1673380800,1880.0399999999997,1673414100.0
1673381700,1878.5999999999997,1673413800.0
1673399100,1883.3399999999995,1673415300.0
1673400000,1872.1400000000003,1673448600.0
1673408400,1878.3999999999999,1673413500.0
1673410200,1879.0000000000007,1673413800.0
1673412900,1875.2300000000002,1673447700.0
1673414400,1882.4900000000002,1673415300.0
1673433900,1887.7999999999997,1673526000.0
1673437200,1885.4899999999998,1673521800.0
1673439000,1879.81,1673439000.0
1673462700,1880.3500000000004,1673488500.0
1673480700,1872.9500000000005,1675436700.0
1673483100,1879.6500000000003,1673488200.0
1673484900,1879.5399999999997,1673488200.0
1673506200,1880.9799999999996,1673508600.0
1673516400,1887.1500000000005,1673526000.0
1673517600,1885.8599999999997,1673523300.0
1673518200,1881.7600000000002,1673530200.0
1673519400,1886.9700000000005,1673526000.0
1673520900,1887.8700000000001,1673526000.0
1673535000,1877.3099999999997,1675433700.0
1673536500,1912.4599999999996,1673623800.0
1673547300,1901.8799999999994,1673597400.0
1673559600,1893.7300000000005,1673587800.0
1673560500,1895.0799999999997,1673586300.0
1673566500,1900.44,1673569500.0
1673568000,1894.59,1673587500.0
1673569200,1900.5599999999995,1673569500.0
1673572500,1902.5599999999995,1673597400.0
1673575500,1895.33,1673586300.0
1673578200,1902.1000000000001,1673597400.0
1673584500,1890.8500000000004,1675431600.0
1673596200,1905.0299999999997,1673598600.0
1673612400,1894.8500000000004,1673613000.0
1673620200,1908.4299999999998,1673621100.0
1673825100,1916.14,1673864100.0
1673881200,1916.9600000000003,1673881200.0
1673883000,1909.45,1673925300.0
1673887500,1918.0200000000002,1673912400.0
1673888700,1908.62,1673928900.0
1673889600,1912.2300000000007,1673922600.0
1673890200,1914.3899999999996,1673895000.0
1673891400,1908.6999999999998,1673928900.0
1673894100,1916.6600000000005,1673911500.0
1673895600,1914.0099999999995,1673921700.0
1673910000,1915.5,1673910000.0
1673921700,1916.7800000000004,1674043800.0
1673942700,1913.56,1673957400.0
1673944800,1914.07,1673963100.0
1673946300,1905.13,1673950500.0
1673957100,1921.4900000000002,1674048600.0
1673960100,1906.1800000000005,1673977500.0
1673964000,1925.6299999999999,1674052200.0
1673972100,1904.7000000000003,1673981100.0
1673972700,1915.92,1674042600.0
1673974500,1919.1299999999999,1674047400.0
1673977500,1903.1399999999994,1674009600.0
1673991000,1912.3399999999995,1674029700.0
1674002400,1903.75,1674009600.0
1674003600,1910.1199999999994,1674007200.0
1674005100,1904.77,1674009600.0
1674008400,1914.8799999999999,1674035400.0
1674010200,1882.1899999999996,1675433100.0
1674026700,1911.1499999999999,1674029400.0
1674057600,1905.0400000000004,1674062100.0
1674083100,1900.3400000000004,1675431000.0
1674084000,1900.7000000000005,1675431000.0
1674085500,1908.3600000000004,1674088200.0
1674091800,1900.5100000000002,1675431000.0
1674092700,1898.2100000000003,1675431000.0
1674096000,1906.85,1674096900.0
1674114300,1922.9499999999996,1674142500.0
1674123300,1904.87,1675157400.0
1674126300,1912.4099999999999,1674135600.0
1674128400,1905.0299999999997,1675154400.0
1674135900,1900.0300000000007,1675431000.0
1674137700,1923.5599999999995,1674153300.0
1674185700,1927.3500000000004,1674187200.0
1674199800,1934.46,1674201900.0
1674214500,1925.1599999999994,1674222600.0
1674219900,1924.2399999999998,1674222900.0
1674221100,1920.5900000000001,1674459000.0
1674229200,1923.11,1674234000.0
1674230700,1932.4700000000003,1674516300.0
1674231300,1924.78,1674231600.0
1674239400,1933.7199999999993,1674567600.0
1674429300,1928.4,1674468600.0
1674430200,1919.9399999999996,1674460500.0
1674468000,1932.3100000000004,1674516000.0
1674469500,1934.8399999999997,1674566400.0
1674473400,1930.9400000000003,1674506400.0
1674480900,1914.07,1674485100.0
1674490500,1919.8399999999995,1674493800.0
1674491100,1918.4599999999994,1674572700.0
1674496500,1926.24,1674497400.0
1674571800,1909.2400000000002,1675152600.0
1674583500,1936.77,1674589200.0
1674653700,1914.7700000000004,1675145100.0
1674667200,1940.2399999999996,1674669000.0
1674699000,1950.9099999999994,1675283400.0
1674700500,1942.5699999999995,1674717000.0
1674702900,1942.88,1674716700.0
1674703800,1947.1599999999999,1674704100.0
1674706500,1941.3300000000002,1674717000.0
1674709200,1949.3399999999997,1675283400.0
1674715500,1941.13,1674717000.0
1674717000,1938.85,1674717600.0
1674739500,1939.93,1674741600.0
1674740400,1915.9699999999996,1675144800.0
1674742800,1957.5900000000001,1675321800.0
1674744000,1930.5100000000002,1674747300.0
1674762900,1934.5000000000002,1674826200.0
1674768000,1930.8600000000001,1674776700.0
1674789300,1914.08,1675145100.0
1674805200,1920.9200000000005,1674834300.0
1674805800,1920.3399999999997,1674834300.0
1674806400,1927.88,1674811500.0
1674807600,1928.1899999999998,1674814200.0
1674813900,1932.82,1674825600.0
1674829800,1923.6499999999999,1674830100.0
1674838200,1933.5500000000004,1675053300.0
1674839100,1925.1699999999996,1674840300.0
1674843600,1934.6599999999996,1675280400.0
1674851100,1927.33,1674852900.0
1675034700,1912.68,1675145100.0
1675052700,1934.7599999999995,1675280400.0
1675065000,1921.2699999999998,1675067400.0
1675076100,1934.9199999999998,1675280400.0
1675076700,1926.2900000000002,1675077600.0
1675080300,1925.7499999999998,1675080900.0
1675090500,1920.2799999999997,1675137300.0
1675092300,1930.9200000000003,1675253100.0
1675095600,1917.5600000000004,1675143300.0
1675116000,1918.0600000000002,1675143300.0
1675124400,1920.8399999999992,1675137000.0
1675126800,1924.6699999999998,1675128900.0
1675136100,1920.2600000000004,1675137300.0
1675170900,1919.3600000000004,1675173300.0
1675199400,1934.54,1675280400.0
1675201500,1924.6599999999999,1675236600.0
1675234800,1929.3800000000006,1675250700.0
1675236300,1921.0900000000006,1675271400.0
1675241400,1930.7400000000005,1675253100.0
1675242600,1920.7500000000002,1675350000.0
1675249500,1921.8000000000004,1675271400.0
1675250700,1929.5899999999997,1675250700.0
1675263600,1924.2000000000005,1675263600.0
1675265700,1920.2600000000002,1675350300.0
1675266300,1937.4599999999996,1675280400.0
1675270800,1903.8499999999997,1675431000.0
1675282200,1978.8399999999995,1679077200.0
1675303200,1958.1599999999999,1675321800.0
1675308000,1950.6299999999997,1675344900.0
1675312200,1957.5800000000004,1675321800.0
1675314000,1956.6600000000003,1675321500.0
1675314900,1949.5400000000002,1675345200.0
1675317300,1954.5799999999997,1675321200.0
1675318200,1948.8900000000006,1675345200.0
1675319400,1947.6,1675345800.0
1675321200,1953.2600000000004,1675321200.0
1675336200,1951.64,1675344000.0
1675378800,1912.37,1675378800.0
1675380000,1908.56,1675431000.0
1675383900,1919.4999999999998,1678881600.0
1675396800,1914.51,1675396800.0
1675397700,1917.9199999999998,1675408200.0
1675399800,1916.5000000000007,1675399800.0
1675402200,1910.0000000000002,1675419600.0
1675407900,1918.44,1678879800.0
1675408800,1915.3999999999999,1675409100.0
1675416600,1918.8800000000003,1678881600.0
1675417200,1910.9399999999998,1675419000.0
1675425600,1915.5800000000002,1675425900.0
1675431900,1798.9099999999994,
1675459800,1870.0999999999997,1675620000.0
1675620000,1868.9600000000005,1675620000.0
1675634400,1870.09,1675634400.0
1675639800,1873.46,1675649100.0
1675640700,1862.4400000000005,1675971300.0
1675642200,1858.8899999999999,1675974600.0
1675642800,1866.9899999999998,1675643700.0
1675646400,1872.9699999999996,1675648200.0
1675670400,1885.61,1675847700.0
1675674300,1874.9100000000005,1675674600.0
1675693500,1867.6600000000005,1675697400.0
1675694700,1876.4299999999998,1675752000.0
1675698000,1843.6200000000001,1676385300.0
1675711500,1866.2700000000007,1675712700.0
1675713000,1860.1499999999999,1675971600.0
1675714500,1863.1499999999996,1675971300.0
1675717500,1873.0500000000002,1675734900.0
1675727400,1871.2999999999995,1675731900.0
1675728600,1864.7099999999996,1675964400.0
1675730400,1875.2599999999998,1675750200.0
1675753800,1869.3399999999997,1675768800.0
1675754700,1876.3000000000006,1675756800.0
1675758000,1878.2499999999998,1675785300.0
1675761300,1884.6000000000004,1675842900.0
1675764900,1876.9900000000005,1675785000.0
1675766100,1869.88,1675768200.0
1675784700,1877.3900000000003,1675785300.0
1675795800,1846.4299999999998,1676385000.0
1675797600,1882.4800000000002,1675842600.0
1675799700,1862.9599999999996,1675971300.0
1675806300,1866.9899999999998,1675958400.0
1675813200,1873.8600000000001,1675814400.0
1675833300,1871.3599999999997,1675867800.0
1675837200,1881.4100000000008,1675842300.0
1675839900,1872.1199999999994,1675867800.0
1675841100,1889.02,1675950900.0
1675857000,1876.5200000000002,1675863900.0
1675858500,1884.4700000000003,1675931100.0
1675859700,1877.4399999999998,1675861800.0
1675877400,1877.8499999999997,1675879200.0
1675879200,1877.99,1675879200.0
1675880400,1875.35,1675885500.0
1675882800,1886.32,1675950600.0
1675887300,1872.4099999999996,1675905000.0
1675890000,1879.9199999999998,1675909500.0
1675890600,1877.9400000000003,1675908000.0
1675892100,1870.7299999999993,1675958400.0
1675898400,1870.1700000000005,1675958400.0
1675906500,1878.5000000000007,1675908300.0
1675927800,1893.16,1678659000.0
1675943100,1878.8699999999997,1675954800.0
1675944300,1885.5400000000002,1675950600.0
1675945200,1885.2499999999993,1675950600.0
1675946100,1875.8700000000001,1675956300.0
1675949700,1887.5700000000002,1675950600.0
1675954500,1868.8299999999995,1675958400.0
1675992300,1879.5,1678658400.0
1675994700,1858.7800000000004,1675999500.0
1675997400,1858.5800000000004,1675999500.0
1676013000,1874.76,1678672200.0
1676014800,1864.9800000000002,1676015100.0
1676028600,1866.8599999999997,1676037000.0
1676032200,1858.3600000000001,1676045700.0
1676036100,1854.52,1676282400.0
1676036700,1868.8699999999997,1676381400.0
1676040600,1848.6199999999997,1676384700.0
1676042400,1885.5400000000004,1678658400.0
1676045100,1853.6600000000003,1676304300.0
1676053800,1849.0000000000002,1676384700.0
1676055600,1853.2499999999995,1676304300.0
1676056200,1864.9199999999998,1676065200.0
1676056800,1859.9699999999998,1676265600.0
1676059800,1869.3400000000006,1678481700.0
1676265300,1839.5599999999997,1676446200.0
1676269800,1872.2399999999996,1678654800.0
1676270700,1860.9099999999994,1676276700.0
1676272500,1867.9500000000003,1676381400.0
1676274300,1866.7799999999993,1676381400.0
1676274900,1860.5600000000002,1676276700.0
1676291700,1857.9899999999998,1676294400.0
1676294700,1850.1599999999999,1676384700.0
1676297400,1868.0799999999997,1676381400.0
1676300100,1848.08,1676385000.0
1676313600,1856.8399999999995,1676340300.0
1676315400,1852.82,1676316300.0
1676321700,1856.72,1676340300.0
1676331900,1849.7399999999996,1676384700.0
1676333700,1856.7600000000002,1676340300.0
1676371500,1856.26,1676374200.0
1676379600,1867.1800000000003,1676381400.0
1676381400,1866.1099999999994,1676381400.0
1676383500,1848.9,1676384700.0
1676387700,1879.5100000000002,1678658400.0
1676389800,1843.2300000000007,1676442600.0
1676400600,1862.5600000000004,1678461600.0
1676403600,1839.73,1676446200.0
1676405100,1859.1999999999998,1676426700.0
1676416800,1852.0700000000002,1676430000.0
1676418900,1857.08,1676424600.0
1676422200,1856.6199999999994,1676423400.0
1676428800,1852.9699999999998,1676428800.0
1676463000,1837.5000000000002,1676469000.0
1676465400,1831.25,1676475900.0
1676466900,1833.1200000000006,1676467800.0
1676469000,1843.65,1676535300.0
1676470800,1830.24,1676555100.0
1676472600,1831.7700000000004,1676475600.0
1676474100,1838.7800000000007,1676511000.0
1676475300,1823.7,1676615400.0
1676476800,1838.0300000000007,1676495100.0
1676477400,1827.4,1676599200.0
1676480400,1841.6599999999994,1676511600.0
1676481300,1831.4399999999996,1676555100.0
1676482800,1836.42,1676487600.0
1676483400,1829.0799999999997,1676555100.0
1676485800,1838.9400000000003,1676511000.0
1676487900,1841.0600000000004,1676511000.0
1676492400,1836.3599999999997,1676493600.0
1676507400,1834.2899999999997,1676529000.0
1676509800,1841.1000000000004,1676511000.0
1676525400,1835.7200000000003,1676526300.0
1676533800,1841.34,1676534700.0
1676537700,1832.8099999999995,1676555100.0
1676542500,1838.1600000000003,1676543700.0
1676546100,1835.7599999999998,1676548200.0
1676551800,1840.31,1676565900.0
1676554500,1814.42,1677245400.0
1676565600,1847.5600000000002,1677840000.0
1676566800,1835.1700000000003,1676588400.0
1676567700,1842.9299999999998,1676568300.0
1676581800,1829.25,1676598900.0
1676632200,1825.2899999999997,1676635800.0
1676635200,1827.9799999999998,1676637600.0
1676670300,1837.2899999999997,1676851500.0
1676829600,1845.3399999999992,1676829600.0
1676844000,1846.09,1676844000.0
1676860500,1847.0000000000005,1676880000.0
1676861100,1838.6300000000003,1676949300.0
1676862000,1841.5600000000002,1676862600.0
1676865900,1849.1799999999998,1677869400.0
1676882100,1841.22,1676883000.0
1676884800,1848.47,1677842100.0
1676887200,1839.83,1676949000.0
1676887800,1847.8600000000001,1677842100.0
1676888400,1841.0299999999997,1676914800.0
1676889600,1844.6799999999998,1676891700.0
1676890200,1838.7699999999998,1676949000.0
1676894400,1839.9999999999998,1676949000.0
1676897700,1845.08,1676899500.0
1676898900,1841.49,1676913000.0
1676899500,1845.4,1676899500.0
1676900100,1838.9399999999996,1676949000.0
1676901000,1848.56,1677842100.0
1676906700,1841.7199999999996,1676913000.0
1676911800,1844.21,1677069000.0
1676912400,1841.1799999999998,1676913900.0
1676939400,1844.1499999999999,1677069000.0
1676942100,1843.5599999999995,1676990100.0
1676944200,1845.72,1677834300.0
1676948700,1840.0200000000004,1676949000.0
1676984100,1834.4099999999999,1676985000.0
1676985300,1838.3800000000006,1676988000.0
1676985900,1839.6099999999997,1676988900.0
1676999700,1824.3500000000004,1677096000.0
1677001500,1839.7699999999995,1677052800.0
1677003000,1832.5899999999997,1677004800.0
1677011400,1833.6800000000005,1677015000.0
1677013800,1840.44,1677052800.0
1677015600,1831.4400000000003,1677085200.0
1677021900,1837.3200000000002,1677027600.0
1677030600,1839.3099999999995,1677052500.0
1677037500,1830.4500000000003,1677091500.0
1677038100,1838.8199999999997,1677052200.0
1677039300,1831.4399999999998,1677085200.0
1677042900,1831.1599999999996,1677085500.0
1677043800,1831.4000000000003,1677085500.0
1677046500,1834.69,1677049800.0
1677048000,1830.78,1677091500.0
1677051300,1839.51,1677052500.0
1677054900,1833.1600000000005,1677058500.0
1677059100,1837.7500000000007,1677064200.0
1677061200,1831.13,1677085500.0
1677064500,1848.19,1677842100.0
1677067200,1835.42,1677076800.0
1677068100,1842.0499999999993,1677068700.0
1677079800,1822.0700000000006,1677159000.0
1677081300,1831.6100000000006,1677085200.0
1677114000,1827.3099999999995,1677116400.0
1677115200,1821.7400000000002,1677159000.0
1677115800,1828.1000000000004,1677117000.0
1677136800,1828.1799999999996,1677139200.0
1677137700,1835.1400000000006,1677653100.0
1677140400,1829.5899999999997,1677162000.0
1677141600,1826.11,1677143100.0
1677156000,1821.9700000000005,1677159000.0
1677156600,1830.6199999999997,1677605400.0
1677158700,1819.5399999999997,1677159600.0
1677161700,1832.71,1677651300.0
1677162600,1820.8999999999999,1677167100.0
1677164400,1826.0399999999997,1677164400.0
1677175500,1815.2399999999996,1677243600.0
1677181800,1826.4600000000005,1677200400.0
1677214800,1822.1700000000005,1677223800.0
1677219300,1821.9899999999996,1677223800.0
1677222000,1828.2200000000007,1677603600.0
1677223200,1820.62,1677225600.0
1677265200,1805.51,
1677267900,1812.48,1677268800.0
1677268800,1812.9100000000005,1677269400.0
1677270900,1808.4600000000003,1677469200.0
1677274800,1809.8500000000004,1677467400.0
1677434400,1813.0700000000004,1677434400.0
1677462600,1819.7600000000007,1677510900.0
1677467100,1807.97,1677469200.0
1677483600,1810.5600000000002,1677483900.0
1677488700,1806.1,1677572100.0
1677490500,1813.11,1677500100.0
1677493200,1810.9799999999996,1677495000.0
1677494100,1812.4399999999996,1677499800.0
1677500400,1808.5699999999997,1677571500.0
1677503700,1818.16,1677509700.0
1677522600,1813.1800000000003,1677558900.0
1677523500,1820.87,1677596400.0
1677526200,1823.3400000000006,1677596400.0
1677528600,1823.0000000000002,1677596400.0
1677531600,1814.2299999999993,1677556800.0
1677532200,1815.0500000000006,1677556500.0
1677533100,1813.6299999999997,1677558900.0
1677541800,1813.2300000000002,1677558900.0
1677547800,1819.8800000000006,1677596400.0
1677549000,1820.3599999999997,1677596400.0
1677552300,1820.9900000000002,1677596400.0
1677554400,1814.4600000000003,1677556500.0
1677587100,1813.07,1677592200.0
1677588000,1811.7999999999997,1677592200.0
1677590400,1805.1700000000003,
1677593100,1818.5900000000004,1677595800.0
1677617700,1825.62,1677628500.0
1677618600,1824.9600000000003,1677628800.0
1677636000,1830.08,1677640800.0
1677663000,1836.3100000000002,1677669300.0
1677665700,1839.4900000000002,1677675300.0
1677666300,1834.17,1677668100.0
1677667800,1829.2900000000006,1678201200.0
1677669000,1837.2000000000003,1677669900.0
1677676500,1840.6699999999998,1677681300.0
1677684600,1851.9600000000003,1677871800.0
1677689100,1844.15,1677826200.0
1677692400,1840.8899999999999,1677805800.0
1677694800,1832.7699999999995,1677721200.0
1677695700,1842.6699999999994,1677825600.0
1677697200,1836.3600000000001,1677705300.0
1677699000,1834.62,1677720600.0
1677703500,1832.7299999999993,1677721200.0
1677711900,1840.6499999999999,1677805500.0
1677713100,1839.0800000000004,1677801600.0
1677714600,1832.1599999999999,1677721200.0
1677737700,1830.64,1677741300.0
1677751500,1824.58,1678202400.0
1677757500,1840.58,1677805500.0
1677760800,1827.9099999999999,1678201200.0
1677763500,1841.52,1677824100.0
1677764700,1819.2,1678204200.0
1677765600,1838.9000000000003,1677801600.0
1677772500,1833.0,1677777300.0
1677773100,1838.1800000000003,1677775200.0
1677779700,1836.3999999999996,1677782100.0
1677781200,1829.0599999999995,1678201200.0
1677782700,1827.66,1678201200.0
1677783900,1832.0600000000004,1678199700.0
1677785400,1835.2100000000005,1677785700.0
1677788400,1832.9800000000002,1678197600.0
1677789300,1837.45,1677789300.0
1677789900,1833.2200000000003,1678197600.0
1677792000,1840.2799999999993,1677801600.0
1677816600,1838.1399999999999,1677816900.0
1677820500,1834.4999999999995,1678195500.0
1677822900,1841.3800000000006,1677824100.0
1677848100,1846.9899999999998,1677849600.0
1677852000,1851.9199999999996,1677871800.0
1677852900,1842.3400000000001,1677855000.0
1677861900,1848.18,1677862500.0
1677864600,1842.1199999999997,1678189200.0
1677865500,1843.9099999999999,1678182600.0
1677869100,1855.62,1677874200.0
1678064100,1848.8300000000006,1678102500.0
1678071900,1856.0000000000002,1678075800.0
1678086600,1856.5699999999995,1678088100.0
1678091100,1853.27,1678091400.0
1678092300,1855.8100000000002,1678458900.0
1678092900,1851.11,1678096200.0
1678094100,1850.3699999999994,1678100100.0
1678112400,1856.9100000000005,1678459200.0
1678114500,1860.28,1678460400.0
1678121100,1848.5600000000002,1678125000.0
1678121700,1853.7700000000004,1678458900.0
1678122900,1855.0900000000006,1678458900.0
1678124100,1848.0299999999993,1678126200.0
1678149900,1847.1000000000001,1678152600.0
1678150800,1842.0500000000006,1678189200.0
1678152300,1841.6000000000004,1678189500.0
1678153200,1853.0799999999997,1678458900.0
1678162800,1850.2800000000002,1678173900.0
1678169100,1844.2299999999998,1678182600.0
1678174200,1856.3099999999995,1678458900.0
1678177500,1843.1699999999998,1678183200.0
1678178400,1841.6299999999997,1678189500.0
1678233600,1812.5299999999997,1678235100.0
1678256400,1816.1999999999998,1678274400.0
1678257000,1815.9900000000005,1678274100.0
1678277700,1812.82,1678281300.0
1678278600,1817.1,1678285800.0
1678279800,1817.98,1678286700.0
1678281600,1807.26,
1678283700,1811.01,1696596300.0
1678284900,1815.8300000000002,1678285800.0
1678286400,1820.0599999999995,1678287000.0
1678300500,1820.7399999999993,1678368600.0
1678301400,1811.7299999999996,1696595400.0
1678317300,1809.7300000000005,
1678319100,1818.8,1678351200.0
1678323300,1810.7499999999995,1696596300.0
1678325100,1818.1799999999998,1678351200.0
1678326000,1810.9099999999996,1696596300.0
1678331100,1808.8100000000002,
1678340100,1820.7800000000004,1678368600.0
1678346100,1817.0000000000007,1678350900.0
1678366200,1814.7300000000002,1696300500.0
1678368300,1822.9899999999996,1678369200.0
1678389000,1829.2399999999993,1678392900.0
1678389600,1835.73,1678435200.0
1678391700,1825.3199999999997,1696288200.0
1678392300,1834.76,1678408200.0
1678405200,1828.8800000000003,1678415400.0
1678407900,1834.76,1678408200.0
1678412400,1828.83,1678415400.0
1678413600,1833.4500000000003,1678432800.0
1678415100,1827.99,1678418100.0
1678428000,1835.42,1678435200.0
1678429200,1829.2800000000004,1696255800.0
1678430700,1835.64,1678435200.0
1678450200,1831.73,1696239000.0
1678451100,1837.7500000000005,1678455000.0
1678453200,1835.1999999999998,1678453200.0
1678455600,1867.4299999999996,1678480500.0
1678476600,1858.84,1695914100.0
1678478700,1866.9700000000003,1678480500.0
1678673700,1867.95,1695912000.0
1678676400,1896.5200000000002,1678710300.0
1678677000,1881.17,1678683300.0
1678679100,1889.1800000000003,1678699500.0
1678689000,1876.7399999999998,1678689900.0
1678699200,1889.56,1678699800.0
1678734300,1903.9199999999996,1678764600.0
1678735200,1913.88,1678736400.0
1678746000,1906.8899999999999,1678757700.0
1678748100,1911.28,1678750200.0
1678749600,1913.5999999999997,1678755000.0
1678750200,1914.8799999999994,1678879800.0
1678751700,1917.5,1678879800.0
1678753200,1913.7600000000004,1678755000.0
1678754100,1907.2899999999997,1678757700.0
1678775100,1934.0700000000002,1678897500.0
1678784100,1909.9499999999996,1678797000.0
1678785600,1907.0800000000002,1678795500.0
1678786500,1906.9199999999996,1678795500.0
1678787400,1897.6099999999997,1678801500.0
1678797600,1923.2700000000002,1678881900.0
1678801200,1894.7400000000002,1678867200.0
1678802700,1911.7399999999998,1678879500.0
1678803900,1897.1299999999997,1678865700.0
1678805100,1912.8000000000002,1678879800.0
1678810200,1898.7900000000004,1678861200.0
1678813800,1911.0400000000002,1678879500.0
1678815300,1903.5,1678823400.0
1678816500,1910.0800000000002,1678879500.0
1678820700,1901.7499999999995,1678823700.0
1678825500,1905.54,1678875000.0
1678826700,1902.4699999999993,1678838400.0
1678842000,1902.3600000000001,1678842000.0
1678844100,1909.58,1678879500.0
1678847400,1902.9299999999998,1678851300.0
1678849200,1908.1399999999994,1678876800.0
1678849800,1901.9800000000005,1678852200.0
1678853400,1906.6399999999996,1678875900.0
1678856100,1902.4899999999998,1678874700.0
1678857000,1898.0,1678865700.0
1678875000,1921.4399999999994,1678881600.0
1678900800,1917.6499999999996,1678904700.0
1678902600,1935.6799999999998,1679052300.0
1678904700,1917.1000000000001,1678905000.0
1678923900,1923.8800000000003,1678926600.0
1678929000,1885.25,1692293400.0
1678943400,1918.1200000000001,1678945200.0
1678979100,1930.6100000000001,1679028900.0
1678979700,1914.3200000000004,1678981200.0
1678995300,1926.0600000000002,1679020500.0
1678999500,1922.3600000000001,1679017800.0
1679013900,1918.0800000000004,1687443600.0
1679015400,1922.2400000000002,1679017800.0
1679043000,1921.64,1687354500.0
1679045100,1934.0399999999995,1679052000.0
1679047200,1938.2699999999998,1679055600.0
1679049900,1925.7900000000002,1687354500.0
1679052600,1942.0600000000002,1679056200.0
1679268000,1972.2099999999996,1679273700.0
1679271000,1975.0400000000002,1679272800.0
1679272500,1974.0699999999997,1679273100.0
1679287800,1977.34,1679291100.0
1679307600,1964.4699999999998,1679385900.0
1679332200,1966.8000000000006,1679385900.0
1679333700,1970.96,1679385300.0
1679335500,1982.7600000000007,1679337300.0
1679344800,1982.82,1679367000.0
1679354700,1972.9,1679380200.0
1679360400,1987.8199999999995,1679587800.0
1679375700,1980.3899999999999,1679376300.0
1679376900,1987.0800000000004,1679587800.0
1679378400,1985.1999999999998,1679584800.0
1679379900,1972.5099999999998,1679380500.0
1679437200,1943.5799999999995,1679441100.0
1679452500,1934.7099999999998,1679469900.0
1679453100,1935.0799999999997,1679469900.0
1679466900,1945.5,1679494200.0
1679468100,1945.15,1679473800.0
1679469000,1934.6099999999994,1685424000.0
1679474400,1952.5100000000002,1679508000.0
1679481600,1939.3700000000001,1679488500.0
1679482200,1947.5899999999997,1679496300.0
1679483400,1944.9399999999998,1679494200.0
1679487900,1933.1200000000003,1685425500.0
1679492400,1936.0900000000001,1685423700.0
1679494200,1946.5500000000004,1679496300.0
1679529300,1965.7499999999998,1679908800.0
1679530500,1978.8199999999997,1679549400.0
1679533200,1968.57,1679534100.0
1679535300,1973.8600000000004,1679538300.0
1679536200,1971.9399999999998,1679538000.0
1679560200,1979.9599999999998,1679567100.0
1679561400,1984.06,1679579700.0
1679562900,1973.8,1679574900.0
1679563500,1979.4099999999999,1679566800.0
1679564100,1973.5500000000004,1679574900.0
1679565600,1985.75,1679584800.0
1679567400,1975.0200000000002,1679574600.0
1679568300,1984.11,1679579700.0
1679569500,1970.2600000000002,1679575200.0
1679570400,1978.9999999999998,1679574000.0
1679572200,1981.3099999999997,1679579400.0
1679573400,1974.2600000000007,1679574900.0
1679575800,1960.3999999999994,1679909400.0
1679578500,1988.8499999999997,1679588100.0
1679582100,2000.6000000000001,1679594700.0
1679584200,1983.65,1679584500.0
1679604600,1988.83,1679635200.0
1679610300,1987.28,1679638800.0
1679625600,1994.9800000000002,1679652000.0
1679627400,1986.74,1679638800.0
1679628900,1994.8599999999997,1679652000.0
1679630400,1999.4399999999996,1679652900.0
1679632800,1990.69,1679633100.0
1679633700,1993.1400000000003,1679634000.0
1679634600,1984.9299999999996,1679639400.0
1679636100,1994.6200000000003,1679651700.0
1679637300,1986.3700000000001,1679639100.0
1679652600,2020.6000000000001,1680617700.0
1679666700,2002.92,1680789300.0
1679667300,2002.2399999999996,1680616800.0
1679667900,1987.9800000000007,1679672700.0
1679669700,2001.97,1680616800.0
1679671500,2007.7999999999995,1680617100.0
1679673000,1980.6299999999997,1679678700.0
1679879700,1983.5,1680194700.0
1679881200,1967.98,1679897400.0
1679883300,1977.1,1680192000.0
1679887200,1973.5899999999992,1679892600.0
1679889000,1969.8599999999994,1679896500.0
1679891400,1973.8400000000004,1679891700.0
1679892300,1970.0299999999997,1679896500.0
1679927100,1964.41,1680006000.0
1679936100,1965.3899999999999,1680006900.0
1679943900,1962.0599999999997,1679966700.0
1679945100,1954.6499999999999,1679983800.0
1679945700,1960.5500000000004,1679965500.0
1679946900,1952.3600000000001,1679987400.0
1679947800,1956.15,1679949900.0
1679949600,1952.42,1679987400.0
1679956500,1960.52,1679965500.0
1679978100,1952.4900000000007,1679987400.0
1679979300,1953.5300000000002,1679985300.0
1680000600,1964.2400000000005,1680006000.0
1680044700,1969.6599999999999,1680052200.0
1680047100,1965.8999999999999,1680060000.0
1680081000,1969.1400000000003,1680100500.0
1680083700,1970.2499999999993,1680100800.0
1680095400,1959.9700000000003,1680105300.0
1680097800,1974.9799999999998,1680192000.0
1680098700,1954.3600000000004,1680490500.0
1680099600,1961.7500000000005,1680105300.0
1680100800,1975.2399999999998,1680192000.0
1680102300,1962.7300000000002,1680105300.0
1680104700,1971.6199999999994,1680179100.0
1680105600,1946.2200000000003,1685018100.0
1680110100,1967.5799999999997,1680111300.0
1680112200,1978.4300000000003,1680192300.0
1680117300,1968.6600000000005,1680157800.0
1680118800,1961.0700000000002,1680136500.0
1680120300,1964.8400000000004,1680155700.0
1680122100,1967.2000000000003,1680156600.0
1680123300,1960.1500000000003,1680138300.0
1680129000,1963.2,1680131700.0
1680154200,1965.9699999999993,1680156000.0
1680174300,1970.6700000000005,1680174900.0
1680176400,1974.6399999999994,1680179400.0
1680183600,1960.08,1680474000.0
1680184200,1969.0400000000002,1680186000.0
1680185100,1961.4400000000005,1680473400.0
1680188100,1974.3999999999996,1680189000.0
1680209700,1975.2099999999998,1680249000.0
1680216000,1975.7200000000005,1680248100.0
1680218400,1976.3099999999997,1680248100.0
1680226500,1990.0600000000002,1680535800.0
1680240000,1977.9899999999998,1680240300.0
1680243300,1983.3000000000002,1680245700.0
1680246900,1978.7700000000004,1680247500.0
1680255600,1972.99,1680283200.0
1680256500,1973.4299999999998,1680282900.0
1680261900,1983.8500000000006,1680265800.0
1680267000,1990.26,1680535800.0
1680271800,1976.4099999999999,1680272700.0
1680272700,1981.43,1680530400.0
1680273900,1970.7000000000003,1680283500.0
1680282000,1969.0399999999995,1680283500.0
1680505500,1962.44,1680508800.0
1680548100,1978.2300000000005,1680573300.0
1680550200,1975.9799999999996,1681896600.0
1680560100,1988.34,1680615000.0
1680561000,1985.4700000000005,1680613200.0
1680562800,1979.0600000000002,1680573000.0
1680563700,1983.32,1680567300.0
1680564900,1986.4999999999993,1680614700.0
1680567900,1980.5100000000002,1680572100.0
1680591900,1976.81,1681896600.0
1680593700,1976.36,1681896600.0
1680594900,1990.4100000000005,1680615600.0
1680606600,1979.7000000000003,1680606900.0
1680608700,1983.4600000000003,1680609900.0
1680610200,1991.5899999999997,1680615600.0
1680611100,1977.7400000000002,1681893600.0
1680612000,1989.5700000000002,1680615000.0
1680633300,2015.54,1680705000.0
1680635400,2025.2999999999997,1680675600.0
1680636300,2023.0100000000002,1680650700.0
1680639900,2016.68,1680705000.0
1680642000,2014.8200000000002,1680705000.0
1680646800,2027.2799999999997,1680679500.0
1680653400,2019.5100000000004,1680655200.0
1680654000,2026.5000000000002,1680679500.0
1680655200,2019.5199999999998,1680655200.0
1680658200,2014.4699999999998,1680705000.0
1680659700,2024.82,1680662700.0
1680660900,2023.1600000000003,1680662100.0
1680665700,2015.98,1680705000.0
1680666900,2025.4599999999998,1680675600.0
1680677400,2020.7,1680703800.0
1680678900,2035.4600000000005,1681389600.0
1680685200,2016.2000000000003,1680705000.0
1680687900,2025.9,1680696900.0
1680690300,2018.2199999999996,1680705000.0
1680697200,2042.73,1681390200.0
1680703200,2028.3099999999995,1680703200.0
1680704100,2037.8300000000002,1681389900.0
1680705900,2006.9100000000008,1680788400.0
1680711300,2011.9199999999998,1680746400.0
1680719700,2027.26,1681373700.0
1680725100,2013.8500000000001,1680743100.0
1680727200,2016.6000000000004,1680742800.0
1680732900,2016.2500000000005,1680742800.0
1680734100,2013.5800000000002,1680743100.0
1680759300,2023.1000000000004,1681302600.0
1680781800,2014.9500000000005,1680784500.0
1680783300,2022.0800000000004,1681302600.0
1680786000,1996.4100000000008,1681077900.0
1680802200,2005.3,1681074000.0
1680804900,2012.92,1681066800.0
1680806700,2007.88,1680808200.0
1681077900,1918.2499999999995,1687443600.0
1681093800,1985.5599999999995,1681137300.0
1681108200,1995.8100000000004,1681108200.0
1681130100,2010.0300000000007,1681263300.0
1681131600,1977.7300000000002,1681893600.0
1681146300,1993.2099999999996,1681171200.0
1681149000,1992.7600000000002,1681171200.0
1681150200,1983.9400000000003,1681742700.0
1681151700,1993.22,1681171200.0
1681165500,1990.02,1681176300.0
1681166400,1992.7800000000007,1681171200.0
1681176000,1989.41,1681176300.0
1681177500,1984.9699999999998,1681742700.0
1681179600,2011.6799999999996,1681263600.0
1681212300,1998.0099999999998,1681218300.0
1681215900,1995.7600000000004,1681218600.0
1681223400,2013.14,1681263900.0
1681224300,1994.45,1681484400.0
1681225800,2005.8100000000002,1681226100.0
1681242900,2002.3,1681245600.0
1681245000,1997.7800000000004,1681484400.0
1681251300,2006.0799999999997,1681262100.0
1681252500,2002.83,1681261500.0
1681257300,2008.7600000000007,1681262700.0
1681258800,2001.3399999999997,1681307100.0
1681261200,2006.93,1681262400.0
1681262100,2012.72,1681263600.0
1681281300,2007.51,1681300200.0
1681282500,2018.57,1681302600.0
1681284000,2009.31,1681289700.0
1681304700,2086.2400000000002,1701645300.0
1681306800,2007.2499999999998,1681306800.0
1681309800,2005.53,1681310100.0
1681312500,2014.13,1681322700.0
1681313400,1998.36,1681484100.0
1681316400,2011.9500000000003,1681321500.0
1681317000,2002.28,1681483500.0
1681320000,2000.4999999999995,1681483800.0
1681322100,2014.9500000000005,1681323300.0
1681344900,2014.8599999999997,1681481100.0
1681346700,2021.4600000000003,1681368000.0
1681357500,2013.9599999999996,1681481100.0
1681358400,2014.13,1681481100.0
1681359900,2021.2700000000002,1681367100.0
1681361100,2013.8000000000002,1681481100.0
1681362300,2020.27,1681367100.0
1681364100,2011.7399999999996,1681481700.0
1681366500,2024.5099999999998,1681371300.0
1681367100,2021.99,1681368000.0
1681405200,2035.6399999999999,1681459500.0
1681409100,2038.6099999999994,1681411200.0
1681411500,2044.1800000000003,1681435500.0
1681414200,2035.4800000000002,1681459500.0
1681416300,2043.9799999999996,1681435200.0
1681425000,2036.79,1681457100.0
1681429800,2042.2099999999998,1681432800.0
1681448400,2041.0600000000006,1681449600.0
1681449600,2043.55,1681452300.0
1681451700,2034.26,1681459800.0
1681474500,2037.0400000000004,1681475100.0
1681476000,2021.3099999999997,1681476300.0
1681499700,2011.3999999999996,1681710600.0
1681682700,2008.0200000000002,1681710300.0
1681684500,1999.5999999999997,1681693500.0
1681686300,1998.9,1681693500.0
1681696800,2008.8600000000004,1681710300.0
1681697700,2012.06,1681710600.0
1681701300,2008.22,1681710300.0
1681725600,2006.8200000000002,1681728900.0
1681755600,2000.3999999999999,1681786500.0
1681770600,1989.2199999999996,1681885500.0
1681772100,1990.1600000000003,1681884900.0
1681773300,1991.5699999999997,1681824600.0
1681773900,1997.2000000000003,1681781700.0
1681775700,1989.9299999999998,1681884900.0
1681779000,1990.2399999999998,1681884900.0
1681781700,2000.8199999999997,1681786800.0
1681801800,1994.96,1681824300.0
1681802700,2007.54,1681826700.0
1681812000,1997.3999999999999,1681824000.0
1681812900,2002.6099999999994,1681812900.0
1681820100,2001.7499999999998,1681822200.0
1681821000,2011.6000000000001,1681999500.0
1681822800,1996.8600000000001,1681824000.0
1681826700,2009.07,1681826700.0
1681842900,1998.5599999999995,1681884300.0
1681857900,2007.1399999999999,1681865700.0
1681863900,2003.1400000000003,1681867200.0
1681864800,2006.1399999999999,1681865700.0
1681867200,2000.8999999999999,1681883400.0
1681871700,2007.0200000000004,1681993800.0
1681874400,1997.9000000000003,1681884300.0
1681908600,1981.36,1681909200.0
1681942500,1995.3399999999995,1681943700.0
1681946400,1991.7,1681959300.0
1681952400,2002.8399999999997,1681986600.0
1681953600,1985.45,1682058600.0
1681954200,2001.4799999999996,1681986600.0
1681957500,1991.1399999999999,1681959300.0
1681971900,2006.3200000000004,1681993800.0
1682004000,1990.8900000000006,1682058300.0
1682004600,2009.21,1683038100.0
1682008800,1999.9099999999999,1682051400.0
1682010300,2012.1099999999997,1683038700.0
1682014800,2001.2600000000004,1682040600.0
1682016000,2001.4899999999998,1682036100.0
1682016600,2000.8099999999995,1682040600.0
1682017800,2010.9500000000003,1683038400.0
1682020800,2006.9800000000002,1682515500.0
1682022900,2000.8400000000004,1682040600.0
1682038500,2009.2400000000002,1683038100.0
1682039400,2000.09,1682051400.0
1682073300,1991.8900000000003,1682073300.0
1682075400,1982.5299999999995,1682079600.0
1682076600,1992.4999999999995,1682082900.0
1682079600,1975.5599999999997,1682085000.0
1682082600,2007.8199999999997,1682515500.0
1682085900,1927.5200000000002,1686831900.0
1682100900,1987.4800000000002,1682276400.0
1682103900,1984.4600000000005,1682276400.0
1682296800,1978.8400000000004,1682301600.0
1682297700,1985.2600000000002,1682327100.0
1682298600,1991.2599999999998,1682373600.0
1682300400,1980.5599999999997,1682301300.0
1682304300,1980.6600000000008,1682304600.0
1682316600,1988.8500000000004,1682355900.0
1682317800,1978.1499999999994,1682318700.0
1682319300,1971.78,1684413000.0
1682321100,1982.88,1682321100.0
1682339700,1994.4299999999998,1682379600.0
1682341200,1979.8300000000002,1682343300.0
1682347800,1980.2300000000005,1682420400.0
1682349300,1987.4199999999998,1682353800.0
1682349900,1978.77,1682422500.0
1682351400,1987.2400000000002,1682353800.0
1682395500,1987.3100000000002,1682412600.0
1682405400,1997.1000000000004,1682407200.0
1682406300,1989.8500000000004,1682408400.0
1682406900,1998.8900000000003,1682445300.0
1682408400,1990.84,1682408400.0
1682428200,1999.6699999999996,1682445600.0
1682430000,1973.2400000000007,1684397700.0
1682432400,1969.6700000000005,1684413000.0
1682433900,1998.8600000000004,1682445300.0
1682442300,1987.5400000000002,1682525700.0
1682443200,1996.88,1682444700.0
1682465100,1994.0800000000006,1682479800.0
1682465700,2000.7700000000007,1682466000.0
1682470200,1994.2800000000004,1682479800.0
1682472900,2002.3599999999994,1682515200.0
1682479500,1992.3999999999996,1682509200.0
1682487000,1999.9,1682501100.0
1682488800,1987.9,1682525700.0
1682491500,2003.8000000000004,1682515200.0
1682492700,1994.1700000000003,1682509200.0
1682494200,2001.4300000000003,1682515200.0
1682511300,1989.8299999999997,1682525100.0
1682512200,2007.5399999999997,1682515500.0
1682513100,1992.3,1682524800.0
1682513700,1999.0600000000002,1682514000.0
1682517900,1982.4699999999993,1682601300.0
1682518800,2008.1300000000003,1683037800.0
1682520300,2005.45,1683037800.0
1682521500,1992.0100000000002,1682524800.0
1682524500,1986.3000000000002,1682526000.0
1682541000,1993.3400000000006,1682559300.0
1682555100,1988.06,1682598900.0
1682557800,1997.8800000000006,1682563200.0
1682581800,1997.4600000000003,1682584200.0
1682583300,2003.9200000000003,1682944500.0
1682585100,1997.3499999999995,1682587500.0
1682590500,2001.4699999999996,1682944500.0
1682593800,1996.3900000000006,1682596500.0
1682614500,1980.0599999999995,1682670000.0
1682615100,1986.5100000000004,1682615400.0
1682634600,1983.6200000000001,1682661000.0
1682646000,2004.2800000000004,1682945700.0
1682662200,1974.9399999999996,1684396500.0
1682680500,1985.0099999999995,1682685000.0
1682682300,1986.67,1682687700.0
1682683500,1981.3899999999994,1682684100.0
1682684400,1984.7700000000002,1682685000.0
1682686200,1986.8799999999997,1682688300.0
1682687100,1975.1599999999999,1684396500.0
1682688300,1990.6799999999998,1682692500.0
1682692200,1991.6199999999997,1682692500.0
1682708400,1986.6199999999997,1682898600.0
1682710200,1987.5100000000004,1682710500.0
1682892300,1992.9900000000002,1682943600.0
1682893800,1987.0199999999995,1682897700.0
1682920800,1981.2399999999998,1682920800.0
1682933400,1983.3200000000002,1682934000.0
1682951400,1995.5299999999997,1683036300.0
1682952000,1977.1899999999998,1684331700.0
1682973900,1974.8399999999997,1684396500.0
1682979000,1985.2000000000005,1683008700.0
1682979900,1978.2299999999993,1684331700.0
1682980500,1985.7799999999997,1683030600.0
1682983500,1983.18,1682986200.0
1682984100,1981.4499999999994,1682985000.0
1682985000,1980.7900000000002,1683013500.0
1682985900,1985.3799999999997,1683010800.0
1682997000,1978.4899999999996,1684331700.0
1682998500,1979.4299999999998,1683014700.0
1683000300,1985.8600000000001,1683028500.0
1683001500,1978.35,1684331700.0
1683002700,1979.2400000000007,1683014700.0
1683004800,1984.18,1683007500.0
1683006000,1979.0900000000001,1683014700.0
1683007200,1983.9199999999996,1683007500.0
1683012300,1984.65,1683033000.0
1683013800,1975.7299999999996,1684332000.0
1683025800,2016.7000000000003,1683043500.0
1683058800,2020.2799999999997,1683125400.0
1683060600,2021.6799999999996,1683125700.0
1683066300,2021.4400000000003,1683125700.0
1683072300,2011.5599999999997,1683116100.0
1683072900,2018.3799999999997,1683081300.0
1683073500,2017.5199999999995,1683077100.0
1683074700,2011.31,1683116100.0
1683076800,2019.9799999999996,1683125400.0
1683077400,2012.9099999999999,1683116100.0
1683078300,2021.8000000000006,1683125700.0
1683090600,2010.2500000000002,1683116100.0
1683092700,2011.6199999999997,1683116100.0
1683097500,2013.0699999999995,1683099600.0
1683105300,2017.3799999999999,1683120000.0
1683111900,2009.2600000000004,1683116100.0
1683114000,2018.3200000000002,1683120300.0
1683116400,1994.7400000000007,1684253100.0
1683120000,2016.77,1683120000.0
1683121500,2011.65,1683290400.0
1683123300,2007.3600000000001,1683292800.0
1683126600,2026.57,1683127500.0
1683141300,2026.2900000000002,1683141600.0
1683142800,2028.48,1683143400.0
1683166200,2041.5099999999995,1683167700.0
1683198300,2046.8400000000006,1683208800.0
1683206400,2028.4199999999996,1683289800.0
1683207300,2039.7799999999995,1683207600.0
1683225300,2041.2000000000007,1683272100.0
1683228300,2054.4000000000005,1701447000.0
1683230400,2044.83,1683267600.0
1683232200,2051.629999999999,1683250200.0
1683233700,2045.5999999999995,1683253800.0
1683240000,2054.6800000000003,1701447000.0
1683244800,2045.2600000000007,1683267600.0
1683246300,2052.699999999999,1683250500.0
1683249600,2054.11,1701447000.0
1683250200,2052.4000000000005,1683250500.0
1683253200,2055.02,1701447000.0
1683254100,2042.61,1683271200.0
1683257700,2051.749999999999,1701444000.0
1683262200,2045.2600000000007,1683267600.0
1683270600,2043.0700000000002,1683271200.0
1683305700,2022.68,1683517500.0
1683319800,2011.9500000000005,1683813300.0
1683493200,2016.9400000000005,1683493200.0
1683497100,1912.4499999999998,1687448100.0
1683499200,2013.6000000000001,1683813000.0
1683501900,2020.8799999999999,1683513000.0
1683504300,2013.4099999999999,1683813000.0
1683507000,2013.8899999999994,1683813000.0
1683507600,2013.2400000000002,1683813000.0
1683508200,2019.8700000000003,1683513000.0
1683509100,2021.0400000000004,1683514200.0
1683510600,2021.3600000000004,1683516000.0
1683512100,2020.6000000000004,1683513000.0
1683532200,2019.4900000000002,1683552900.0
1683539700,2026.6299999999999,1683549900.0
1683552000,2016.9799999999998,1683813000.0
1683554100,2030.6400000000003,1683629400.0
1683556200,2029.7300000000002,1683627300.0
1683558600,2021.76,1683568800.0
1683559200,2028.54,1683560400.0
1683570000,2012.8799999999999,1683813300.0
1683587700,2019.4599999999996,1683591000.0
1683589200,2024.8999999999999,1683604500.0
1683590400,2019.9100000000005,1683590700.0
1683594600,2027.3999999999999,1683609300.0
1683615600,2020.63,1683812700.0
1683616800,2024.7400000000005,1683618300.0
1683620100,2017.0900000000001,1683813000.0
1683623400,2029.5000000000002,1683627300.0
1683624600,2022.69,1683637500.0
1683626100,2032.1,1683630000.0
1683637200,2022.8500000000001,1683637500.0
1683638400,2020.5499999999993,1683812700.0
1683640500,2035.8299999999995,1683652500.0
1683641400,2022.2900000000004,1683731400.0
1683649800,2027.2099999999998,1683700200.0
1683650400,2035.2399999999993,1683652500.0
1683671100,2033.3600000000006,1683683400.0
1683672000,2032.17,1683684300.0
1683674400,2041.94,1683721800.0
1683675900,2035.98,1683676200.0
1683676800,2039.52,1683721800.0
1683682200,2032.6,1683684000.0
1683702000,2026.7300000000007,1683707700.0
1683706200,2027.7800000000002,1683707400.0
1683713700,2033.05,1683721800.0
1683716100,2030.6400000000003,1683716400.0
1683717000,2031.3999999999999,1683717000.0
1683719100,2028.1200000000006,1683719400.0
1683722100,2100.8100000000004,1701645600.0
1683730200,2022.04,1683731400.0
1683737400,2020.8299999999995,1683812700.0
1683744600,2039.0199999999995,1683808200.0
1683758100,2028.97,1683787200.0
1683759600,2031.7099999999998,1683759600.0
1683762300,2024.8900000000006,1683788700.0
1683764100,2034.3000000000004,1683765900.0
1683779100,2026.4100000000003,1683788700.0
1683786600,2029.2900000000002,1683786900.0
1683803100,2033.5200000000004,1683803400.0
1683813600,2002.1299999999999,1683884400.0
1683828300,2017.5999999999997,1683896700.0
1683828900,2008.23,1683872100.0
1683836100,2009.2100000000003,1683858900.0
1683838800,2011.0,1683855000.0
1683844500,2019.9600000000005,1683899100.0
1683852000,2012.9399999999996,1683855300.0
1683852900,2019.7,1683899100.0
1683854700,2013.2600000000004,1683854700.0
1683873900,2014.4399999999998,1683895200.0
1683874800,2007.4499999999996,1683880500.0
1683877200,2012.7099999999996,1683895200.0
1683878700,2001.82,1683884400.0
1683894000,2008.6899999999998,1683894300.0
1683894600,2019.38,1683896700.0
1683910200,2009.36,1684101900.0
1683912000,2013.3300000000002,1683912900.0
1683915900,2015.9999999999998,1684113000.0
1683921000,2010.5099999999998,1683921300.0
1683922500,2016.3200000000004,1684113000.0
1683923700,2015.2800000000002,1684112700.0
1683924900,2006.7099999999996,1684218000.0
1684101900,1949.0700000000004,1685018100.0
1684112100,2015.9200000000003,1684113000.0
1684117500,2016.3199999999997,1684127700.0
1684129800,2014.33,1684132200.0
1684131600,2019.5800000000004,1684136400.0
1684144200,2017.5200000000002,1684153800.0
1684146000,2011.1699999999994,1684217100.0
1684147200,2017.8799999999999,1684154400.0
1684148400,2011.8899999999996,1684152300.0
1684157400,2019.08,1684158300.0
1684161000,2021.25,1684170000.0
1684162200,2006.6100000000001,1684218000.0
1684163700,2018.8900000000003,1684167900.0
1684173900,2012.0500000000002,1684216800.0
1684175400,2020.8200000000002,1701179700.0
1684176000,2012.2600000000002,1684215300.0
1684177800,2016.4400000000003,1684198800.0
1684179600,2010.4399999999998,1684217100.0
1684198500,2016.8700000000006,1684199400.0
1684202400,2016.14,1684202400.0
1684204200,2017.4000000000003,1684204500.0
1684214100,2011.0300000000002,1684217100.0
1684235100,2016.66,1701048300.0
1684236600,2005.2800000000004,1684238100.0
1684242000,2004.1299999999997,1684248000.0
1684242900,2004.8099999999995,1684245900.0
1684243800,2015.2300000000005,1701048300.0
1684245300,1998.51,1684251300.0
1684274700,1991.7300000000002,1684282800.0
1684277700,1993.6799999999998,1697814900.0
1684280700,1984.1099999999994,1684316400.0
1684281600,1988.75,1684301100.0
1684284000,1999.8999999999996,1698429900.0
1684298400,1990.8300000000002,1684298700.0
1684300200,1993.1599999999999,1697814300.0
1684300800,1989.41,1684301100.0
1684319400,1990.0900000000006,1697810700.0
1684321200,1983.0500000000004,1684326000.0
1684329000,1979.8500000000004,1684330800.0
1684343400,1977.0200000000002,1684393200.0
1684347300,1986.52,1689822600.0
1684348200,1977.7799999999997,1684386600.0
1684351200,1990.1800000000003,1697810700.0
1684351800,1981.13,1684360800.0
1684352400,1986.0799999999995,1689821700.0
1684356000,1978.9599999999996,1684386300.0
1684361700,1986.5399999999995,1689822600.0
1684366200,1979.9500000000003,1684384800.0
1684367400,1979.85,1684385100.0
1684371900,1985.2600000000004,1684375200.0
1684380600,1978.6700000000005,1684386300.0
1684404600,1980.3400000000006,1684510200.0
1684405500,1973.8499999999997,1684411200.0
1684412700,1976.4799999999998,1684510200.0
1684413300,1948.4900000000002,1685018100.0
1684432500,1954.5599999999997,1684437600.0
1684433100,1954.3900000000003,1684460100.0
1684436100,1951.4,1685018100.0
1684437300,1959.72,1684458300.0
1684441200,1960.0800000000004,1684458600.0
1684460400,1950.13,1685018100.0
1684463400,1961.6400000000003,1684468200.0
1684491300,1963.6200000000001,1684492200.0
1684493100,1968.2000000000003,1684509300.0
1684494300,1958.7599999999993,1684503300.0
1684509000,1968.75,1684509300.0
1684525800,1972.8500000000001,1684734000.0
1684527000,1978.9200000000005,1684695600.0
1684529400,1972.7999999999995,1684734000.0
1684706700,1987.8699999999997,1697810400.0
1684707600,1973.43,1684733400.0
1684711200,1984.5399999999995,1684930800.0
1684720500,1982.0399999999995,1684746300.0
1684722000,1973.4000000000003,1684733400.0
1684747800,1982.7200000000003,1684930800.0
1684754100,1971.4199999999998,1684755600.0
1684755000,1971.09,1684755600.0
1684758000,1982.0400000000002,1684930800.0
1684759200,1975.2599999999993,1684759200.0
1684773000,1973.6400000000006,1684773300.0
1684776300,1987.0799999999995,1689822900.0
1684779900,1976.1599999999996,1684865700.0
1684781700,1968.4899999999998,1684803300.0
1684783200,1976.98,1684866300.0
1684786500,1967.6299999999999,1684803300.0
1684821900,1963.8000000000004,1684822500.0
1684823700,1959.7600000000002,1684825800.0
1684824300,1967.2999999999995,1684848300.0
1684827000,1944.89,1685018100.0
1684840800,1963.29,1684847700.0
1684845900,1949.0099999999998,1685018100.0
1684846800,1960.59,1684846800.0
1684887000,1977.8700000000001,1684901700.0
1684890000,1976.3099999999995,1684900500.0
1684890900,1968.88,1684937100.0
1684900200,1980.4399999999996,1684928100.0
1684910700,1961.3099999999995,1684943700.0
1684914000,1982.12,1684930800.0
1684915200,1971.1700000000003,1684936800.0
1684925400,1980.2199999999996,1684928100.0
1684935900,1959.9399999999996,1684944600.0
1684960500,1961.6799999999998,1684968900.0
1684966500,1949.2300000000005,1685018100.0
1684973100,1953.91,1685017800.0
1684982700,1955.1699999999996,1684994100.0
1684991700,1960.2700000000004,1684999500.0
1684993800,1960.1000000000001,1684997100.0
1684994400,1952.9499999999998,1685017800.0
1684996200,1958.38,1684996800.0
1685015400,1968.3799999999999,1685540400.0
1685016900,1959.4700000000003,1685016900.0
1685035800,1936.9099999999999,1685423400.0
1685109900,1977.6399999999999,1685631900.0
1685112600,1949.7700000000002,1685440500.0
1685115600,1947.5299999999997,1685340000.0
1685125800,1942.1,1685311200.0
1685126400,1947.8700000000001,1685340000.0
1685311500,1926.5499999999995,1686831900.0
1685312400,1953.0000000000005,1685440800.0
1685313300,1938.4199999999998,1685419500.0
1685314200,1940.08,1685418600.0
1685327700,1947.8999999999999,1685340000.0
1685328900,1941.97,1685347500.0
1685331300,1949.7199999999998,1685440500.0
1685345400,1941.6200000000003,1685347500.0
1685347200,1942.7900000000004,1685347200.0
1685353200,1946.4499999999996,1685361000.0
1685355000,1943.19,1685379000.0
1685360400,1946.6799999999994,1685362800.0
1685369100,1950.8499999999997,1685440500.0
1685375700,1945.0400000000004,1685376300.0
1685408400,1945.1,1685412000.0
1685409000,1941.4900000000002,1685417700.0
1685409900,1940.6099999999994,1685418600.0
1685411100,1949.7600000000002,1685440500.0
1685418000,1939.0800000000002,1685419200.0
1685434800,1949.63,1685440500.0
1685456700,1960.5099999999993,1685460300.0
1685464500,1965.1599999999999,1685540100.0
1685472300,1961.2199999999996,1685511600.0
1685473200,1952.9900000000007,1685608800.0
1685474100,1961.2200000000007,1685511600.0
1685474700,1954.87,1685498400.0
1685485500,1964.0199999999998,1685512500.0
1685489400,1964.6,1685512500.0
1685490900,1955.3299999999997,1685498100.0
1685494200,1954.2400000000002,1685499900.0
1685496300,1965.3399999999995,1685540400.0
1685498100,1950.0200000000004,1685729700.0
1685507100,1962.6799999999996,1685512200.0
1685510400,1953.1299999999999,1685608800.0
1685511300,1963.6200000000003,1685512500.0
1685518800,1954.8200000000002,1685523600.0
1685520900,1962.0299999999997,1685535000.0
1685522400,1953.8700000000003,1685608500.0
1685526900,1951.5899999999997,1685728200.0
1685533200,1962.8500000000001,1685535300.0
1685553900,1968.3100000000002,1685555100.0
1685555400,1964.9499999999998,1685558700.0
1685557500,1973.1200000000003,1685627100.0
1685558100,1970.6100000000001,1685626200.0
1685559600,1962.9099999999999,1685560500.0
1685572200,1966.1900000000005,1685573400.0
1685573100,1960.0900000000004,1685603100.0
1685576700,1968.7399999999998,1685624400.0
1685584200,1971.6499999999996,1685626200.0
1685588100,1960.4200000000003,1685602800.0
1685598600,1968.9599999999998,1685624400.0
1685599800,1960.42,1685602800.0
1685615100,1964.2,1685615700.0
1685647500,1973.3300000000006,1685669700.0
1685658300,1974.5499999999997,1685668200.0
1685663700,1982.1399999999996,1685675700.0
1685664900,1971.5200000000007,1685709900.0
1685671500,1982.5599999999995,1685675700.0
1685687100,1974.9999999999995,1685693100.0
1685688000,1973.0199999999995,1685709600.0
1685698200,1983.9799999999996,1689692700.0
1685701200,1984.0799999999997,1689692700.0
1685703900,1980.5199999999998,1685705700.0
1685704500,1975.2999999999995,1685709000.0
1685707500,1987.6899999999998,1697810400.0
1685709000,1973.04,1685709600.0
1685930400,1951.31,1685973600.0
1685931300,1945.0,1685931600.0
1685958600,1936.76,1686790800.0
1685961000,1946.88,1685972700.0
1685962200,1942.5100000000002,1685963400.0
1685963100,1939.8300000000002,1685964000.0
1685965800,1941.3500000000001,1685966100.0
1685967900,1936.07,1686791400.0
1685971500,1956.8199999999997,1685973600.0
1686007800,1966.5999999999997,1686145800.0
1686009300,1958.6399999999994,1686022500.0
1686009900,1959.6,1686013800.0
1686017100,1962.97,1686017400.0
1686019500,1954.5900000000006,1686059700.0
1686027300,1962.1300000000006,1686027600.0
1686030300,1957.7099999999998,1686036000.0
1686032100,1954.5,1686059700.0
1686035700,1955.9199999999998,1686059400.0
1686039000,1963.0600000000004,1686043800.0
1686039900,1955.89,1686059400.0
1686042300,1957.3200000000006,1686059100.0
1686044100,1969.8000000000004,1686146100.0
1686058500,1957.0100000000004,1686059100.0
1686067200,1967.5799999999995,1686145800.0
1686068700,1958.25,1686120000.0
1686070500,1964.53,1686072000.0
1686081000,1958.82,1686120000.0
1686082200,1959.3400000000001,1686119400.0
1686084000,1966.7200000000003,1686145800.0
1686084900,1959.5900000000004,1686119400.0
1686089400,1958.8799999999997,1686120000.0
1686090600,1960.46,1686118800.0
1686096300,1965.31,1686099600.0
1686106500,1967.7999999999997,1686145800.0
1686107400,1961.8899999999994,1686118500.0
1686110400,1967.0600000000002,1686145800.0
1686113700,1959.7099999999996,1686119400.0
1686130500,1959.5199999999995,1686140100.0
1686131100,1964.8099999999993,1686132000.0
1686132000,1967.0799999999995,1686145800.0
1686141300,1953.1100000000001,1686152100.0
1686147600,1950.4399999999998,1686152700.0
1686176700,1940.5599999999993,1686682500.0
1686181800,1949.44,1686227400.0
1686204900,1941.3799999999999,1686681000.0
1686206700,1948.9500000000003,1686213600.0
1686208500,1940.9999999999995,1686681000.0
1686211500,1952.0199999999998,1686227400.0
1686216900,1941.9900000000002,1686678600.0
1686219300,1950.9600000000005,1686227400.0
1686222000,1949.3200000000004,1686227400.0
1686223200,1944.1799999999998,1686670200.0
1686224400,1949.2699999999998,1686227400.0
1686225900,1948.8400000000004,1686227100.0
1686226500,1943.4499999999998,1686670800.0
1686227100,1950.8200000000004,1686227400.0
1686246900,1957.6799999999998,1686318000.0
1686262200,1969.5800000000004,1686313800.0
1686269100,1962.4299999999998,1686285000.0
1686269700,1962.1,1686285000.0
1686270300,1968.1,1686313800.0
1686272100,1962.5700000000002,1686285000.0
1686289200,1969.0799999999997,1686313800.0
1686291000,1968.3300000000006,1686313800.0
1686294000,1958.0399999999997,1686318000.0
1686294900,1959.9400000000003,1686317700.0
1686295500,1967.7200000000003,1686313800.0
1686297300,1959.63,1686318000.0
1686303300,1965.65,1686309900.0
1686303900,1960.5000000000002,1686317700.0
1686306600,1960.98,1686317700.0
1686309000,1966.09,1686309900.0
1686309900,1969.04,1686313800.0
1686317700,1954.8999999999999,1686535500.0
1686320400,1970.4200000000003,1689678900.0
1686323400,1961.6599999999996,1686324900.0
1686324300,1958.17,1686524100.0
1686333600,1964.8999999999996,1686560100.0
1686335100,1960.59,1686342300.0
1686520800,1962.45,1686556800.0
1686547800,1963.4899999999998,1686557100.0
1686574200,1952.6099999999997,1686577500.0
1686593700,1958.4399999999996,1686599400.0
1686597600,1957.3700000000003,1686597900.0
1686598200,1953.63,1686664800.0
1686599700,1962.26,1686637800.0
1686618300,1961.8899999999999,1686628500.0
1686619200,1955.8999999999996,1686621300.0
1686620100,1963.36,1686639900.0
1686620700,1959.5500000000002,1686626100.0
1686622200,1950.7399999999996,1686668700.0
1686623700,1959.2699999999998,1686625800.0
1686626400,1954.9099999999999,1686663900.0
1686627600,1956.96,1686662400.0
1686629100,1966.3600000000001,1686659400.0
1686658800,1952.6899999999996,1686664800.0
1686659400,1971.8999999999994,1689686100.0
1686661200,1965.91,1686915300.0
1686663000,1968.8000000000004,1689678900.0
1686664200,1944.3099999999995,1686670200.0
1686686700,1946.9999999999998,1686707100.0
1686688200,1940.1699999999994,1686775800.0
1686696000,1948.1799999999998,1686714300.0
1686698100,1938.4699999999998,1686790200.0
1686699300,1946.22,1686705300.0
1686722400,1944.8499999999997,1686726900.0
1686723600,1952.4000000000005,1686735000.0
1686725100,1944.22,1686765600.0
1686727200,1950.5600000000002,1686728400.0
1686742800,1943.6399999999999,1686765600.0
1686746400,1971.1099999999997,1689678900.0
1686761700,1953.64,1686764700.0
1686762900,1958.1399999999996,1686839100.0
1686763800,1950.7700000000007,1686765600.0
1686807600,1937.86,1686808500.0
1686810900,1927.5800000000004,1686831000.0
1686811500,1931.4700000000003,1686812400.0
1686816600,1938.29,1686834900.0
1686817200,1927.8699999999994,1686831000.0
1686824700,1921.9699999999996,1687354500.0
1686826800,1938.7699999999998,1686835200.0
1686828600,1928.94,1686828900.0
1686834300,1952.5399999999997,1686837300.0
1686855300,1960.2999999999995,1686879600.0
1686862200,1953.7800000000002,1686925500.0
1686873000,1965.1200000000001,1686912600.0
1686877200,1950.0399999999997,1687168800.0
1686880500,1965.1200000000003,1686912600.0
1686882300,1962.76,1686897000.0
1686883200,1956.0900000000004,1686883500.0
1686893400,1960.1000000000004,1686896100.0
1686894000,1954.0800000000004,1686925500.0
1686896100,1965.3,1686912600.0
1686921000,1958.5099999999998,1686922200.0
1686924300,1941.5799999999997,1687266600.0
1686937200,1959.9800000000002,1687118400.0
1686938100,1953.62,1687157400.0
1686940800,1961.4199999999996,1689216600.0
1686942600,1954.55,1687141200.0
1686946800,1957.3499999999997,1686947700.0
1687127700,1946.04,1687225800.0
1687133100,1960.38,1689216600.0
1687133700,1960.7800000000002,1689216600.0
1687137300,1958.7999999999995,1689179400.0
1687140600,1946.4200000000003,1687225800.0
1687151700,1952.9300000000003,1687158900.0
1687152900,1951.7199999999996,1687168200.0
1687162800,1965.7000000000003,1689678900.0
1687164900,1954.85,1687166400.0
1687182900,1951.91,1687182900.0
1687184400,1953.3800000000003,1687212900.0
1687192200,1949.34,1687195200.0
1687195500,1945.1800000000003,1687225800.0
1687213200,1949.0099999999998,1687223700.0
1687216800,1951.7799999999997,1687218900.0
1687224300,1945.7099999999998,1687225800.0
1687236600,1944.8500000000001,1687265400.0
1687239300,1950.6100000000006,1687241700.0
1687241700,1952.47,1687243200.0
1687256700,1947.0999999999997,1687265100.0
1687258800,1952.9600000000005,1687258800.0
1687260600,1949.2299999999998,1687264200.0
1687263900,1946.9200000000003,1687265100.0
1687283400,1938.7400000000005,1687302000.0
1687292400,1932.5800000000006,1687327200.0
1687299300,1938.2100000000003,1687302000.0
1687301400,1939.7600000000002,1689128400.0
1687303800,1947.3799999999997,1689165300.0
1687305600,1934.3099999999995,1687323900.0
1687306800,1939.0299999999997,1687314600.0
1687308900,1932.9999999999998,1687327200.0
1687310100,1941.5200000000004,1689165000.0
1687314600,1940.2399999999998,1689128700.0
1687316400,1934.2900000000002,1687323900.0
1687317300,1935.9700000000005,1687318200.0
1687320000,1940.7000000000005,1689129000.0
1687322700,1929.69,1687350000.0
1687333200,1932.0100000000002,1687350000.0
1687340700,1930.2699999999995,1687350000.0
1687342800,1935.6699999999994,1687371300.0
1687346700,1929.8100000000002,1687350000.0
1687348200,1936.92,1687372200.0
1687349400,1930.6099999999997,1687350000.0
1687365300,1935.7100000000003,1687371300.0
1687379100,1935.0300000000004,1687527000.0
1687380300,1931.1899999999994,1687407000.0
1687387200,1936.3800000000006,1687528500.0
1687389900,1926.0500000000002,1687423200.0
1687396800,1927.9400000000003,1687411200.0
1687398600,1940.5800000000002,1689129000.0
1687399800,1931.2199999999998,1687407000.0
1687404900,1929.53,1687410000.0
1687428300,1926.03,1687433400.0
1687432800,1933.18,1687526100.0
1687433400,1920.4099999999999,1687439100.0
1687437300,1942.0900000000001,1689165000.0
1687438500,1920.9599999999998,1687439100.0
1687462500,1917.9600000000005,1687505400.0
1687463700,1911.1799999999994,1687485000.0
1687465200,1912.64,1687466400.0
1687471800,1916.6600000000005,1687495800.0
1687472400,1910.1400000000006,1687934400.0
1687479300,1918.0800000000004,1687505700.0
1687485000,1908.5799999999997,1687941000.0
1687495200,1919.6600000000003,1687509600.0
1687512000,1922.4599999999998,1687522800.0
1687537800,1917.5999999999997,1687874700.0
1687719600,1920.79,1687719600.0
1687744500,1932.4,1687768200.0
1687745100,1920.1599999999996,1687865100.0
1687746300,1928.6700000000003,1687764600.0
1687752600,1921.6700000000005,1687787400.0
1687759200,1929.0,1687765800.0
1687761900,1918.1800000000003,1687874400.0
1687763400,1928.4099999999996,1687764600.0
1687785000,1924.6399999999994,1687787100.0
1687802100,1929.1,1687830600.0
1687803600,1922.1199999999997,1687807500.0
1687806300,1925.8199999999997,1687829700.0
1687807800,1916.6499999999996,1687874700.0
1687817700,1924.7699999999998,1687828800.0
1687818900,1924.9200000000003,1687829100.0
1687820100,1921.6499999999999,1687822500.0
1687825500,1923.7899999999997,1687825800.0
1687827000,1920.12,1687865100.0
1687828800,1927.61,1687830300.0
1687845300,1922.7999999999997,1687863600.0
1687850700,1926.2599999999998,1687853700.0
1687869300,1938.5900000000001,1689126000.0
1687873500,1930.84,1688562600.0
1687875000,1894.96,1688044500.0
1687894800,1916.8800000000003,1687911600.0
1687896900,1915.8399999999997,1687910700.0
1687897800,1909.0899999999997,1687939800.0
1687904700,1911.2000000000005,1687934400.0
1687906800,1918.2000000000005,1688135100.0
1687913700,1918.02,1688134800.0
1687918800,1911.2500000000005,1687934400.0
1687920900,1919.4600000000003,1688140800.0
1687924800,1912.9999999999995,1687933200.0
1687930200,1917.0800000000002,1688134200.0
1687931400,1919.1200000000003,1688140500.0
1687932300,1917.32,1688134200.0
1687933500,1903.6299999999997,1687959900.0
1687960200,1885.0700000000004,1692293700.0
1687961100,1918.4000000000005,1688135100.0
1687964400,1911.8199999999997,1687965900.0
1687980600,1908.8700000000001,1687984200.0
1688001300,1912.9900000000002,1688050200.0
1688005500,1901.5299999999997,1688041800.0
1688023500,1910.3799999999997,1688037900.0
1688026500,1908.0499999999995,1688035200.0
1688030700,1907.7699999999998,1688034900.0
1688031900,1905.5699999999997,1688032200.0
1688043000,1858.39,1695914100.0
1688047800,1915.25,1688133900.0
1688050500,1925.8999999999999,1688392200.0
1688052900,1907.5,1688061600.0
1688057700,1913.6699999999998,1688131200.0
1688062800,1905.1499999999999,1688104800.0
1688064600,1906.3499999999997,1688064900.0
1688081100,1911.7799999999997,1688128800.0
1688089500,1902.14,1688113800.0
1688092200,1910.9899999999996,1688128800.0
1688093700,1904.6599999999999,1688105100.0
1688094600,1909.1599999999999,1688096700.0
1688096700,1912.0000000000002,1688128800.0
1688098200,1902.6,1688113500.0
1688101200,1909.07,1688103000.0
1688103000,1911.92,1688128800.0
1688104200,1907.7100000000003,1688104200.0
1688120100,1901.66,1692102000.0
1688121000,1910.7200000000003,1688128200.0
1688124300,1902.8999999999996,1688654100.0
1688127000,1906.7400000000002,1688127000.0
1688156400,1914.2500000000005,1688353800.0
1688157600,1921.0399999999997,1688388600.0
1688324400,1919.2,1688328000.0
1688340600,1912.16,1688370900.0
1688357100,1922.2099999999998,1688390100.0
1688364600,1912.6999999999998,1688370000.0
1688369100,1917.1400000000003,1688387700.0
1688371500,1906.4299999999998,1688646600.0
1688383500,1911.0799999999995,1688646000.0
1688385000,1916.78,1688387700.0
1688385900,1909.6399999999996,1688646000.0
1688386800,1915.9000000000003,1688387700.0
1688405100,1917.3499999999997,1688580900.0
1688423700,1921.9299999999994,1688431500.0
1688425500,1924.7700000000002,1688451000.0
1688426700,1917.1499999999999,1688580900.0
1688428500,1922.02,1688433300.0
1688430000,1917.7199999999998,1688580900.0
1688431200,1924.0600000000004,1688445900.0
1688433300,1923.36,1688441700.0
1688434800,1923.8800000000003,1688444700.0
1688437200,1922.11,1688439600.0
1688437800,1919.9099999999999,1688567700.0
1688438400,1921.9000000000003,1688439600.0
1688476500,1921.7399999999998,1688538600.0
1688514600,1928.18,1688559300.0
1688521800,1919.3799999999999,1688568000.0
1688534400,1930.3000000000002,1688562600.0
1688536800,1927.32,1688556900.0
1688538300,1920.6899999999996,1688567700.0
1688542800,1928.7599999999998,1688559600.0
1688565600,1930.62,1688740500.0
1688566200,1930.5999999999995,1688740500.0
1688568900,1912.64,1688646000.0
1688569500,1925.5599999999997,1688641800.0
1688570100,1928.7600000000002,1688739600.0
1688571600,1921.8100000000006,1688575800.0
1688600100,1920.1399999999999,1688621400.0
1688602800,1913.5800000000006,1688646000.0
1688603700,1915.3600000000004,1688646000.0
1688605200,1921.68,1688645700.0
1688646300,1860.9799999999996,1695913800.0
1688661600,1911.5200000000004,1688671200.0
1688664600,1906.8400000000001,1692015600.0
1688667000,1912.5500000000002,1688706300.0
1688672700,1908.2400000000007,1692015600.0
1688675700,1913.7199999999996,1688707800.0
1688677200,1908.4000000000003,1692015600.0
1688681100,1906.67,1692015600.0
1688682900,1914.2399999999998,1688708400.0
1688690400,1906.11,1692015900.0
1688691600,1912.9899999999998,1688706300.0
1688694600,1910.3099999999995,1688694600.0
1688695500,1911.4899999999998,1688699100.0
1688698800,1913.68,1688707800.0
1688701200,1909.4200000000005,1688703600.0
1688704800,1914.98,1688710200.0
1688754600,1923.6200000000003,1688761500.0
1688941200,1922.46,1688947800.0
1688944500,1911.32,1691708400.0
1688950800,1927.3600000000001,1689037200.0
1688953200,1922.75,1688959800.0
1688954100,1923.4399999999998,1688959800.0
1688963700,1921.0199999999995,1688965200.0
1688974200,1927.2699999999998,1689037200.0
1688977800,1926.3300000000002,1689008700.0
1688979300,1926.25,1689008400.0
1688986200,1924.1499999999996,1688988000.0
1688987700,1921.7600000000002,1688991300.0
1688988600,1925.4799999999998,1688988600.0
1688989500,1922.0800000000002,1688991300.0
1688998200,1931.4800000000002,1689056700.0
1688998800,1921.06,1689000000.0
1689006300,1926.56,1689008700.0
1689027300,1921.8200000000004,1691589300.0
1689030600,1928.18,1689044400.0
1689032400,1918.39,1691592600.0
1689035400,1928.7599999999998,1689050400.0
1689036600,1929.6599999999994,1689051900.0
1689042600,1930.7800000000004,1689056700.0
1689072900,1933.1800000000005,1689078000.0
1689074100,1938.4000000000005,1689126000.0
1689078300,1928.39,1691495400.0
1689093900,1935.0000000000002,1689121800.0
1689095700,1927.4399999999998,1691496000.0
1689096600,1936.2799999999997,1689123600.0
1689097800,1934.2299999999996,1689120900.0
1689099000,1930.6299999999997,1689100200.0
1689102900,1932.84,1689114300.0
1689104700,1927.3900000000006,1691496000.0
1689108000,1937.02,1689123600.0
1689109200,1928.33,1691496000.0
1689113700,1935.1999999999994,1689121800.0
1689143700,1932.5999999999997,1691046000.0
1689161400,1935.5000000000002,1689161700.0
1689162600,1933.7500000000007,1689162600.0
1689164400,1936.7,1689165000.0
1689165300,1984.2900000000002,1689816900.0
1689194700,1954.2699999999998,1689251700.0
1689201300,1962.1200000000003,1689229500.0
1689205200,1953.5200000000002,1689251700.0
1689207600,1961.5800000000002,1689223200.0
1689208800,1952.9899999999998,1689251700.0
1689210900,1954.91,1689251700.0
1689213300,1967.97,1689678900.0
1689225000,1952.6599999999999,1689343200.0
1689226800,1953.5799999999997,1689251700.0
1689229200,1961.8699999999994,1689229500.0
1689234000,1967.54,1689678900.0
1689239700,1967.6600000000003,1689678900.0
1689243900,1958.1799999999996,1689243900.0
1689254700,1956.2900000000002,1689263400.0
1689257100,1964.04,1689677100.0
1689257700,1952.5299999999997,1689343200.0
1689259800,1967.33,1689678900.0
1689261300,1961.62,1689289500.0
1689263400,1956.7800000000007,1689263400.0
1689267000,1963.0800000000004,1689299700.0
1689268500,1963.6199999999994,1689300000.0
1689269700,1952.8500000000004,1689343200.0
1689271200,1966.2399999999993,1689678900.0
1689273000,1962.7300000000002,1689299400.0
1689274800,1958.1299999999999,1689295800.0
1689275400,1963.5399999999997,1689300000.0
1689276300,1955.4699999999998,1689318900.0
1689281100,1964.4399999999998,1689678900.0
1689289200,1962.6399999999996,1689299400.0
1689293400,1954.1200000000001,1689343200.0
1689294300,1956.8300000000004,1689316500.0
1689298800,1965.6300000000006,1689678900.0
1689313500,1949.6299999999994,1689597900.0
1689333000,1960.13,1689336600.0
1689338700,1954.57,1689339900.0
1689340800,1947.8899999999994,1689599100.0
1689341400,1960.9900000000002,1689346800.0
1689344100,1923.2299999999993,1691501400.0
1689345600,1966.82,1689678900.0
1689349500,1949.4400000000005,1689597900.0
1689350400,1962.4999999999998,1689664200.0
1689351900,1953.0800000000006,1689547500.0
1689353400,1960.06,1689355800.0
1689362400,1951.7600000000004,1689548400.0
1689557400,1950.1899999999996,1689597900.0
1689562500,1955.7199999999996,1689571800.0
1689563100,1951.0299999999997,1689565500.0
1689564300,1948.79,1689597900.0
1689564900,1954.6299999999999,1689570900.0
1689565800,1955.7600000000002,1689571800.0
1689566700,1948.5399999999997,1689598200.0
1689571200,1956.5599999999997,1689572400.0
1689577800,1949.9800000000007,1689597900.0
1689579600,1947.5900000000001,1689599400.0
1689582000,1959.9599999999998,1689650700.0
1689586200,1957.6300000000006,1689587100.0
1689597000,1948.2899999999997,1689598200.0
1689612000,1956.8000000000002,1689642900.0
1689624900,1950.01,1690464900.0
1689627300,1950.4699999999996,1690464900.0
1689633000,1957.4800000000002,1689643200.0
1689636300,1955.8400000000004,1689636900.0
1689638400,1950.1799999999998,1690464900.0
1689640200,1958.0999999999997,1689643500.0
1689681000,1969.1100000000001,1689683400.0
1689704700,1974.8100000000004,1689733500.0
1689711300,1976.19,1689732000.0
1689713400,1979.5499999999997,1689746400.0
1689727200,1983.6999999999998,1689816600.0
1689729000,1974.0100000000002,1689740400.0
1689746100,1980.36,1689751200.0
1689751200,1983.3,1689816600.0
1689761100,1972.8100000000004,1689765300.0
1689765900,1970.86,1689777900.0
1689770400,1968.1900000000003,1689864000.0
1689773400,1968.4999999999998,1689864000.0
1689774900,1968.5600000000002,1689864000.0
1689775800,1970.4200000000003,1689777900.0
1689778800,1970.4500000000007,1689863400.0
1689780300,1977.8100000000002,1689786300.0
1689782700,1968.6,1689864000.0
1689786300,1981.56,1689816300.0
1689787800,1980.3500000000001,1689815700.0
1689789000,1976.85,1689789300.0
1689790200,1979.1499999999996,1689814500.0
1689805800,1978.47,1689811500.0
1689806400,1978.7500000000002,1689811500.0
1689807900,1974.51,1689856500.0
1689808800,1977.5899999999995,1689809700.0
1689811500,1980.6400000000006,1689815700.0
1689832800,1976.1900000000003,1689856200.0
1689847500,1984.72,1697790000.0
1689849900,1978.95,1689855600.0
1689851100,1983.7100000000003,1697789700.0
1689852300,1984.7799999999993,1697790000.0
1689855600,1978.35,1689855900.0
1689878700,1974.9,1690396500.0
1689879900,1964.65,1689925500.0
1689881100,1975.6600000000005,1690396500.0
1689896400,1977.1799999999996,1690396800.0
1689910200,1965.6099999999994,1689925500.0
1689923100,1965.11,1689925500.0
1689924300,1968.2499999999995,1689924600.0
1689940500,1970.0200000000004,1690353900.0
1689943800,1968.1099999999997,1690352100.0
1689944400,1958.0499999999995,1690179000.0
1689945000,1959.7300000000005,1689945600.0
1689950400,1954.6799999999994,1690222500.0
1689958500,1964.87,1690183500.0
1689966900,1964.7600000000002,1690183500.0
1689969000,1961.2599999999998,1689969900.0
1689969600,1963.6499999999996,1690182000.0
1689972000,1964.8000000000002,1690183500.0
1690138800,1959.1,1690171800.0
1690160100,1965.3599999999997,1690191300.0
1690161600,1958.7699999999995,1690172400.0
1690166100,1956.03,1690222200.0
1690175100,1958.5699999999995,1690178700.0
1690177200,1957.7799999999997,1690209000.0
1690181400,1961.8100000000004,1690181700.0
1690189500,1960.6699999999998,1690189500.0
1690205100,1955.1799999999998,1690222500.0
1690244100,1955.94,1690246800.0
1690264800,1958.87,1690282800.0
1690268400,1955.6800000000003,1690283400.0
1690274100,1953.11,1690293600.0
1690275000,1964.5200000000002,1690297500.0
1690279500,1956.44,1690283100.0
1690280100,1961.7400000000002,1690280100.0
1690280700,1956.8900000000006,1690283100.0
1690287000,1965.8999999999996,1690324200.0
1690288200,1955.7400000000002,1690293600.0
1690298100,1976.08,1690396800.0
1690315200,1968.5200000000004,1690352100.0
1690316700,1960.4999999999995,1690462200.0
1690317600,1965.8499999999997,1690324200.0
1690334100,1965.9000000000003,1690351500.0
1690335300,1958.3300000000002,1690462500.0
1690350900,1967.7199999999996,1690352100.0
1690377900,1950.88,1690464900.0
1690384800,1983.8499999999995,1697790000.0
1690386900,1983.3299999999997,1697789700.0
1690388700,1965.4099999999999,1690461600.0
1690393200,1974.5,1690396500.0
1690400100,1969.43,1690461000.0
1690401600,1978.7000000000003,1690423200.0
1690414800,1970.8600000000004,1690417800.0
1690420200,1978.4400000000003,1690423200.0
1690437000,1973.1899999999994,1690460700.0
1690443000,1983.4600000000003,1697789700.0
1690446600,1975.08,1690448400.0
1690449300,1979.3799999999999,1697758500.0
1690450200,1971.3899999999994,1690461000.0
1690454700,1973.9899999999996,1690460700.0
1690456200,1978.4199999999994,1690458900.0
1690458000,1970.6600000000003,1690461000.0
1690480200,1949.9600000000003,1690508100.0
1690482000,1942.9199999999998,1690488600.0
1690484700,1950.2200000000007,1690508100.0
1690487100,1947.7799999999997,1690501800.0
1690488900,1939.7200000000003,1690985700.0
1690490100,1947.68,1690501500.0
1690495800,1950.1400000000003,1690508100.0
1690498500,1940.5400000000004,1690985400.0
1690501200,1949.4200000000003,1690508100.0
1690504200,1949.4600000000005,1690508100.0
1690527000,1946.6399999999996,1690894200.0
1690527900,1956.14,1690543200.0
1690528800,1947.8600000000001,1690893900.0
1690538100,1945.5200000000007,1690894500.0
1690540500,1957.3700000000001,1690543500.0
1690572000,1954.4900000000007,1690775400.0
1690743600,1959.0,1690754400.0
1690756800,1963.9600000000003,1690806600.0
1690758000,1956.35,1690763700.0
1690762200,1955.7800000000002,1690765800.0
1690790400,1956.5599999999997,1690796400.0
1690792800,1948.9899999999996,1690893600.0
1690794600,1961.4499999999998,1690806300.0
1690800600,1959.21,1690801800.0
1690826400,1967.1599999999999,1690828800.0
1690829400,1972.3000000000006,1697738100.0
1690830900,1961.9899999999998,1690854000.0
1690889100,1955.8000000000004,1697636100.0
1690889700,1952.7500000000005,1690891200.0
1690891200,1955.26,1690891500.0
1690891800,1944.3100000000004,1690900200.0
1690915200,1946.34,1690927200.0
1690916700,1939.1499999999999,1690985700.0
1690918200,1948.3700000000001,1690927200.0
1690942800,1942.5600000000002,1690985400.0
1690954500,1952.0799999999997,1690973100.0
1690955100,1951.0200000000007,1690964700.0
1690959300,1955.49,1697636100.0
1690960200,1952.2200000000005,1690973100.0
1690962300,1946.0800000000002,1690979100.0
1690964400,1952.62,1690973400.0
1690971000,1948.3500000000001,1690971300.0
1690972200,1955.6700000000003,1697636100.0
1690979700,1936.28,1690986300.0
1691001600,1937.3599999999994,1691025900.0
1691002200,1934.29,1691007900.0
1691002800,1939.8799999999994,1691152800.0
1691003700,1931.5099999999993,1691046300.0
1691005800,1940.0,1691152800.0
1691006400,1934.24,1691007900.0
1691018400,1935.4900000000005,1691019000.0
1691019900,1938.9199999999998,1691152800.0
1691021100,1931.3600000000001,1691046300.0
1691023500,1940.72,1691152800.0
1691032200,1925.76,1691496300.0
1691034600,1939.8,1691152800.0
1691037600,1930.5100000000002,1691065500.0
1691049000,1937.5700000000006,1691049300.0
1691052000,1939.3799999999997,1691152800.0
1691058900,1926.2,1691496300.0
1691060100,1936.3600000000004,1691061300.0
1691064000,1931.0899999999995,1691065200.0
1691066700,1926.88,1691496300.0
1691069700,1942.1299999999997,1691154000.0
1691070300,1925.6599999999999,1691496300.0
1691071500,1947.6800000000003,1693403700.0
1691072700,1941.64,1691152800.0
1691074800,1945.8600000000001,1691156100.0
1691077200,1933.4399999999994,1691078100.0
1691079900,1939.9799999999996,1691152800.0
1691081400,1933.5,1691083500.0
1691082600,1938.8600000000001,1691152800.0
1691085600,1936.8100000000004,1691110800.0
1691087400,1932.7499999999993,1691088300.0
1691093400,1936.4000000000005,1691101800.0
1691094600,1933.62,1691123100.0
1691101200,1935.52,1691101200.0
1691103300,1936.5400000000002,1691111100.0
1691116500,1933.8999999999994,1691123100.0
1691117400,1938.4300000000003,1691152800.0
1691122500,1931.9800000000002,1691138100.0
1691127600,1940.14,1691152800.0
1691129700,1927.7699999999998,1691496000.0
1691139000,1926.9200000000005,1691496300.0
1691146800,1934.6100000000001,1691152200.0
1691147400,1928.19,1691496000.0
1691148600,1931.33,1691150400.0
1691152500,1951.2199999999998,1693571400.0
1691169000,1936.75,1691385000.0
1691170800,1938.77,1691380200.0
1691176200,1944.5200000000002,1691367900.0
1691178900,1939.2699999999993,1691379900.0
1691181300,1940.9900000000007,1691374200.0
1691367900,1944.7000000000003,1691367900.0
1691375400,1935.0599999999995,1691395800.0
1691379000,1936.6599999999999,1691387100.0
1691409600,1933.13,1691416800.0
1691412000,1941.7200000000005,1693398600.0
1691420100,1930.4800000000002,1691481300.0
1691422200,1928.3600000000004,1691495400.0
1691425800,1930.4,1691481300.0
1691431800,1937.6799999999998,1691449200.0
1691433300,1931.95,1691459400.0
1691434200,1939.3799999999999,1693396200.0
1691449200,1936.72,1691449200.0
1691450400,1942.0399999999997,1693398600.0
1691452500,1941.3599999999997,1693397700.0
1691453100,1934.4200000000005,1691456700.0
1691473200,1936.2600000000002,1693323000.0
1691476200,1936.4599999999998,1693323000.0
1691477100,1931.4300000000003,1691480700.0
1691484600,1938.0600000000002,1693387500.0
1691486100,1927.2699999999998,1691496000.0
1691486700,1936.75,1693323600.0
1691488800,1937.23,1693324200.0
1691489700,1930.8400000000001,1691492100.0
1691511300,1926.21,1691511300.0
1691513400,1930.7000000000003,1691553300.0
1691514600,1922.0999999999997,1691589300.0
1691516700,1921.7000000000003,1691589300.0
1691517600,1924.1499999999996,1691524500.0
1691533200,1928.6599999999994,1691544900.0
1691533800,1922.4699999999998,1691583600.0
1691535900,1928.2600000000007,1691544600.0
1691538000,1926.6100000000004,1691543700.0
1691538600,1923.74,1691580000.0
1691539200,1926.19,1691539800.0
1691541000,1928.96,1691548200.0
1691541900,1925.6299999999999,1691541900.0
1691543400,1928.8200000000004,1691544900.0
1691564700,1934.4899999999996,1693319400.0
1691565900,1927.4300000000003,1691570700.0
1691566800,1933.6600000000005,1693318800.0
1691567400,1930.62,1693317900.0
1691568900,1928.7400000000002,1691569200.0
1691610600,1915.63,1691610600.0
1691625000,1920.6399999999999,1691655600.0
1691625900,1915.0899999999997,1691629800.0
1691627400,1914.6899999999996,1691679000.0
1691628600,1920.2800000000002,1691651100.0
1691644200,1913.4100000000003,1691679900.0
1691644800,1918.2300000000002,1691646300.0
1691646300,1919.15,1691650800.0
1691646900,1916.28,1691647500.0
1691650200,1920.3799999999997,1691651400.0
1691654100,1921.5199999999998,1691663400.0
1691676000,1919.3899999999994,1691676300.0
1691694000,1916.0300000000004,1691733600.0
1691695500,1912.59,1691698800.0
1691715000,1917.8400000000004,1691740800.0
1691728500,1911.9300000000005,1691967600.0
1691731800,1916.4399999999998,1691734200.0
1691757600,1898.1100000000006,1692102600.0
1691764200,1930.1499999999994,1693318200.0
1691767500,1909.6599999999999,1691976900.0
1691773200,1912.9500000000003,1691775900.0
1691783700,1914.97,1691965200.0
1691784300,1912.4900000000002,1691785500.0
1691964900,1917.22,1692798300.0
1691967900,1905.9299999999996,1692019500.0
1691969400,1917.3999999999999,1692798600.0
1691971200,1912.79,1691971200.0
1691987100,1914.7299999999998,1691998800.0
1691996400,1909.7899999999997,1692015000.0
1691997300,1915.41,1691999700.0
1691997900,1911.3500000000001,1692014700.0
1691999100,1917.0899999999995,1692798300.0
1692006600,1917.6200000000003,1692798600.0
1692013500,1910.1600000000005,1692015000.0
1692029700,1913.1699999999996,1692798300.0
1692039300,1906.0599999999995,1692054000.0
1692064500,1904.8000000000002,1692065400.0
1692069300,1904.1799999999998,1692078000.0
1692072600,1908.0299999999995,1692109800.0
1692075900,1903.8699999999997,1692084300.0
1692076500,1907.7100000000003,1692109800.0
1692077100,1904.6100000000006,1692077700.0
1692078900,1900.4799999999993,1692102600.0
1692080100,1908.93,1692110100.0
1692081300,1903.57,1692084600.0
1692093900,1899.9699999999998,1692102600.0
1692104700,1909.09,1692110100.0
1692106200,1900.3300000000002,1692106500.0
1692108300,1908.68,1692110100.0
1692109200,1908.2400000000007,1692109800.0
1692119100,1904.7900000000006,1692120000.0
1692119700,1899.7500000000002,1692203100.0
1692122700,1907.8300000000004,1692793800.0
1692125400,1899.3200000000002,1692203700.0
1692149100,1905.07,1692155700.0
1692170400,1903.3800000000006,1692171000.0
1692174300,1905.6299999999999,1692176400.0
1692184200,1904.36,1692186000.0
1692185400,1908.9200000000005,1692796800.0
1692187800,1898.5399999999995,1692205200.0
1692233700,1893.6599999999996,1692240900.0
1692235500,1884.6899999999996,1695822900.0
1692237300,1893.5700000000002,1692240600.0
1692238500,1889.5299999999997,1692287700.0
1692243000,1894.92,1692254100.0
1692245100,1890.9299999999998,1692287400.0
1692246600,1889.5200000000007,1692287700.0
1692247200,1896.0400000000002,1692254400.0
1692282000,1889.0599999999995,1692289200.0
1692306000,1890.69,1692315900.0
1692333900,1890.51,1692334200.0
1692339000,1888.0299999999997,1692378900.0
1692343800,1895.28,1692354000.0
1692346800,1890.6499999999996,1692361500.0
1692347700,1890.35,1692361500.0
1692349200,1893.1699999999998,1692352800.0
1692351600,1893.8500000000001,1692353100.0
1692352200,1890.9900000000002,1692361200.0
1692353100,1896.98,1692708000.0
1692362400,1883.2200000000005,1695827400.0
1692363900,1892.76,1692363900.0
1692368400,1889.4200000000003,1692377100.0
1692376800,1889.7299999999998,1692377100.0
1692690000,1932.6800000000005,1693318500.0
1692706500,1899.8300000000004,1692707100.0
1692707700,1896.4299999999996,1692708300.0
1692724200,1903.0400000000002,1692766200.0
1692726600,1902.8600000000004,1692765600.0
1692734700,1892.5700000000002,1695813300.0
1692738000,1900.0800000000004,1692750600.0
1692742200,1898.9299999999996,1692749100.0
1692785100,1896.97,1695789000.0
1692790500,1898.9900000000002,1695752700.0
1692792000,1910.0400000000004,1692797100.0
1692792900,1906.1799999999998,1692793500.0
1692793500,1905.9300000000005,1692793500.0
1692796200,1908.9299999999996,1692796800.0
1692813900,1916.2299999999998,1692815400.0
1692816000,1920.4599999999996,1692844500.0
1692820800,1915.3300000000004,1692822300.0
1692833700,1921.3,1692846900.0
1692862200,1919.7400000000002,1692863700.0
1692863100,1917.77,1692876300.0
1692864000,1922.9999999999995,1692888300.0
1692864600,1917.8599999999997,1692876300.0
1692867000,1924.8599999999997,1693237200.0
1692867600,1916.3500000000004,1692878400.0
1692868500,1920.1499999999999,1692868500.0
1692887100,1916.33,1692887400.0
1692888000,1925.82,1693317600.0
1692902100,1913.9,1692934500.0
1692903000,1911.96,1692972000.0
1692928800,1918.5199999999995,1692964800.0
1692930000,1914.3299999999997,1692932700.0
1692948600,1914.55,1692948600.0
1692951600,1919.3700000000001,1692965100.0
1692953100,1917.4200000000003,1692955500.0
1692970200,1912.5,1692972000.0
1692972000,1920.5799999999997,1692972000.0
1692973800,1900.0299999999997,1695752700.0
1692988500,1920.6399999999999,1693236000.0
1693189800,1917.6,1693203300.0
1693198200,1908.4099999999999,1694523600.0
1693200000,1918.0399999999997,1693230300.0
1693201800,1917.1799999999998,1693203000.0
1693209300,1911.4800000000002,1694520300.0
1693214100,1913.8099999999997,1693217700.0
1693222800,1913.5200000000004,1693224900.0
1693224600,1919.9,1693235700.0
1693225500,1921.8499999999997,1693236600.0
1693228800,1914.4200000000003,1693229100.0
1693231500,1920.3300000000002,1693236000.0
1693251000,1916.41,1693310100.0
1693260900,1924.4199999999998,1693278300.0
1693292700,1919.7300000000002,1693306800.0
1693317900,1955.89,1697636100.0
1693341300,1940.6200000000001,1693397700.0
1693347900,1932.8200000000002,1693902600.0
1693349100,1933.35,1693903500.0
1693351800,1937.7900000000002,1693387500.0
1693355100,1934.2399999999998,1693901700.0
1693362000,1937.4299999999998,1693387200.0
1693363500,1935.1999999999996,1693379700.0
1693366200,1937.5399999999997,1693387500.0
1693376400,1937.1299999999997,1693387200.0
1693378200,1934.52,1693901100.0
1693378800,1937.9199999999996,1693387500.0
1693380000,1930.0499999999997,1693908000.0
1693385100,1933.0200000000004,1693902600.0
1693386900,1939.1,1693396200.0
1693413900,1945.7,1693443600.0
1693416900,1941.1799999999998,1693489200.0
1693438500,1948.4399999999996,1693571400.0
1693439100,1943.43,1693439400.0
1693440000,1947.3,1693445400.0
1693461600,1940.5799999999997,1693496100.0
1693477500,1946.8000000000006,1693483800.0
1693480500,1939.0900000000004,1693514700.0
1693482600,1945.74,1693483200.0
1693486800,1953.5499999999997,1697636100.0
1693488300,1940.63,1693496100.0
1693491000,1937.9199999999998,1693541400.0
1693511100,1942.5499999999995,1693530300.0
1693512900,1939.0700000000002,1693514700.0
1693524600,1933.3600000000006,1693902300.0
1693530900,1945.0899999999995,1693566000.0
1693537800,1938.5600000000004,1693539300.0
1693544700,1943.4799999999996,1693555200.0
1693545600,1935.3500000000001,1693578600.0
1693552800,1945.2800000000002,1693566000.0
1693575900,1935.16,1693578600.0
1693593600,1944.8199999999997,1693794300.0
1693790400,1937.9300000000003,1693833900.0
1693791900,1945.7999999999997,1693795500.0
1693816800,1942.2100000000005,1693817100.0
1693848900,1937.8900000000003,1693849200.0
1693850700,1941.2000000000005,1695217500.0
1693864800,1938.34,1693864800.0
1693869900,1933.22,1693902600.0
1693877100,1941.4200000000003,1695217500.0
1693878600,1925.7299999999998,1693922700.0
1693887900,1938.0,1693888500.0
1693893000,1932.8000000000006,1693902600.0
1693894800,1939.3400000000006,1695217200.0
1693896600,1941.4999999999998,1695217500.0
1693897800,1942.2600000000007,1695217500.0
1693899600,1932.1900000000005,1693902900.0
1693919100,1928.5999999999995,1693921800.0
1693921500,1925.5600000000002,1693922700.0
1693938000,1931.9399999999998,1695056700.0
1693938600,1923.2399999999998,1693986600.0
1693939800,1922.24,1694005200.0
1693942800,1921.6299999999997,1694005200.0
1693944600,1925.23,1693944900.0
1693957500,1926.44,1693957500.0
1693958700,1921.9699999999998,1694005200.0
1693960200,1922.1600000000003,1694005200.0
1693968000,1928.5200000000004,1694008500.0
1693969200,1928.3699999999997,1694008500.0
1693969800,1925.1899999999998,1693970400.0
1693970700,1928.8600000000001,1694008500.0
1693972200,1929.7999999999995,1694416500.0
1693984500,1918.53,1694010600.0
1693991100,1920.3700000000003,1694008800.0
1693995600,1933.8799999999997,1695068100.0
1693997400,1925.6100000000001,1693997700.0
1693998000,1929.7199999999998,1694416500.0
1693999800,1929.1100000000004,1694181600.0
1694005200,1920.8600000000001,1694008800.0
1694007900,1938.8999999999994,1695217200.0
1694008800,1922.04,1694008800.0
1694027400,1911.5900000000001,1694520300.0
1694028600,1921.0000000000002,1694081100.0
1694030700,1915.2700000000004,1694515800.0
1694031600,1912.4900000000002,1694519400.0
1694043000,1920.6200000000001,1694080800.0
1694045400,1911.5900000000004,1694520300.0
1694048100,1917.31,1694048700.0
1694078400,1923.6400000000003,1694133300.0
1694082000,1916.79,1694089800.0
1694083200,1922.9000000000005,1694088300.0
1694090400,1900.9499999999996,1694700900.0
1694091000,1927.83,1694181300.0
1694094300,1913.8299999999995,1694517600.0
1694094900,1922.8200000000004,1694133300.0
1694095800,1916.7299999999998,1694514900.0
1694099700,1915.9599999999998,1694514900.0
1694105400,1925.76,1694137200.0
1694106300,1916.37,1694514900.0
1694110800,1922.3600000000001,1694133300.0
1694112600,1915.6199999999997,1694514900.0
1694113200,1921.6200000000006,1694133000.0
1694116500,1917.9200000000003,1694190600.0
1694124300,1921.9999999999998,1694133000.0
1694158500,1919.46,1694188200.0
1694164500,1929.0999999999997,1694181600.0
1694165700,1922.4700000000007,1694172000.0
1694166600,1920.25,1694178600.0
1694167500,1923.5,1694169000.0
1694179200,1918.3299999999997,1694189100.0
1694181300,1932.9100000000008,1695059400.0
1694185500,1921.6300000000003,1694185800.0
1694205300,1922.96,1694396700.0
1694372400,1918.95,1694372400.0
1694383200,1920.41,1694394600.0
1694384100,1914.8299999999995,1694516400.0
1694388900,1921.5300000000007,1694396100.0
1694426100,1923.6200000000001,1694442600.0
1694435100,1919.67,1694482500.0
1694436900,1929.53,1694438100.0
1694439900,1925.5500000000002,1694439900.0
1694441100,1929.51,1694787300.0
1694442300,1921.52,1694442900.0
1694460600,1921.62,1694461800.0
1694476500,1918.2000000000005,1694499900.0
1694477700,1922.46,1694481000.0
1694478300,1919.7600000000004,1694482500.0
1694481000,1926.7400000000002,1694786400.0
1694482800,1915.9299999999998,1694514900.0
1694486100,1923.8400000000001,1694489400.0
1694489100,1929.7199999999998,1694787600.0
1694495700,1918.6299999999994,1694499900.0
1694497500,1922.79,1694783700.0
1694498700,1917.8200000000004,1694514900.0
1694534700,1914.2400000000002,1694535000.0
1694544000,1911.5800000000004,1694568600.0
1694547000,1916.9599999999996,1694758200.0
1694550600,1909.1599999999999,1694573700.0
1694551800,1916.0000000000002,1694750700.0
1694557800,1916.62,1694753100.0
1694564100,1914.25,1694611800.0
1694565000,1912.2900000000004,1694565300.0
1694565600,1916.4799999999998,1694753100.0
1694567100,1911.05,1694569500.0
1694567700,1913.6899999999998,1694567700.0
1694568900,1909.0100000000002,1694573700.0
1694588100,1905.1699999999998,1694677800.0
1694589600,1911.26,1694590500.0
1694599800,1915.56,1694612100.0
1694607000,1909.89,1694607600.0
1694609100,1915.56,1694612100.0
1694610000,1918.2100000000003,1694758800.0
1694610600,1906.28,1694675100.0
1694611800,1919.8900000000006,1694778000.0
1694614800,1908.4999999999993,1694624400.0
1694616300,1917.7300000000005,1694758500.0
1694619000,1911.1199999999997,1694619000.0
1694621700,1910.6499999999999,1694621700.0
1694622900,1907.0499999999997,1694646000.0
1694623500,1913.2499999999998,1694741700.0
1694624100,1907.5200000000004,1694635500.0
1694625600,1912.6999999999998,1694652900.0
1694626800,1907.2600000000004,1694646000.0
1694644800,1902.9599999999998,1694694600.0
1694649600,1912.7000000000003,1694652900.0
1694658000,1907.72,1694670900.0
1694658900,1912.2599999999998,1694741400.0
1694665500,1910.84,1694704200.0
1694666100,1908.1800000000003,1694670900.0
1694687700,1910.8800000000006,1694704200.0
1694695800,1881.8400000000006,1695827700.0
1694697000,1911.5700000000002,1694708400.0
1694698800,1891.1799999999998,1695816600.0
1694703300,1916.1000000000001,1694753100.0
1694706000,1902.04,1695740700.0
1694709300,1918.3000000000002,1694758800.0
1694717700,1904.4999999999995,1695740700.0
1694721900,1912.0600000000004,1694741400.0
1694723100,1905.16,1695735000.0
1694729100,1914.3000000000002,1694741700.0
1694731200,1914.44,1694742000.0
1694773500,1916.6099999999994,1694781000.0
1694776200,1919.1499999999999,1694778000.0
1694782200,1912.58,1695708900.0
1694784000,1927.4900000000002,1694786400.0
1694800500,1926.8299999999995,1695004200.0
1694803500,1919.2099999999998,1695297900.0
1694992800,1915.0700000000002,1695300000.0
1694996100,1925.1099999999994,1694998800.0
1695021600,1925.6499999999994,1695025500.0
1695039000,1929.2900000000004,1695052800.0
1695039600,1925.32,1695041100.0
1695040200,1930.9199999999998,1695056100.0
1695040800,1924.96,1695041100.0
1695042600,1927.2900000000002,1695042900.0
1695043800,1923.7099999999996,1695045300.0
1695046200,1907.5000000000005,1695731700.0
1695046800,1932.4800000000002,1695057300.0
1695048300,1932.2199999999998,1695057600.0
1695051000,1919.4900000000002,1695297600.0
1695053700,1935.99,1695119400.0
1695076800,1929.82,1695105900.0
1695077400,1935.8000000000006,1695119100.0
1695087300,1927.14,1695255900.0
1695108300,1933.12,1695108900.0
1695131400,1940.0199999999995,1695217200.0
1695132600,1925.89,1695256800.0
1695161700,1935.5400000000004,1695216600.0
1695162900,1931.07,1695163500.0
1695165000,1935.0,1695216600.0
1695169200,1929.3799999999994,1695171900.0
1695187800,1934.8200000000004,1695216600.0
1695193500,1928.3100000000002,1695194400.0
1695200400,1930.03,1695200400.0
1695201900,1928.4699999999998,1695255900.0
1695203400,1931.3900000000003,1695203700.0
1695233400,1935.5900000000006,1695239100.0
1695235800,1936.7499999999998,1695238200.0
1695271500,1929.2899999999997,1695276900.0
1695282000,1921.7,1695295200.0
1695314100,1915.85,1695651900.0
1695314700,1920.0,1695317700.0
1695321300,1919.6599999999999,1695323100.0
1695322500,1921.4599999999998,1695340200.0
1695323100,1918.4900000000005,1695651300.0
1695323700,1924.44,1695348300.0
1695333900,1923.2600000000002,1695343200.0
1695339000,1925.2399999999993,1695348900.0
1695358500,1919.6599999999999,1695651300.0
1695360300,1925.0800000000002,1695362700.0
1695363900,1929.68,1697219400.0
1695366600,1930.3000000000002,1697220300.0
1695378300,1926.6100000000004,1695382500.0
1695379500,1923.7899999999997,1695596700.0
1695380700,1927.6899999999998,1695390300.0
1695382500,1923.3099999999997,1695601200.0
1695388200,1929.09,1697219400.0
1695389100,1926.0099999999995,1695389100.0
1695390300,1932.1200000000001,1697230500.0
1695402900,1920.9599999999998,1695623100.0
1695585600,1925.23,1695585600.0
1695592800,1927.85,1697216400.0
1695595500,1930.1,1697220300.0
1695596400,1925.3500000000004,1695596400.0
1695597900,1928.0399999999995,1697216700.0
1695600000,1923.9099999999999,1695600600.0
1695624600,1927.7,1697216400.0
1695627900,1923.26,1695627900.0
1695631800,1921.2899999999995,1695651300.0
1695635400,1923.4100000000005,1695636900.0
1695640500,1922.3099999999997,1695650700.0
1695643200,1927.4600000000003,1697216400.0
1695651300,1919.5299999999995,1695651300.0
1695680700,1918.9399999999998,1697208900.0
1695681300,1916.1799999999996,1695681600.0
1695682200,1919.6399999999999,1697208900.0
1695685500,1919.7000000000005,1697208900.0
1695687600,1915.08,1695688500.0
1695691200,1911.2099999999996,1695710700.0
1695715200,1915.5200000000004,1697200200.0
1695717600,1911.3699999999997,1695725400.0
1695723900,1913.1399999999999,1695724200.0
1695726300,1913.5900000000004,1697200200.0
1695729600,1910.3999999999994,1695731100.0
1695768300,1896.7600000000002,1695789000.0
1695768900,1903.9,1697199900.0
1695771300,1906.8600000000004,1697200200.0
1695777300,1901.83,1695778200.0
1695782100,1899.3799999999997,1695787500.0
1695804300,1892.41,1695816000.0
1695854100,1881.2199999999996,1697092500.0
1695858600,1873.17,1695865200.0
1695859500,1878.9700000000003,1695904200.0
1695860100,1875.32,1695863700.0
1695861000,1880.4399999999996,1697092500.0
1695863700,1874.5099999999995,1695864300.0
1695879300,1877.66,1695885300.0
1695884400,1876.35,1695884400.0
1695891000,1873.5599999999995,1695905100.0
1695892800,1875.7399999999993,1695894000.0
1695894000,1875.1999999999998,1695894000.0
1695894600,1872.0600000000004,1695905100.0
1695897600,1872.7399999999996,1695905100.0
1695899100,1877.57,1695903300.0
1695899700,1877.8800000000003,1695904200.0
1695901800,1875.0099999999998,1695905100.0
1695903300,1880.7100000000003,1697092500.0
1695904200,1882.5000000000002,1697092800.0
1695906600,1864.6899999999998,1695913200.0
1695907800,1878.3600000000004,1695993300.0
1695909600,1865.6100000000006,1695912900.0
1695928500,1868.59,1695968100.0
1695934800,1868.5800000000004,1695968100.0
1695949200,1863.0799999999995,1695957900.0
1695953400,1867.8799999999997,1695966900.0
1695955500,1868.5799999999995,1695968100.0
1695957300,1861.2999999999997,1695996900.0
1695964200,1865.6899999999998,1695966300.0
1695965100,1862.92,1695996300.0
1695965700,1868.2,1695968100.0
1695966600,1869.3300000000002,1695969600.0
1695988200,1861.88,1695996600.0
1695992400,1884.7299999999996,1697189100.0
1695995100,1868.93,1695996000.0
1696228800,1848.6999999999994,1696803300.0
1696230000,1845.84,1696230600.0
1696232400,1835.8999999999994,1696238400.0
1696254000,1844.3200000000004,1696857600.0
1696255500,1825.2700000000002,1696288200.0
1696271100,1833.1999999999998,1696605900.0
1696273200,1831.8900000000006,1696343700.0
1696275300,1824.1299999999999,1696288200.0
1696315800,1834.7100000000005,
1696336200,1821.4399999999996,1696341600.0
1696339200,1819.07,1696400100.0
1696342200,1792.6699999999998,
1696343100,1848.49,1696803300.0
1696345500,1831.98,1696605900.0
1696348500,1817.07,1696401600.0
1696349700,1828.2700000000004,1696421700.0
1696351200,1832.2399999999998,1696605900.0
1696352700,1821.4199999999994,1696373400.0
1696353900,1828.3599999999997,1696421700.0
1696355700,1820.8200000000002,1696387500.0
1696357200,1819.41,1696387800.0
1696362000,1825.8299999999995,1696417800.0
1696363800,1822.1999999999998,1696373400.0
1696374600,1825.7999999999997,1696417800.0
1696376400,1821.6,1696383300.0
1696381800,1819.6100000000001,1696387800.0
1696386600,1819.8100000000004,1696387800.0
1696393500,1820.8,1696399200.0
1696398300,1825.3899999999999,1696417800.0
1696399500,1819.17,1696400100.0
1696405200,1822.42,1696405200.0
1696407900,1819.2199999999998,1696427100.0
1696408800,1825.16,1696417800.0
1696411800,1832.6999999999998,1696605900.0
1696413000,1826.7100000000005,1696417800.0
1696413900,1825.6400000000003,1696417800.0
1696427100,1815.6000000000001,1696509300.0
1696446900,1814.3100000000004,1696509300.0
1696457100,1823.1899999999998,1696461600.0
1696486200,1822.15,1696488900.0
1696502400,1821.1200000000006,1696505400.0
1696504800,1817.9199999999996,1696509300.0
1696506900,1823.5299999999997,1696507500.0
1696510500,1806.3799999999999,
1696524300,1819.8400000000004,1696528800.0
1696527900,1812.7700000000002,1696595400.0
1696530000,1821.18,1696544100.0
1696531800,1823.4899999999998,1696559400.0
1696554900,1821.86,1696556100.0
1696571700,1819.4999999999998,1696573500.0
1696585500,1819.7899999999997,1696594800.0
1696586400,1821.4899999999998,1696586700.0
1696594500,1823.2800000000002,1696598700.0
1696597200,1778.6399999999999,
1696598400,1823.4200000000003,1696598700.0
1696599300,1813.3399999999995,
1696600800,1826.7699999999995,1696602000.0
1696621200,1827.7999999999995,
1696624800,1834.04,1696791600.0
1696819200,1856.12,1696877700.0
1696822200,1847.68,1696853100.0
1696823100,1852.04,1696824600.0
1696829400,1847.02,1696854900.0
1696830900,1859.74,1696878600.0
1696833600,1852.8700000000003,1696864800.0
1696834500,1844.71,1696857300.0
1696836600,1851.9399999999998,1696836900.0
1696838100,1848.8399999999997,1696839900.0
1696842000,1852.6300000000006,1696863900.0
1696842600,1846.41,1696855200.0
1696843500,1853.48,1696872900.0
1696845300,1849.5800000000002,1696849200.0
1696847100,1847.7499999999998,1696853100.0
1696850100,1851.7699999999998,1696862100.0
1696851000,1847.5700000000002,1696853100.0
1696851600,1848.05,1696852800.0
1696862100,1857.9200000000003,1696878000.0
1696898700,1865.5100000000002,1697010000.0
1696911300,1857.34,1696919400.0
1696913100,1858.5900000000004,1696918200.0
1696935300,1859.4799999999998,1696951800.0
1696936500,1853.0900000000006,
1696938600,1851.9199999999998,
1696940100,1853.1900000000003,
1696948500,1853.5099999999995,1696949400.0
1696951500,1867.2299999999998,1697010000.0
1696967700,1863.4599999999998,1697007000.0
1696968600,1856.33,
1696971000,1858.7300000000002,1697003400.0
1696978200,1856.43,
1696982100,1864.9600000000003,1697007600.0
1696987200,1856.7700000000007,
1696988700,1864.2199999999993,1697007600.0
1696990500,1861.4600000000003,1696992300.0
1696995900,1859.0800000000006,1697002800.0
1696996500,1860.9399999999998,1697006100.0
1696997700,1859.5099999999998,1696998600.0
1697005200,1861.8399999999995,1697006400.0
1697005800,1858.3299999999995,
1697007000,1865.0500000000004,1697007600.0
1697031000,1868.2300000000002,1697130600.0
1697031600,1862.7399999999973,
1697032500,1876.4499999999998,1697040600.0
1697033400,1867.5,
1697034000,1873.76,1697040000.0
1697034600,1866.89,
1697040000,1877.8099999999995,1697074500.0
1697044500,1870.4800000000002,1697130000.0
1697045400,1865.3899999999994,
1697046000,1872.5000000000002,1697047200.0
1697047800,1874.73,1697062200.0
1697055000,1873.2199999999998,1697057100.0
1697061900,1878.5400000000004,1697075100.0
1697107800,1881.2400000000002,1697113800.0
1697110500,1885.4000000000003,1697189100.0
1697114100,1864.6400000000003,
1697149500,1864.68,
1697151600,1877.1399999999999,1697175300.0
1697407200,1932.62,1697592300.0
1697450400,1918.6299999999999,1697458800.0
1697467500,1926.7,1697544900.0
1697475600,1926.39,1697544900.0
1697479800,1922.9999999999995,1697534400.0
1697480400,1917.9600000000005,1697483100.0
1697481300,1922.6600000000005,1697534400.0
1697483400,1913.3500000000004,1697508900.0
1697496300,1922.98,1697534400.0
1697497200,1922.2500000000005,1697534400.0
1697502600,1915.9499999999998,1697502900.0
1697518800,1912.4099999999999,
1697520300,1914.5899999999997,1697520900.0
1697521800,1917.7799999999993,1697523000.0
1697549700,1926.69,1697550300.0
1697554500,1919.63,1697565000.0
1697556300,1928.36,1697591400.0
1697560800,1927.3699999999994,1697589900.0
1697562000,1920.57,1697564400.0
1697562600,1929.1999999999994,1697591700.0
1697564100,1919.5399999999997,1697565600.0
1697570700,1926.4600000000005,1697588100.0
1697571600,1921.8499999999997,1697574600.0
1697581200,1930.1200000000006,1697592000.0
1697608800,1934.6199999999997,1699640700.0
1697613300,1943.9200000000005,1697621400.0
1697616300,1934.2900000000004,1699640700.0
1697617200,1943.3799999999994,1697621400.0
1697621100,1942.77,1697621400.0
1697642100,1931.92,
1697644500,1947.4399999999998,1697646000.0
1697645100,1942.5900000000001,1699628100.0
1697647800,1958.0599999999997,1697729400.0
1697651100,1952.3600000000001,1697652000.0
1697655600,1955.1999999999998,1697718900.0
1697661900,1942.9299999999998,1699627800.0
1697671500,1945.0,1697689200.0
1697672400,1951.25,1697672700.0
1697673600,1954.1299999999999,1697718000.0
1697678100,1953.3400000000001,1697703000.0
1697681700,1951.9499999999998,1697701500.0
1697682300,1946.2200000000005,1697686800.0
1697684700,1956.8599999999997,1697729400.0
1697686500,1941.45,1699628100.0
1697695500,1943.0,1699627800.0
1697699700,1954.5499999999997,1697718000.0
1697715000,1952.4700000000003,1697716800.0
1697716200,1953.1200000000003,1697716800.0
1697727000,1948.5299999999997,1699472400.0
1697727900,1956.2200000000003,1697729100.0
1697760900,1972.5600000000002,1697763900.0
1697765400,1980.6599999999994,1697770200.0
1697773800,1972.0999999999997,1698018600.0
1697775000,1981.9999999999998,1697787300.0
1697784300,1972.3300000000004,1698018600.0
1697786400,1984.17,1697790000.0
1697803200,1974.1500000000005,1697805000.0
1697809500,1983.74,1697809800.0
1697822400,1947.1599999999999,1699473000.0
1697823600,2000.0100000000004,1698429900.0
1697824500,1977.8500000000004,1697825400.0
1698033600,1977.41,1698046200.0
1698057900,1981.14,1698063900.0
1698062100,1981.1499999999996,1698063900.0
1698062700,1974.6099999999997,1698068100.0
1698064500,1977.65,1698064800.0
1698072600,1980.24,1698113700.0
1698073200,1971.8199999999997,1698089700.0
1698074100,1975.3899999999994,1698075900.0
1698075300,1985.1800000000003,1698241800.0
1698075900,1971.5000000000002,1698089700.0
1698078900,1972.8400000000001,1698080700.0
1698085500,1978.7900000000002,1698113700.0
1698087600,1975.8400000000006,1698088500.0
1698107700,1979.1600000000003,1698113700.0
1698124500,1973.4500000000005,1698136200.0
1698127200,1978.86,1698131100.0
1698128100,1974.6899999999998,1698133800.0
1698131100,1983.8600000000001,1698241800.0
1698132600,1970.9099999999999,1698137100.0
1698160500,1966.36,1698162300.0
1698180600,1966.2199999999998,1698246000.0
1698192900,1979.5800000000002,1698240600.0
1698205200,1970.7299999999996,1698218700.0
1698206400,1977.9399999999996,1698239400.0
1698209700,1977.67,1698239400.0
1698210300,1965.4000000000003,1698246000.0
1698218700,1967.8800000000006,1698246000.0
1698220200,1972.7800000000002,1698222300.0
1698220800,1966.52,1698246000.0
1698232200,1976.52,1698235800.0
1698247200,1984.0000000000005,1698249000.0
1698259200,1987.0600000000002,1698291900.0
1698264000,1979.0600000000006,1698265800.0
1698265200,1977.39,1698324300.0
1698272100,1988.0800000000002,1698293100.0
1698274200,1976.4500000000003,1698324300.0
1698277200,1986.56,1698285900.0
1698300900,1978.2199999999998,1698324300.0
1698301800,1983.7399999999998,1698320100.0
1698303000,1993.6300000000006,1698428400.0
1698319800,1984.7599999999998,1698320100.0
1698337800,1981.67,1698404100.0
1698338700,1984.7999999999997,1698339600.0
1698352800,1988.5000000000005,1698373200.0
1698359700,1980.0899999999997,1698406200.0
1698362400,1985.95,1698369300.0
1698363300,1979.5800000000006,1698411300.0
1698365700,1985.9200000000003,1698369300.0
1698369300,1988.2299999999998,1698372900.0
1698369900,1983.9300000000003,1698369900.0
1698371100,1986.9499999999994,1698372600.0
1698388500,1990.78,1698427800.0
1698390600,1985.9300000000003,1698390600.0
1698393600,1981.8999999999996,1698403800.0
1698399600,1985.6000000000001,1698399900.0
1698417900,1988.4300000000005,1698427500.0
1698418800,1985.69,1698426900.0
1698419700,1978.8599999999997,1698420300.0
1698421500,1977.9499999999998,1698803700.0
1698427200,1997.4500000000005,1698429600.0
1698620100,1997.9200000000005,1698646800.0
1698634800,2007.9800000000002,1701039600.0
1698636300,1997.0500000000006,1698648000.0
1698638400,1997.52,1698646800.0
1698667200,1994.0400000000004,1698667500.0
1698668400,1997.7799999999993,1698669000.0
1698678300,2002.54,1698760500.0
1698684600,2001.2499999999998,1698755100.0
1698685800,1996.4100000000005,1698686400.0
1698689100,2001.3999999999999,1698760200.0
1698690000,1995.4100000000003,1698695400.0
1698691800,1998.9999999999995,1698749400.0
1698694200,1994.02,1698695700.0
1698714300,1998.7699999999995,1698749100.0
1698715500,2001.3799999999999,1698760200.0
1698717000,1997.0600000000006,1698738300.0
1698718200,2001.6599999999999,1698760500.0
1698718800,1993.4599999999996,1698721800.0
1698735600,1998.3499999999997,1698747300.0
1698756900,1992.5400000000002,1698768300.0
1698758700,1994.5199999999995,1698765000.0
1698759900,2002.9199999999998,1698760500.0
1698765300,1980.4699999999998,1698776400.0
1698795000,1989.6799999999998,1698847200.0
1698797100,1981.6100000000001,1698798300.0
1698818400,1980.85,1698818700.0
1698819300,1977.8600000000006,1698822900.0
1698820800,1984.7199999999998,1698840900.0
1698823800,1980.5299999999995,1698828300.0
1698824700,1973.59,1698864000.0
1698826200,1982.9799999999998,1698829500.0
1698845400,1979.5599999999995,1698853200.0
1698847800,2009.68,1701039600.0
1698852000,1981.7199999999998,1698852600.0
1698868800,1974.8599999999994,1699319400.0
1698870900,1979.5700000000004,1698871500.0
1698894900,1986.96,1698914100.0
1698897300,1990.2999999999995,1698927600.0
1698897900,1983.6400000000006,1698898500.0
1698900600,1991.6600000000005,1699014600.0
1698902700,1986.73,1698914100.0
1698903600,1983.7199999999996,1698909900.0
1698908100,1988.1200000000006,1698914700.0
1698911400,1988.66,1698916500.0
1698912300,1983.6,1698931800.0
1698912900,1987.1500000000003,1698914100.0
1698932100,1973.4099999999999,1699325100.0
1698947700,1989.8600000000001,1699002900.0
1698966300,1980.0799999999995,1699297500.0
1698970800,1988.5399999999995,1698996000.0
1698971400,1987.97,1698994500.0
1698973800,1979.9400000000005,1699297500.0
1698981300,1990.08,1699002900.0
1698995400,1990.6599999999994,1699014600.0
1698997800,1981.9700000000003,1699248600.0
1698998700,1989.0000000000002,1699002000.0
1699009500,1984.6599999999999,1699241100.0
1699010100,1991.2800000000002,1699014600.0
1699010700,1984.3299999999997,1699241100.0
1699013400,1993.3299999999997,1699014600.0
1699017000,2044.9700000000003,1701216000.0
1699018800,2010.3499999999995,1701039600.0
1699029900,1989.0800000000002,1699225800.0
1699033800,1987.4899999999998,1699227300.0
1699035600,1994.6600000000003,1699036200.0
1699041000,1989.9099999999996,1699225800.0
1699042200,1988.3599999999994,1699227000.0
1699043400,1994.7199999999996,1700572800.0
1699044600,1991.6500000000005,1699225200.0
1699045200,1993.1499999999999,1700216700.0
1699225200,1992.35,1699234200.0
1699225800,1988.1399999999994,1699227000.0
1699234800,1988.4900000000005,1699239000.0
1699236300,1988.6199999999994,1699239000.0
1699257300,1980.2499999999995,1699286400.0
1699258800,1993.4600000000003,1700538600.0
1699273500,1984.7600000000002,1699273800.0
1699274700,1983.4800000000002,1699275000.0
1699277100,1996.54,1700573400.0
1699278900,1984.7299999999998,1699281900.0
1699280400,1982.27,1699284900.0
1699290300,1986.4800000000007,1700150400.0
1699291500,1981.85,1699295100.0
1699367100,1962.95,1699367700.0
1699373100,1968.8299999999997,1699382700.0
1699379400,1960.32,1699439400.0
1699382700,1974.14,1700055000.0
1699401300,1964.6099999999997,1699422300.0
1699402200,1971.4599999999998,1700036400.0
1699407300,1966.5999999999995,1699420800.0
1699408500,1964.1200000000001,1699437600.0
1699410300,1973.7400000000002,1700043600.0
1699410900,1964.9699999999996,1699422300.0
1699411800,1963.1499999999999,1699438200.0
1699413600,1967.0100000000002,1699417800.0
1699427400,1964.4899999999996,1699437600.0
1699429500,1966.9599999999996,1699434600.0
1699431300,1962.5600000000002,1699438500.0
1699433400,1972.6800000000003,1700043600.0
1699434000,1966.22,1699435500.0
1699436100,1970.2700000000004,1700031600.0
1699438200,1961.6300000000006,1699439100.0
1699453500,1972.7800000000007,1700043600.0
1699455000,1958.3299999999997,1699455600.0
1699490400,1953.9900000000002,1699492800.0
1699498800,1946.25,1699517400.0
1699506600,1943.1499999999996,1699627800.0
1699512900,1950.5500000000006,1699538100.0
1699513500,1947.6199999999997,1699517400.0
1699516200,1953.4,1699540800.0
1699517400,1942.82,1699627800.0
1699520700,1952.8400000000001,1699540200.0
1699521300,1946.57,1699522200.0
1699532400,1952.9400000000003,1699540500.0
1699535100,1939.6199999999997,1699631400.0
1699536300,1954.66,1699540800.0
1699537800,1950.2300000000007,1699538100.0
1699558200,1952.5,1699611000.0
1699575900,1960.5099999999995,1699578000.0
1699583100,1951.96,1699611000.0
1699585800,1959.6200000000001,1699586100.0
1699591800,1952.0799999999997,1699611000.0
1699597500,1960.18,1699971300.0
1699599600,1954.6499999999999,1699600800.0
1699822800,1960.3,1699971300.0
1699845000,1932.88,1699887000.0
1699859700,1945.1100000000001,1699893000.0
1699869300,1932.31,1699887600.0
1699878600,1941.3700000000006,1699892100.0
1699880400,1933.4299999999998,1699886700.0
1699882500,1929.3300000000004,
1699891200,1941.4600000000003,1699892100.0
1699909200,1943.1800000000003,1699939200.0
1699910100,1949.6,1699968600.0
1699911000,1945.58,1699911000.0
1699917300,1943.0100000000002,
1699918500,1949.48,1699968600.0
1699919700,1940.6299999999997,
1699922100,1950.4999999999995,1699968600.0
1699923600,1950.7999999999997,1699968600.0
1699927200,1941.8999999999996,
1699929600,1943.45,1699938300.0
1699930500,1944.56,1699931100.0
1699934100,1939.64,
1699943100,1942.9699999999998,
1699946700,1947.3400000000004,1699953300.0
1699948800,1948.2200000000003,1699968600.0
1699950600,1948.24,1699968600.0
1699951200,1941.65,
1699953300,1949.06,1699968600.0
1699961400,1948.9800000000002,1699968600.0
1699962900,1948.8999999999999,1699968600.0
1699963500,1949.5399999999995,1699968600.0
1699965600,1943.7500000000002,
1699966500,1946.7700000000002,1699967700.0
1699967700,1949.35,1699968600.0
1699969500,1966.3299999999997,1699972500.0
1699988100,1960.92,1700007000.0
1699992600,1961.8400000000001,1699997100.0
1699996800,1963.67,1700009700.0
1699997400,1958.9499999999998,1700059800.0
1699998600,1959.95,1700059800.0
1699999200,1963.5500000000002,1700009700.0
1700003400,1962.1600000000005,1700003400.0
1700004600,1966.3599999999997,1700019900.0
1700005200,1957.4400000000003,1700059800.0
1700009400,1964.8799999999994,1700017200.0
1700010300,1961.5200000000002,1700011200.0
1700014500,1964.8300000000002,1700017200.0
1700051700,1967.45,1700055300.0
1700053800,1970.8000000000002,1700054400.0
1700055000,1964.92,1700055600.0
1700075100,1963.5200000000002,1700112300.0
1700078100,1960.69,1700080200.0
1700082000,1957.9200000000005,1700097300.0
1700091000,1964.38,1700115300.0
1700093700,1957.5200000000002,1700097300.0
1700095200,1958.6499999999994,1700095500.0
1700102700,1963.6399999999999,1700112600.0
1700133300,1962.5899999999997,1700136900.0
1700133900,1969.5000000000005,1700141400.0
1700135100,1957.8700000000003,
1700142000,1995.06,1700572800.0
1700162700,1982.2599999999998,1700165700.0
1700164500,1985.3899999999999,1700182800.0
1700165400,1981.2399999999998,1700165700.0
1700168100,1983.04,1700182200.0
1700169300,1976.9000000000003,1700175600.0
1700183100,1999.2300000000002,1700573400.0
1700198400,1984.61,1700198400.0
1700199300,1985.9200000000003,1700206500.0
1700202300,1985.09,1700206200.0
1700203200,1978.4700000000003,1700241000.0
1700207700,1988.6300000000003,1700211300.0
1700208900,1981.1400000000006,1700232300.0
1700209800,1986.6799999999998,1700209800.0
1700227200,1987.9499999999996,1700228100.0
1700247300,1985.94,1700527800.0
1700248200,1980.49,1700249700.0
1700250000,1974.9599999999996,1700438100.0
1700254800,1979.6000000000001,1700255700.0
1700256600,1983.1599999999994,1700447400.0
1700258100,1982.7,1700443500.0
1700417100,1980.55,1700442300.0
1700443500,1985.1700000000003,1700527800.0
1700445600,1978.55,1700465700.0
1700446500,1981.5600000000004,1700446500.0
1700457900,1977.7199999999996,1700469300.0
1700458500,1977.7500000000005,1700470800.0
1700461200,1983.2999999999993,1700526600.0
1700462100,1978.88,1700465400.0
1700496300,1977.0299999999997,1700503200.0
1700548800,1987.23,1700556600.0
1700549700,1989.9599999999998,1700556300.0
1700550600,1993.98,1700553900.0
1700553300,1988.6299999999999,1700556300.0
1700554200,1991.37,1700556000.0
1700555100,1988.4900000000007,1700556300.0
1700556000,1990.2399999999996,1700556300.0
1700571300,1990.1900000000005,1700571900.0
1700591400,1995.6800000000003,1700619000.0
1700599500,1997.7399999999998,1700600700.0
1700609700,2001.4200000000003,1700637000.0
1700611200,1998.5600000000006,1700611200.0
1700611800,2001.8000000000004,1700637000.0
1700613000,1993.1200000000001,1700665800.0
1700628300,2002.1,1700637000.0
1700649600,2004.0799999999997,1701039600.0
1700651700,1999.6,1700659800.0
1700658900,2010.7199999999998,1701039600.0
1700660100,1990.38,1700666700.0
1700663700,2002.7299999999996,1700836500.0
1700665200,2000.8300000000002,1700665200.0
1700688300,1985.7500000000002,1702306800.0
1700690100,1986.3699999999997,1702306800.0
1700696400,1994.4599999999998,1700704800.0
1700699400,1988.7700000000002,1702305000.0
1700701800,1997.4400000000003,1700711400.0
1700726400,1994.3299999999997,1700727600.0
1700729700,1998.7,1700832900.0
1700731200,1983.7000000000005,1702308000.0
1700750400,1997.2599999999995,1700832300.0
1700752800,1995.5799999999997,1700821200.0
1700753400,1992.3600000000001,1700753400.0
1700761800,1991.7600000000004,1700763300.0
1700764800,1993.0999999999995,1700780700.0
1700766000,1986.9599999999996,1702306500.0
1700781600,1999.23,1700832900.0
1700789700,1991.3,1700790000.0
1700790300,1996.7599999999995,1700827500.0
1700791200,1995.52,1700820900.0
1700796900,1987.8600000000006,1702305300.0
1700801700,1991.4700000000005,1702302600.0
1700803800,1995.87,1700821200.0
1700808000,1995.5400000000004,1700821200.0
1700809800,1996.16,1700827500.0
1700813400,1989.8400000000001,1702305000.0
1700815500,1998.1000000000001,1700832900.0
1700817900,1997.6600000000003,1700832300.0
1700818500,1992.87,1702281300.0
1700819400,1995.2399999999996,1700820600.0
1700848500,2006.6799999999998,1701039600.0
1700851500,1991.7800000000007,1702290900.0
1701039600,2001.35,1701039600.0
1701040200,2004.6999999999998,1701047100.0
1701063600,2009.1999999999998,1701065700.0
1701067500,2008.6599999999996,1701101100.0
1701069000,2005.3600000000004,1702045200.0
1701069600,2012.0800000000002,1701072600.0
1701072300,2013.0199999999998,1701072600.0
1701087900,2011.3600000000001,1701088200.0
1701090600,2009.8299999999995,1701092400.0
1701092100,2010.1399999999999,1701092400.0
1701101400,1998.4799999999998,1702054800.0
1701109200,2012.45,1701109800.0
1701110400,2016.0900000000004,1701129600.0
1701114000,2018.0,1701178800.0
1701138000,2019.4,1701178800.0
1701144000,2011.4400000000005,1701790800.0
1701146400,2018.9700000000003,1701178800.0
1701147300,2012.1799999999998,1701157800.0
1701150900,2016.6600000000005,1701152400.0
1701153300,2012.4899999999996,1701157800.0
1701154200,2017.6600000000005,1701178800.0
1701155100,2020.1199999999994,1701178800.0
1701156000,2011.3899999999999,1701790800.0
1701162900,2017.5500000000002,1701178800.0
1701164100,2013.9899999999993,1701164400.0
1701165300,2021.2199999999998,1701179700.0
1701166500,2013.9099999999999,1701167400.0
1701171600,2017.3299999999997,1701178800.0
1701177000,2011.4599999999996,1701790800.0
1701179400,2024.36,1701180900.0
1701207300,2036.7199999999998,1701250200.0
1701208800,2037.8499999999997,1701250200.0
1701213000,2043.6200000000001,1701214200.0
1701229800,2041.2999999999995,1701243600.0
1701231000,2038.7800000000007,1701250200.0
1701232200,2040.7300000000002,1701249600.0
1701244800,2044.9100000000008,1701268800.0
1701245400,2039.8999999999999,1701249600.0
1701263100,2032.36,1701355200.0
1701264900,2033.1600000000003,1701352800.0
1701268200,2051.19,1701444000.0
1701294300,2040.24,1701334200.0
1701300600,2040.1799999999996,1701334200.0
1701305100,2047.3100000000002,1701423000.0
1701307500,2051.6599999999994,1701444000.0
1701309000,2043.2400000000005,1701309300.0
1701312000,2044.8699999999997,1701312300.0
1701315300,2040.02,1701335400.0
1701316800,2048.59,1701423000.0
1701319200,2040.9400000000005,1701333900.0
1701326100,2046.2599999999995,1701327600.0
1701329700,2039.3899999999999,1701337800.0
1701349800,2043.3799999999997,1701420600.0
1701350700,2037.1000000000001,1701351600.0
1701354300,2045.9499999999996,1701420900.0
1701354900,2029.8200000000004,1701703500.0
1701361200,2041.7700000000007,1701390000.0
1701364800,2035.49,1701369600.0
1701366600,2041.0599999999995,1701389400.0
1701367800,2043.9399999999998,1701420600.0
1701368400,2034.5400000000006,1701369900.0
1701371100,2030.4200000000005,1701703500.0
1701372000,2038.15,1701385500.0
1701373500,2034.2700000000007,1701435000.0
1701375000,2032.28,1701703500.0
1701385200,2035.97,1701385200.0
1701385800,2031.2400000000005,1701703500.0
1701386700,2041.5999999999997,1701390000.0
1701403800,2037.64,1701431700.0
1701411300,2042.8500000000001,1701420300.0
1701412500,2035.3200000000004,1701434700.0
1701414000,2042.0200000000002,1701419700.0
1701416400,2037.96,1701430800.0
1701417900,2042.6299999999997,1701420300.0
1701431700,2033.4399999999998,1701703500.0
1701443400,2057.379999999999,1701447900.0
1701661500,2083.58,1701662700.0
1701668700,2094.4499999999994,1709561700.0
1701669300,2081.2,1701672300.0
1701670800,2098.639999999999,1709563200.0
1701672000,2078.9199999999996,1701672300.0
1701691500,2076.130000000001,1703690700.0
1701696900,2035.289999999999,1701703500.0
1701718500,2029.1100000000001,1701718800.0
1701726600,2033.9199999999998,1701734400.0
1701750900,2029.8500000000001,1701767400.0
1701758700,2035.7699999999995,1701763200.0
1701759600,2029.3900000000006,1701767400.0
1701764100,2038.4199999999998,1701764700.0
1701766200,2021.3,1701787500.0
1701766800,2031.74,1701766800.0
1701784800,2022.5999999999995,1701786600.0
1701787200,2016.1099999999994,1701787800.0
1701789600,2012.3,1701790800.0
1701804000,2011.9899999999996,1702044600.0
1701805800,2023.1200000000001,1701834600.0
1701819000,2013.7000000000005,1702044300.0
1701821400,2026.94,1701846000.0
1701839700,2025.7999999999995,1701843600.0
1701856200,2017.0500000000004,1702042200.0
1701868800,2045.2500000000002,1702564500.0
1701883500,2023.4999999999998,1701968400.0
1701885600,2030.91,1701888600.0
1701886200,2025.1399999999999,1701895200.0
1701887100,2031.4700000000005,1701937200.0
1701888300,2031.8999999999996,1701937200.0
1701891900,2026.7700000000002,1701894600.0
1701894900,2030.4600000000003,1701935100.0
1701895500,2019.0499999999995,1702042200.0
1701912300,2031.0,1701936600.0
1701920400,2024.5900000000001,1701968400.0
1701921000,2030.4400000000003,1701935100.0
1701923400,2023.9099999999999,1701968400.0
1701929400,2024.5699999999997,1701968400.0
1701932400,2035.9900000000005,1701956400.0
1701933600,2031.29,1701937200.0
1701934800,2033.0900000000001,1701938100.0
1701953100,2029.51,1701960000.0
1701954600,2030.2600000000004,1701960000.0
1701955800,2041.2,1702564200.0
1701959100,2028.8799999999999,1701960300.0
1701975000,2033.8900000000003,1702005900.0
1701978600,2033.5400000000002,1702005900.0
1701979800,2031.72,1701996600.0
1701981000,2032.6400000000003,1701996600.0
1701990300,2026.4100000000003,1702042200.0
1701996300,2034.9800000000002,1702513500.0
1701998700,2033.0700000000002,1702000800.0
1702011900,2033.3700000000006,1702512000.0
1702012500,2029.9199999999996,1702014900.0
1702013100,2027.1499999999996,1702025400.0
1702014600,2027.6899999999998,1702025400.0
1702030500,2040.13,1702562700.0
1702032900,2023.1999999999996,1702042200.0
1702034100,2033.1099999999997,1702512000.0
1702035900,2028.1300000000006,1702038300.0
1702038000,2026.0099999999998,1702042200.0
1702040700,2030.2699999999995,1702511100.0
1702041600,2032.3899999999999,1702511700.0
1702043400,1978.2200000000003,1702314900.0
1702069800,2004.3000000000004,1702072200.0
1702256400,2002.29,1702259400.0
1702257600,2008.52,1702496100.0
1702258200,2001.82,1702259700.0
1702259400,2000.3299999999997,1702261200.0
1702277400,2003.7199999999998,1702494600.0
1702279200,1994.8200000000006,1702281300.0
1702280400,2002.3699999999997,1702494600.0
1702281300,1989.04,1702305000.0
1702282800,1997.5399999999997,1702283100.0
1702284000,1991.54,1702302600.0
1702284600,1998.5700000000002,1702494300.0
1702285800,1989.83,1702305000.0
1702297200,2004.4999999999995,1702494900.0
1702297800,1992.4099999999999,1702300800.0
1702302000,1990.2400000000005,1702302600.0
1702302900,1998.0000000000002,1702494300.0
1702303500,1990.1200000000006,1702305000.0
1702327200,1977.0299999999995,1702447800.0
1702329600,1982.3399999999997,1702336200.0
1702339500,1980.6999999999996,1702391400.0
1702340100,1984.6999999999998,1702341300.0
1702356900,1987.9399999999996,1702361100.0
1702359600,1988.2299999999996,1702361400.0
1702369500,1989.8099999999995,1702386600.0
1702371300,1980.7099999999996,1702391400.0
1702378200,1983.3199999999997,1702392600.0
1702380900,1988.3500000000004,1702383000.0
1702383000,1991.4099999999999,1702386600.0
1702389600,1989.83,1702494000.0
1702392000,1974.55,1702448400.0
1702416300,1983.56,1702474200.0
1702423200,1983.2599999999995,1702465200.0
1702428000,1983.4400000000003,1702468200.0
1702434000,1975.9999999999998,1702448400.0
1702436400,1975.0499999999997,1702448400.0
1702453200,1985.7100000000005,1702474200.0
1702471800,1980.78,1702473000.0
1702473000,1978.33,
1702473900,1987.77,1702494000.0
1702479300,1979.2899999999997,1702480200.0
1702484700,1986.02,1702494000.0
1702486500,1978.56,
1702487700,1984.9999999999998,1702494000.0
1702490400,1976.7300000000002,
1702494600,2010.9100000000005,1702496100.0
1702527300,2034.52,1702533300.0
1702528200,2024.0200000000007,1702881300.0
1702533000,2038.7299999999993,1702542300.0
1702538100,2028.1800000000003,1702560600.0
1702540200,2036.06,1702541700.0
1702549500,2029.8700000000001,1702560600.0
1702553700,2039.36,1702562700.0
1702557300,2030.5599999999997,1702560600.0
1702558200,2044.1500000000003,1702564500.0
1702558800,2035.8100000000002,1702559100.0
1702562100,2040.9499999999998,1702564200.0
1702573200,2036.3199999999997,1702575600.0
1702574400,2040.32,1702630800.0
1702577400,2024.5299999999993,1702881600.0
1702595100,2039.3000000000002,1702630500.0
1702602000,2041.1999999999994,1702630800.0
1702602600,2031.62,1702605600.0
1702607700,2041.9799999999998,1702630800.0
1702610400,2034.4599999999998,1702611000.0
1702613100,2039.5400000000004,1702630500.0
1702621800,2037.4400000000005,1702625100.0
1702623300,2032.9800000000007,1702647300.0
1702625100,2039.7600000000002,1702630500.0
1702646100,2036.3199999999997,1702647300.0
1702663200,2036.6600000000003,1702996800.0
1702666200,2015.99,1702668600.0
1702857600,2012.1100000000001,1705503300.0
1702858500,2020.7399999999996,1702861200.0
1702864800,2020.9400000000005,1702864800.0
1702881000,2027.2000000000003,1702921500.0
1702885800,2027.1900000000005,1702921500.0
1702886700,2016.6100000000001,1704990600.0
1702888500,2029.2999999999995,1702921500.0
1702893000,2019.3799999999999,1702896300.0
1702894800,2027.6199999999994,1702921500.0
1702895400,2017.89,1704990300.0
1702901700,2026.17,1702908000.0
1702902600,2019.6800000000003,1704712500.0
1702906800,2015.7600000000004,1704990600.0
1702907700,2028.2999999999997,1702921500.0
1702909500,2011.6899999999998,1705503300.0
1702910400,2028.5799999999997,1702921500.0
1702914600,2019.3099999999995,1704712500.0
1702915500,2024.82,1702921500.0
1702917300,2027.2700000000002,1702921500.0
1702918200,2027.9899999999996,1702921500.0
1702919400,2017.4099999999996,1704990300.0
1702924500,2035.4299999999996,1702996500.0
1702936800,2022.7099999999996,1702956900.0
1702943700,2030.96,1702991700.0
1702946700,2031.48,1702991700.0
1702951200,2020.2200000000005,1704712500.0
1702967100,2025.24,1702967700.0
1702967700,2020.9699999999993,1704712500.0
1702971600,2031.2600000000002,1702991700.0
1702983300,2024.01,1704712500.0
1702983900,2026.8999999999996,1702984500.0
1703012700,2035.91,1703069100.0
1703028300,2049.2000000000007,1703199900.0
1703033700,2036.0499999999997,1703068200.0
1703034600,2041.9100000000003,1703052600.0
1703035800,2033.7399999999998,1703070300.0
1703043300,2046.3999999999996,1703199600.0
1703045700,2035.2299999999993,1703070000.0
1703046600,2038.4,1703067300.0
1703049000,2045.3400000000001,1703166000.0
1703059800,2038.12,1703067300.0
1703061600,2045.6899999999998,1703169900.0
1703066700,2037.6099999999997,1703067600.0
1703085000,2031.6399999999994,1703085900.0
1703087100,2028.2699999999998,1703107800.0
1703089200,2030.7900000000002,1703101800.0
1703091300,2027.0600000000002,1704461400.0
1703092200,2037.29,1703124000.0
1703093100,2025.9699999999996,1704461400.0
1703094000,2036.3900000000006,1703098500.0
1703095800,2031.6300000000003,1703101800.0
1703097300,2037.9200000000003,1703136300.0
1703099400,2037.35,1703124000.0
1703103600,2019.6899999999998,1704712500.0
1703120400,2035.47,1703123100.0
1703140500,2036.41,1703141100.0
1703142300,2033.6899999999996,1703145300.0
1703149800,2037.1900000000003,1703162100.0
1703151000,2031.84,1704297600.0
1703153700,2037.39,1703162100.0
1703155500,2027.11,1704461400.0
1703158800,2032.6599999999996,1704292500.0
1703163900,2042.6400000000003,1703166000.0
1703165400,2039.93,1703165400.0
1703181900,2035.6100000000004,1704291300.0
1703183400,2044.14,1703187000.0
1703185200,2034.6999999999998,1704292500.0
1703188800,2051.6000000000004,1703202000.0
1703216700,2040.6599999999999,1704289500.0
1703218800,2052.56,1703236200.0
1703220300,2046.5299999999988,1704283200.0
1703221800,2053.72,1703237700.0
1703223300,2051.7599999999998,1703234700.0
1703224200,2043.4899999999993,1704283500.0
1703225400,2047.5799999999995,1703226900.0
1703226600,2046.0299999999997,1704283500.0
1703230800,2051.5499999999993,1703234700.0
1703259900,2058.7299999999996,1703260800.0
1703260800,2052.9,1703263500.0
1703262000,2050.890000000001,1704281400.0
1703278800,2057.3999999999996,1703545500.0
1703279400,2054.2800000000007,1703545200.0
1703282100,2046.92,1704283200.0
1703545200,2054.71,1703545200.0
1703549100,2046.0899999999988,1704285900.0
1703550000,2057.5000000000005,1703553600.0
1703571300,2065.9,1703622900.0
1703572500,2065.750000000001,1703622900.0
1703574000,2059.5499999999997,1703598900.0
1703576400,2067.8700000000013,1703624100.0
1703577600,2062.38,1703578500.0
1703584200,2062.599999999999,1703585100.0
1703586300,2059.0100000000007,1703599200.0
1703589000,2064.96,1703622900.0
1703590800,2057.96,1703601300.0
1703596200,2064.9100000000003,1703622900.0
1703598600,2054.6999999999994,1703601600.0
1703613900,2061.499999999999,1703619900.0
1703614800,2056.789999999999,1704209700.0
1703616600,2062.3200000000006,1703621100.0
1703642400,2063.15,1703673000.0
1703651100,2060.9099999999994,1703858100.0
1703652900,2067.54,1703664300.0
1703654400,2065.24,1703654400.0
1703656200,2063.450000000001,1703673000.0
1703658900,2070.21,1703687400.0
1703659800,2058.6199999999994,1703858100.0
1703660400,2069.6000000000013,1703680200.0
1703662800,2069.0900000000006,1703680200.0
1703673600,2054.690000000001,1704276900.0
1703675400,2063.130000000001,1703845200.0
1703676600,2071.0800000000004,1703687700.0
1703681700,2055.2899999999995,1704275100.0
1703682900,2072.879999999999,1703689800.0
1703684700,2062.3500000000004,1703845200.0
1703685300,2071.36,1703687700.0
1703706600,2072.749999999999,1703765100.0
1703721000,2081.239999999999,1703726100.0
1703743800,2080.4699999999993,1703751600.0
1703747100,2080.1099999999997,1703751600.0
1703769000,2070.8800000000006,1703790900.0
1703770800,2082.49,1709313900.0
1703771700,2067.090000000001,1703792100.0
1703775600,2083.5999999999995,1709312700.0
1703780700,2078.9600000000005,1709311200.0
1703782200,2072.0399999999995,1703786400.0
1703789400,2065.14,1703798400.0
1703813700,2072.519999999999,1703829600.0
1703840700,2059.5099999999993,1703858100.0
1703861100,2071.22,1704172200.0
1703862300,2055.25,1704275400.0
1703868300,2066.0500000000006,1703868600.0
1703869200,2062.749999999999,1703872800.0
1703871300,2071.14,1704172200.0
1703876700,2066.5699999999993,1703878500.0
1703882400,2069.1800000000003,1704157500.0
1703884200,2059.1200000000003,1704209700.0
1704150600,2068.39,1704157500.0
1704152700,2062.3800000000015,1704155100.0
1704157800,2075.54,1704176400.0
1704191700,2066.919999999999,1704196800.0
1704193200,2078.950000000001,1709311200.0
1704193800,2071.67,1704195000.0
1704195000,2070.999999999999,1704195000.0
1704225600,2065.6400000000003,1704260100.0
1704226800,2058.72,1704228600.0
1704242700,2056.3500000000013,1704275100.0
1704243900,2064.2200000000007,1704248700.0
1704248100,2076.640000000001,1709310900.0
1704264900,2061.9100000000008,1704266100.0
1704307500,2039.04,1704310200.0
1704308400,2032.1799999999998,1704309000.0
1704309900,2036.9799999999996,1704309900.0
1704333600,2043.5600000000002,1704333600.0
1704342900,2048.8600000000006,1704353700.0
1704366900,2045.6100000000004,1704369000.0
1704368400,2050.0000000000005,1704466800.0
1704371100,2038.51,1704377100.0
1704372900,2043.9899999999998,1704374400.0
1704385500,2047.44,1704417300.0
1704386700,2040.8199999999997,1704389100.0
1704390900,2047.3700000000003,1704417300.0
1704396000,2039.04,1704448200.0
1704398700,2042.2699999999995,1704409500.0
1704401700,2037.8599999999994,1704449100.0
1704403800,2046.7400000000005,1704417000.0
1704411000,2052.3599999999997,1704466800.0
1704413700,2047.68,1704417300.0
1704416400,2048.18,1704465000.0
1704432900,2038.73,1704448500.0
1704439200,2051.2999999999997,1704466800.0
1704440100,2041.3400000000001,1704447600.0
1704463200,2047.1100000000001,1704464700.0
1704478800,2044.1100000000001,1704479400.0
1704480300,2049.12,1704481500.0
1704482100,2045.5600000000013,1704484200.0
1704489000,2046.7600000000007,1705057200.0
1704490800,2047.84,1705060800.0
1704671400,2038.0100000000004,1704685200.0
1704675600,2041.97,1704680700.0
1704676500,2051.0,1705061100.0
1704678900,2037.4699999999998,1704685200.0
1704707100,2031.9599999999996,1704727800.0
1704708600,2025.3999999999996,1704712500.0
1704726900,2042.8799999999999,1705056300.0
1704741600,2024.4099999999999,1704867000.0
1704742200,2030.66,1704758100.0
1704743100,2024.2300000000002,1704869400.0
1704751200,2028.8199999999997,1704756300.0
1704774600,2028.8199999999997,1704816000.0
1704780000,2030.35,1704815700.0
1704781500,2028.2800000000002,1704816000.0
1704782400,2037.46,1704787200.0
1704783300,2029.7499999999995,1704815700.0
1704783900,2036.32,1704785100.0
1704785400,2043.2900000000002,1705056300.0
1704788700,2027.5799999999995,1704816000.0
1704790200,2038.4199999999996,1704796200.0
1704799200,2036.4999999999995,1704807300.0
1704800100,2028.8000000000006,1704816000.0
1704801300,2025.3400000000001,1704866700.0
1704805200,2042.6200000000003,1705056300.0
1704806400,2030.3700000000001,1704815700.0
1704807000,2039.5299999999995,1704807300.0
1704811800,2026.7199999999998,1704816300.0
1704813300,2037.96,1704880800.0
1704814800,2029.2699999999998,1704815700.0
1704831000,2032.59,1704853200.0
1704832800,2029.8900000000006,1704836100.0
1704834900,2023.3400000000001,1704909000.0
1704837000,2034.58,1704874800.0
1704849000,2022.9200000000003,1704909900.0
1704850200,2029.9000000000003,1704850500.0
1704856800,2032.0100000000004,1704873900.0
1704859500,2023.4200000000003,1704909000.0
1704864300,2030.33,1704872400.0
1704865200,2025.8999999999999,1704865500.0
1704872700,2035.1700000000005,1704875100.0
1704889500,2039.5199999999998,1705046700.0
1704890700,2029.5000000000002,1704895800.0
1704927600,2026.62,1704930000.0
1704963000,2027.57,1704979800.0
1704965100,2029.3100000000004,1704979800.0
1704974700,2037.6600000000003,1704979200.0
1704980700,1993.3,1707836100.0
1704983700,2039.1200000000001,1705046700.0
1704984300,2014.86,1704990900.0
1705005000,2030.4800000000002,1705014300.0
1705030200,2038.6,1705044600.0
1705032300,2027.6499999999996,1705424700.0
1705034700,2040.4,1705055700.0
1705043700,2038.2199999999998,1705044600.0
1705078500,2046.7100000000005,1705078800.0
1705094700,2052.8800000000006,1705284900.0
1705275300,2051.46,1705284900.0
1705277100,2040.8000000000006,1705396200.0
1705279500,2051.84,1705284900.0
1705303500,2051.51,1705317600.0
1705307100,2057.9,1705308000.0
1705312200,2050.2699999999995,1705330800.0
1705328700,2051.5899999999992,1705330800.0
1705330200,2050.390000000001,1705330800.0
1705333200,2047.0700000000002,1705393800.0
1705335600,2058.6699999999996,1706803800.0
1705363200,2049.45,1705371900.0
1705389900,2043.8699999999994,1705394100.0
1705392300,2043.8900000000008,1705394100.0
1705413900,2031.21,1705424700.0
1705414800,2043.36,1706624100.0
1705415400,2036.8700000000001,1705420800.0
1705419300,2041.3300000000004,1705419900.0
1705421100,2011.8,1705503300.0
1705422900,2033.1399999999999,1705422900.0
1705439700,2028.3600000000006,1705442100.0
1705442100,2032.3399999999997,1705457400.0
1705447500,2021.5300000000002,1705468200.0
1705448700,2029.7799999999997,1705455000.0
1705451100,2021.3799999999997,1705468200.0
1705453200,2023.63,1705463100.0
1705455600,2035.4599999999996,1705669800.0
1705460100,2032.08,1705665600.0
1705462500,2023.5699999999997,1705463100.0
1705478100,2033.0999999999997,1705665900.0
1705482000,2015.3600000000006,1705503300.0
1705483500,2021.7,1705484100.0
1705492200,2022.6100000000004,1705498200.0
1705494900,2034.46,1705668000.0
1705500300,2016.4399999999996,1705503300.0
1705525500,2004.7400000000002,1707832500.0
1705526400,2008.8799999999997,1705533900.0
1705532400,2003.16,1707832800.0
1705533600,2009.98,1705539000.0
1705548300,2007.0200000000002,1705548600.0
1705549800,2006.73,1705554300.0
1705552800,2004.7199999999998,1707832500.0
1705553700,2004.3000000000006,1707832500.0
1705558800,2014.1899999999998,1705579500.0
1705568400,2008.5699999999997,1705568400.0
1705569300,2012.3200000000002,1705570200.0
1705575000,2006.5999999999997,1707832200.0
1705575900,2007.31,1707831900.0
1705577100,2013.7600000000002,1705579500.0
1705578900,2008.56,1705584600.0
1705579500,2016.3599999999994,1705580700.0
1705586100,2005.41,1707832500.0
1705587000,2014.6200000000003,1705592100.0
1705588200,2014.6399999999994,1705592100.0
1705595700,2011.37,1706125200.0
1705597500,2009.1100000000001,1707831900.0
1705598100,2018.5099999999998,1705602300.0
1705633800,2017.4500000000005,1706110500.0
1705635600,2025.9600000000005,1705649100.0
1705637100,2017.1400000000006,1706110500.0
1705645500,2027.4200000000005,1705649700.0
1705646700,2018.6599999999999,1705934400.0
1705647600,2025.1499999999996,1705648800.0
1705674900,2025.2499999999998,1705677000.0
1705691100,2024.4599999999998,1705899000.0
1705691700,2031.88,1705885800.0
1705878600,2011.4999999999995,1706124300.0
1705880100,2033.7599999999998,1705992900.0
1705881000,2030.2800000000002,1705885500.0
1705881600,2030.7199999999998,1705885500.0
1705882200,2025.54,1705883100.0
1705884900,2032.6399999999999,1705992900.0
1705890600,2024.61,1705899000.0
1705891500,2027.85,1705893000.0
1705893000,2028.1999999999994,1705893000.0
1705896600,2022.1399999999999,1705901100.0
1705897500,2023.3699999999997,1705900500.0
1705919700,2019.43,1705934400.0
1705920300,2026.6399999999994,1705925100.0
1705924200,2029.1799999999996,1705927200.0
1705930200,2020.6900000000005,1705932300.0
1705932000,2018.4699999999998,1705934400.0
1705932600,2027.6599999999999,1705982100.0
1705933500,2016.4500000000003,1706110500.0
1705937100,2030.3800000000003,1705988400.0
1705938900,2015.62,1706111100.0
1705948800,2019.8300000000004,1705950600.0
1705951200,2014.8600000000001,1706111700.0
1705965000,2016.8999999999999,1706110500.0
1705968300,2025.88,1705981500.0
1705973700,2022.22,1705976100.0
1705974300,2017.8699999999997,1706110500.0
1705976100,2025.77,1705981500.0
1706003100,2023.4999999999995,1706009100.0
1706023200,2019.8099999999993,1706108400.0
1706024100,2028.7899999999997,1706038200.0
1706027100,2022.9199999999996,1706031300.0
1706027700,2026.3300000000002,1706037000.0
1706029200,2021.13,1706108400.0
1706034300,2027.1699999999998,1706037300.0
1706056500,2023.2100000000003,1706073300.0
1706077500,2027.1400000000003,1706078100.0
1706104800,2044.3600000000004,1706624100.0
1706106900,2024.4100000000005,1706107500.0
1706127900,2012.0700000000002,1706129700.0
1706130000,2008.4799999999996,1707831900.0
1706138100,2019.96,1706189700.0
1706139000,2021.1599999999994,1706189700.0
1706153700,2010.8099999999997,1706189400.0
1706157000,2011.4500000000005,1706189400.0
1706159100,2020.0799999999997,1706189700.0
1706161800,2010.65,1707831900.0
1706166000,2018.3200000000006,1706176800.0
1706167800,2020.3799999999997,1706189700.0
1706169600,2010.3400000000001,1707831900.0
1706175300,2016.22,1706175300.0
1706182800,2014.1799999999994,1706185500.0
1706183700,2021.7399999999998,1706189700.0
1706187900,2016.58,1706188500.0
1706197500,2031.0999999999997,1706512200.0
1706201400,2010.3600000000001,1707831900.0
1706202600,2017.8500000000006,1706207100.0
1706203800,2013.1000000000001,1707753000.0
1706215500,2019.4999999999998,1706216100.0
1706247000,2017.8799999999999,1706281200.0
1706247600,2024.4099999999999,1706275800.0
1706250600,2016.38,1706284500.0
1706256600,2016.0399999999997,1706298000.0
1706258100,2019.88,1706258400.0
1706259600,2015.2900000000002,1707141000.0
1706264100,2025.1600000000005,1706277000.0
1706267100,2029.2000000000003,1706511600.0
1706272200,2019.8299999999997,1706276100.0
1706274000,2025.0200000000004,1706277000.0
1706279100,2010.7899999999997,1707831600.0
1706299200,2018.5400000000002,1706301300.0
1706301300,2019.6300000000003,1706487900.0
1706498100,2023.7999999999995,1706539500.0
1706499600,2027.5400000000002,1706509500.0
1706524800,2022.6200000000003,1706539500.0
1706535300,2038.79,1706600100.0
1706539800,2008.5399999999997,1707831900.0
1706549700,2026.6599999999999,1706552100.0
1706554200,2031.7600000000002,1706559300.0
1706577900,2028.3400000000001,1706884500.0
1706583300,2033.5899999999997,1706595000.0
1706584200,2030.7099999999996,1706628000.0
1706586600,2034.1100000000006,1706595300.0
1706589900,2028.9700000000005,1706882400.0
1706592000,2033.8000000000002,1706595000.0
1706613300,2034.1500000000003,1706613300.0
1706623200,2043.2399999999998,1706624100.0
1706628000,2020.7999999999997,1707125400.0
1706629500,2038.8999999999996,1706689200.0
1706630400,2028.53,1706882400.0
1706633700,2042.0400000000002,1706708700.0
1706634900,2032.92,1706637600.0
1706635800,2034.0500000000002,1706635800.0
1706643900,2040.8000000000006,1706708400.0
1706664000,2042.8399999999995,1706710200.0
1706665500,2031.22,1706731500.0
1706681700,2037.9299999999998,1706686200.0
1706701800,2039.1000000000001,1706703600.0
1706704800,2032.3100000000002,1706731500.0
1706707200,2045.1,1706711400.0
1706707800,2041.0700000000004,1706708400.0
1706727300,2044.0599999999997,1706727600.0
1706803800,2064.26,1706805900.0
1706818200,2052.060000000001,1706840700.0
1706824200,2056.1300000000006,1706834100.0
1706828700,2056.4700000000007,1706834100.0
1706831100,2052.2099999999987,1706840400.0
1706833500,2057.0700000000015,1706879700.0
1706834700,2054.500000000001,1706836200.0
1706835600,2059.6799999999985,1709306400.0
1706838000,2049.0499999999993,1706880600.0
1706843400,2050.0200000000004,1706880600.0
1706847300,2053.499999999999,1706864400.0
1706851500,2056.880000000001,1706879700.0
1706865300,2050.6300000000006,1706880600.0
1706871900,2053.1900000000005,1706872200.0
1706873700,2057.3200000000015,1706879700.0
1706875500,2059.96,1709306400.0
1706876100,2050.24,1706880600.0
1706877300,2057.609999999999,1709306100.0
1706878800,2061.4,1709306400.0
1706880000,2051.379999999999,1706880600.0
1706897400,2038.8599999999997,1706910600.0
1706907300,2036.0699999999995,1707092400.0
1706909100,2040.2600000000007,1707087600.0
1707093000,2030.2999999999997,1707109200.0
1707098100,2039.4200000000003,1707316800.0
1707100500,2027.9199999999998,1707117900.0
1707135300,2023.72,1707136500.0
1707136800,2033.04,1707231900.0
1707138300,2016.65,1707141000.0
1707153900,2025.27,1707154800.0
1707170400,2020.01,1707732000.0
1707180000,2027.6999999999996,1707181200.0
1707190800,2023.0000000000002,1707210000.0
1707198000,2031.3799999999999,1707230700.0
1707208800,2023.0900000000001,1707210000.0
1707209700,2022.2599999999998,1707399900.0
1707220800,2028.8400000000001,1707224700.0
1707222300,2022.7199999999996,1707399000.0
1707223500,2029.9900000000002,1707224700.0
1707249300,2032.2799999999997,1707287700.0
1707249900,2037.1999999999998,1707314700.0
1707251100,2034.5300000000007,1707254100.0
1707255300,2038.5,1707316800.0
1707256500,2031.4999999999995,1707294900.0
1707263100,2031.9200000000003,1707287700.0
1707267600,2027.4500000000005,1707393000.0
1707280500,2031.4700000000005,1707294900.0
1707282600,2034.7000000000005,1707282600.0
1707283800,2034.3800000000006,1707284100.0
1707291000,2040.5000000000005,1707316800.0
1707293100,2032.3999999999999,1707294300.0
1707299400,2038.8399999999997,1707316800.0
1707302400,2037.14,1707314700.0
1707304200,2030.7099999999998,1707309300.0
1707305400,2036.69,1707314400.0
1707306900,2030.04,1707381000.0
1707310800,2032.2200000000005,1707364500.0
1707312900,2042.2800000000002,1707317100.0
1707328500,2038.1899999999998,1707357900.0
1707329100,2043.0199999999998,1709214000.0
1707329700,2038.63,1708707600.0
1707331200,2040.8000000000002,1708714200.0
1707331800,2031.4799999999996,1707367800.0
1707347400,2031.64,1707367800.0
1707350100,2040.8200000000002,1708714200.0
1707362400,2033.53,1707363300.0
1707385200,2035.3300000000002,1707386100.0
1707391500,2028.8400000000006,1707391800.0
1707406500,2033.95,1707415200.0
1707440100,2031.99,1707440100.0
1707440700,2040.1699999999998,1708714200.0
1707450000,2035.9599999999994,1707485400.0
1707450900,2026.4799999999998,1707483900.0
1707454500,2027.8999999999996,1707483600.0
1707455100,2035.7200000000003,1707485400.0
1707456600,2027.9899999999998,1707483600.0
1707462000,2037.3400000000006,1708706400.0
1707462900,2031.5100000000002,1707466200.0
1707465600,2032.3400000000004,1707466200.0
1707470700,2034.3799999999997,1707485400.0
1707472500,2024.8500000000001,1707488400.0
1707474600,2028.2899999999997,1707483600.0
1707482700,2021.6299999999997,1707494400.0
1707485400,2029.2200000000003,1707485400.0
1707487500,2009.88,1707831900.0
1707506400,2022.2600000000004,1707704400.0
1707507900,2024.08,1707508800.0
1707508800,2026.9000000000003,1707726000.0
1707515400,2023.0800000000002,1707702600.0
1707692400,2023.45,1707700500.0
1707693000,2022.2000000000003,1707704400.0
1707693900,2028.1800000000003,1707823200.0
1707694800,2028.88,1707823500.0
1707697500,2029.0200000000002,1707824100.0
1707700800,2019.0399999999997,1707745800.0
1707717900,2027.74,1707822900.0
1707728700,2018.3999999999996,1707746700.0
1707730800,2016.0499999999995,1707747600.0
1707743100,2027.1199999999994,1707820500.0
1707744000,2021.4,1707745500.0
1707744600,2028.8799999999994,1707823500.0
1707747300,2012.5000000000005,1707753000.0
1707762000,2022.7799999999997,1707806700.0
1707778800,2019.56,1707778800.0
1707780000,2021.7400000000002,1707805200.0
1707782100,2013.96,1707831600.0
1707784200,2021.76,1707805200.0
1707784800,2018.2099999999998,1707792900.0
1707785700,2021.8399999999997,1707805200.0
1707792000,2014.6399999999994,1707831300.0
1707798000,2024.66,1707809100.0
1707800100,2017.7000000000003,1707831000.0
1707801300,2015.7500000000002,1707831000.0
1707802500,2022.6799999999996,1707806700.0
1707831300,1974.2799999999995,
1707851400,1995.7800000000004,1707933600.0
1707853500,1990.7099999999998,1707861300.0
1707855300,1985.5600000000002,1707922800.0
1707870900,1994.5599999999997,1707932700.0
1707873000,1990.7800000000002,1707873300.0
1707876900,1988.8699999999997,1707897900.0
1707879600,1995.4200000000005,1707933600.0
1707880500,1990.4299999999996,1707894300.0
1707881400,1995.4199999999998,1707933600.0
1707885300,1991.6599999999999,1707885600.0
1707887400,1993.8500000000004,1707932400.0
1707891600,1988.9499999999998,1707897900.0
1707892800,1994.9200000000003,1707932700.0
1707894600,1984.39,
1707896100,1989.7600000000004,1707897000.0
1707907500,1995.9599999999998,1707933600.0
1707912000,2002.96,1708003800.0
1707919200,1981.8800000000003,
1707920700,1986.7699999999995,1707922500.0
1707921900,1986.2000000000005,1707922800.0
1707928800,1998.6799999999994,1708001100.0
1707931800,1989.2100000000003,1707947700.0
1707933600,2000.1199999999994,1708003800.0
1707936600,1989.49,1707947700.0
1707937200,1992.6499999999996,1707951600.0
1707942900,1988.37,1707947700.0
1707946800,1993.1699999999996,1707951600.0
1707948000,1975.2300000000002,
1707953400,1993.84,1707955500.0
1707966900,1987.7199999999996,
1707977700,1991.3900000000003,
1707979200,1996.28,1707990900.0
1707979800,1988.6700000000003,
1707980400,1991.27,
1707981900,1996.1000000000001,1707990300.0
1708021800,1998.1899999999998,1708090500.0
1708023000,2001.36,1708090200.0
1708023600,2006.21,1708023900.0
1708027200,2008.26,1708097700.0
1708039200,2009.6100000000004,1708098000.0
1708041000,2002.6500000000003,1708042500.0
1708048500,2007.3200000000002,1708082400.0
1708049400,2003.5300000000002,1708049700.0
1708050900,2009.9599999999996,1708098000.0
1708053600,1998.79,1708090500.0
1708054200,2004.8600000000001,1708068300.0
1708055700,2004.9499999999996,1708068300.0
1708064400,1998.44,1708090500.0
1708068300,2005.5400000000006,1708068900.0
1708090500,1978.4199999999994,
1708097700,2011.9999999999998,1708104900.0
1708297200,2008.1599999999996,1708298100.0
1708299000,2031.6900000000005,1708494300.0
1708301100,2036.3199999999997,1708705800.0
1708319700,2017.4800000000002,1708345800.0
1708321200,2022.6,1708327200.0
1708326000,2019.5600000000002,1708332300.0
1708326900,2023.2300000000002,1708419900.0
1708327500,2020.5299999999993,1708328100.0
1708329300,2021.96,1708413600.0
1708335300,2020.24,1708411500.0
1708336200,2016.4700000000005,1708346700.0
1708362000,2016.5300000000004,1708362300.0
1708362900,2014.3400000000001,1708383600.0
1708365000,2018.3500000000004,1708366500.0
1708383600,2017.81,1708392300.0
1708384200,2022.5999999999995,1708413900.0
1708388400,2009.4699999999998,
1708394400,2011.68,
1708395000,2018.5099999999995,1708401000.0
1708395900,2018.9299999999996,1708403100.0
1708397100,2016.8699999999994,1708397400.0
1708399200,2021.8399999999997,1708413600.0
1708407600,2016.3999999999999,1708681800.0
1708409400,2025.5000000000005,1708424700.0
1708445100,2020.2700000000002,1708620300.0
1708445700,2027.4099999999999,1708446000.0
1708448700,2023.4400000000003,1708461000.0
1708455300,2030.3600000000001,1708487400.0
1708456500,2022.9199999999994,1708461300.0
1708477800,2027.4200000000003,1708482000.0
1708500300,2028.3899999999999,1708502400.0
1708513200,2025.91,1708530600.0
1708518000,2031.2300000000002,1708521300.0
1708524000,2031.17,1708588200.0
1708527300,2021.5599999999993,1708536300.0
1708529400,2034.3499999999995,1708589400.0
1708530900,2021.15,1708542000.0
1708545900,2027.75,1708565700.0
1708547400,2022.7299999999998,1708556400.0
1708548300,2027.2600000000002,1708563600.0
1708549500,2027.1100000000001,1708563600.0
1708594200,2025.4999999999993,1708608000.0
1708595400,2031.9900000000007,1708704300.0
1708596900,2027.9,1708600200.0
1708599000,2032.8599999999997,1708704600.0
1708599600,2025.6799999999998,1708608000.0
1708627800,2025.19,1708643700.0
1708629300,2024.28,1708635300.0
1708632300,2021.32,1708642800.0
1708633200,2023.9200000000005,1708635000.0
1708638000,2019.2499999999995,1708669500.0
1708638600,2027.3,1708692000.0
1708648500,2024.3999999999996,1708648500.0
1708650000,2029.6200000000003,1708703700.0
1708658100,2029.7799999999997,1708703700.0
1708659600,2026.3500000000006,1708661400.0
1708663200,2022.6299999999997,1708666800.0
1708664400,2030.5399999999995,1708703700.0
1708665000,2021.5700000000004,1708668300.0
1708684500,2020.6999999999998,1708684800.0
1708721700,2031.48,1708907400.0
1708922400,2035.8200000000004,1708935900.0
1708925700,2031.4699999999998,1708945200.0
1708926900,2035.3600000000001,1708935300.0
1708939500,2031.7400000000002,1708944600.0
1708940700,2037.84,1709022600.0
1708941900,2036.1999999999996,1709022000.0
1708944600,2029.9200000000003,1708956600.0
1708954200,2034.3999999999996,1709008500.0
1708955400,2032.11,1708955700.0
1708972200,2026.8999999999999,1709109900.0
1708974000,2035.9399999999998,1709019300.0
1708997700,2026.6599999999999,1709110800.0
1709000100,2036.3399999999997,1709022000.0
1709014200,2028.82,1709065500.0
1709014800,2037.2200000000003,1709022600.0
1709016900,2034.63,1709018100.0
1709037900,2033.0199999999998,1709050200.0
1709040600,2039.2999999999997,1709213700.0
1709043900,2040.75,1709213700.0
1709044500,2034.3299999999997,1709044800.0
1709058300,2032.4399999999996,1709059500.0
1709071200,2026.7999999999997,1709109900.0
1709082600,2035.1399999999996,1709127300.0
1709091000,2031.9600000000005,1709100300.0
1709096100,2026.3100000000004,1709110800.0
1709097600,2027.4500000000003,1709109000.0
1709121900,2031.8899999999999,1709125800.0
1709141400,2032.5999999999995,1709141700.0
1709148600,2027.2299999999998,
1709151000,2033.9000000000003,1709151900.0
1709154300,2038.2400000000002,1709213400.0
1709155200,2032.3700000000001,1709202900.0
1709157600,2041.5799999999995,1709213700.0
1709184900,2039.1200000000006,1709213700.0
1709186100,2032.2900000000004,1709202900.0
1709187300,2036.46,1709188200.0
1709187900,2037.89,1709213400.0
1709190600,2039.6799999999998,1709213700.0
1709195400,2034.5699999999997,1709199900.0
1709196300,2038.0,1709213400.0
1709198100,2034.73,1709199900.0
1709199300,2038.6300000000003,1709213400.0
1709199900,2033.7399999999996,1709200500.0
1709213700,2058.3199999999997,1709306100.0
1709230200,2043.7799999999995,1709238900.0
1709248200,2037.6300000000003,
1709257800,2043.4399999999998,1709270400.0
1709258700,2045.15,1709260200.0
1709271600,2048.6400000000003,1709277300.0
1709280000,2041.1000000000004,1709282100.0
1709285700,2049.8,1709288400.0
1709304000,2047.480000000001,1709304300.0
1709305800,2060.7599999999998,1709306400.0
1709329800,2079.44,1709517000.0
1709508600,2080.580000000001,1709514300.0
1709530800,2085.38,1709536800.0
1709534700,2083.27,1709544300.0
1709536200,2089.8599999999997,1709560500.0
1709551200,2078.8199999999997,
1709561100,2099.349999999999,1709563200.0
1709585100,2113.8,1709593200.0
1709589000,2109.629999999999,
1709595600,2118.580000000001,1709617200.0
1709598300,2112.9100000000008,1709601600.0
1709613000,2117.690000000001,1709616900.0
1709614500,2118.8,1709617200.0
1709660100,2125.95,1709686500.0
1709661300,2134.8999999999987,1709730300.0
1709664000,2132.58,1709666100.0
1709665200,2136.7199999999993,1709731200.0
1709667000,2138.4,1709733300.0
1709667900,2135.9299999999994,1709731200.0
1709668500,2134.8699999999994,1709730300.0
1709674200,2128.18,1709674200.0
1709703300,2131.079999999999,1709710800.0
1709706600,2131.96,1709726100.0
1709714400,2120.4699999999993,
1709718600,2130.0599999999995,1709725200.0
1709722800,2124.53,
1709724600,2123.5600000000004,
1709725800,2132.1999999999994,1709726100.0
1709752500,2147.09,1709760900.0
1709753400,2136.3099999999995,
1709754000,2145.5099999999993,1709757000.0
1709756400,2139.8699999999994,
1709759700,2141.029999999999,
1709761200,2149.1000000000004,1709766900.0
1709767800,2148.399999999999,1709767800.0
1709770200,2152.19,1709783700.0
1709778000,2153.5600000000004,1709784000.0
1709778600,2148.88,1709778600.0
1709801100,2154.79,1709801700.0
1709804700,2158.710000000001,1709816400.0
1709810100,2150.71,1709822400.0
1709811600,2152.4399999999996,1709821800.0
1709812200,2157.1800000000003,1709812800.0
1709814900,2150.519999999999,1709822400.0
1709816400,2162.4,1709816700.0
1709820000,2153.020000000001,1709821800.0
1709824200,2161.809999999999,1709855700.0
1709826600,2150.779999999999,1709827800.0
1709829600,2160.66,1709841300.0
1709831100,2149.5699999999997,1710729900.0
1709835000,2160.739999999999,1709855400.0
1709854200,2167.040000000001,1709886600.0
1709859900,2165.7500000000005,1709886600.0
1709863500,2148.2,1710729900.0
1709878200,2158.8599999999997,1709879100.0
1709903700,2161.95,1709904600.0
1709904600,2174.849999999999,1709904600.0
1709908500,2154.440000000001,1710252300.0
1709909700,2181.6600000000008,1709917200.0
1709926800,2179.2699999999995,1710109200.0
1709928600,2179.2899999999995,1710109200.0
1709931000,2179.730000000001,1710108000.0
1709931600,2173.76,1710226200.0
1710109200,2181.9000000000005,1710112800.0
1710111000,2171.330000000001,1710242100.0
1710111900,2184.0200000000004,1710117300.0
1710125400,2170.1099999999997,1710245700.0
1710127200,2175.09,1710222000.0
1710130200,2185.2200000000003,1710171900.0
1710132300,2173.9199999999996,1710226200.0
1710138600,2177.6899999999996,1710138900.0
1710139800,2185.5599999999995,1710962400.0
1710147600,2170.6500000000005,1710245700.0
1710150300,2184.420000000001,1710164700.0
1710153000,2177.04,1710153900.0
1710162000,2169.179999999999,1710245700.0
1710163200,2182.760000000001,1710164100.0
1710165600,2174.540000000001,1710222000.0
1710167100,2184.0400000000004,1710170100.0
1710179100,2176.1800000000003,1710222000.0
1710180600,2183.9400000000014,1710195900.0
1710183000,2170.5099999999998,1710245700.0
1710184500,2184.8599999999997,1710962400.0
1710185400,2181.4899999999993,1710185700.0
1710189900,2184.579999999997,1710961800.0
1710195600,2183.5699999999997,1710195900.0
1710204300,2177.3200000000006,1710213000.0
1710206100,2178.24,1710212700.0
1710208200,2184.74,1710962400.0
1710208800,2180.61,1710209100.0
1710232200,2171.2400000000002,1710242100.0
1710234600,2176.6600000000003,1710237300.0
1710236700,2182.3,1710960900.0
1710238200,2174.5400000000004,1710241800.0
1710239400,2177.31,1710239700.0
1710243600,2166.77,1710246600.0
1710247800,2168.99,1710248400.0
1710266700,2142.8700000000003,
1710267600,2159.8700000000003,1710281700.0
1710269400,2151.36,1710270000.0
1710285300,2165.9,1710336900.0
1710294300,2153.5499999999993,1710430800.0
1710295200,2161.999999999999,1710326100.0
1710297600,2163.1099999999997,1710326400.0
1710298800,2154.9,1710430800.0
1710299400,2160.4300000000003,1710300600.0
1710304500,2151.640000000001,1710712800.0
1710306900,2158.5299999999993,1710309000.0
1710308100,2162.4200000000005,1710326400.0
1710311400,2157.9900000000002,1710312900.0
1710314700,2164.7299999999996,1710331800.0
1710315300,2154.7999999999993,1710430800.0
1710317100,2169.5400000000004,1710336900.0
1710318000,2161.9800000000005,1710326100.0
1710321000,2153.130000000001,1710430800.0
1710322200,2155.1200000000003,1710430800.0
1710324600,2153.3199999999993,1710430800.0
1710325500,2162.12,1710326100.0
1710358800,2177.6399999999994,1710960300.0
1710367500,2166.15,1710418500.0
1710371400,2168.1199999999994,1710396300.0
1710372300,2178.1999999999994,1710960300.0
1710372900,2168.6199999999994,1710395700.0
1710375300,2169.540000000001,1710392700.0
1710376500,2179.46,1710960600.0
1710383100,2183.58,1710961500.0
1710384000,2166.0299999999997,1710418500.0
1710409800,2171.0499999999997,1710409800.0
1710410400,2173.070000000001,1710957900.0
1710417600,2166.2800000000007,1710418500.0
1710418800,2157.1900000000014,1710430500.0
1710437100,2149.9400000000014,1710729600.0
1710441000,2163.1499999999987,1710445800.0
1710441900,2162.689999999999,1710444900.0
1710442800,2159.55,1710506400.0
1710443700,2165.82,1710481200.0
1710455400,2157.9299999999994,1710506700.0
1710460200,2154.7199999999993,1710713100.0
1710461400,2157.500000000001,1710509400.0
1710463800,2163.5299999999997,1710464400.0
1710464700,2167.32,1710481500.0
1710468000,2159.9300000000003,1710506400.0
1710469800,2156.830000000001,1710523800.0
1710471900,2168.2599999999998,1710481800.0
1710480300,2161.7600000000007,1710505800.0
1710481200,2167.529999999999,1710481500.0
1710500400,2166.3999999999987,1710501000.0
1710520500,2165.5499999999997,1710957600.0
1710522300,2151.7699999999986,1710712800.0
1710746400,2151.740000000001,1710748500.0
1710774300,2153.6899999999996,1710835500.0
1710775500,2164.26,1710943500.0
1710776100,2158.35,1710776100.0
1710781500,2164.57,1710943500.0
1710782100,2163.9400000000005,1710943500.0
1710785700,2156.8399999999997,1710828000.0
1710786300,2157.470000000001,1710827400.0
1710787500,2165.120000000001,1710957600.0
1710788100,2156.26,1710828000.0
1710789000,2161.07,1710800100.0
1710791100,2161.58,1710800400.0
1710795600,2155.4000000000005,1710828300.0
1710799500,2156.390000000001,1710828000.0
1710802500,2171.0199999999995,1710957900.0
1710811800,2158.3199999999993,1710825000.0
1710813300,2163.2699999999995,1710943200.0
1710815700,2160.24,1710816000.0
1710816600,2159.5299999999997,1710823200.0
1710817800,2161.8000000000006,1710819300.0
1710819900,2157.8499999999995,1710826800.0
1710822900,2156.22,1710828000.0
1710843900,2153.21,1710844200.0
1710848400,2149.8399999999997,1710857100.0
1710849600,2159.290000000001,1710886800.0
1710856500,2138.530000000001,
1710860100,2158.650000000001,1710886500.0
1710861600,2146.6000000000004,
1710865800,2158.6600000000003,1710886500.0
1710867300,2150.370000000001,1710938400.0
1710869100,2160.9000000000005,1710943200.0
1710894000,2149.6499999999987,
1710896700,2153.4499999999994,1710928500.0
1710897300,2163.0200000000004,1710943200.0
1710902100,2154.339999999999,1710922500.0
1710903600,2161.38,1710943200.0
1710911700,2155.7800000000007,1710921900.0
1710920400,2153.36,1710928500.0
1710942900,2161.889999999999,1710943200.0
1710988200,2201.749999999999,1711009800.0
1710989100,2205.9799999999987,1711000800.0
1710991800,2202.5799999999995,1710992700.0
1710993900,2198.100000000001,1711010400.0
1710996900,2210.55,1711016100.0
1710999000,2195.429999999999,1711029000.0
1711001400,2227.0099999999993,1711658700.0
1711010400,2196.0600000000004,1711450200.0
1711012800,2205.4000000000005,1711014300.0
1711015500,2213.0699999999997,1711623000.0
1711020900,2196.7599999999998,1711028700.0
1711023600,2211.99,1711622700.0
1711028100,2184.5200000000004,1711029900.0
1711046400,2184.54,1711067700.0
1711059300,2176.5,1711072200.0
1711063800,2186.3799999999997,1711445400.0
1711064400,2177.809999999999,1711072200.0
1711066800,2186.56,1711445400.0
1711071300,2177.9300000000007,1711072200.0
1711071900,2173.210000000001,1711072500.0
1711088700,2169.529999999999,1711091100.0
1711108800,2168.060000000001,1711108800.0
1711109400,2171.24,1711109700.0
1711123800,2161.95,1711128000.0
1711139400,2165.3400000000006,1711139400.0
1711140900,2167.18,1711317900.0
1711328700,2160.7000000000007,
1711330200,2176.8200000000015,1711334100.0
1711344600,2163.440000000001,
1711362300,2173.6199999999994,1711368300.0
1711385100,2173.6800000000003,1711389600.0
1711387200,2181.9200000000005,1711444200.0
1711389600,2167.7500000000014,1711417800.0
1711411800,2175.6699999999996,1711441200.0
1711416300,2164.8699999999994,
1711430100,2174.41,1711440900.0
1711431600,2177.4800000000005,1711441800.0
1711436100,2177.819999999999,1711441800.0
1711437000,2170.5299999999997,1711437000.0
1711438500,2175.3199999999993,1711441200.0
1711460400,2185.92,1711460400.0
1711481100,2175.13,1711485600.0
1711482300,2179.8999999999996,1711497900.0
1711485900,2168.560000000001,
1711491600,2183.5799999999995,1711532400.0
1711493100,2181.2799999999997,1711527300.0
1711500300,2180.04,1711501500.0
1711501200,2180.9999999999995,1711526400.0
1711505700,2169.8200000000006,
1711509600,2187.080000000001,1711532400.0
1711511100,2173.460000000001,
1711513800,2184.0600000000004,1711532400.0
1711516800,2173.0100000000007,
1711518600,2181.72,1711527300.0
1711524600,2176.08,
1711526100,2186.5999999999995,1711532400.0
1711528500,2175.789999999999,
1711531500,2185.9800000000014,1711532400.0
1711549200,2186.68,
1711550400,2196.7000000000007,1711603800.0
1711551900,2189.9500000000007,1711553100.0
1711555800,2195.0899999999997,1711593000.0
1711562100,2179.4500000000007,
1711564500,2187.21,1711588200.0
1711568100,2192.5800000000004,1711569000.0
1711577100,2168.57,
1711578900,2197.080000000001,1711603800.0
1711583400,2190.75,1711583400.0
1711591800,2193.26,1711592700.0
1711592400,2187.840000000001,
1711595100,2204.009999999999,1711621200.0
1711611300,2186.07,
1711614900,2195.78,1711614900.0
1711616100,2193.979999999999,1711616400.0
1711618500,2191.74,
1711620300,2202.0899999999997,1711621200.0
1711949100,2263.739999999999,1712050200.0
1711959600,2249.750000000001,1711967100.0
1711995300,2241.0499999999997,1711995600.0
1712021400,2244.45,
1712027400,2260.01,1712045100.0
1712043900,2259.21,1712045100.0
1712059800,2250.8399999999997,
1712064900,2268.6299999999987,1712066400.0
1712066400,2274.4999999999995,1712067600.0
1712070000,2245.940000000001,
1712073900,2253.84,
1712075400,2261.3899999999994,1712077500.0
1712082900,2262.27,
1712085600,2279.44,1712089800.0
1712112300,2286.37,1712114100.0
1712112900,2287.09,1712114100.0
1712122500,2286.62,1712157900.0
1712124900,2280.250000000001,1712127600.0
1712145000,2274.8600000000006,1712149200.0
1712147700,2290.9699999999993,1712161200.0
1712149500,2285.2200000000003,1712157900.0
1712151600,2287.719999999999,1712158500.0
1712188800,2300.3100000000004,1712190000.0
1712189700,2305.140000000001,1712326800.0
1712198400,2306.88,1712327100.0
1712200800,2287.21,1712232000.0
1712202900,2303.5600000000004,1712256900.0
1712205000,2294.960000000001,1712214300.0
1712205600,2304.1000000000013,1712256900.0
1712206500,2293.6799999999994,1712214900.0
1712208000,2294.1000000000004,1712214600.0
1712209200,2294.61,1712214600.0
1712241300,2312.6500000000005,1712327400.0
1712242800,2288.95,1712248500.0
1712244000,2299.0000000000005,1712254800.0
1712244600,2292.05,1712244600.0
1712245800,2297.4699999999993,1712254500.0
1712246700,2297.579999999999,1712254500.0
1712250300,2290.8900000000012,1712251200.0
1712258100,2288.4199999999996,1712259300.0
1712261100,2274.7199999999993,1712279700.0
1712263200,2291.090000000001,1712263200.0
1712270700,2282.7499999999995,1712278800.0
1712280900,2258.17,
1712294400,2282.02,1712297100.0
1712321100,2254.3100000000004,
1712321700,2293.2199999999993,1712322900.0
1712344800,2318.47,1712527800.0
1712348700,2328.1,1712349900.0
1712527200,2329.57,1712542500.0
1712543400,2350.33,1712646600.0
1712559300,2329.149999999999,1712578800.0
1712570400,2339.9500000000003,1712571900.0
1712576700,2331.7800000000007,1712577900.0
1712595000,2328.8699999999994,1712595600.0
1712595600,2325.9800000000005,1712754600.0
1712596200,2326.0500000000006,1712754600.0
1712596800,2335.3700000000003,1712597400.0
1712618700,2333.2000000000007,1712754000.0
1712619900,2333.499999999999,1712754000.0
1712620800,2343.359999999999,1712625000.0
1712622600,2341.91,1712625000.0
1712624400,2336.219999999999,1712754000.0
1712625900,2360.0299999999993,1712654100.0
1712641200,2340.4,1712678100.0
1712641800,2351.019999999999,1712646600.0
1712663400,2342.0599999999995,1712677800.0
1712664300,2359.7599999999998,1712669700.0
1712665800,2333.6700000000005,1712754000.0
1712673300,2349.6300000000006,1712673600.0
1712688900,2350.6999999999994,1712692500.0
1712690100,2341.299999999999,1712753100.0
1712692500,2353.72,1712694900.0
1712710800,2344.3900000000003,1712753100.0
1712716200,2354.260000000001,1712723400.0
1712717400,2343.209999999999,1712753100.0
1712718900,2345.6000000000013,1712741700.0
1712723400,2355.4799999999987,1712723700.0
1712738400,2349.5799999999995,1712741100.0
1712739000,2355.970000000001,1712856300.0
1712740200,2351.710000000001,1712740800.0
1712769900,2336.03,1712770200.0
1712773800,2332.099999999999,1712775000.0
1712786700,2344.2300000000014,1712803500.0
1712788500,2326.36,1712825400.0
1712789700,2331.3500000000004,1712823300.0
1712791800,2338.9600000000005,1712797800.0
1712815200,2330.4900000000002,1712824500.0
1712832900,2341.8800000000006,1712838600.0
1712834700,2341.35,1712838600.0
1712835900,2340.48,1712838600.0
1712838300,2351.2000000000007,1712855100.0
1712847900,2367.0,1712864400.0
1712849700,2343.3900000000003,1712850000.0
1712898900,2388.020000000001,1712900100.0
1712899800,2388.49,1712900100.0
1712903100,2375.17,1712939100.0
1712904900,2405.5099999999998,1712929800.0
1712920800,2380.8599999999997,1712938800.0
1712922900,2383.930000000001,1712938500.0
1712926800,2403.9699999999993,1712929800.0
1712928000,2406.6300000000006,1712930400.0
1712937300,2366.540000000001,1712940300.0
1713132900,2345.269999999999,1713170100.0
1713134100,2365.54,1713201900.0
1713148200,2369.2700000000004,1713202800.0
1713149700,2351.8999999999996,1713164400.0
1713150600,2353.07,1713164400.0
1713152100,2361.4200000000005,1713160200.0
1713153600,2354.779999999999,1713157500.0
1713157200,2362.480000000001,1713201900.0
1713158100,2344.770000000001,1713188400.0
1713159300,2365.3700000000003,1713201900.0
1713160200,2362.5999999999995,1713201900.0
1713162300,2348.870000000001,1713169800.0
1713166500,2346.6999999999994,1713169800.0
1713179100,2365.470000000001,1713201900.0
1713191700,2311.5999999999995,1713836400.0
1713192600,2357.57,1713199800.0
1713194100,2337.0400000000004,1713790200.0
1713199200,2356.260000000001,1713199200.0
1713200100,2349.4699999999993,1713783900.0
1713200700,2345.9,1713784500.0
1713202500,2380.33,1713207900.0
1713227700,2395.8799999999997,1713285900.0
1713228900,2377.9100000000003,1713249000.0
1713231600,2375.46,1713249300.0
1713233100,2388.919999999999,1713237900.0
1713233700,2375.870000000001,1713249300.0
1713237000,2397.0199999999995,1713286500.0
1713242400,2379.38,1713249000.0
1713243600,2395.080000000001,1713285900.0
1713248700,2380.4400000000005,1713249000.0
1713265200,2373.949999999999,1713265500.0
1713265800,2364.1800000000007,1713372300.0
1713267300,2377.2900000000004,1713271500.0
1713277800,2343.8200000000015,1713784500.0
1713278400,2382.5899999999992,1713279000.0
1713298800,2383.95,1713300000.0
1713308700,2378.4900000000007,1713331800.0
1713319500,2389.0299999999997,1713342600.0
1713320400,2378.3700000000003,1713331800.0
1713321900,2380.54,1713325200.0
1713327000,2384.54,1713340800.0
1713329700,2378.29,1713331800.0
1713340800,2387.759999999999,1713342300.0
1713357000,2375.63,1713371400.0
1713362400,2382.09,1713369900.0
1713364800,2400.169999999999,1713490200.0
1713367500,2374.62,1713371400.0
1713387000,2369.370000000001,1713387000.0
1713405600,2371.8400000000006,1713407400.0
1713435300,2372.119999999999,1713450900.0
1713436200,2386.9300000000003,1713441900.0
1713438600,2380.1699999999996,1713438600.0
1713440100,2399.060000000001,1713490200.0
1713449100,2389.5899999999997,1713489000.0
1713453900,2394.69,1713489900.0
1713454800,2377.2500000000005,1713473400.0
1713456300,2390.430000000001,1713489000.0
1713457500,2386.5400000000004,1713458100.0
1713461700,2371.3899999999994,1713754800.0
1713462900,2391.3199999999997,1713489000.0
1713464100,2374.290000000001,1713485700.0
1713465600,2385.5399999999995,1713488700.0
1713469500,2373.399999999999,1713486000.0
1713470400,2374.7300000000005,1713485700.0
1713483000,2374.8,1713485700.0
1713483900,2374.39,1713485700.0
1713488700,2401.11,1713490200.0
1713504600,2377.780000000001,1713524400.0
1713511500,2394.5400000000004,1713539100.0
1713513300,2381.7499999999995,1713513900.0
1713517500,2394.61,1713539100.0
1713519600,2370.2000000000003,1713754800.0
1713520200,2389.8799999999997,1713536400.0
1713521400,2377.47,1713524400.0
1713522300,2387.859999999999,1713536100.0
1713522900,2379.270000000001,1713524400.0
1713523500,2383.21,1713529800.0
1713524400,2371.97,1713754800.0
1713530100,2391.0099999999998,1713536400.0
1713531000,2375.98,1713532500.0
1713534300,2378.1800000000003,1713749400.0
1713535500,2385.97,1713536100.0
1713554400,2391.6299999999997,1713555600.0
1713555300,2388.6000000000013,1713555900.0
1713556800,2383.000000000001,1713736800.0
1713783600,2352.9900000000007,1713783900.0
1713824100,2323.9900000000002,1713836100.0
1713826800,2327.59,1713835800.0
1713827400,2333.5400000000004,1713829800.0
1713836100,2321.38,1713836100.0
1713852600,2321.75,1713879900.0
1713853800,2284.7900000000004,1714534800.0
1713858900,2335.5899999999992,1713970800.0
1713861900,2300.120000000001,1713863100.0
1713869100,2306.6500000000005,1713873900.0
1713870900,2293.020000000001,1714497900.0
1713875700,2319.0999999999995,1713879900.0
1713896400,2330.430000000001,1713938400.0
1713901500,2326.7799999999997,1713928800.0
1713902700,2318.9300000000003,1713920400.0
1713929100,2342.9200000000005,1714055700.0
1713943500,2317.680000000001,1713946200.0
1713962700,2337.75,1714055700.0
1713983400,2316.6199999999985,1713990000.0
1714007400,2310.499999999999,1714014600.0
1714008900,2321.09,1714012200.0
1714016400,2299.8299999999995,1714486200.0
1714023000,2309.5099999999993,1714479600.0
1714025700,2310.540000000001,1714477500.0
1714027800,2324.0600000000004,1714031400.0
1714047300,2320.14,1714050600.0
1714051800,2304.7200000000007,1714482300.0
1714057500,2351.3300000000004,1714122600.0
1714060500,2337.4299999999994,1714105500.0
1714061700,2323.24,1714353300.0
1714063200,2331.01,1714066500.0
1714065300,2336.7099999999996,1714105500.0
1714071600,2334.6900000000014,1714073100.0
1714074000,2340.689999999999,1714111500.0
1714086900,2327.61,1714093200.0
1714096200,2336.840000000001,1714105500.0
1714099800,2339.38,1714111200.0
1714131900,2340.8000000000006,1714138800.0
1714134900,2364.379999999999,1715323200.0
1714135500,2340.01,1714138800.0
1714137600,2337.71,1714139100.0
1714154700,2334.2899999999995,1714344300.0
1714157100,2344.7999999999993,1714407600.0
1714163700,2343.620000000001,1714384200.0
1714344600,2319.539999999999,1714457100.0
1714345800,2337.86,1714379100.0
1714346400,2330.6299999999997,1714351800.0
1714366200,2334.289999999999,1714366800.0
1714370700,2325.3900000000012,1714451400.0
1714371300,2338.120000000001,1714379100.0
1714392300,2333.6,1714393500.0
1714406400,2342.2299999999996,1714407000.0
1714416000,2341.41,1715283300.0
1714417200,2337.33,1714417200.0
1714417800,2344.939999999999,1715285100.0
1714419000,2331.3999999999996,1714443000.0
1714438200,2331.07,1714443000.0
1714522200,2301.1900000000005,1714569900.0
1714523700,2286.399999999999,1714524600.0
1714527600,2288.940000000001,1714527900.0
1714531200,2279.17,1714743300.0
1714545000,2290.5499999999993,1714556700.0
1714546500,2283.0699999999993,1714743000.0
1714548000,2280.060000000001,1714743300.0
1714549200,2280.47,1714743300.0
1714554900,2284.1300000000006,1714743000.0
1714555800,2291.3400000000006,1714556700.0
1714585500,2291.2799999999997,1714655100.0
1714586400,2303.77,1714586400.0
1714588800,2353.6700000000005,1715303700.0
1714620900,2314.9,1714626900.0
1714623300,2323.120000000001,1714981200.0
1714625100,2328.040000000001,1714999500.0
1714627500,2307.799999999999,1714637400.0
1714659900,2273.2200000000007,
1714661700,2318.2,1714739400.0
1714666800,2295.7800000000007,1714738800.0
1714668000,2305.8899999999994,1714671900.0
1714668600,2296.0299999999993,1714738800.0
1714670100,2314.02,1714739400.0
1714679100,2307.7,1714711800.0
1714687200,2303.37,1714691400.0
1714694100,2293.84,1714743000.0
1714699200,2293.86,1714743000.0
1714699800,2306.69,1714711500.0
1714701900,2298.3099999999995,1714719300.0
1714710600,2306.0399999999995,1714711200.0
1714717200,2289.8,1714743000.0
1714718700,2305.069999999999,1714739400.0
1714719300,2293.9799999999996,1714743000.0
1714725600,2286.9600000000005,1714743000.0
1714734300,2301.4500000000003,1714739400.0
1714736100,2289.2200000000003,1714743000.0
1714739700,2391.2200000000003,1715817000.0
1714743000,2292.1400000000003,1714743000.0
1714751100,2294.77,1714751100.0
1714753800,2304.1000000000004,1714957200.0
1714756800,2281.96,
1714760100,2312.54,1714960800.0
1714951800,2296.9200000000005,1714951800.0
1714957200,2303.26,1714957200.0
1714978200,2311.190000000001,1715083200.0
1714979400,2318.3600000000006,1714980600.0
1714995600,2314.2000000000003,1715069400.0
1715001000,2339.3700000000003,1715283300.0
1715006400,2309.5900000000006,1715131800.0
1715007300,2330.39,1715263500.0
1715008800,2315.67,1715069400.0
1715009400,2328.7499999999986,1715043300.0
1715014200,2310.6499999999996,1715083200.0
1715015400,2320.51,1715016300.0
1715016000,2319.1199999999994,1715048100.0
1715018100,2330.3399999999997,1715263500.0
1715018700,2321.1500000000005,1715047800.0
1715020500,2321.6099999999988,1715047800.0
1715021700,2328.23,1715026500.0
1715025000,2321.770000000001,1715047800.0
1715026200,2330.9299999999985,1715263500.0
1715027700,2328.7,1715043300.0
1715046000,2321.43,1715047800.0
1715055900,2319.8299999999995,1715060100.0
1715064300,2317.6200000000013,1715069100.0
1715084400,2317.6600000000003,1715086800.0
1715088000,2344.8100000000004,1715285100.0
1715097000,2305.0899999999997,1715155200.0
1715098200,2317.73,1715137200.0
1715101800,2302.4599999999996,1717785300.0
1715109300,2309.7,1715131800.0
1715112600,2318.47,1715141700.0
1715113800,2308.2799999999997,1715132100.0
1715115300,2316.78,1715136900.0
1715121000,2313.05,1715130000.0
1715123100,2319.44,1715144700.0
1715129700,2312.1599999999994,1715130900.0
1715138100,2334.64,1715263800.0
1715152200,2307.1000000000013,1715154900.0
1715166000,2323.2200000000003,1715258100.0
1715177400,2323.730000000001,1715258100.0
1715179800,2320.0899999999992,1715184600.0
1715181000,2312.240000000001,1715181000.0
1715182200,2325.9999999999995,1715258100.0
1715187300,2310.05,1715196300.0
1715188200,2319.8799999999997,1715257800.0
1715192400,2310.7899999999995,1715195400.0
1715215200,2310.7200000000007,1715217900.0
1715217000,2315.3700000000003,1715231100.0
1715220300,2306.8899999999994,1715247900.0
1715223000,2314.300000000001,1715229300.0
1715240400,2306.6300000000015,1717768500.0
1715254200,2308.2500000000014,1717768200.0
1715254800,2315.0499999999993,1715255100.0
1715280300,2337.790000000001,1715283000.0
1715282700,2340.079999999999,1715283300.0
1715319000,2350.08,1715580600.0
1715319600,2358.0,1715319600.0
1715345100,2355.1000000000004,1715564400.0
1715349600,2373.039999999999,1715762700.0
1715350800,2355.18,1715564400.0
1715361300,2378.3999999999987,1715785800.0
1715362800,2374.97,1715776200.0
1715364900,2364.83,1715369100.0
1715366700,2373.8099999999995,1715762700.0
1715369700,2361.1700000000005,1715373900.0
1715371500,2359.310000000001,1715558100.0
1715372100,2365.86,1715761500.0
1715372700,2358.379999999999,1715563200.0
1715560800,2365.98,1715761500.0
1715561400,2359.5600000000004,1715562600.0
1715562600,2350.8599999999997,1715580600.0
1715604300,2352.2700000000004,1715694900.0
1715613600,2306.250000000001,1717768500.0
1715628900,2342.98,1715652600.0
1715631600,2332.080000000001,1716486900.0
1715632800,2337.07,1715637600.0
1715633700,2329.7300000000014,1716496200.0
1715639400,2344.4000000000005,1715659500.0
1715647800,2332.5899999999992,1716486900.0
1715650200,2351.350000000001,1715692200.0
1715667600,2340.1699999999996,1715668200.0
1715678400,2353.5400000000013,1715694900.0
1715693400,2341.16,1716477900.0
1715696700,2364.2800000000007,1715758200.0
1715728200,2353.34,1715781000.0
1715732400,2358.440000000001,1715736600.0
1715733300,2351.4700000000003,1716472200.0
1715733900,2361.2799999999997,1715756700.0
1715735100,2348.5599999999995,1716473700.0
1715736300,2359.6199999999994,1715744400.0
1715739000,2354.770000000001,1715781000.0
1715741100,2365.3999999999996,1715761200.0
1715753100,2367.140000000001,1715761500.0
1715773200,2356.0000000000005,1715781000.0
1715775600,2352.14,1716472200.0
1715776800,2426.3399999999997,1716166200.0
1715778900,2359.980000000001,1715780700.0
1715784000,2382.0699999999993,1715786100.0
1715784900,2382.2200000000007,1715786100.0
1715801400,2384.2499999999995,1715801400.0
1715802000,2390.9699999999993,1715815200.0
1715810700,2396.180000000001,1715821200.0
1715811600,2376.6800000000003,1715865300.0
1715812500,2385.8699999999985,1715843400.0
1715813400,2390.9600000000005,1715815200.0
1715814300,2389.4499999999994,1715814600.0
1715827200,2399.5000000000005,1715951400.0
1715828100,2382.83,1715855400.0
1715841000,2383.7200000000007,1715854800.0
1715844600,2386.3799999999997,1715847900.0
1715845200,2392.7000000000003,1715950200.0
1715847600,2382.7200000000003,1715855400.0
1715877300,2387.0000000000005,1715929800.0
1715879700,2388.7,1715945100.0
1715888400,2376.7,1715890800.0
1715903700,2372.5000000000005,1716427500.0
1715907900,2381.3199999999997,1715923800.0
1715910000,2380.2999999999993,1715912700.0
1715914500,2362.379999999999,1716443400.0
1715921700,2380.8800000000006,1715923800.0
1715941800,2385.5699999999997,1715942100.0
1715972400,2410.91,1716208800.0
1715974200,2425.010000000001,1716165600.0
1716162000,2411.8200000000006,1716208800.0
1716163200,2427.2000000000007,1716166800.0
1716182100,2430.830000000001,1716204300.0
1716183000,2450.62,1721141400.0
1716198600,2435.5399999999995,1716201300.0
1716201900,2448.4400000000005,1721140500.0
1716203100,2427.4099999999994,1716206400.0
1716222300,2429.32,1716225000.0
1716235500,2422.1000000000013,1716256500.0
1716236700,2429.1199999999994,1716242700.0
1716237600,2414.27,1716259200.0
1716238500,2429.3800000000006,1716242700.0
1716243600,2423.830000000001,1716256500.0
1716254400,2437.8300000000004,1721061600.0
1716257100,2412.8400000000006,1716260100.0
1716276300,2421.9399999999987,1716277500.0
1716284400,2413.2900000000013,1716284400.0
1716285300,2420.96,1716289200.0
1716285900,2412.1500000000005,1716353400.0
1716286500,2420.310000000001,1716289200.0
1716288300,2424.1300000000006,1716293100.0
1716307200,2415.05,1716349500.0
1716321600,2422.029999999999,1716322500.0
1716322800,2427.640000000001,1721055000.0
1716325200,2415.69,1716349200.0
1716330600,2415.8799999999997,1716349200.0
1716332100,2425.7599999999993,1716343800.0
1716336600,2421.619999999999,1716338100.0
1716342300,2422.7999999999997,1716343200.0
1716345600,2420.480000000001,1716345900.0
1716365400,2423.1800000000007,1720711500.0
1716367500,2430.1499999999996,1721055300.0
1716373500,2415.7799999999997,1716373500.0
1716374700,2413.2900000000004,1716376800.0
1716421800,2388.159999999999,1720193400.0
1716426600,2374.539999999999,1716427500.0
1716460200,2370.1999999999994,1717637400.0
1716464400,2374.4000000000005,1717642800.0
1716468600,2359.0999999999995,1716471900.0
1716470100,2390.540000000001,1720203900.0
1716471900,2359.13,1716471900.0
1716513900,2336.4500000000007,1716528600.0
1716517500,2319.429999999999,1717393200.0
1716518700,2336.8999999999996,1716529200.0
1716519900,2326.119999999999,1717047600.0
1716524700,2339.459999999999,1716534600.0
1716545100,2341.6799999999994,1716546000.0
1716550500,2336.9999999999995,1716553800.0
1716551400,2343.6100000000006,1716556200.0
1716555300,2334.1600000000008,1716564300.0
1716557100,2353.909999999999,1716817500.0
1716559200,2349.060000000001,1716813000.0
1716560400,2328.29,1717036800.0
1716580800,2334.4900000000007,1716580800.0
1716581400,2336.610000000001,1716761100.0
1716582000,2333.31,1716582000.0
1716760800,2333.65,1716761700.0
1716794700,2335.860000000001,1716987000.0
1716799200,2344.250000000001,1716799200.0
1716832800,2353.9700000000007,1716833100.0
1716861600,2365.3000000000006,1717636800.0
1716863400,2349.9099999999994,1716868500.0
1716864300,2355.26,1716899100.0
1716867000,2347.7099999999996,1716876600.0
1716873300,2360.7199999999993,1716902100.0
1716875400,2343.5199999999995,1716877200.0
1716892500,2349.2799999999997,1716898200.0
1716917100,2349.0999999999985,1716969900.0
1716918900,2359.3700000000003,1716925200.0
1716921600,2355.24,1716922200.0
1716924600,2356.49,1716946800.0
1716925500,2355.7199999999993,1716946800.0
1716927300,2359.139999999999,1716927300.0
1716928200,2364.340000000001,1717636500.0
1716936000,2356.7600000000007,1716943500.0
1716936900,2362.379999999999,1717636200.0
1716943800,2349.5399999999995,1716969600.0
1716945000,2351.7100000000005,1716964500.0
1716950100,2353.9400000000005,1716962700.0
1716958200,2360.68,1716960900.0
1716959100,2359.41,1716960600.0
1716960600,2365.0799999999995,1717636500.0
1716962400,2352.490000000001,1716963900.0
1716988500,2352.1199999999994,1717159500.0
1716990000,2333.500000000001,1717029600.0
1716990900,2349.399999999999,1717077600.0
1716992100,2336.2999999999997,1716999300.0
1716994800,2332.3499999999995,1717036500.0
1717001700,2343.899999999999,1717005000.0
1717002900,2336.1299999999987,1717014000.0
1717006500,2339.67,1717008000.0
1717011900,2331.9900000000002,1717036500.0
1717034400,2329.2200000000003,1717036800.0
1717044600,2343.560000000001,1717072500.0
1717046100,2326.2499999999995,1717047000.0
1717051800,2336.0099999999998,1717053000.0
1717057200,2318.92,1717393200.0
1717061400,2347.0899999999997,1717076400.0
1717071300,2346.9900000000002,1717076400.0
1717090800,2339.1900000000005,1717125000.0
1717100400,2342.729999999999,1717101300.0
1717101900,2337.189999999999,1717125300.0
1717109400,2348.9399999999996,1717158900.0
1717110600,2347.0600000000004,1717116900.0
1717124400,2332.849999999999,1717167900.0
1717129200,2334.390000000001,1717167600.0
1717139400,2358.84,1717160400.0
1717142100,2338.9500000000007,1717164600.0
1717146000,2335.4899999999993,1717166400.0
1717146900,2347.5599999999986,1717158600.0
1717148100,2348.1800000000007,1717158600.0
1717148700,2339.9399999999987,1717164600.0
1717150200,2338.080000000001,1717164600.0
1717152000,2345.2600000000007,1717158600.0
1717152900,2335.2300000000014,1717166700.0
1717154400,2336.9999999999995,1717166400.0
1717155900,2352.2799999999997,1717159500.0
1717164600,2335.039999999999,1717167300.0
1717368300,2318.4099999999994,1717393200.0
1717368900,2330.8600000000006,1717377600.0
1717369800,2331.9799999999996,1717413600.0
1717371600,2330.7799999999993,1717377600.0
1717377300,2336.16,1717421400.0
1717378800,2323.2999999999993,1717385400.0
1717379700,2337.539999999999,1717423200.0
1717383600,2329.649999999999,1717411200.0
1717385700,2319.1800000000007,1717393200.0
1717398900,2329.309999999999,1717411200.0
1717400400,2330.740000000001,1717411200.0
1717401900,2327.16,1717403100.0
1717417200,2328.899999999999,1717417200.0
1717455900,2356.88,1717602300.0
1717464000,2342.749999999999,1717465500.0
1717478400,2351.5799999999995,1717599600.0
1717480200,2353.4,1717600500.0
1717484700,2340.359999999999,1717487700.0
1717506300,2327.1099999999988,1717508700.0
1717507800,2343.02,1717591800.0
1717508400,2321.5900000000006,1717510200.0
1717515900,2319.539999999999,1717763400.0
1717516800,2329.460000000001,1717522800.0
1717518000,2320.96,1717763400.0
1717524300,2334.16,1717556700.0
1717526100,2333.54,1717556400.0
1717530600,2325.0600000000004,1717763400.0
1717531200,2329.6400000000003,1717551900.0
1717533000,2330.0599999999995,1717552200.0
1717542000,2326.1500000000005,1717549500.0
1717544100,2332.1400000000003,1717554000.0
1717549200,2323.419999999999,1717763400.0
1717550400,2329.200000000001,1717551900.0
1717569300,2321.08,1717763400.0
1717571100,2326.669999999999,1717763400.0
1717583400,2333.76,1717584000.0
1717586100,2336.580000000001,1717589700.0
1717617600,2359.6400000000003,1717635900.0
1717619400,2348.970000000001,1717749300.0
1717620900,2357.3399999999997,1717635600.0
1717627200,2359.54,1717635900.0
1717631700,2353.7500000000005,1717747800.0
1717633200,2356.3199999999997,1717635600.0
1717635600,2358.5399999999995,1717635600.0
1717652700,2357.9799999999996,1717675800.0
1717677600,2341.43,1717751700.0
1717680600,2367.65,1717686300.0
1717703100,2371.0199999999995,1717724400.0
1717705800,2377.190000000001,1717716000.0
1717711200,2378.8399999999992,1717721400.0
1717723500,2370.0100000000007,1717724700.0
1717729500,2366.18,1717747200.0
1717731300,2379.9900000000002,1717731900.0
1717743600,2366.4100000000008,1717747200.0
1717745100,2373.119999999999,1717745700.0
1717979100,2301.58,1718020200.0
1717988100,2300.8600000000006,1718019000.0
1717988700,2299.960000000001,1718017800.0
1717989600,2287.1000000000004,
1717993800,2299.8500000000004,1718017800.0
1717994400,2291.599999999999,1718000700.0
1717998000,2302.240000000001,1718020500.0
1717998900,2293.2700000000004,1717999500.0
1718004300,2300.25,1718017800.0
1718004900,2291.8399999999997,
1718005800,2297.5700000000006,1718016600.0
1718007900,2294.8100000000004,1718009400.0
1718008500,2297.6599999999994,1718016600.0
1718010300,2287.779999999999,
1718010900,2297.99,1718016900.0
1718013900,2302.8000000000006,1718020500.0
1718050200,2307.419999999999,1718067600.0
1718051700,2304.5199999999995,1718067600.0
1718058600,2315.6400000000003,1718109000.0
1718059200,2314.1000000000013,1718108400.0
1718060700,2301.2,1718071500.0
1718067600,2307.2300000000005,1718067600.0
1718068800,2313.899999999999,1718108400.0
1718069400,2306.5,1718070300.0
1718086500,2303.7300000000005,1718087700.0
1718087700,2298.4700000000003,1718294100.0
1718089200,2304.36,1718090400.0
1718123100,2301.9299999999994,1718293500.0
1718127900,2314.4199999999996,1718130000.0
1718129400,2309.960000000001,1718242500.0
1718130300,2318.5999999999995,1718195400.0
1718130900,2311.7300000000005,1718154300.0
1718133000,2314.76,1718135100.0
1718133900,2316.1499999999996,1718136900.0
1718150100,2319.1799999999994,1718195400.0
1718155800,2299.809999999999,1718294100.0
1718162700,2320.6400000000012,1718195400.0
1718165400,2312.6900000000005,1718166900.0
1718170500,2319.3600000000006,1718195400.0
1718172900,2321.3,1718195400.0
1718176800,2309.4200000000005,1718242500.0
1718180100,2320.079999999999,1718195400.0
1718180700,2311.8999999999996,1718181300.0
1718183700,2319.84,1718195400.0
1718186400,2320.110000000001,1718195400.0
1718187600,2309.58,1718242500.0
1718192100,2321.3,1718195400.0
1718193900,2308.120000000001,1718278800.0
1718195400,2320.15,1718195400.0
1718212800,2334.36,1718213700.0
1718214300,2337.0799999999995,1718847300.0
1718215500,2306.6800000000003,1718278800.0
1718217600,2348.5299999999993,1718892000.0
1718219100,2313.31,1718241300.0
1718239800,2322.729999999999,1718282100.0
1718240400,2316.3200000000006,1718241000.0
1718257500,2313.369999999999,1718258700.0
1718258400,2315.630000000001,1718261700.0
1718259000,2305.8100000000004,1718279100.0
1718261100,2318.240000000001,1718264700.0
1718262900,2319.4,1718274300.0
1718277300,2308.5,1718278800.0
1718281800,2310.9900000000007,1718281800.0
1718284800,2310.039999999999,1718286900.0
1718286000,2328.3199999999997,1718360400.0
1718287500,2272.6299999999997,
1718308800,2306.2,1718327400.0
1718318100,2307.0999999999995,1718334000.0
1718321700,2300.720000000001,1719408000.0
1718322600,2296.9199999999996,1719408300.0
1718324100,2295.62,1719408600.0
1718325300,2305.9600000000005,1718327400.0
1718329800,2309.6800000000003,1718343300.0
1718377800,2338.3999999999987,1718847600.0
1718378700,2322.7000000000003,1718586000.0
1718382600,2333.0800000000004,1718385600.0
1718383200,2335.170000000001,1718394000.0
1718384400,2327.33,1718579400.0
1718385600,2336.26,1718847300.0
1718388900,2331.79,1718395200.0
1718390700,2336.9,1718847300.0
1718576700,2324.82,1718582700.0
1718598900,2327.29,1718718900.0
1718600100,2318.1499999999996,1718602500.0
1718615400,2328.239999999999,1718725200.0
1718616300,2319.9500000000007,1718616900.0
1718617200,2324.8999999999987,1718630100.0
1718617800,2317.7999999999993,1718624100.0
1718618400,2322.5099999999998,1718629800.0
1718624700,2312.9700000000003,1718638500.0
1718627100,2309.7299999999996,1718706300.0
1718629200,2310.3500000000004,1718639100.0
1718630400,2336.780000000001,1718847300.0
1718631600,2318.92,1718633100.0
1718632200,2326.88,1718634600.0
1718632800,2317.459999999999,1718638200.0
1718633700,2322.69,1718634000.0
1718639400,2302.3700000000003,1719407700.0
1718653500,2322.1099999999997,1718668800.0
1718675700,2333.46,1718784300.0
1718685900,2314.309999999999,1718697300.0
1718689200,2312.8599999999997,1718699100.0
1718690100,2317.3999999999996,1718696100.0
1718713800,2315.69,1718713800.0
1718740500,2333.26,1718784300.0
1718743500,2327.34,1718750100.0
1718744400,2327.959999999999,1718749500.0
1718749200,2332.5200000000004,1718784000.0
1718749800,2323.16,1718989200.0
1718752500,2331.46,1718780700.0
1718755500,2323.8799999999987,1718805600.0
1718759100,2326.0800000000004,1718759400.0
1718761200,2330.3900000000003,1718761800.0
1718768700,2327.439999999999,1718769000.0
1718772900,2323.8099999999995,1718982900.0
1718774100,2331.3400000000006,1718780700.0
1718775900,2329.5899999999997,1718776200.0
1718779500,2322.1399999999994,1718989200.0
1718780700,2327.7499999999995,1718790000.0
1718781300,2332.12,1718784000.0
1718782500,2335.820000000001,1718847000.0
1718790900,2326.41,1718795100.0
1718793300,2331.8700000000013,1718798400.0
1718794500,2323.3399999999997,1718989200.0
1718799600,2323.1599999999994,1718989200.0
1718804100,2327.4499999999994,1718805600.0
1718805000,2332.22,1718845200.0
1718805600,2323.35,1718989200.0
1718811300,2321.2,1718989200.0
1718812200,2330.219999999999,1718812800.0
1718812800,2325.340000000001,1718834400.0
1718813400,2328.52,1718820900.0
1718814000,2332.29,1718845200.0
1718819400,2328.199999999999,1718821200.0
1718820300,2331.150000000001,1718845200.0
1718840100,2324.8699999999994,1718982900.0
1718846100,2340.42,1718859300.0
1718871600,2328.340000000001,1718982900.0
1718885400,2345.7799999999997,1718891100.0
1718909400,2357.3399999999992,1718922000.0
1718912100,2361.36,1718928300.0
1718925900,2357.8800000000006,1718933400.0
1718927100,2361.7999999999997,1718928300.0
1718933400,2358.109999999999,1718933400.0
1718934000,2362.9100000000008,1718946000.0
1718937600,2356.789999999999,1718954100.0
1718939400,2354.2099999999987,1718976600.0
1718941500,2365.7200000000007,1718958300.0
1718945400,2354.190000000001,1718976600.0
1718947200,2366.060000000001,1718958300.0
1718952000,2357.0699999999997,1718953500.0
1718952900,2354.039999999999,1718976600.0
1718957700,2381.2499999999995,1720186800.0
1718963100,2358.4900000000002,1718976000.0
1718966700,2366.74,1718969700.0
1718973300,2356.9300000000003,1718976300.0
1719181500,2326.7000000000007,1719207000.0
1719186300,2310.909999999999,1719366000.0
1719191100,2329.82,1719214800.0
1719195900,2325.1999999999994,1719198000.0
1719207300,2322.4799999999996,1719209700.0
1719207900,2325.4799999999996,1719213600.0
1719209100,2329.5600000000013,1719214800.0
1719212100,2319.4400000000005,1719329400.0
1719214200,2338.2200000000007,1719578100.0
1719222000,2331.2000000000003,1719235800.0
1719224100,2332.849999999999,1719236100.0
1719229800,2318.2400000000007,1719329400.0
1719235500,2330.8600000000006,1719235500.0
1719244800,2331.9400000000005,1719248100.0
1719251100,2326.7899999999995,1719278700.0
1719252300,2335.2800000000007,1719310200.0
1719256500,2329.8500000000004,1719271500.0
1719257400,2333.609999999999,1719262500.0
1719269700,2333.3399999999997,1719306900.0
1719270600,2327.8900000000003,1719275700.0
1719294600,2321.6300000000006,1719322500.0
1719295200,2322.5400000000004,1719320400.0
1719301200,2318.6800000000007,1719329400.0
1719303300,2321.1500000000005,1719322500.0
1719304200,2321.8900000000003,1719322500.0
1719305400,2336.850000000001,1719311100.0
1719319800,2317.8599999999988,1719329400.0
1719345300,2314.89,1719365700.0
1719347700,2319.53,1719352800.0
1719348300,2317.7999999999997,1719363600.0
1719349200,2323.3999999999996,1719491700.0
1719355200,2317.8700000000013,1719363300.0
1719355800,2320.1700000000005,1719356100.0
1719360000,2317.0799999999995,1719363600.0
1719360900,2320.53,1719360900.0
1719362400,2313.4300000000007,1719366000.0
1719364200,2321.73,1719491700.0
1719366300,2298.75,1719408300.0
1719369600,2327.37,1719496800.0
1719370800,2312.3599999999997,1719381300.0
1719373200,2313.34,1719380700.0
1719390300,2321.1099999999997,1719491700.0
1719393300,2319.36,1719489900.0
1719395400,2325.379999999999,1719496800.0
1719398100,2304.180000000001,1719407400.0
1719403200,2318.92,1719489900.0
1719403800,2323.1400000000003,1719491700.0
1719405900,2307.53,1719407100.0
1719423900,2306.9199999999996,1719477900.0
1719425400,2300.010000000001,1719426000.0
1719426600,2303.9799999999996,1719475800.0
1719428400,2294.3600000000006,
1719429900,2292.780000000001,
1719447600,2302.6600000000008,1719469800.0
1719450300,2302.6299999999997,1719469800.0
1719452400,2295.67,
1719453000,2299.8199999999993,1719456600.0
1719454500,2304.109999999999,1719475800.0
1719457800,2306.2,1719477900.0
1719462900,2301.2700000000004,1719469500.0
1719466200,2299.7400000000002,1719466500.0
1719468000,2305.2200000000003,1719477600.0
1719512700,2316.629999999999,
1719516900,2331.8600000000006,1719569700.0
1719517500,2325.0299999999997,1719526800.0
1719519900,2328.3600000000006,1719560700.0
1719527700,2325.5300000000007,1719533700.0
1719528600,2330.8800000000006,1719563100.0
1719533700,2320.580000000001,1719536700.0
1719551400,2324.5399999999995,1719553200.0
1719581400,2324.7199999999993,1719585600.0
1719582300,2337.5899999999997,1719834600.0
1719583200,2320.2900000000004,1719811800.0
1719583800,2338.9800000000005,1719989700.0
1719585300,2317.3199999999997,
1719597900,2320.390000000001,1719811800.0
1719600900,2327.9400000000005,1719797400.0
1719602100,2318.020000000001,
1719796500,2335.35,1719833100.0
1719799500,2323.9599999999996,1719805200.0
1719800700,2328.509999999999,1719815700.0
1719805500,2317.020000000001,
1719807600,2329.019999999999,1719825000.0
1719808200,2318.84,1719811800.0
1719815100,2329.6400000000003,1719828900.0
1719817800,2319.0900000000006,
1719820800,2317.4199999999987,
1719823200,2331.7799999999997,1719830400.0
1719840000,2319.6800000000003,1719844800.0
1719840900,2334.2100000000005,1719928200.0
1719842100,2324.29,1719843600.0
1719843300,2316.6000000000004,
1719854700,2331.74,1719864000.0
1719856200,2323.849999999999,1719904800.0
1719857400,2326.1000000000004,1719892200.0
1719858600,2328.4799999999996,1719858900.0
1719883200,2327.9299999999994,1719891300.0
1719885600,2341.0400000000004,1719990000.0
1719890700,2324.2999999999997,1719904800.0
1719906900,2333.209999999999,1719927600.0
1719914400,2319.6300000000006,1719921000.0
1719927600,2338.149999999999,1719989700.0
1719932100,2329.7300000000014,1719933000.0
1719938100,2319.9900000000002,
1719938700,2319.600000000001,
1719945000,2330.01,1719949200.0
1719945600,2325.2400000000002,
1719946200,2330.6899999999996,1719949800.0
1719948600,2334.920000000001,1719982800.0
1719969000,2334.2999999999993,1719982200.0
1719970200,2325.0999999999995,
1719972300,2332.959999999999,1719980700.0
1719973200,2323.92,
1719978000,2332.2400000000002,1719978900.0
1720029000,2350.73,1720074600.0
1720030500,2354.4400000000005,1720035300.0
1720044900,2363.939999999999,1720155000.0
1720046100,2350.96,1720074600.0
1720047000,2358.379999999999,1720047300.0
1720065600,2360.1399999999994,1720095000.0
1720067400,2364.36,1720155300.0
1720069500,2354.4,1720074000.0
1720080300,2360.4500000000003,1720102800.0
1720080900,2352.2400000000002,1720454400.0
1720083600,2353.1800000000003,1720453800.0
1720085100,2360.340000000001,1720102800.0
1720088100,2361.08,1720102800.0
1720096200,2355.49,1720116000.0
1720098000,2356.54,1720106400.0
1720098600,2361.130000000001,1720102800.0
1720106700,2367.57,1720167300.0
1720108500,2351.4900000000002,1720454400.0
1720109100,2356.940000000001,1720111800.0
1720112100,2360.8400000000006,1720146300.0
1720113000,2356.829999999999,1720113600.0
1720139400,2358.500000000001,1720140000.0
1720173600,2353.569999999999,1720453800.0
1720176900,2367.51,1720180800.0
1720179300,2360.569999999999,1720453500.0
1720180200,2356.310000000001,1720453500.0
1720181400,2371.1199999999985,1720182600.0
1720182000,2360.3799999999997,1720453500.0
1720184700,2397.2500000000005,1720701000.0
1720391100,2383.379999999999,1720406700.0
1720396500,2377.6599999999994,1720421400.0
1720401600,2384.8600000000006,1720403100.0
1720403700,2378.3,1720421400.0
1720442700,2380.049999999999,1720614000.0
1720446300,2367.4400000000005,1720452600.0
1720446900,2377.75,1720447500.0
1720452300,2363.629999999999,1720453500.0
1720468500,2361.25,1720481400.0
1720479000,2359.6699999999987,1720479300.0
1720508400,2355.8699999999994,1720536900.0
1720527000,2364.580000000001,1720531500.0
1720527600,2356.1300000000006,1720536900.0
1720530600,2375.4600000000005,1720611300.0
1720536600,2342.1300000000006,
1720540500,2365.7200000000007,1720567800.0
1720542600,2365.8200000000006,1720567800.0
1720543800,2361.5299999999993,1720546800.0
1720545900,2353.5099999999993,1720564200.0
1720548900,2368.359999999999,1720575000.0
1720573500,2361.5099999999998,1721916600.0
1720575000,2371.0399999999995,1720593900.0
1720590900,2362.9299999999985,1721915700.0
1720592400,2369.5900000000006,1720592400.0
1720629900,2366.6200000000003,1721891400.0
1720650600,2373.4199999999996,1720658700.0
1720653900,2376.540000000001,1720665000.0
1720655400,2367.8500000000013,1721877600.0
1720656600,2373.7199999999993,1720658700.0
1720657500,2372.8200000000006,1720657800.0
1720683600,2378.5100000000007,1721871600.0
1720684800,2381.57,1720685100.0
1720687500,2377.240000000001,1721871600.0
1720688700,2387.16,1720701000.0
1720691100,2382.3899999999994,1720691100.0
1720692000,2388.340000000001,1720701000.0
1720696500,2377.19,1721871600.0
1720701300,2459.3899999999994,1721143200.0
1720725300,2414.7200000000003,1720727400.0
1720730400,2418.4000000000005,1721042400.0
1720731300,2418.2800000000007,1721042400.0
1720735500,2407.6500000000005,1720748100.0
1720736700,2404.849999999999,1720765800.0
1720738500,2416.04,1720802400.0
1720740300,2416.24,1720802400.0
1720743300,2400.59,1720769100.0
1720764000,2399.0500000000006,1720782300.0
1720785300,2394.5099999999998,1720787400.0
1720793100,2420.97,1721052300.0
1720815000,2410.2400000000002,1720995300.0
1721010600,2407.1199999999994,1721023500.0
1721011500,2412.940000000001,1721017200.0
1721023500,2405.250000000001,1721024100.0
1721034600,2414.0899999999997,1721040600.0
1721037300,2412.2500000000005,1721037900.0
1721069400,2420.2899999999995,1721070300.0
1721085600,2418.0099999999998,1721369100.0
1721088600,2422.7099999999996,1721091600.0
1721089500,2414.48,1721374800.0
1721093100,2433.7200000000007,1721113200.0
1721133300,2416.9500000000003,1721369400.0
1721138700,2434.7799999999993,1722452100.0
1721139600,2454.6799999999985,1721142300.0
1721194200,2467.4399999999987,1721194200.0
1721202000,2475.4900000000002,1721203500.0
1721208600,2463.250000000001,1721228100.0
1721211000,2477.420000000001,1721221500.0
1721217900,2465.5899999999997,1721225700.0
1721220300,2483.2499999999995,1723812600.0
1721221800,2484.75,1723812600.0
1721226900,2444.2699999999986,1721329500.0
1721249100,2463.0600000000004,1721265600.0
1721262300,2459.89,1721263500.0
1721263200,2461.9600000000005,1721265000.0
1721294400,2461.220000000001,1721308200.0
1721312700,2474.450000000001,1722602100.0
1721313600,2476.1400000000003,1722602100.0
1721318100,2457.96,1721318400.0
1721409300,2404.91,1721600100.0
1721411700,2390.83,1721651400.0
1721415900,2402.1899999999996,1721599500.0
1721416800,2396.329999999999,1721649900.0
1721600400,2424.7199999999993,1721828700.0
1721615100,2398.949999999999,1721649000.0
1721642100,2402.579999999999,1721647500.0
1721643600,2410.76,1721733900.0
1721648100,2399.01,1721649000.0
1721667900,2382.5699999999997,1721871300.0
1721670600,2394.970000000001,1721672700.0
1721671200,2388.369999999999,1721715600.0
1721672700,2398.579999999999,1721677800.0
1721691000,2395.0100000000007,1721691000.0
1721691600,2395.92,1721691900.0
1721692800,2399.6600000000008,1721696100.0
1721693700,2402.8799999999997,1721697600.0
1721695200,2396.009999999999,1721710200.0
1721696100,2403.6,1721698200.0
1721710200,2391.3899999999994,1721713500.0
1721721900,2402.9099999999994,1721724000.0
1721723400,2402.1099999999997,1721724000.0
1721739900,2411.16,1721783400.0
1721740800,2399.1700000000005,1721850900.0
1721753400,2403.7199999999993,1721756400.0
1721754300,2410.8600000000006,1721783400.0
1721756400,2405.73,1721758500.0
1721760000,2399.59,1721850900.0
1721761200,2411.03,1721783400.0
1721786100,2400.9500000000007,1721850900.0
1721786700,2412.8599999999988,1721787300.0
1721806200,2413.29,1721806500.0
1721819700,2404.83,1721849400.0
1721822100,2417.6000000000004,1721822400.0
1721841300,2411.47,1721843400.0
1721887800,2373.0299999999997,1721889300.0
1721889900,2378.109999999999,1721904600.0
1721891700,2352.540000000001,
1721894100,2369.4800000000005,1721907600.0
1721895300,2368.3799999999997,1721908500.0
1721897400,2388.5699999999993,1722003000.0
1721898600,2369.049999999999,1721907600.0
1721899800,2378.8999999999996,1721904600.0
1721901300,2378.5299999999993,1721904600.0
1721902500,2361.819999999999,1721916600.0
1721903700,2377.6099999999997,1721903700.0
1721907300,2367.329999999999,1721908800.0
1721910900,2337.670000000001,
1721914500,2343.5499999999993,
1721939400,2356.4700000000003,1721955900.0
1721940900,2374.1299999999997,1721961000.0
1721955000,2368.38,1721957700.0
1721955600,2359.98,1721955600.0
1721956800,2374.1899999999996,1721961000.0
1721974500,2359.0899999999997,
1721981400,2366.48,1722861000.0
1721982000,2375.2799999999997,1721994300.0
1721983200,2377.16,1721997300.0
1721986500,2370.250000000001,1722266100.0
1721988000,2366.879999999999,1722861000.0
1721989500,2375.6499999999996,1721995500.0
1722017400,2380.6900000000005,1722264300.0
1722019500,2381.5599999999986,1722264000.0
1722021000,2386.8500000000004,1722024000.0
1722023700,2385.8100000000004,1722023700.0
1722026400,2375.7700000000004,1722266100.0
1722027300,2384.5400000000004,1722264000.0
1722204300,2394.32,1722204600.0
1722220500,2385.2499999999995,1722264000.0
1722233700,2398.190000000001,1722358500.0
1722235200,2381.5699999999997,1722264000.0
1722236400,2387.680000000001,1722241500.0
1722238500,2398.3799999999997,1722358500.0
1722239700,2381.0,1722264300.0
1722246600,2394.979999999999,1722248700.0
1722247200,2390.78,1722250800.0
1722248400,2396.2000000000007,1722346200.0
1722252000,2397.7199999999993,1722358500.0
1722255600,2375.5599999999995,1722266100.0
1722256800,2395.860000000001,1722259500.0
1722260700,2381.92,1722264000.0
1722261600,2400.4399999999996,1722358800.0
1722262200,2386.42,1722263700.0
1722283200,2393.56,1722345300.0
1722299700,2375.199999999999,1722860400.0
1722309300,2376.93,1722860400.0
1722310200,2389.74,1722319200.0
1722333900,2393.219999999999,1722345300.0
1722335100,2395.38,1722346200.0
1722336300,2393.459999999999,1722345300.0
1722338700,2387.2899999999995,1722340500.0
1722339900,2386.7799999999993,1722340800.0
1722345900,2400.7200000000003,1722358800.0
1722349200,2398.04,1722358500.0
1722351900,2381.33,1722860400.0
1722355500,2390.6200000000003,1722356700.0
1722387600,2407.18,1722387600.0
1722390600,2405.6900000000014,1722391800.0
1722395400,2416.46,1722395700.0
1722413700,2424.5699999999997,1722433500.0
1722418800,2407.4700000000003,1722855600.0
1722419700,2423.6499999999996,1722432900.0
1722422700,2410.8500000000013,1722855300.0
1722425700,2426.569999999999,1722434100.0
1722430800,2417.34,1722611400.0
1722432600,2425.78,1722433500.0
1722450000,2406.25,1722855600.0
1722453300,2444.8400000000006,1722454200.0
1722474600,2461.169999999999,1722520800.0
1722482100,2429.570000000001,1722610500.0
1722487200,2438.629999999999,1722500700.0
1722495000,2450.4300000000003,1722515400.0
1722498300,2437.9200000000005,1722500700.0
1722513900,2446.560000000001,1722515400.0
1722531000,2439.5700000000015,1722531600.0
1722542700,2440.23,1722561000.0
1722546000,2451.620000000001,1722558600.0
1722561900,2451.46,1722564900.0
1722562800,2448.32,1722564000.0
1722593100,2457.7200000000003,1722598500.0
1722595800,2465.690000000001,1722601800.0
1722596700,2458.5299999999993,1722598500.0
1722602100,2525.5800000000004,1724153100.0
1722604200,2447.45,1722609300.0
1722605700,2501.8499999999985,1723833300.0
1722610200,2413.4999999999995,1722611400.0
1722626400,2434.7700000000013,1722627300.0
1722630000,2440.57,1722630900.0
1722816900,2419.3100000000013,1722853200.0
1722822600,2428.6,1722838500.0
1722827400,2453.290000000001,1722830400.0
1722828600,2438.0099999999998,1722836100.0
1722829500,2451.51,1722829800.0
1722838200,2421.200000000001,1722849300.0
1722870600,2417.1399999999994,1722905100.0
1722885900,2401.3200000000006,1722923400.0
1722887700,2419.2899999999995,1723126500.0
1722902100,2410.65,1722903600.0
1722911100,2401.6500000000005,1722923400.0
1722911700,2406.95,1722912600.0
1722913800,2416.62,1723128300.0
1722916800,2418.460000000001,1723126200.0
1722920100,2393.1600000000008,1722948300.0
1722930900,2416.7400000000002,1723128300.0
1722932700,2404.0900000000006,1722946800.0
1722933300,2413.2699999999995,1722933600.0
1722946500,2399.249999999999,1722947400.0
1722965400,2377.63,
1722969000,2398.4900000000002,1723031400.0
1722976200,2386.2000000000003,1722986700.0
1722982800,2384.6999999999994,1722987000.0
1723002900,2392.2700000000004,1723004700.0
1723023300,2394.789999999999,1723023300.0
1723027500,2400.229999999999,1723031700.0
1723045200,2377.0299999999993,
1723075500,2379.119999999999,
1723080300,2398.6699999999996,1723098300.0
1723107600,2396.89,1723107600.0
1723109700,2393.96,1723110000.0
1723110600,2401.57,1723113600.0
1723159200,2420.7999999999997,1723165800.0
1723160100,2425.6399999999994,1723167600.0
1723161900,2428.16,1723168800.0
1723162800,2426.6400000000003,1723168200.0
1723164000,2430.6999999999994,1723200300.0
1723166100,2409.580000000001,
1723172100,2418.6399999999994,1723182300.0
1723179300,2425.8600000000006,1723189500.0
1723179900,2415.4399999999987,
1723181700,2415.360000000001,
1723187700,2424.240000000001,1723188300.0
1723206000,2421.6000000000013,1723211100.0
1723207500,2434.379999999999,1723214100.0
1723211700,2431.710000000001,1723213200.0
1723216200,2411.3600000000006,
1723218000,2433.090000000001,1723221900.0
1723227900,2425.39,1723427100.0
1723230000,2432.770000000001,1723414800.0
1723230900,2422.82,
1723235700,2434.32,1723442100.0
1723413600,2425.2300000000005,1723427100.0
1723417800,2423.9300000000007,1723428300.0
1723418700,2423.939999999999,1723428300.0
1723420800,2419.1800000000003,
1723422300,2421.87,
1723423800,2432.579999999999,1723438200.0
1723425000,2422.39,
1723426200,2425.0299999999993,1723427100.0
1723435200,2432.3900000000003,1723438200.0
1723467900,2450.5500000000006,1723469400.0
1723510200,2477.340000000001,1723624800.0
1723511100,2465.210000000001,1723511700.0
1723532700,2467.28,1723552200.0
1723533900,2468.1699999999996,1723552200.0
1723536000,2456.9900000000002,1723602600.0
1723539600,2457.2200000000007,1723602600.0
1723541100,2464.5799999999995,1723548000.0
1723542600,2456.5699999999993,1723602600.0
1723546200,2453.180000000001,1723641600.0
1723547400,2464.97,1723548300.0
1723548000,2465.800000000001,1723548300.0
1723549800,2469.759999999999,1723552200.0
1723569000,2477.2899999999995,1723624800.0
1723570200,2473.1499999999996,1723624500.0
1723571700,2461.550000000001,1723601400.0
1723574700,2460.5800000000004,1723601700.0
1723581600,2460.1300000000006,1723602600.0
1723596300,2469.94,1723598100.0
1723597800,2471.2600000000007,1723598400.0
1723601400,2454.4000000000005,1723641600.0
1723617300,2474.5500000000006,1723624500.0
1723638600,2468.169999999999,1723638600.0
1723639500,2463.7999999999993,1723641300.0
1723665300,2449.8099999999995,1723680000.0
1723697400,2452.23,1723698600.0
1723698600,2456.56,1723702200.0
1723699800,2455.37,1723702200.0
1723711500,2460.909999999999,1723721400.0
1723725300,2425.459999999999,
1723741200,2461.079999999999,1723749000.0
1723751100,2455.860000000001,1723751100.0
1723759500,2458.100000000001,1723767000.0
1723760100,2454.2500000000005,1723760400.0
1723761000,2456.1699999999996,1723765200.0
1723762800,2453.02,1723777800.0
1723766100,2460.82,1723794600.0
1723766700,2455.83,1723774200.0
1723769100,2464.16,1723794900.0
1723774800,2453.6500000000005,1723777800.0
1723776600,2460.519999999999,1723794600.0
1723779600,2445.5099999999998,
1723789800,2458.570000000001,1723794600.0
1723791300,2450.86,
1723793700,2458.0199999999995,1723794300.0
1724024700,2508.08,1724139300.0
1724028300,2493.59,1724062800.0
1724037000,2501.4400000000005,1724037600.0
1724040300,2496.8500000000004,1724062200.0
1724046000,2507.330000000001,1724139300.0
1724047500,2507.0499999999997,1724085600.0
1724052600,2497.29,1724062200.0
1724054400,2506.8400000000006,1724085600.0
1724060100,2494.8900000000003,1724062800.0
1724060700,2498.4200000000005,1724061900.0
1724061900,2495.4200000000005,1724062800.0
1724078700,2511.4600000000005,1724139600.0
1724097300,2508.58,1724139300.0
1724098800,2502.3500000000004,1724100300.0
1724100600,2496.5400000000013,1724248800.0
1724107500,2508.1400000000003,1724139300.0
1724109000,2500.469999999999,1724119200.0
1724112600,2500.4899999999993,1724119200.0
1724113500,2502.2900000000004,1724116200.0
1724114100,2509.4200000000005,1724139600.0
1724116800,2511.42,1724139600.0
1724117400,2497.470000000001,1724134200.0
1724118000,2507.1800000000007,1724139300.0
1724120100,2479.7400000000002,1724335800.0
1724136000,2510.0000000000005,1724139600.0
1724160900,2515.3899999999994,1724184300.0
1724161800,2541.8700000000003,1726148100.0
1724166300,2522.64,1724659200.0
1724182800,2517.0199999999995,1724205600.0
1724197500,2508.9499999999994,1724226300.0
1724198700,2515.460000000001,1724200500.0
1724203800,2503.44,1724247000.0
1724205900,2522.250000000001,1724659200.0
1724211000,2510.3,1724226000.0
1724212200,2528.91,1725626100.0
1724215800,2518.14,1724219100.0
1724220300,2510.980000000001,1724226000.0
1724224800,2518.61,1724264100.0
1724226000,2508.87,1724226300.0
1724241900,2514.82,1724263800.0
1724244000,2500.6099999999997,1724247600.0
1724247300,2485.95,1724333400.0
1724254800,2503.5299999999997,1724256600.0
1724261100,2517.64,1724264100.0
1724282100,2511.5100000000007,1724285400.0
1724286300,2514.5100000000007,1724421900.0
1724288400,2517.07,1724422200.0
1724289300,2516.09,1724422200.0
1724290200,2508.0899999999997,1724291400.0
1724307300,2509.0900000000006,1724307900.0
1724318100,2505.0200000000004,1724318700.0
1724324100,2505.609999999999,1724324100.0
1724330100,2509.4600000000005,1724421600.0
1724331300,2487.72,1724333400.0
1724350500,2485.8500000000013,1724369400.0
1724358900,2485.4000000000005,1724368200.0
1724359500,2483.039999999999,1725370800.0
1724364000,2484.37,1724364000.0
1724398200,2495.12,1724400300.0
1724400300,2499.6400000000003,1724402700.0
1724420700,2477.83,1725371100.0
1724422200,2527.7099999999996,1724799900.0
1724436600,2503.5999999999995,1724841900.0
1724437800,2508.8099999999995,1724439600.0
1724439300,2513.170000000001,1724623500.0
1724440800,2508.5900000000006,1724723100.0
1724443500,2515.210000000001,1724627100.0
1724625000,2507.1000000000013,1724724300.0
1724625600,2517.679999999999,1724656800.0
1724638800,2512.4200000000005,1724640900.0
1724640000,2517.149999999999,1724656200.0
1724641800,2506.119999999999,1724724300.0
1724654700,2517.800000000001,1724656800.0
1724676000,2530.6199999999994,1726145100.0
1724676900,2519.050000000001,1724679900.0
1724679000,2522.1600000000008,1724679900.0
1724679900,2518.35,1724680200.0
1724692200,2525.11,1724784600.0
1724693400,2510.7400000000002,1724721000.0
1724695500,2523.790000000001,1724783100.0
1724697600,2513.0600000000004,1724720100.0
1724698500,2512.859999999999,1724720700.0
1724700000,2527.0000000000005,1724799900.0
1724710800,2510.3100000000004,1724721000.0
1724712900,2517.67,1724768700.0
1724713800,2515.9700000000003,1724715900.0
1724715000,2520.9399999999996,1724780400.0
1724716200,2517.08,1724740200.0
1724717100,2512.3999999999996,1724720400.0
1724737500,2513.9100000000003,1724738400.0
1724745300,2505.4999999999995,1724745600.0
1724746500,2513.170000000001,1724749500.0
1724751300,2505.3900000000012,1724765100.0
1724760000,2517.8499999999995,1724772000.0
1724762400,2501.9200000000005,1724843100.0
1724763900,2513.3499999999995,1724766600.0
1724764800,2501.0200000000013,1724846100.0
1724766600,2520.92,1724780400.0
1724775000,2503.439999999999,1724841900.0
1724776800,2520.6699999999996,1724780400.0
1724802900,2524.6299999999997,1724803500.0
1724804400,2528.4800000000005,1725626100.0
1724806800,2521.9399999999996,1724807400.0
1724837100,2513.2600000000007,1724890500.0
1724841300,2504.89,1724841600.0
1724842800,2502.8300000000004,1724843100.0
1724854800,2516.15,1724902800.0
1724856900,2513.72,1724890500.0
1724858100,2512.600000000001,1724890500.0
1724864700,2513.180000000001,1724890500.0
1724865900,2493.0499999999993,1725243900.0
1724866500,2496.3199999999993,1724882400.0
1724869800,2497.220000000001,1724882400.0
1724871000,2508.42,1724871600.0
1724873400,2505.8600000000006,1724877000.0
1724875200,2499.65,1724882400.0
1724876100,2511.0399999999995,1724890500.0
1724889600,2508.6800000000007,1724889600.0
1724919600,2511.7600000000007,1724934600.0
1724922300,2513.969999999999,1724934600.0
1724923800,2523.48,1724925000.0
1724933400,2521.0199999999995,1724943000.0
1724934600,2509.8400000000006,1724934600.0
1724943900,2528.080000000001,1724952300.0
1724944500,2517.6199999999994,1724978400.0
1724946000,2524.810000000001,1724950200.0
1724948100,2528.51,1725626100.0
1724960700,2525.939999999999,1725006300.0
1724962500,2523.25,1725005400.0
1724963100,2519.8900000000003,1724969100.0
1724998800,2522.3300000000004,1724999100.0
1725014700,2509.479999999999,1725028200.0
1725017100,2527.7299999999996,1725626100.0
1725019500,2522.9999999999995,1725020400.0
1725021000,2516.640000000001,1725022200.0
1725048600,2505.369999999999,1725266700.0
1725049200,2501.1599999999994,1725228000.0
1725228300,2517.3200000000006,1725534000.0
1725233100,2495.2,1725242700.0
1725234900,2508.6399999999994,1725523800.0
1725239400,2510.71,1725524400.0
1725243000,2483.520000000001,1725370800.0
1725257700,2504.1800000000003,1725266400.0
1725264900,2493.4599999999996,1725325800.0
1725265800,2506.0499999999993,1725267000.0
1725274800,2502.98,1725280500.0
1725281400,2498.9299999999985,1725283500.0
1725284400,2504.2500000000005,1725351900.0
1725285300,2494.84,1725325200.0
1725286200,2497.1000000000004,1725301800.0
1725288000,2503.020000000001,1725351300.0
1725294600,2499.3099999999995,1725295800.0
1725297900,2499.619999999999,1725298800.0
1725298800,2498.8900000000003,1725299100.0
1725301800,2497.0999999999995,1725301800.0
1725339900,2492.41,1725363600.0
1725341100,2498.65,1725346800.0
1725344100,2499.849999999999,1725347700.0
1725359400,2489.7000000000007,1725363900.0
1725362100,2502.0899999999997,1725516300.0
1725362700,2495.2200000000003,1725362700.0
1725379200,2496.440000000001,1725417300.0
1725379800,2481.5399999999986,1725436800.0
1725385800,2495.4299999999994,1725417000.0
1725409800,2488.9100000000003,1725431400.0
1725410700,2496.9699999999993,1725458400.0
1725411600,2494.6099999999997,1725417000.0
1725412200,2494.84,1725417000.0
1725421800,2498.519999999999,1725460800.0
1725429900,2490.6699999999996,1725430800.0
1725447000,2498.389999999999,1725458400.0
1725474000,2497.5899999999992,1725499200.0
1725475500,2492.2399999999993,1725476700.0
1725480300,2494.259999999999,1725480300.0
1725491100,2489.050000000001,1725640800.0
1725492600,2495.019999999999,1725493500.0
1725494400,2500.759999999999,1725515400.0
1725509100,2492.1700000000005,1725639600.0
1725511800,2490.279999999999,1725639600.0
1725512700,2495.17,1725513300.0
1725513900,2492.050000000001,1725639600.0
1725516000,2518.8599999999988,1725538800.0
1725542100,2519.6899999999987,1725545700.0
1725543900,2509.4100000000003,1725544800.0
1725545700,2525.2500000000005,1725625800.0
1725547200,2507.31,1725548700.0
1725559200,2521.0999999999995,1725601500.0
1725561300,2510.4300000000007,1725628500.0
1725563100,2521.86,1725625800.0
1725586800,2507.9299999999994,1725629100.0
1725590400,2523.24,1725625800.0
1725594600,2519.87,1725599100.0
1725609600,2512.8199999999993,1725624600.0
1725619200,2513.9800000000005,1725624300.0
1725620400,2522.060000000001,1725625800.0
1725622500,2513.7899999999995,1725624300.0
1725626700,2550.9100000000008,1726148700.0
1725627600,2512.92,1725628200.0
1725654300,2500.1600000000003,1725853500.0
1725852300,2500.0200000000004,1725853500.0
1725858900,2495.670000000001,1725859800.0
1725875100,2502.2199999999993,1725885000.0
1725895800,2499.27,1725897300.0
1725897000,2504.300000000001,1725900900.0
1725901200,2513.330000000001,1725972900.0
1725902700,2504.9900000000002,1725903300.0
1725905100,2502.6099999999997,1725906900.0
1725933000,2499.9200000000005,1725959400.0
1725933600,2501.1099999999997,1725942600.0
1725948000,2507.1899999999996,1725963000.0
1725952500,2508.4299999999994,1725963300.0
1725955500,2495.3400000000006,
1725957000,2498.7799999999993,
1725958500,2505.65,1725962100.0
1725960000,2495.7699999999995,
1725960900,2506.7400000000002,1725962700.0
1725968400,2500.7500000000005,
1725969300,2498.7300000000014,
1725972900,2514.1299999999997,1725973200.0
1725977400,2500.62,
1725980700,2515.359999999999,1725982500.0
1725990300,2517.9699999999993,1726010400.0
1725997800,2516.23,1725997800.0
1726016100,2512.320000000001,1726057800.0
1726018200,2523.24,1726035000.0
1726034100,2515.79,1726057800.0
1726035000,2533.4399999999996,1726145100.0
1726049700,2518.3900000000012,1726056900.0
1726073700,2519.6199999999994,1726120500.0
1726082100,2505.61,
1726093500,2516.659999999999,1726113900.0
1726094400,2517.42,1726116300.0
1726095300,2510.4300000000007,
1726099500,2514.709999999999,1726104900.0
1726100700,2512.8100000000004,1726102800.0
1726101900,2514.349999999999,1726104600.0
1726107000,2510.99,1726109400.0
1726108200,2515.019999999999,1726112400.0
1726111200,2514.4499999999994,1726112100.0
1726130400,2514.83,1726138200.0
1726131000,2519.2899999999986,1726135200.0
1726131600,2522.3600000000006,1726143600.0
1726132800,2515.8499999999995,1726137900.0
1726134900,2515.470000000001,1726137900.0
1726135500,2516.930000000001,1726137600.0
1726139700,2520.16,1726142700.0
1726191000,2567.0799999999995,1726197900.0
1726211700,2557.7299999999987,1726686300.0
1726212300,2569.259999999999,1726213500.0
1726214700,2579.0300000000007,1726233300.0
1726215900,2565.0600000000004,1726227300.0
1726217700,2574.1300000000006,1726232100.0
1726218600,2574.07,1726232100.0
1726221600,2556.77,1726687200.0
1726222500,2570.5799999999995,1726230900.0
1726224000,2572.2400000000007,1726231500.0
1726225200,2571.58,1726231500.0
1726227600,2555.27,1726687200.0
1726228500,2561.81,1726592100.0
1726231200,2573.4100000000003,1726232100.0
1726258200,2578.6400000000003,1726260900.0
1726445700,2585.740000000001,1726455600.0
1726446300,2584.68,1726454100.0
1726447200,2585.3300000000004,1726455000.0
1726448100,2579.5699999999997,1726482900.0
1726449300,2576.85,1726483800.0
1726450800,2586.4100000000003,1726455900.0
1726471200,2567.89,1726586700.0
1726475100,2589.3599999999997,1726683000.0
1726477800,2583.8700000000013,1726482000.0
1726480200,2577.98,1726483800.0
1726485900,2584.1400000000003,1726491600.0
1726486500,2578.45,1726496400.0
1726488000,2585.07,1726492200.0
1726488600,2577.5299999999997,1726497000.0
1726494600,2595.2100000000005,1726683600.0
1726495200,2583.9300000000003,1726495200.0
1726499700,2576.639999999999,1726546800.0
1726500600,2589.710000000001,1726683000.0
1726501200,2574.7799999999997,1726549800.0
1726504800,2584.5900000000006,1726539000.0
1726507500,2579.490000000001,1726534800.0
1726512000,2586.16,1726682700.0
1726513800,2574.9699999999993,1726548000.0
1726514400,2581.9200000000005,1726515000.0
1726524900,2584.0399999999986,1726531200.0
1726535100,2570.5199999999995,1726569600.0
1726539000,2587.4,1726682700.0
1726542600,2575.149999999999,1726548000.0
1726556100,2592.4600000000005,1726683300.0
1726564500,2570.2800000000007,1726569600.0
1726565400,2568.910000000001,1726586700.0
1726578600,2583.23,1726682400.0
1726580100,2567.1199999999985,1726587000.0
1726581600,2586.7999999999993,1726682700.0
1726586700,2561.9400000000005,1726592100.0
1726604400,2571.7200000000003,1726614000.0
1726635000,2561.1099999999997,1726686300.0
1726651500,2575.5700000000006,1726655400.0
1726669500,2561.3700000000003,1726686300.0
1726682700,2640.1500000000005,1727188800.0
1726686000,2548.899999999999,1726689000.0
1726705800,2554.6,1726707600.0
1726707600,2563.61,1726713300.0
1726709400,2548.84,1731576600.0
1726711800,2562.17,1726713000.0
1726750200,2559.249999999999,1731551700.0
1726761900,2598.11,1726813200.0
1726762500,2595.040000000001,1726812000.0
1726763400,2590.17,1726763400.0
1726777500,2583.38,1731517500.0
1726788000,2591.26,1726799700.0
1726789200,2585.5000000000014,1726790700.0
1726792500,2592.8800000000006,1726801200.0
1726794000,2585.3399999999992,1726795200.0
1726795800,2588.369999999999,1726796700.0
1726839300,2628.8199999999997,1727061300.0
1726840200,2595.58,1731397200.0
1726841100,2612.84,1726842300.0
1726845900,2624.61,1726849200.0
1726863300,2613.66,1728399900.0
1727055600,2628.800000000001,1727061300.0
1727056200,2617.7700000000004,1727076000.0
1727057400,2621.939999999999,1727058600.0
1727058000,2621.0200000000004,1727058600.0
1727075400,2608.649999999999,1728401400.0
1727090100,2627.05,1727096100.0
1727111400,2625.5100000000007,1727117400.0
1727114400,2621.629999999999,1728398100.0
1727118900,2628.84,1727140200.0
1727120100,2622.239999999999,1728398100.0
1727124600,2628.8099999999995,1727140200.0
1727130000,2628.8799999999997,1727140200.0
1727131500,2626.5300000000007,1727132400.0
1727133000,2624.4799999999996,1727137500.0
1727140200,2629.41,1727140500.0
1727143200,2627.2000000000003,1727143200.0
1727145300,2624.169999999999,1727163300.0
1727146500,2634.0000000000005,1727149200.0
1727157300,2628.1700000000005,1727157300.0
1727158800,2643.0199999999995,1727189100.0
1727160000,2616.700000000001,1728399900.0
1727161500,2619.330000000001,1728399600.0
1727175600,2643.99,1727189400.0
1727179200,2622.1100000000006,1728398100.0
1727181300,2637.139999999999,1727186400.0
1727181900,2623.46,1728398100.0
1727183100,2645.4899999999993,1727189400.0
1727224800,2650.530000000001,1727448900.0
1727229600,2667.3000000000006,1727232900.0
1727238300,2666.829999999999,1727274900.0
1727239800,2662.4600000000005,1727269500.0
1727241600,2651.57,1727282700.0
1727242500,2662.5,1727269500.0
1727244300,2639.970000000001,1727692500.0
1727256900,2657.72,1727259900.0
1727259900,2660.7200000000003,1727269200.0
1727261400,2658.539999999999,1727265600.0
1727280900,2651.0000000000014,1727282700.0
1727286900,2658.559999999999,1727296200.0
1727290500,2662.8499999999995,1727328300.0
1727303400,2658.18,1727304000.0
1727309100,2652.509999999999,1727448900.0
1727314200,2650.5199999999995,1727448900.0
1727315700,2666.9600000000014,1727337900.0
1727318700,2655.8799999999997,1727358600.0
1727319900,2661.9800000000005,1727322900.0
1727330700,2656.5900000000006,1727358600.0
1727331600,2663.28,1727334000.0
1727333100,2664.6600000000008,1727336700.0
1727357100,2651.9299999999994,1727448900.0
1727360700,2656.1,1727448300.0
1727371500,2677.63,1727377800.0
1727393400,2667.15,1727400900.0
1727401500,2656.5299999999993,1727448300.0
1727408400,2675.7299999999987,1729059900.0
1727409900,2670.5800000000004,1727410500.0
1727411700,2668.3799999999997,1727414400.0
1727413500,2673.9700000000007,1729059300.0
1727414700,2657.289999999999,1727448300.0
1727430600,2671.5200000000013,1727440500.0
1727432400,2657.4300000000007,1727448300.0
1727435700,2661.5999999999995,1727446800.0
1727437200,2671.95,1727440800.0
1727438400,2661.0,1727446800.0
1727440200,2676.83,1729059900.0
1727446500,2653.6500000000005,1727448900.0
1727465100,2647.3199999999997,1727691300.0
1727466900,2658.2200000000003,1727470200.0
1727469900,2654.780000000001,1727470200.0
1727661600,2646.1600000000008,1727691600.0
1727675700,2664.5499999999997,1727789700.0
1727682300,2653.0599999999995,1727682600.0
1727684700,2660.7399999999993,1727789400.0
1727686200,2647.1900000000005,1727691300.0
1727715300,2643.89,1727761800.0
1727717100,2636.0700000000006,1727719500.0
1727719800,2618.3599999999997,1728399600.0
1727737800,2637.29,1727745900.0
1727753700,2633.7699999999986,1728046500.0
1727755500,2642.4400000000005,1727759700.0
1727805600,2657.25,1727830500.0
1727808300,2668.170000000001,1728054600.0
1727809200,2666.86,1728019800.0
1727811000,2661.1099999999997,1727811600.0
1727812200,2662.2599999999993,1727815500.0
1727813700,2654.2400000000002,1727842800.0
1727822700,2661.420000000001,1727823600.0
1727825700,2657.11,1727830500.0
1727862000,2665.14,1728016200.0
1727867100,2644.669999999999,1727871900.0
1727873100,2619.91,1728399600.0
1727875500,2671.3300000000004,1729059000.0
1727882700,2643.31,1727943600.0
1727884800,2652.7400000000002,1727892000.0
1727886300,2654.09,1727894400.0
1727887200,2656.5599999999986,1727896200.0
1727887800,2646.5900000000006,1727941200.0
1727888700,2646.79,1727941200.0
1727894100,2655.1599999999994,1727895000.0
1727895000,2649.16,1727940300.0
1727895900,2656.8400000000006,1727896800.0
1727917500,2655.69,1727919300.0
1727937600,2647.3199999999993,1727941200.0
1727956500,2653.119999999999,1727969400.0
1727960100,2631.1600000000003,1728375600.0
1727961900,2654.7099999999996,1727973300.0
1727966100,2689.309999999999,1729173300.0
1727993700,2650.1400000000003,1728045000.0
1728004800,2659.83,1728008400.0
1728024900,2659.7000000000003,1728025200.0
1728028800,2654.510000000001,1728045000.0
1728029400,2662.91,1728054000.0
1728030600,2659.1499999999996,1728031800.0
1728040500,2659.61,1728041400.0
1728041100,2655.6899999999996,1728045000.0
1728042300,2664.6900000000005,1728054300.0
1728043200,2653.2999999999993,1728045000.0
1728054000,2669.920000000001,1729057800.0
1728056400,2640.23,1728280500.0
1728063600,2637.9599999999996,1728354600.0
1728073500,2648.74,1728259200.0
1728074400,2655.0600000000013,1728288600.0
1728261600,2642.5900000000006,1728279300.0
1728262800,2652.710000000001,1728288000.0
1728263400,2648.3699999999994,1728265500.0
1728286500,2656.5800000000004,1728294900.0
1728304200,2642.0,1728305100.0
1728306900,2664.9500000000003,1728887100.0
1728309300,2630.5900000000006,1728375600.0
1728319800,2650.0,1728386400.0
1728323400,2650.91,1728387600.0
1728325200,2643.1299999999997,1728326100.0
1728326100,2653.7199999999993,1728657000.0
1728328500,2647.6099999999997,1728340500.0
1728329400,2642.71,1728329400.0
1728340200,2640.1899999999996,1728349200.0
1728345000,2646.8199999999997,1728352500.0
1728346800,2641.71,1728349200.0
1728347700,2645.98,1728352500.0
1728348600,2643.1300000000006,1728348600.0
1728352500,2657.3499999999995,1728659700.0
1728353400,2639.76,1728354000.0
1728359100,2653.0499999999997,1728657000.0
1728360900,2637.3100000000004,1728369900.0
1728361800,2646.18,1728367800.0
1728362700,2638.940000000001,1728369600.0
1728365100,2650.2200000000007,1728386400.0
1728367500,2637.79,1728369900.0
1728369600,2646.100000000001,1728384900.0
1728370800,2628.1400000000003,1728397500.0
1728384900,2649.35,1728386400.0
1728395100,2653.400000000001,1728657000.0
1728396600,2624.9700000000003,1728397800.0
1728416700,2622.57,1728417000.0
1728435300,2617.1000000000004,1728441000.0
1728435900,2625.3799999999987,1728564300.0
1728436500,2626.43,1728564600.0
1728437100,2615.98,1728443400.0
1728437700,2625.34,1728564300.0
1728438900,2617.3,1728439800.0
1728452400,2615.6500000000005,1728454500.0
1728453600,2613.4,1728456000.0
1728463200,2614.2799999999997,1728463500.0
1728464100,2618.26,1728465900.0
1728465300,2614.8699999999994,1728479700.0
1728469800,2619.230000000001,1728470400.0
1728478200,2628.2199999999993,1728568800.0
1728479700,2603.7199999999993,1731393900.0
1728496800,2612.5299999999993,1728527400.0
1728498600,2596.6799999999994,1731396900.0
1728501300,2603.2799999999997,1731396000.0
1728514800,2610.8000000000006,1728522900.0
1728517500,2604.590000000001,1731391200.0
1728519600,2610.8399999999992,1728522900.0
1728523800,2607.380000000001,1728524100.0
1728524400,2611.4000000000005,1728524400.0
1728544500,2604.52,1731391200.0
1728545400,2617.01,1728548100.0
1728546600,2612.89,1728560100.0
1728547200,2611.729999999999,1728560100.0
1728547800,2617.2499999999995,1728552300.0
1728561900,2602.74,1731396000.0
1728565200,2634.1600000000003,1728603000.0
1728568500,2644.080000000001,1728618300.0
1728579300,2613.7700000000004,1731340500.0
1728580800,2623.980000000001,1728581700.0
1728583500,2618.229999999999,1731336000.0
1728585000,2629.4100000000003,1728587100.0
1728629400,2636.6899999999996,1728638400.0
1728632400,2649.84,1728649800.0
1728634200,2639.360000000001,1728636900.0
1728643800,2645.320000000001,1728648000.0
1728645900,2636.2300000000005,1731333000.0
1728648600,2643.0799999999995,1728650400.0
1728651600,2653.169999999999,1728657000.0
1728675300,2649.820000000001,1728873000.0
1728875400,2661.1600000000003,1728886800.0
1728876600,2660.4199999999996,1728883200.0
1728879300,2647.9600000000005,1728915600.0
1728880500,2659.5099999999993,1728881100.0
1728896400,2662.8100000000004,1728896700.0
1728898500,2654.189999999999,1728904500.0
1728900300,2666.74,1729008300.0
1728901500,2655.81,1728903600.0
1728913200,2657.8899999999994,1728913200.0
1728914100,2648.6,1728915300.0
1728930300,2653.959999999999,1728979800.0
1728931200,2647.1,1728938700.0
1728932700,2660.5099999999993,1729002000.0
1728943800,2644.43,1728965400.0
1728948900,2653.7,1728979800.0
1728951000,2646.0099999999998,1728962400.0
1728952200,2654.2000000000003,1728979800.0
1728953400,2645.4700000000003,1728962400.0
1728954000,2650.2199999999993,1728956100.0
1728956100,2653.0299999999993,1728977400.0
1728957300,2640.3999999999996,1728969600.0
1728962100,2643.6299999999997,1728966300.0
1728977100,2655.3999999999996,1728987600.0
1728992100,2642.219999999999,1731332100.0
1728997500,2637.78,1731332400.0
1729001700,2663.35,1729003500.0
1729021500,2660.119999999999,1729021800.0
1729026000,2664.7300000000005,1729040700.0
1729032000,2666.019999999999,1729043400.0
1729033200,2657.39,1730903400.0
1729041000,2675.3899999999994,1729059600.0
1729075800,2681.9800000000005,1729083600.0
1729077300,2681.1,1729081800.0
1729089300,2686.43,1729160700.0
1729090800,2665.87,1730899800.0
1729101900,2678.1000000000013,1729127100.0
1729103100,2670.44,1730899800.0
1729105200,2678.3300000000004,1729127100.0
1729107300,2666.8500000000004,1730899800.0
1729108500,2678.3599999999997,1729127100.0
1729116300,2664.2199999999993,1730899800.0
1729117800,2672.8899999999994,1729119900.0
1729124700,2678.2100000000005,1729127100.0
1729146300,2686.1700000000005,1729160700.0
1729148100,2679.1000000000004,1729149900.0
1729149600,2680.1800000000007,1729149900.0
1729151400,2691.689999999999,1729175700.0
1729159200,2677.09,1729168200.0
1729161300,2699.2,1729214700.0
1729168500,2647.409999999999,1730942400.0
1729170300,2689.55,1729173600.0
1729190700,2683.1799999999994,1729202400.0
1729193700,2690.68,1729202400.0
1729196700,2696.2000000000007,1729213500.0
1729202400,2692.52,1729203300.0
1729203900,2697.0,1729213500.0
1729232400,2700.7,1730894100.0
1729234200,2698.64,1730894100.0
1729236300,2702.3099999999995,1729238100.0
1729243500,2714.0399999999995,1729254300.0
1729246800,2721.140000000001,1729282200.0
1729257000,2697.29,1730896200.0
1729260300,2724.7100000000005,1729467600.0
1729489200,2731.7699999999986,1729494300.0
1729490700,2719.729999999999,1729523400.0
1729491300,2726.4099999999994,1729491600.0
1729493100,2729.4,1729493100.0
1729495200,2726.3699999999994,1729495800.0
1729498200,2732.2599999999993,1729498800.0
1729521900,2712.1900000000005,1729696200.0
1729538700,2722.6699999999996,1729555500.0
1729539300,2715.58,1729695600.0
1729541400,2722.84,1729555500.0
1729542300,2713.0400000000013,1729696200.0
1729553100,2725.0000000000005,1729558800.0
1729587300,2734.1000000000004,1729587600.0
1729587900,2738.3199999999997,1729593600.0
1729589700,2729.9200000000005,1729590300.0
1729591500,2736.8600000000006,1729593000.0
1729593900,2748.6899999999987,1729626900.0
1729597200,2723.5400000000004,1729694100.0
1729598700,2738.970000000001,1729602900.0
1729600200,2727.54,1729692600.0
1729600800,2742.9000000000005,1729608600.0
1729601400,2732.979999999999,1729689300.0
1729602600,2745.26,1729616100.0
1729643100,2744.1099999999988,1729643700.0
1729657800,2759.68,1730209200.0
1729677000,2747.67,1729685100.0
1729677600,2756.29,1730167800.0
1729678500,2746.1000000000004,1729686000.0
1729681500,2742.5499999999993,1729687500.0
1729682400,2762.0999999999995,1730209500.0
1729683600,2744.4700000000007,1729686000.0
1729711500,2722.02,1729731600.0
1729713600,2714.659999999999,1729714800.0
1729722000,2723.2400000000007,1729732200.0
1729722900,2719.880000000001,1729724400.0
1729769400,2741.26,1729773600.0
1729778700,2713.5400000000004,1730874600.0
1729792800,2736.55,1729793100.0
1729807800,2729.3299999999995,1729821600.0
1729838400,2731.040000000001,1729839600.0
1729844400,2717.299999999999,1729848900.0
1729857000,2719.349999999999,1730874300.0
1729858500,2729.8599999999997,1729860300.0
1730066400,2748.21,1730163900.0
1730083200,2728.7699999999995,1730110500.0
1730084700,2728.0899999999992,1730774100.0
1730092200,2728.69,1730110500.0
1730094600,2743.7499999999986,1730097600.0
1730106300,2728.4099999999994,1730110500.0
1730120700,2743.019999999999,1730124600.0
1730140200,2737.060000000001,1730385900.0
1730143500,2750.7199999999993,1730165700.0
1730144100,2740.0499999999993,1730153100.0
1730145000,2748.12,1730163900.0
1730147400,2740.61,1730152800.0
1730154300,2735.399999999999,1730386500.0
1730159400,2748.76,1730163900.0
1730182200,2743.2599999999998,1730385600.0
1730184300,2757.770000000001,1730208900.0
1730189700,2746.2000000000003,1730385300.0
1730191800,2760.6599999999994,1730209500.0
1730193000,2750.1299999999997,1730195700.0
1730196300,2761.449999999999,1730209500.0
1730197800,2737.3700000000003,1730385900.0
1730204100,2756.7400000000002,1730207700.0
1730205000,2759.349999999999,1730209200.0
1730206200,2748.2699999999995,1730385000.0
1730209200,2777.0299999999997,1730247000.0
1730262300,2780.1600000000003,1730263800.0
1730265600,2783.2799999999997,1730266800.0
1730281500,2788.8199999999997,1730309100.0
1730283900,2779.539999999999,1730286600.0
1730293200,2789.760000000001,1730311500.0
1730295600,2758.870000000001,1730382600.0
1730304000,2795.8500000000004,
1730320200,2789.7199999999993,1730336700.0
1730325600,2786.1,1730325600.0
1730327400,2781.330000000001,1730357700.0
1730335200,2789.1399999999994,1730336400.0
1730339100,2781.9799999999996,1730357700.0
1730343300,2790.0600000000004,
1730344200,2789.039999999999,
1730346300,2781.39,1730357700.0
1730355000,2787.510000000001,
1730356500,2774.18,1730369700.0
1730373300,2789.2300000000005,
1730373900,2774.419999999999,1730378400.0
1730377200,2775.929999999999,1730377800.0
1730400900,2751.8399999999992,1730433600.0
1730419200,2744.0300000000007,1730472000.0
1730425500,2749.58,1730426100.0
1730446500,2744.2200000000003,1730472000.0
1730448600,2754.819999999999,1730450400.0
1730451000,2746.2200000000003,1730457300.0
1730452500,2766.2200000000003,
1730453400,2749.6600000000003,1730453700.0
1730460600,2755.950000000001,1730464200.0
1730463300,2748.77,1730471700.0
1730464500,2784.0699999999997,
1730465700,2772.15,
1730471400,2739.9900000000007,1730481900.0
1730674800,2746.7,1730816700.0
1730677800,2750.9199999999996,
1730690100,2750.1799999999985,
1730699700,2744.62,1730715000.0
1730701200,2735.190000000001,1730706600.0
1730703000,2744.040000000001,1730704200.0
1730704800,2738.4800000000005,1730706000.0
1730715000,2756.880000000001,
1730718000,2727.91,1730774100.0
1730720100,2744.5,1730726100.0
1730721600,2745.78,1730728200.0
1730733600,2742.3900000000012,1730733900.0
1730735700,2730.6899999999996,1730777700.0
1730738100,2741.240000000001,1730796600.0
1730739300,2732.25,1730740200.0
1730752500,2733.2199999999993,1730773500.0
1730753700,2739.029999999999,1730790300.0
1730756400,2735.02,1730773500.0
1730773800,2719.8500000000013,1730874300.0
1730784900,2739.5699999999997,1730790300.0
1730786100,2729.23,1730874000.0
1730788200,2737.8499999999995,1730788800.0
1730793600,2729.6899999999996,1730874000.0
1730794800,2736.8700000000003,1730795400.0
1730805900,2732.61,1730863500.0
1730807400,2750.689999999999,
1730810700,2736.06,1730819700.0
1730814000,2746.35,1730815200.0
1730820000,2729.67,1730874000.0
1730822100,2745.6400000000003,1730850900.0
1730822700,2734.4300000000007,1730854800.0
1730825100,2744.7800000000007,1730850300.0
1730825700,2736.6000000000004,1730852400.0
1730826600,2742.11,1730826900.0
1730828700,2738.2100000000005,1730852400.0
1730834100,2744.5800000000004,1730841900.0
1730837700,2734.93,1730854800.0
1730839200,2744.53,1730841900.0
1730852400,2733.330000000001,1730855100.0
1730857200,2754.9099999999994,
1730860200,2742.5399999999995,1730860200.0
1730861100,2750.9200000000005,
1730862300,2726.69,1730874300.0
1730868000,2747.5500000000006,
1730871600,2728.470000000001,1730874000.0
1730891700,2728.0799999999995,
1730893500,2692.7900000000004,1730898000.0
1730916000,2656.6499999999996,1730941800.0
1730918100,2678.1999999999994,1730985600.0
1730923200,2665.0599999999995,1730923800.0
1730949300,2654.1500000000005,1730959800.0
1730958300,2665.2200000000003,1730964000.0
1730961000,2662.93,1730963700.0
1730962200,2660.6999999999994,1730963700.0
1730979900,2662.3299999999995,1731322500.0
1730981100,2678.3399999999992,1730985600.0
1731007200,2678.509999999999,1731287100.0
1731009600,2697.4,1731009600.0
1731028200,2696.89,1731031200.0
1731062400,2689.670000000001,1731065400.0
1731065400,2695.7400000000002,1731072600.0
1731070200,2697.699999999999,1731073800.0
1731078300,2683.610000000001,1731093600.0
1731079200,2695.3500000000004,1732261500.0
1731082800,2680.35,1731286800.0
1731097200,2694.709999999999,1732261200.0
1731099000,2684.869999999999,1731099600.0
1731100500,2683.0899999999992,1731100800.0
1731282900,2687.840000000001,1732244400.0
1731285000,2688.2200000000007,1732244700.0
1731286200,2675.6599999999994,1731287700.0
1731307800,2677.5,1732237200.0
1731310200,2676.850000000001,1732237200.0
1731312600,2672.1700000000005,1731320100.0
1731313500,2673.43,1731320100.0
1731314100,2676.239999999999,1732237200.0
1731315000,2664.3500000000004,1731322500.0
1731315900,2663.74,1731322500.0
1731320700,2666.2000000000003,1731322200.0
1731354900,2624.940000000001,1731357600.0
1731374100,2619.6300000000006,1731374700.0
1731375900,2626.330000000001,1731375900.0
1731377700,2627.6600000000003,1732006800.0
1731382200,2619.75,1731383100.0
1731414900,2612.959999999999,1731417900.0
1731429900,2586.640000000001,1731516900.0
1731441300,2590.9599999999996,1731515400.0
1731443700,2601.4499999999994,1731459600.0
1731446700,2606.1,1731460500.0
1731452700,2595.55,1731510300.0
1731455700,2598.0299999999997,1731510300.0
1731458100,2594.0799999999995,1731515400.0
1731459600,2601.8999999999996,1731459600.0
1731475800,2603.23,1731485400.0
1731479400,2614.0400000000004,1731504600.0
1731480000,2602.419999999999,1731485400.0
1731489000,2612.4100000000003,1731499200.0
1731497700,2603.6800000000003,1731509400.0
1731498600,2614.870000000001,1731504600.0
1731503400,2602.86,1731509400.0
1731505800,2650.449999999999,1732121400.0
1731509100,2597.2200000000003,1731510300.0
1731587700,2550.78,1731588600.0
1731591600,2577.6500000000005,1731891600.0
1731615300,2553.3300000000004,
1731633900,2563.57,1731635400.0
1731637800,2575.669999999999,1731891000.0
1731648000,2559.8400000000006,1731650400.0
1731661800,2572.4200000000005,1731670500.0
1731664500,2575.2000000000007,1731683400.0
1731673200,2571.86,1731676200.0
1731678600,2601.0099999999998,1731936600.0
1731679200,2574.1,1731682200.0
1731681300,2564.5199999999995,1731688200.0
1731683700,2588.4700000000007,1731892800.0
1731684600,2557.8799999999997,
1731687300,2582.630000000001,1731892800.0
1731689100,2554.310000000001,
1731704100,2560.0399999999995,
1731705900,2562.73,1731707700.0
1731707100,2559.4099999999994,
1731884700,2583.95,1731892800.0
1731908700,2578.8300000000004,
1731922500,2601.169999999999,1731936600.0
1731955800,2614.869999999999,1731978000.0
1731959100,2606.67,1734551700.0
1731960000,2607.310000000001,1731962400.0
1731963000,2615.26,1731978300.0
1731965700,2618.2599999999993,1731982200.0
1731975600,2613.5399999999995,1731979800.0
1732000800,2611.7499999999995,1732578000.0
1732006500,2638.480000000001,1732020900.0
1732025100,2641.84,1732113300.0
1732026600,2612.7200000000003,1732578000.0
1732038000,2622.82,1732089300.0
1732041600,2639.2000000000003,1732064400.0
1732053600,2639.84,1732064400.0
1732078800,2632.92,1732082700.0
1732081800,2634.6699999999996,1732082700.0
1732103100,2630.2400000000002,1732106400.0
1732135800,2638.23,1732545300.0
1732143600,2649.79,1732143600.0
1732144500,2650.6400000000003,1732145700.0
1732166100,2645.130000000001,1732544400.0
1732167600,2661.679999999999,1732171200.0
1732192200,2663.000000000001,1732194000.0
1732196700,2677.8500000000004,1732237800.0
1732198800,2685.4300000000007,1732243200.0
1732200000,2660.810000000001,1732543800.0
1732207800,2673.4699999999993,1732237200.0
1732208700,2654.9999999999995,1732544100.0
1732210200,2670.690000000001,1732211400.0
1732218000,2667.6400000000003,1732230900.0
1732219500,2682.2999999999997,1732242900.0
1732230300,2663.339999999999,1732543800.0
1732235700,2676.189999999999,1732237200.0
1732278300,2692.530000000001,1732281900.0
1732279200,2704.8999999999987,1732291800.0
1732282500,2682.9700000000007,1733840400.0
1732289700,2709.0300000000007,1732299000.0
1732309500,2711.0099999999998,1732311600.0
1732543500,2705.7799999999993,1733928900.0
1732571100,2624.1799999999985,1732577400.0
1732577100,2636.44,1732626000.0
1732578000,2600.06,1734553500.0
1732580400,2620.2400000000002,1732580400.0
1732581300,2612.4599999999987,1732607100.0
1732583100,2636.73,1732626000.0
1732584600,2633.7099999999996,1732623300.0
1732586400,2638.8600000000006,1732626300.0
1732589700,2621.0400000000004,1732599000.0
1732590300,2632.2099999999996,1732617300.0
1732598400,2617.6400000000012,1732605900.0
1732612800,2632.770000000001,1732622400.0
1732613700,2632.8700000000003,1732622400.0
1732631700,2602.55,1734553200.0
1732636800,2615.53,1733447400.0
1732640100,2624.2400000000002,1732647000.0
1732647000,2630.400000000001,1732653300.0
1732647600,2626.9300000000003,1732647900.0
1732650000,2620.719999999999,1733447100.0
1732652100,2637.1199999999994,1732674300.0
1732652700,2621.5,1732756800.0
1732654200,2632.8700000000013,1732655700.0
1732668900,2624.0000000000005,1732756800.0
1732670100,2622.340000000001,1732756800.0
1732671900,2623.7000000000007,1732756800.0
1732672500,2635.8400000000006,1732674000.0
1732705800,2641.53,1732719600.0
1732707000,2650.0099999999993,1732707300.0
1732713600,2635.8999999999996,1732726800.0
1732714800,2663.8100000000004,1732860300.0
1732722300,2619.6899999999996,1733447100.0
1732749000,2601.9500000000007,1734553200.0
1732749600,2635.4900000000002,1732753200.0
1732754100,2643.19,1732783800.0
1732755600,2632.95,1732755600.0
1732770900,2633.27,1732770900.0
1732799700,2653.84,1732846200.0
1732800300,2642.190000000001,1732805400.0
1732801200,2656.94,1732846500.0
1732802400,2651.6800000000007,1732846200.0
1732803000,2645.0800000000004,1732803600.0
1732803600,2648.3100000000004,1732845900.0
1732804800,2641.3499999999995,1732805700.0
1732836300,2631.780000000001,1733100300.0
1732843500,2651.54,1732845900.0
1732867500,2656.0000000000005,1732869600.0
1732872900,2652.51,1732892400.0
1732873500,2665.849999999999,1733752500.0
1732875300,2657.5699999999993,1732886100.0
1732876200,2669.9700000000003,1733754600.0
1732876800,2654.71,1732891500.0
1732880400,2668.4099999999994,1733754300.0
1732881300,2652.9399999999987,1732891500.0
1732882800,2669.7799999999997,1733754600.0
1732887000,2667.360000000001,1733754300.0
1732890000,2653.0600000000004,1732891500.0
1732897500,2653.6200000000003,1732905000.0
1732899300,2666.4400000000005,1733753700.0
1732900500,2648.3999999999987,1732908000.0
1732901400,2655.3700000000013,1732905000.0
1732902300,2663.1199999999994,1733751900.0
1732904100,2656.2300000000005,1733326800.0
1732904700,2653.4699999999993,1732905000.0
1733124300,2643.419999999999,1733139300.0
1733126400,2625.17,1733419500.0
1733127000,2636.7700000000004,1733134200.0
1733129100,2637.200000000001,1733135100.0
1733155800,2626.6099999999997,1733419200.0
1733157000,2638.1700000000005,1733161500.0
1733158500,2643.2900000000004,1733171400.0
1733159700,2645.7599999999998,1733206200.0
1733162400,2627.67,1733418600.0
1733171700,2628.31,1733418600.0
1733174100,2635.0299999999997,1733190600.0
1733180100,2638.75,1733180700.0
1733180700,2639.41,1733181000.0
1733189100,2634.5099999999993,1733317200.0
1733199000,2637.9300000000003,1733202000.0
1733204700,2645.0899999999997,1733206200.0
1733214300,2632.059999999999,1733413200.0
1733215200,2637.449999999999,1733239200.0
1733216100,2657.91,1733739300.0
1733222400,2633.189999999999,1733413200.0
1733228100,2646.8399999999992,1733233200.0
1733229600,2632.229999999999,1733413200.0
1733233500,2658.16,1733739900.0
1733238300,2623.01,1733447100.0
1733243400,2656.6999999999994,1733737800.0
1733248200,2649.060000000001,1733289300.0
1733249100,2640.899999999999,1733254800.0
1733253000,2649.4399999999996,1733289900.0
1733259000,2634.499999999999,1733317200.0
1733271900,2644.9900000000002,1733277600.0
1733272500,2640.440000000001,1733273100.0
1733277600,2648.9300000000007,1733288700.0
1733280000,2642.13,1733297400.0
1733280900,2647.9100000000008,1733288100.0
1733296200,2645.8800000000006,1733296800.0
1733297100,2634.840000000001,1733317200.0
1733312400,2654.1,1733325900.0
1733317500,2622.12,1733447100.0
1733319600,2662.3199999999997,1733751600.0
1733337600,2647.48,1733338800.0
1733338200,2643.3599999999997,1733388600.0
1733339100,2663.12,1733751900.0
1733340600,2653.709999999999,1733377500.0
1733341500,2647.32,1733362800.0
1733346300,2654.4200000000005,1733377800.0
1733347500,2648.2000000000003,1733353200.0
1733355900,2654.8599999999997,1733377800.0
1733357100,2645.7100000000005,1733364300.0
1733361900,2652.039999999999,1733376900.0
1733362800,2645.619999999999,1733364300.0
1733376600,2651.600000000001,1733376600.0
1733382900,2655.3499999999995,1733737500.0
1733383800,2655.7200000000007,1733737500.0
1733388000,2637.8499999999995,1733411100.0
1733394600,2653.500000000001,1733403600.0
1733395200,2654.9300000000003,1733737500.0
1733396700,2655.92,1733737800.0
1733399400,2651.54,1733399400.0
1733408100,2641.0600000000004,1733410500.0
1733434200,2636.86,1733455500.0
1733446200,2629.01,1733446500.0
1733455200,2636.38,1733455500.0
1733471100,2635.0699999999993,1733481600.0
1733472600,2633.7999999999997,1733481900.0
1733475000,2635.539999999999,1733481600.0
1733476200,2651.04,1733735400.0
1733477400,2635.6299999999997,1733481600.0
1733478600,2648.9,1733707500.0
1733480700,2634.1400000000003,1733481900.0
1733484600,2640.370000000001,1733487300.0
1733485200,2634.3200000000006,1733491200.0
1733487000,2640.1399999999994,1733487300.0
1733488500,2643.2200000000003,1733698800.0
1733489100,2635.0999999999985,1733490900.0
1733496900,2643.3600000000006,1733698800.0
1733500500,2625.7399999999993,1734548400.0
1733501700,2642.92,1733698800.0
1733502600,2642.3400000000006,1733698800.0
1733503500,2635.7899999999995,1733504400.0
1733504100,2642.5499999999997,1733698800.0
1733505300,2640.899999999999,1733699700.0
1733506200,2633.690000000001,1733513100.0
1733507100,2629.5299999999997,1733704200.0
1733508900,2639.0099999999993,1733700300.0
1733513100,2631.2000000000007,1733704200.0
1733699700,2694.2600000000007,1733852700.0
1733702100,2647.6199999999994,1733707200.0
1733703300,2639.949999999999,1733706600.0
1733703900,2629.44,1733704200.0
1733706000,2637.8599999999997,1733706600.0
1733714100,2645.0600000000013,1733714100.0
1733715000,2648.0799999999995,1733729400.0
1733718000,2640.790000000001,1733724300.0
1733721900,2633.5899999999997,1734444600.0
1733727600,2646.440000000001,1733729100.0
1733728500,2646.8199999999997,1733729100.0
1733767800,2659.9799999999996,1733773500.0
1733792700,2683.94,1733840400.0
1733811600,2672.7799999999997,1733826900.0
1733812800,2665.89,1733817000.0
1733814300,2674.9399999999996,1733827500.0
1733816700,2662.2199999999993,1733818200.0
1733826000,2662.839999999999,1734096600.0
1733827800,2686.41,1733841000.0
1733866200,2696.8199999999997,1733874300.0
1733867700,2689.1500000000015,1733895900.0
1733874000,2700.3799999999997,1733877900.0
1733889300,2693.69,1733890200.0
1733892600,2645.92,1734309900.0
1733906100,2703.04,1733925600.0
1733915700,2699.33,1733924100.0
1733950800,2712.819999999999,1733967000.0
1733952900,2723.06,1733964900.0
1733958000,2707.6200000000003,1733967000.0
1733960700,2722.099999999999,1733964900.0
1733966700,2704.820000000001,1733967000.0
1733982000,2721.6799999999994,
1733997600,2706.7599999999998,1734008100.0
1733999400,2722.4600000000005,
1734000600,2702.19,1734009300.0
1734028800,2690.379999999999,1734052200.0
1734029700,2680.1800000000007,1734036600.0
1734031800,2683.4800000000014,1734032400.0
1734033000,2687.34,1734054600.0
1734035400,2683.2299999999996,1734035400.0
1734036300,2680.58,1734036600.0
1734039300,2680.3199999999997,1734039900.0
1734051900,2699.710000000001,
1734067500,2682.9000000000005,1734074700.0
1734069900,2685.32,1734071100.0
1734070800,2690.0000000000005,1734072900.0
1734071700,2679.1400000000003,1734079800.0
1734073200,2703.5999999999985,
1734075300,2677.67,1734080100.0
1734311700,2656.17,1734337200.0
1734327300,2643.17,1734425700.0
1734328500,2655.0600000000004,1734335100.0
1734329100,2646.6599999999994,1734417900.0
1734330300,2658.6299999999987,1734337800.0
1734333600,2660.66,1734338100.0
1734337800,2674.5699999999993,
1734352800,2650.5999999999995,1734366300.0
1734354000,2663.3399999999992,1734354300.0
1734358800,2649.699999999999,1734366300.0
1734359400,2663.710000000001,
1734361500,2652.6299999999997,1734362100.0
1734376800,2658.1600000000003,1734400500.0
1734379500,2650.1400000000003,1734396000.0
1734381600,2658.820000000001,
1734383700,2649.84,1734411600.0
1734390900,2649.5300000000007,1734411900.0
1734396900,2657.860000000001,1734400200.0
1734411600,2644.38,1734425700.0
1734420900,2658.4000000000005,
1734422700,2646.6100000000006,1734423900.0
1734441900,2636.6899999999996,1734443400.0
1734444300,2623.27,1734548700.0
1734447900,2642.14,1734448500.0
1734450000,2629.110000000001,1734548400.0
1734451200,2635.790000000001,1734534300.0
1734456600,2644.8800000000006,1734457800.0
1734477300,2650.5200000000004,1734483600.0
1734479400,2641.9900000000007,1734527100.0
1734480300,2651.3199999999997,1734486900.0
1734492000,2640.6700000000005,1734531300.0
1734494100,2651.28,
1734495000,2635.26,1734534300.0
1734510600,2647.8300000000004,1734511200.0
1734516300,2650.5399999999995,
1734525600,2645.7500000000005,1734525600.0
1734571800,2611.5200000000004,1734572100.0
1734587700,2604.7500000000005,1734588000.0
1734590400,2626.2099999999996,1734605100.0
1734608700,2607.04,1734612600.0
1734609300,2613.4900000000007,1734610500.0
1734610500,2613.2800000000007,1734610500.0
1734636300,2608.12,1734701400.0
1734651600,2589.5200000000004,1734656400.0
1734657300,2607.35,1734682200.0
1734658200,2604.619999999999,1734676800.0
1734672000,2596.1399999999994,
1734675000,2605.1800000000007,1734678000.0
1734693000,2594.1600000000003,
1734696300,2592.9200000000005,
1734702000,2632.109999999999,1734936000.0
1734724800,2624.8799999999987,1734726600.0
1734726300,2629.3199999999997,1734935400.0
1734728100,2619.3300000000004,1734730200.0
1734921000,2633.2800000000007,1735225800.0
1734925800,2630.49,1734935400.0
1734947400,2626.24,1734947700.0
1734973500,2614.0099999999993,1734974100.0
1734981300,2615.8399999999992,1734996600.0
1734983400,2603.74,1735571100.0
1734984300,2615.5799999999995,1734996600.0
1734986100,2608.729999999999,1735566900.0
1734994800,2615.230000000001,1734996300.0
1735021800,2611.4199999999996,1735047000.0
1735023000,2620.930000000001,1735023900.0
1735028100,2614.3900000000003,1735031700.0
1735028700,2615.2400000000002,1735031700.0
1735029900,2615.14,1735031700.0
1735035900,2618.88,1735061100.0
1735037100,2612.1000000000004,1735047000.0
1735050000,2608.7299999999996,1735566900.0
1735057800,2622.309999999999,1735173600.0
1735194600,2624.87,1735195500.0
1735196100,2628.4800000000005,1735197000.0
1735196700,2630.980000000001,1735225500.0
1735197300,2618.4600000000005,1735308000.0
1735200300,2635.0599999999986,1735226100.0
1735201800,2622.1999999999994,1735220700.0
1735204500,2632.7500000000005,1735225500.0
1735206600,2630.5600000000004,1735225200.0
1735207200,2624.1500000000015,1735220400.0
1735208400,2634.499999999999,1735225800.0
1735215600,2622.199999999999,1735220700.0
1735216500,2618.6699999999996,1735306500.0
1735217700,2631.0199999999995,1735225500.0
1735220400,2620.6900000000014,1735305600.0
1735225500,2637.2100000000005,1735227900.0
1735233600,2625.3900000000003,1735254000.0
1735234200,2631.7700000000004,1735236000.0
1735241400,2627.5200000000004,1735254000.0
1735242000,2640.459999999999,
1735243500,2629.5400000000013,1735254000.0
1735244400,2637.920000000001,
1735256400,2625.109999999999,1735292100.0
1735258500,2630.030000000001,1735265100.0
1735270200,2635.3599999999997,1735280400.0
1735272000,2638.099999999999,
1735272900,2626.65,1735289400.0
1735274400,2637.0599999999995,1735283700.0
1735278900,2629.2000000000003,1735286700.0
1735280700,2645.41,
1735285500,2630.2200000000003,1735286400.0
1735302300,2636.239999999999,
1735303200,2622.3200000000015,1735304700.0
1735305000,2630.7599999999993,
1735306800,2613.980000000001,1735309800.0
1735324200,2620.5900000000006,1735329000.0
1735326600,2611.1800000000007,1735548600.0
1735327800,2619.6899999999987,1735328700.0
1735330200,2611.9800000000014,1735548600.0
1735333800,2616.49,1735335600.0
1735335300,2617.2799999999993,1735335600.0
1735534800,2616.3399999999997,1735544700.0
1735535700,2625.219999999999,1735660200.0
1735536300,2619.73,1735540800.0
1735539300,2619.380000000001,1735541100.0
1735559400,2616.36,1735559700.0
1735560300,2621.3700000000003,1735563000.0
1735568100,2601.9300000000007,1735571400.0
1735586400,2600.11,
1735587000,2609.5800000000004,1735608300.0
1735600800,2605.3299999999995,1735601400.0
1735603200,2616.8199999999997,1735635300.0
1735604100,2609.879999999999,1735608900.0
1735608300,2614.599999999999,1735633200.0
1735616100,2612.8799999999997,1735631400.0
1735617900,2597.97,
1735620000,2610.0599999999986,1735630500.0
1735620900,2602.470000000001,
1735622700,2605.4799999999987,1735623600.0
1735628400,2614.419999999999,1735632300.0
1735646700,2607.9000000000005,1735650600.0
1735652400,2589.59,
1735655400,2614.4800000000005,1735655400.0
