start,end,high_risk,low_risk,high_reward,low_reward,direction
1609746300,1609746600.0,1924.76,1924.24,1924.24,1922.68,Short
1609748100,1609763400.0,1928.18,1926.82,1932.2600000000004,1928.18,Long
1609763700,1609765500.0,1934.23,1932.31,1932.31,1926.5499999999997,Short
1609765800,1609772700.0,1932.79,1930.16,1940.6799999999996,1932.79,Long
1609773600,1609773630.0,1935.34,1929.16,1953.8799999999994,1935.34,Long
1609774500,1609781100.0,1935.86,1933.95,1941.5899999999995,1935.86,Long
1609782600,1609783200.0,1936.69,1933.23,1933.23,1922.85,Short
1609785900,1609786500.0,1942.41,1940.46,1948.2600000000002,1942.41,Long
1609789200,1609790100.0,1941.56,1939.54,1947.62,1941.56,Long
1609792200,1609803600.0,1942.63,1940.79,1948.1500000000005,1942.63,Long
1609806000,1609816200.0,1940.63,1939.0,1939.0,1934.1099999999997,Short
1609817100,1609818900.0,1943.86,1942.01,1942.01,1936.4600000000003,Short
1609819200,1609819230.0,1941.79,1940.8,1944.76,1941.79,Long
1609821000,1609821030.0,1939.16,1937.57,1937.57,1932.7999999999995,Short
1609822200,1609822230.0,1940.5,1939.78,1939.78,1937.62,Short
1609823100,1609824900.0,1939.64,1938.58,1942.8200000000006,1939.64,Long
1609825200,1609825230.0,1939.81,1938.5,1938.5,1934.5700000000002,Short
1609826100,1609826130.0,1939.79,1938.24,1944.4399999999998,1939.79,Long
1609827600,1609831800.0,1938.29,1937.31,1941.23,1938.29,Long
1609834800,1609857300.0,1942.28,1940.28,1948.28,1942.28,Long
1609858200,1609864800.0,1946.17,1941.32,1941.32,1926.7699999999995,Short
1609865100,1609866600.0,1949.43,1946.86,1957.1400000000006,1949.43,Long
1609867500,1609868700.0,1949.94,1947.56,1957.0800000000004,1949.94,Long
1609869000,1609869030.0,1950.82,1950.09,1950.09,1947.8999999999999,Short
1609870200,1609870500.0,1950.56,1949.49,1953.7699999999998,1950.56,Long
1609872300,1609879800.0,1950.83,1948.87,1956.71,1950.83,Long
1609880400,1609881900.0,1949.71,1948.05,1948.05,1943.0699999999997,Short
1609883100,1609883130.0,1949.9,1948.55,1953.9500000000005,1949.9,Long
1609883700,1609883730.0,1950.79,1949.88,1949.88,1947.1500000000005,Short
1609889400,1609889430.0,1951.88,1950.77,1955.2100000000005,1951.88,Long
1609890900,1609891800.0,1952.16,1950.35,1950.35,1944.9199999999994,Short
1609892100,1609892130.0,1950.28,1948.66,1955.1399999999996,1950.28,Long
1609893600,1609893630.0,1951.24,1949.88,1955.3199999999997,1951.24,Long
1609894800,1609895400.0,1953.19,1949.46,1964.38,1953.19,Long
1609895700,1609896300.0,1952.86,1951.47,1951.47,1947.3000000000004,Short
1609896900,1609897500.0,1953.03,1948.55,1948.55,1935.11,Short
1609897800,1609897830.0,1950.6,1947.83,1958.9099999999999,1950.6,Long
1609899900,1609900200.0,1949.47,1947.73,1947.73,1942.51,Short
1609902600,1609916400.0,1944.2,1942.34,1942.34,1936.7599999999995,Short
1609916700,1609917600.0,1945.57,1943.24,1952.5599999999997,1945.57,Long
1609918800,1609933500.0,1946.49,1944.3,1953.0600000000002,1946.49,Long
1609935600,1609962000.0,1947.56,1943.97,1943.97,1933.2000000000003,Short
1609962600,1609980900.0,1919.67,1916.24,1929.9600000000003,1919.67,Long
1609981200,1609983300.0,1919.97,1918.52,1918.52,1914.1699999999998,Short
1609983900,1609984200.0,1921.54,1920.55,1920.55,1917.58,Short
1609984500,1609984530.0,1920.13,1919.59,1921.7500000000007,1920.13,Long
1609985100,1609986300.0,1918.94,1917.53,1917.53,1913.2999999999997,Short
1609986900,1609995900.0,1917.02,1915.28,1915.28,1910.06,Short
1609996800,1609997400.0,1917.81,1917.11,1917.11,1915.0099999999998,Short
1609998300,1609998600.0,1920.42,1919.19,1919.19,1915.5,Short
1609999500,1610006400.0,1921.75,1920.12,1926.6400000000003,1921.75,Long
1610006700,1610006730.0,1920.8,1918.61,1918.61,1912.0399999999997,Short
1610007300,1610012400.0,1919.66,1917.31,1926.7100000000005,1919.66,Long
1610013000,1610023200.0,1918.31,1916.09,1916.09,1909.4299999999998,Short
1610025300,1610027700.0,1919.5,1914.81,1914.81,1900.7399999999998,Short
1610029200,1610029230.0,1916.61,1915.31,1920.5099999999998,1916.61,Long
1610030100,1610030400.0,1917.91,1914.83,1914.83,1905.5899999999995,Short
1610030700,1610031000.0,1912.59,1906.67,1930.3499999999995,1912.59,Long
1610031300,1610031330.0,1915.07,1912.3,1912.3,1903.99,Short
1610032200,1610044800.0,1918.05,1914.69,1914.69,1904.6100000000004,Short
1610045400,1610046300.0,1914.79,1913.87,1917.5500000000002,1914.79,Long
1610046900,1610046930.0,1916.24,1915.28,1915.28,1912.3999999999999,Short
1610048400,1610050200.0,1915.94,1914.49,1920.2900000000002,1915.94,Long
1610050800,1610051100.0,1914.88,1913.87,1913.87,1910.8399999999992,Short
1610051700,1610052600.0,1916.0,1913.89,1922.3299999999997,1916.0,Long
1610053200,1610064300.0,1914.42,1912.83,1919.1900000000005,1914.42,Long
1610064600,1610065200.0,1916.38,1915.2,1915.2,1911.6599999999999,Short
1610065500,1610065530.0,1915.74,1914.9,1918.2599999999998,1915.74,Long
1610067900,1610107800.0,1914.88,1910.8,1910.8,1898.5599999999995,Short
1610108700,1610109000.0,1892.76,1889.84,1901.5200000000002,1892.76,Long
1610109300,1610113800.0,1890.49,1888.67,1888.67,1883.2100000000003,Short
1610114100,1610114400.0,1888.5,1883.03,1904.91,1888.5,Long
1610114700,1610141400.0,1891.97,1889.56,1889.56,1882.3299999999997,Short
1610142300,1610324100.0,1847.57,1845.31,1854.35,1847.57,Long
1610324400,1610324700.0,1847.51,1845.07,1845.07,1837.7499999999998,Short
1610325000,1610325300.0,1844.07,1842.01,1850.2499999999998,1844.07,Long
1610325900,1610342100.0,1845.04,1843.86,1843.86,1840.3199999999997,Short
1610343000,1610366700.0,1835.32,1833.2,1841.6799999999996,1835.32,Long
1610367000,1610377800.0,1849.86,1847.7,1847.7,1841.2200000000005,Short
1610381700,1610381730.0,1850.48,1847.1,1847.1,1836.9599999999996,Short
1610382600,1610392500.0,1850.42,1847.2,1860.0800000000002,1850.42,Long
1610394000,1610394300.0,1848.59,1846.4,1855.1599999999994,1848.59,Long
1610394600,1610397600.0,1848.71,1847.0,1847.0,1841.87,Short
1610398800,1610408400.0,1847.18,1844.0,1844.0,1834.4599999999998,Short
1610408700,1610409600.0,1848.27,1846.4,1853.8799999999997,1848.27,Long
1610411100,1610416200.0,1848.11,1843.2,1843.2,1828.4700000000005,Short
1610418000,1610448900.0,1846.75,1843.6,1856.2000000000003,1846.75,Long
1610449800,1610450100.0,1861.15,1859.4,1859.4,1854.15,Short
1610450700,1610450730.0,1861.25,1859.0,1868.0,1861.25,Long
1610454000,1610457300.0,1858.71,1856.2,1866.24,1858.71,Long
1610458200,1610474700.0,1850.51,1846.8,1846.8,1835.6699999999998,Short
1610475900,1610515800.0,1843.72,1839.8,1855.4800000000002,1843.72,Long
1610517300,1610520600.0,1858.41,1856.7,1856.7,1851.57,Short
1610521800,1610522400.0,1859.79,1858.3,1858.3,1853.83,Short
1610523000,1610523300.0,1860.09,1858.2,1865.7599999999995,1860.09,Long
1610523900,1610541300.0,1860.09,1856.9,1856.9,1847.3300000000006,Short
1610542800,1610543700.0,1855.75,1852.4,1852.4,1842.3500000000004,Short
1610544600,1610547900.0,1854.32,1850.1,1866.98,1854.32,Long
1610548500,1610559300.0,1855.24,1853.0,1861.96,1855.24,Long
1610559600,1610560800.0,1855.98,1853.8,1853.8,1847.2599999999998,Short
1610561400,1610561430.0,1858.47,1856.9,1863.1799999999998,1858.47,Long
1610562600,1610563500.0,1857.34,1853.6,1853.6,1842.3799999999999,Short
1610565300,1610588700.0,1855.67,1852.5,1852.5,1842.9899999999998,Short
1610589600,1610589630.0,1850.43,1848.1,1857.4200000000005,1850.43,Long
1610590500,1610605800.0,1848.25,1846.8,1846.8,1842.4499999999998,Short
1610607000,1610610000.0,1844.01,1842.0,1850.04,1844.01,Long
1610610600,1610616000.0,1837.93,1836.2,1843.1200000000001,1837.93,Long
1610617500,1610619900.0,1842.81,1840.7,1840.7,1834.3700000000003,Short
1610621100,1610623500.0,1840.7,1837.5,1837.5,1827.8999999999999,Short
1610624400,1610626500.0,1841.38,1839.4,1847.3200000000002,1841.38,Long
1610627400,1610631000.0,1842.65,1840.71,1840.71,1834.8899999999999,Short
1610631600,1610632200.0,1842.19,1840.1,1840.1,1833.8299999999995,Short
1610632500,1610652900.0,1841.76,1839.4,1848.8399999999997,1841.76,Long
1610655300,1610656500.0,1846.44,1843.9,1843.9,1836.2800000000002,Short
1610657100,1610658000.0,1847.92,1846.0,1846.0,1840.2399999999998,Short
1610658300,1610660700.0,1847.81,1846.4,1852.0399999999995,1847.81,Long
1610661600,1610669100.0,1847.04,1845.0,1845.0,1838.88,Short
1610669700,1610687400.0,1848.67,1847.2,1853.0800000000002,1848.67,Long
1610688900,1610697600.0,1853.05,1850.3,1850.3,1842.05,Short
1610699100,1610699130.0,1852.86,1850.6,1859.6399999999999,1852.86,Long
1610701200,1610701500.0,1853.32,1849.7,1849.7,1838.8400000000004,Short
1610702700,1610702730.0,1852.96,1851.0,1851.0,1845.12,Short
1610704800,1610711400.0,1856.27,1854.0,1863.08,1856.27,Long
1610712000,1610740500.0,1850.95,1847.0,1847.0,1835.1499999999999,Short
1610741100,1610741700.0,1828.68,1826.5,1826.5,1819.9599999999998,Short
1610745300,1610934000.0,1828.21,1824.1,1824.1,1811.7699999999995,Short
1610934900,1610934930.0,1826.56,1824.63,1824.63,1818.8400000000006,Short
1610936400,1610936700.0,1826.7,1824.91,1824.91,1819.5400000000002,Short
1610937300,1610939700.0,1828.5,1825.91,1836.2699999999998,1828.5,Long
1610940600,1610940900.0,1828.0,1826.85,1826.85,1823.3999999999996,Short
1610941800,1610962500.0,1827.84,1826.5,1831.8599999999997,1827.84,Long
1610964600,1610974200.0,1832.78,1829.0,1829.0,1817.66,Short
1610975400,1610981100.0,1833.81,1832.2,1838.6399999999996,1833.81,Long
1610990700,1610994000.0,1839.16,1833.7,1855.5400000000002,1839.16,Long
1610997900,1611014400.0,1836.4,1836.2,1837.0000000000002,1836.4,Long
1611015000,1611015030.0,1837.39,1835.5,1835.5,1829.8299999999997,Short
1611015600,1611016200.0,1837.23,1835.5,1835.5,1830.31,Short
1611016500,1611025500.0,1837.44,1836.0,1841.7600000000002,1837.44,Long
1611026700,1611026730.0,1838.04,1836.4,1842.9599999999996,1838.04,Long
1611031200,1611032400.0,1838.77,1835.7,1847.9799999999998,1838.77,Long
1611033900,1611039300.0,1840.5,1838.1,1838.1,1830.8999999999996,Short
1611039900,1611039930.0,1840.7,1838.7,1838.7,1832.7,Short
1611040500,1611040530.0,1841.06,1838.9,1847.5399999999995,1841.06,Long
1611042600,1611042900.0,1839.69,1837.0,1837.0,1828.9299999999998,Short
1611043800,1611057900.0,1843.17,1841.6,1847.8800000000006,1843.17,Long
1611060000,1611072900.0,1841.21,1837.7,1837.7,1827.17,Short
1611074100,1611074130.0,1842.59,1840.7,1840.7,1835.0300000000004,Short
1611075900,1611087300.0,1842.23,1839.7,1849.82,1842.23,Long
1611088200,1611089100.0,1841.04,1838.8,1838.8,1832.08,Short
1611090000,1611091800.0,1840.29,1838.2,1838.2,1831.9300000000003,Short
1611092700,1611099600.0,1840.28,1838.4,1838.4,1832.7600000000004,Short
1611102900,1611137700.0,1843.25,1839.0,1856.0,1843.25,Long
1611138900,1611138930.0,1854.04,1852.0,1852.0,1845.88,Short
1611139800,1611139830.0,1854.94,1852.8,1861.3600000000004,1854.94,Long
1611140400,1611151800.0,1854.66,1852.4,1852.4,1845.6200000000001,Short
1611153000,1611170700.0,1860.68,1857.0,1871.7200000000003,1860.68,Long
1611171300,1611171330.0,1868.4,1866.5,1866.5,1860.7999999999997,Short
1611171900,1611172500.0,1867.97,1866.7,1866.7,1862.89,Short
1611173400,1611190200.0,1869.05,1866.8,1875.8,1869.05,Long
1611190500,1611190800.0,1869.19,1867.6,1867.6,1862.8299999999995,Short
1611191700,1611191730.0,1870.41,1867.9,1867.9,1860.3700000000001,Short
1611197400,1611198600.0,1869.57,1867.4,1876.0799999999995,1869.57,Long
1611199200,1611200700.0,1872.45,1869.8,1869.8,1861.8499999999997,Short
1611201300,1611201330.0,1872.32,1870.1,1878.98,1872.32,Long
1611202500,1611212700.0,1871.69,1870.1,1876.4600000000005,1871.69,Long
1611213000,1611216300.0,1874.62,1872.7,1872.7,1866.9400000000005,Short
1611216600,1611216630.0,1870.53,1867.9,1878.4199999999996,1870.53,Long
1611217200,1611218400.0,1870.8,1868.8,1868.8,1862.8,Short
1611218700,1611219900.0,1869.94,1867.5,1877.2600000000002,1869.94,Long
1611221100,1611228000.0,1871.32,1869.5,1869.5,1864.0400000000002,Short
1611230100,1611233100.0,1872.06,1870.1,1877.94,1872.06,Long
1611233400,1611251700.0,1872.36,1870.2,1870.2,1863.7200000000005,Short
1611252300,1611253500.0,1865.24,1863.2,1871.36,1865.24,Long
1611255000,1611274200.0,1865.88,1864.1,1871.2200000000007,1865.88,Long
1611274500,1611298500.0,1869.55,1868.3,1868.3,1864.55,Short
1611299700,1611300300.0,1862.58,1860.8,1867.9199999999998,1862.58,Long
1611300600,1611302400.0,1862.02,1860.3,1860.3,1855.1399999999999,Short
1611304200,1611327300.0,1862.26,1858.1,1858.1,1845.6199999999997,Short
1611329700,1611345900.0,1854.96,1849.16,1872.36,1854.96,Long
1611346800,1611347700.0,1856.29,1854.5,1861.6599999999999,1856.29,Long
1611349500,1611351300.0,1854.38,1851.8,1851.8,1844.0599999999995,Short
1611352200,1611352500.0,1854.62,1852.5,1852.5,1846.1400000000003,Short
1611352800,1611352830.0,1856.2,1854.2,1862.2,1856.2,Long
1611531600,1611533100.0,1858.93,1855.32,1869.7600000000004,1858.93,Long
1611533400,1611534300.0,1856.77,1855.06,1855.06,1849.9299999999998,Short
1611535500,1611537600.0,1859.66,1858.5,1863.1400000000003,1859.66,Long
1611537900,1611537930.0,1856.74,1855.21,1855.21,1850.6200000000001,Short
1611538500,1611538530.0,1856.02,1854.5,1854.5,1849.94,Short
1611539100,1611542400.0,1854.57,1853.36,1858.2,1854.57,Long
1611542700,1611542730.0,1856.1,1854.9,1854.9,1851.3000000000006,Short
1611543900,1611566700.0,1854.98,1853.91,1853.91,1850.7000000000003,Short
1611570600,1611585900.0,1856.24,1753.8,2163.5600000000004,1856.24,Long
1611586800,1611600900.0,1857.19,1854.7,1854.7,1847.23,Short
1611602100,1611604200.0,1856.19,1855.34,1858.7400000000005,1856.19,Long
1611604500,1611604530.0,1855.56,1854.4,1854.4,1850.9200000000005,Short
1611605400,1611609000.0,1855.22,1853.59,1860.1100000000004,1855.22,Long
1611609900,1611616500.0,1855.72,1854.8,1854.8,1852.0399999999997,Short
1611617400,1611617700.0,1856.85,1856.19,1856.19,1854.2100000000005,Short
1611619200,1611623100.0,1855.99,1854.51,1854.51,1850.07,Short
1611624900,1611638100.0,1855.25,1853.53,1860.41,1855.25,Long
1611638400,1611638430.0,1856.34,1855.0,1855.0,1850.9800000000002,Short
1611639300,1611640500.0,1857.0,1855.84,1860.4800000000002,1857.0,Long
1611641100,1611660900.0,1857.24,1855.71,1855.71,1851.1200000000001,Short
1611661800,1611663600.0,1853.85,1852.3,1858.4999999999998,1853.85,Long
1611664200,1611664800.0,1855.37,1853.55,1853.55,1848.0900000000001,Short
1611665700,1611666000.0,1855.59,1854.01,1860.3299999999997,1855.59,Long
1611667200,1611675600.0,1853.27,1852.26,1856.3,1853.27,Long
1611677100,1611677130.0,1852.65,1851.0,1857.6000000000004,1852.65,Long
1611678300,1611691500.0,1854.07,1852.6,1852.6,1848.1899999999998,Short
1611693000,1611706800.0,1852.54,1851.1,1851.1,1846.7799999999997,Short
1611707100,1611707130.0,1849.94,1849.34,1851.7400000000005,1849.94,Long
1611708000,1611723900.0,1850.05,1848.77,1848.77,1844.93,Short
1611724200,1611724500.0,1847.64,1847.43,1848.2700000000002,1847.64,Long
1611725100,1611725700.0,1847.55,1846.4,1846.4,1842.9500000000005,Short
1611726900,1611738000.0,1850.44,1849.2,1854.16,1850.44,Long
1611739800,1611739830.0,1846.24,1841.63,1860.0699999999997,1846.24,Long
1611741000,1611759900.0,1846.66,1843.41,1843.41,1833.66,Short
1611760500,1611774600.0,1846.08,1840.86,1861.74,1846.08,Long
1611774900,1611774930.0,1847.1,1845.64,1845.64,1841.2600000000007,Short
1611775800,1611776400.0,1844.53,1843.72,1843.72,1841.2900000000002,Short
1611777000,1611807300.0,1846.21,1844.4,1844.4,1838.9700000000003,Short
1611809100,1611810600.0,1838.73,1837.1,1837.1,1832.2099999999996,Short
1611810900,1611810930.0,1838.1,1837.1,1841.1,1838.1,Long
1611812100,1611812700.0,1838.91,1836.38,1846.5,1838.91,Long
1611813600,1611815400.0,1837.31,1836.11,1836.11,1832.5099999999998,Short
1611816000,1611816030.0,1837.44,1836.4,1836.4,1833.2800000000002,Short
1611816600,1611816630.0,1837.95,1837.4,1837.4,1835.7500000000002,Short
1611817200,1611820800.0,1837.86,1836.0,1836.0,1830.4200000000003,Short
1611822600,1611822630.0,1841.26,1838.41,1849.8099999999997,1841.26,Long
1611823200,1611823230.0,1839.04,1837.51,1837.51,1832.92,Short
1611824100,1611836100.0,1839.04,1836.71,1846.0299999999997,1839.04,Long
1611837600,1611839400.0,1840.15,1839.21,1842.9700000000003,1840.15,Long
1611840900,1611855600.0,1839.75,1837.87,1845.3900000000003,1839.75,Long
1611856500,1611868200.0,1841.59,1819.47,1819.47,1753.1100000000004,Short
1611869400,1611869700.0,1842.94,1841.8,1841.8,1838.3799999999997,Short
1611870300,1611879000.0,1842.29,1840.41,1847.9299999999996,1842.29,Long
1611879300,1611882600.0,1844.19,1843.1,1843.1,1839.8299999999995,Short
1611884700,1611886200.0,1844.09,1841.36,1852.28,1844.09,Long
1611887700,1611888600.0,1843.33,1842.24,1846.5999999999997,1843.33,Long
1611889200,1611889230.0,1842.84,1841.88,1841.88,1839.0000000000007,Short
1611890100,1611891000.0,1842.93,1842.55,1844.0700000000004,1842.93,Long
1611891900,1611895200.0,1843.1,1842.27,1842.27,1839.7800000000002,Short
1611895500,1611930900.0,1842.57,1842.01,1844.2499999999998,1842.57,Long
1611931200,1611931230.0,1863.65,1858.56,1858.56,1843.2899999999995,Short
1611931800,1611934200.0,1859.06,1853.75,1874.9899999999998,1859.06,Long
1611934500,1612130400.0,1861.72,1859.22,1859.22,1851.72,Short
1612134000,1612138500.0,1839.54,1839.54,1839.54,1839.54,Long
1612138800,1612138830.0,1853.94,1851.9,1851.9,1845.7800000000002,Short
1612139700,1612163700.0,1853.68,1850.98,1861.7800000000002,1853.68,Long
1612171800,1612174200.0,1865.18,1759.1,2183.4200000000005,1865.18,Long
1612174500,1612179600.0,1861.86,1860.28,1860.28,1855.5400000000002,Short
1612180500,1612180800.0,1865.37,1861.1,1861.1,1848.29,Short
1612181400,1612181700.0,1865.2,1856.42,1891.54,1865.2,Long
1612182900,1612183200.0,1866.49,1864.39,1872.7899999999997,1866.49,Long
1612184700,1612194300.0,1862.88,1859.82,1872.0600000000006,1862.88,Long
1612194900,1612198500.0,1859.27,1854.48,1854.48,1840.1100000000001,Short
1612199100,1612199130.0,1864.01,1862.08,1869.8000000000002,1864.01,Long
1612200000,1612200300.0,1861.54,1860.14,1860.14,1855.9400000000005,Short
1612202700,1612203600.0,1864.91,1863.71,1868.5100000000002,1864.91,Long
1612203900,1612209000.0,1864.69,1863.3,1863.3,1859.1299999999997,Short
1612209600,1612210200.0,1860.11,1858.08,1866.1999999999998,1860.11,Long
1612211400,1612211700.0,1861.92,1856.51,1856.51,1840.2799999999997,Short
1612212900,1612214100.0,1860.84,1859.1,1859.1,1853.8799999999999,Short
1612216800,1612222500.0,1862.18,1859.6,1859.6,1851.8599999999994,Short
1612223100,1612228200.0,1859.95,1858.61,1858.61,1854.5899999999995,Short
1612228500,1612228800.0,1860.07,1859.2,1862.6799999999996,1860.07,Long
1612229100,1612229700.0,1861.48,1860.1,1860.1,1855.9599999999996,Short
1612230600,1612233300.0,1862.84,1860.7,1869.2599999999995,1862.84,Long
1612233600,1612286400.0,1862.33,1861.84,1861.84,1860.37,Short
1612286700,1612286730.0,1836.61,1834.91,1841.7099999999994,1836.61,Long
1612287300,1612288800.0,1837.95,1837.01,1840.7700000000002,1837.95,Long
1612289400,1612291200.0,1836.11,1831.99,1831.99,1819.6300000000003,Short
1612293900,1612296600.0,1837.48,1833.08,1850.6800000000003,1837.48,Long
1612297800,1612300800.0,1836.6,1835.11,1835.11,1830.6399999999999,Short
1612302000,1612302030.0,1837.44,1836.1,1836.1,1832.0799999999995,Short
1612302900,1612329900.0,1837.68,1836.6,1840.9200000000005,1837.68,Long
1612330200,1612354200.0,1842.32,1841.2,1841.2,1837.8400000000004,Short
1612354500,1612354530.0,1836.23,1835.01,1839.89,1836.23,Long
1612355100,1612356900.0,1835.98,1834.18,1841.3799999999999,1835.98,Long
1612357500,1612357530.0,1837.96,1836.62,1841.9800000000005,1837.96,Long
1612359300,1612363200.0,1839.81,1838.52,1843.6799999999998,1839.81,Long
1612363500,1612363800.0,1838.22,1835.63,1835.63,1827.8600000000004,Short
1612364400,1612367700.0,1836.6,1830.26,1830.26,1811.2400000000002,Short
1612368900,1612368930.0,1835.85,1833.91,1833.91,1828.0900000000006,Short
1612369800,1612370100.0,1835.65,1834.2,1840.0000000000002,1835.65,Long
1612371600,1612372500.0,1836.92,1834.8,1834.8,1828.4399999999996,Short
1612372800,1612372830.0,1834.61,1834.02,1836.3799999999997,1834.61,Long
1612373400,1612378200.0,1835.09,1833.8,1833.8,1829.93,Short
1612380300,1612380900.0,1834.42,1832.24,1840.9600000000003,1834.42,Long
1612382100,1612382400.0,1834.11,1832.3,1839.5399999999997,1834.11,Long
1612382700,1612388100.0,1833.61,1832.0,1832.0,1827.1700000000003,Short
1612393500,1612394100.0,1834.45,1833.3,1833.3,1829.8499999999997,Short
1612395000,1612395300.0,1834.63,1833.3,1838.6200000000006,1834.63,Long
1612395900,1612396200.0,1834.41,1833.1,1833.1,1829.1699999999994,Short
1612396500,1612396530.0,1833.61,1833.17,1834.9299999999994,1833.61,Long
1612398900,1612400700.0,1834.12,1833.0,1833.0,1829.6400000000003,Short
1612401300,1612401600.0,1834.16,1831.81,1831.81,1824.7599999999995,Short
1612401900,1612401930.0,1832.51,1831.5,1835.54,1832.51,Long
1612402800,1612422000.0,1833.29,1830.89,1830.89,1823.6900000000005,Short
1612422900,1612425600.0,1823.65,1822.02,1828.5400000000004,1823.65,Long
1612425900,1612425930.0,1826.33,1824.45,1824.45,1818.8100000000004,Short
1612429200,1612443900.0,1824.54,1817.93,1817.93,1798.1000000000004,Short
1612444800,1612445100.0,1819.38,1816.82,1827.0600000000006,1819.38,Long
1612446000,1612464300.0,1813.96,1811.19,1811.19,1802.88,Short
1612464600,1612465800.0,1792.21,1791.34,1794.8200000000004,1792.21,Long
1612466400,1612466430.0,1792.53,1791.61,1791.61,1788.8499999999997,Short
1612467000,1612486200.0,1792.27,1791.83,1793.5900000000001,1792.27,Long
1612486800,1612487700.0,1795.51,1794.0,1794.0,1789.47,Short
1612488000,1612496400.0,1794.64,1793.42,1798.3000000000002,1794.64,Long
1612497300,1612497600.0,1795.14,1794.51,1797.0300000000004,1795.14,Long
1612498800,1612500900.0,1795.68,1794.0,1794.0,1788.9599999999998,Short
1612502100,1612505100.0,1796.15,1793.8,1803.2000000000005,1796.15,Long
1612506900,1612527300.0,1798.03,1796.2,1803.5199999999998,1798.03,Long
1612528200,1612532400.0,1804.33,1802.26,1802.26,1796.0500000000002,Short
1612532700,1612532730.0,1806.02,1803.11,1814.7500000000002,1806.02,Long
1612534500,1612537800.0,1803.3,1795.66,1795.66,1772.7400000000005,Short
1612538100,1612539900.0,1805.71,1803.4,1812.6399999999999,1805.71,Long
1612540500,1612558800.0,1805.68,1802.01,1816.6900000000003,1805.68,Long
1612559400,1612561500.0,1811.14,1810.14,1810.14,1807.14,Short
1612738800,1612750200.0,1814.5,1813.07,1818.7900000000002,1814.5,Long
1612750500,1612750530.0,1813.93,1811.78,1811.78,1805.3299999999997,Short
1612752300,1612761600.0,1810.53,1808.89,1808.89,1803.9700000000005,Short
1612761900,1612762800.0,1813.42,1812.1,1817.3800000000006,1813.42,Long
1612764000,1612764600.0,1814.7,1812.55,1812.55,1806.0999999999997,Short
1612765500,1612772400.0,1815.13,1813.71,1819.3900000000003,1815.13,Long
1612772700,1612772730.0,1812.94,1811.22,1811.22,1806.06,Short
1612774200,1612774500.0,1811.77,1808.87,1808.87,1800.1699999999996,Short
1612774800,1612774830.0,1808.95,1807.87,1812.1900000000005,1808.95,Long
1612775400,1612776300.0,1811.13,1809.51,1809.51,1804.6499999999996,Short
1612777200,1612778100.0,1813.83,1811.7,1811.7,1805.3100000000004,Short
1612779000,1612780800.0,1814.29,1813.73,1813.73,1812.0500000000002,Short
1612781100,1612807800.0,1813.87,1811.3,1821.5799999999997,1813.87,Long
1612808100,1612808400.0,1831.91,1830.97,1830.97,1828.1499999999999,Short
1612809300,1612828800.0,1833.47,1832.44,1832.44,1829.3500000000001,Short
1612829100,1612831200.0,1830.73,1829.4,1834.7199999999998,1830.73,Long
1612831500,1612831530.0,1833.09,1832.43,1832.43,1830.4500000000005,Short
1612832400,1612852200.0,1834.27,1832.96,1838.1999999999998,1834.27,Long
1612853700,1612853730.0,1839.84,1838.4,1838.4,1834.0800000000006,Short
1612854900,1612854930.0,1841.67,1838.28,1838.28,1828.1099999999997,Short
1612856700,1612859100.0,1842.35,1840.24,1848.6799999999996,1842.35,Long
1612859400,1612860000.0,1840.61,1838.91,1838.91,1833.8100000000006,Short
1612860300,1612861500.0,1840.6,1838.51,1846.8699999999997,1840.6,Long
1612884000,1612886400.0,1843.33,1840.51,1851.7899999999997,1843.33,Long
1612886700,1612903800.0,1839.53,1838.4,1838.4,1835.0100000000004,Short
1612905000,1612905600.0,1835.86,1834.8,1834.8,1831.6200000000001,Short
1612908000,1612908030.0,1838.62,1835.9,1835.9,1827.7400000000007,Short
1612912500,1612917300.0,1839.13,1837.71,1843.3900000000003,1839.13,Long
1612919100,1612920000.0,1837.39,1835.2,1835.2,1828.6299999999999,Short
1612920300,1612944000.0,1836.56,1835.5,1839.7399999999998,1836.56,Long
1612944300,1612944330.0,1846.0,1844.5,1844.5,1840.0,Short
1612945500,1612949400.0,1843.96,1841.88,1850.1999999999998,1843.96,Long
1612949700,1612952100.0,1843.98,1842.63,1842.63,1838.5800000000004,Short
1612953000,1612953600.0,1842.34,1840.48,1847.9199999999996,1842.34,Long
1612955100,1612963500.0,1842.23,1840.51,1840.51,1835.35,Short
1612963800,1612968600.0,1844.47,1841.94,1852.06,1844.47,Long
1612970400,1612970430.0,1845.4,1840.98,1840.98,1827.7199999999998,Short
1612971600,1612975800.0,1842.36,1840.4,1840.4,1834.5200000000007,Short
1612976100,1612976700.0,1840.91,1839.43,1845.3500000000001,1840.91,Long
1612977000,1612983600.0,1839.14,1837.71,1837.71,1833.4199999999998,Short
1612985100,1612985130.0,1843.17,1841.9,1841.9,1838.0900000000001,Short
1612986000,1612999800.0,1845.48,1844.4,1848.7199999999998,1845.48,Long
1613000400,1613024700.0,1843.15,1841.93,1841.93,1838.27,Short
1613025900,1613040900.0,1837.92,1836.1,1843.3800000000006,1837.92,Long
1613042100,1613043900.0,1841.13,1839.2,1839.2,1833.4099999999999,Short
1613044500,1613044530.0,1842.75,1841.7,1841.7,1838.5500000000002,Short
1613045700,1613047200.0,1843.19,1842.0,1842.0,1838.4299999999998,Short
1613047800,1613047830.0,1842.68,1841.48,1841.48,1837.8799999999999,Short
1613048700,1613049900.0,1843.5,1842.11,1847.6700000000003,1843.5,Long
1613051400,1613051700.0,1844.87,1842.31,1852.5499999999997,1844.87,Long
1613053200,1613053230.0,1843.38,1841.6,1841.6,1836.2599999999993,Short
1613054400,1613054430.0,1843.37,1838.51,1838.51,1823.9300000000003,Short
1613055300,1613055330.0,1843.31,1841.55,1848.59,1843.31,Long
1613056500,1613056530.0,1842.13,1839.7,1839.7,1832.4099999999999,Short
1613057400,1613057700.0,1840.92,1838.8,1838.8,1832.4399999999996,Short
1613058300,1613078700.0,1842.12,1840.5,1840.5,1835.6400000000003,Short
1613080500,1613080800.0,1826.5,1824.78,1831.66,1826.5,Long
1613085000,1613085030.0,1826.74,1825.96,1829.08,1826.74,Long
1613085900,1613086800.0,1826.02,1825.57,1825.57,1824.2199999999998,Short
1613087700,1613090700.0,1827.23,1824.6,1835.1200000000003,1827.23,Long
1613091900,1613106900.0,1825.12,1823.4,1823.4,1818.2400000000007,Short
1613108100,1613108400.0,1823.35,1822.28,1822.28,1819.0700000000002,Short
1613109600,1613110500.0,1824.15,1822.9,1827.9,1824.15,Long
1613110800,1613110830.0,1823.15,1822.68,1822.68,1821.27,Short
1613111400,1613111700.0,1822.66,1822.32,1822.32,1821.2999999999995,Short
1613112600,1613127300.0,1821.03,1820.18,1820.18,1817.6300000000003,Short
1613127600,1613127630.0,1821.01,1820.35,1822.9900000000002,1821.01,Long
1613128200,1613128500.0,1819.94,1818.9,1823.06,1819.94,Long
1613131200,1613131230.0,1818.83,1817.6,1822.52,1818.83,Long
1613132400,1613135100.0,1817.02,1814.9,1823.3799999999997,1817.02,Long
1613136000,1613138400.0,1815.46,1814.12,1814.12,1810.0999999999995,Short
1613138700,1613139300.0,1817.45,1814.71,1825.67,1817.45,Long
1613140200,1613144400.0,1817.13,1815.31,1815.31,1809.8499999999995,Short
1613145600,1613159400.0,1830.1,1827.24,1838.6799999999996,1830.1,Long
1613160000,1613166000.0,1819.61,1818.85,1818.85,1816.57,Short
1613166300,1613344800.0,1822.64,1821.5,1826.0600000000004,1822.64,Long
1613345100,1613347800.0,1825.28,1824.2,1824.2,1820.9600000000003,Short
1613351100,1613356800.0,1823.51,1821.1,1830.7400000000002,1823.51,Long
1613358000,1613358030.0,1824.97,1824.1,1824.1,1821.4899999999996,Short
1613359800,1613359830.0,1825.3,1824.72,1824.72,1822.9800000000002,Short
1613361000,1613364000.0,1826.31,1823.91,1833.5099999999995,1826.31,Long
1613364300,1613364600.0,1823.16,1821.8,1821.8,1817.7199999999996,Short
1613364900,1613364930.0,1822.08,1821.0,1825.3199999999997,1822.08,Long
1613366100,1613367300.0,1822.83,1822.09,1825.05,1822.83,Long
1613367600,1613386200.0,1823.76,1822.5,1822.5,1818.72,Short
1613387100,1613387400.0,1818.88,1817.7,1817.7,1814.1599999999999,Short
1613389500,1613396700.0,1821.44,1817.41,1833.53,1821.44,Long
1613397000,1613398200.0,1820.46,1819.5,1819.5,1816.62,Short
1613398800,1613399100.0,1818.05,1816.08,1823.96,1818.05,Long
1613399400,1613399430.0,1819.23,1818.37,1818.37,1815.7899999999995,Short
1613400300,1613400600.0,1820.56,1819.56,1823.56,1820.56,Long
1613401500,1613411700.0,1818.53,1817.51,1817.51,1814.45,Short
1613430900,1613433000.0,1819.49,1818.5,1818.5,1815.53,Short
1613433300,1613433330.0,1819.29,1818.64,1821.2399999999996,1819.29,Long
1613434500,1613453100.0,1819.24,1818.4,1821.7599999999998,1819.24,Long
1613455500,1613458800.0,1822.76,1820.07,1820.07,1811.9999999999998,Short
1613459400,1613467200.0,1823.93,1822.91,1822.91,1819.8500000000001,Short
1613468700,1613472600.0,1824.03,1822.6,1828.3200000000002,1824.03,Long
1613472900,1613498100.0,1824.76,1823.6,1823.6,1820.1199999999997,Short
1613498400,1613498430.0,1797.15,1795.4,1802.4,1797.15,Long
1613499300,1613503200.0,1799.97,1799.0,1802.88,1799.97,Long
1613504100,1613509800.0,1796.11,1793.7,1793.7,1786.4700000000005,Short
1613511900,1613530500.0,1794.42,1793.1,1793.1,1789.1399999999994,Short
1613532600,1613540100.0,1795.03,1792.95,1801.2699999999998,1795.03,Long
1613541000,1613541900.0,1790.61,1789.14,1795.0199999999993,1790.61,Long
1613544000,1613544030.0,1791.44,1788.21,1788.21,1778.52,Short
1613544900,1613562600.0,1793.92,1791.91,1791.91,1785.88,Short
1613563800,1613567100.0,1791.61,1788.6,1800.6399999999999,1791.61,Long
1613567400,1613583000.0,1789.94,1787.8,1787.8,1781.3799999999997,Short
1613583300,1613583330.0,1779.81,1778.5,1783.7399999999998,1779.81,Long
1613584200,1613592900.0,1779.81,1778.25,1778.25,1773.5700000000002,Short
1613593800,1613594400.0,1774.09,1773.0,1777.3599999999997,1774.09,Long
1613595000,1613599200.0,1774.67,1774.09,1774.09,1772.3499999999995,Short
1613603100,1613625300.0,1777.36,1775.5,1782.9399999999996,1777.36,Long
1613625900,1613630700.0,1783.06,1782.01,1786.2099999999998,1783.06,Long
1613632200,1613636100.0,1783.64,1782.4,1782.4,1778.68,Short
1613637300,1613637600.0,1783.31,1781.6,1781.6,1776.4699999999998,Short
1613638800,1613643600.0,1788.87,1782.76,1807.1999999999996,1788.87,Long
1613643900,1613643930.0,1782.9,1781.72,1781.72,1778.1799999999998,Short
1613645400,1613650500.0,1784.11,1783.58,1785.6999999999998,1784.11,Long
1613651700,1613651730.0,1781.6,1778.58,1778.58,1769.52,Short
1613652900,1613653200.0,1785.06,1783.12,1783.12,1777.2999999999997,Short
1613655900,1613658300.0,1786.92,1781.81,1781.81,1766.4799999999996,Short
1613658900,1613674500.0,1783.36,1778.62,1778.62,1764.3999999999999,Short
1613676600,1613676900.0,1775.84,1773.6,1782.56,1775.84,Long
1613677500,1613682900.0,1775.81,1774.3,1774.3,1769.77,Short
1613683200,1613683500.0,1775.87,1774.98,1778.5399999999995,1775.87,Long
1613685300,1613685600.0,1776.83,1774.99,1774.99,1769.4700000000003,Short
1613689500,1613690700.0,1776.93,1775.7,1780.6200000000001,1776.93,Long
1613691600,1613691900.0,1776.84,1775.55,1780.7099999999998,1776.84,Long
1613692200,1613710200.0,1775.32,1774.3,1774.3,1771.24,Short
1613710500,1613710800.0,1767.04,1765.5,1771.6599999999999,1767.04,Long
1613711400,1613728200.0,1769.64,1768.11,1774.2300000000007,1769.64,Long
1613728500,1613730600.0,1772.49,1770.61,1770.61,1764.9699999999996,Short
1613731200,1613731230.0,1773.45,1772.7,1772.7,1770.45,Short
1613734500,1613735100.0,1772.2,1770.21,1778.17,1772.2,Long
1613735400,1613737200.0,1771.75,1769.16,1769.16,1761.3900000000003,Short
1613737500,1613738100.0,1771.72,1770.15,1776.4299999999998,1771.72,Long
1613738700,1613739000.0,1772.71,1772.16,1772.16,1770.5100000000002,Short
1613740500,1613742000.0,1775.02,1772.66,1772.66,1765.5800000000004,Short
1613742600,1613757600.0,1775.12,1769.36,1792.3999999999999,1775.12,Long
1613759100,1613759400.0,1779.42,1777.7,1777.7,1772.54,Short
1613760600,1613769000.0,1779.9,1779.09,1779.09,1776.6599999999994,Short
1613769600,1613963100.0,1781.94,1781.01,1784.7300000000002,1781.94,Long
1613963700,1613963730.0,1784.86,1783.21,1783.21,1778.2600000000004,Short
1613965200,1613966100.0,1785.01,1784.01,1784.01,1781.01,Short
1613967000,1613967030.0,1784.24,1783.59,1786.1900000000003,1784.24,Long
1613967900,1613969400.0,1784.97,1784.0,1784.0,1781.09,Short
1613970900,1613972700.0,1786.81,1785.88,1785.88,1783.0900000000006,Short
1613973300,1614000000.0,1789.82,1787.9,1795.5799999999995,1789.82,Long
1614003000,1614003300.0,1798.69,1796.18,1796.18,1788.65,Short
1614004200,1614022200.0,1798.91,1795.6,1808.8400000000006,1798.91,Long
1614023400,1614030300.0,1809.45,1808.5,1808.5,1805.6499999999999,Short
1614030900,1614035100.0,1809.13,1808.57,1810.8100000000006,1809.13,Long
1614036600,1614038400.0,1809.79,1808.68,1813.1199999999997,1809.79,Long
1614039600,1614040200.0,1810.09,1808.89,1813.6899999999994,1810.09,Long
1614043500,1614059400.0,1810.22,1806.08,1822.6400000000003,1810.22,Long
1614060000,1614061200.0,1812.43,1811.7,1814.6200000000001,1812.43,Long
1614061800,1614062100.0,1812.57,1811.15,1816.8299999999995,1812.57,Long
1614062400,1614081600.0,1813.82,1812.4,1812.4,1808.1400000000006,Short
1614082200,1614084600.0,1810.84,1809.7,1814.2599999999995,1810.84,Long
1614085200,1614085230.0,1810.94,1808.4,1818.56,1810.94,Long
1614085800,1614090300.0,1811.5,1808.89,1819.3299999999997,1811.5,Long
1614091500,1614093600.0,1802.11,1797.6,1797.6,1784.07,Short
1614095400,1614104400.0,1810.08,1808.23,1808.23,1802.6800000000003,Short
1614106500,1614107400.0,1804.62,1801.81,1813.0499999999997,1804.62,Long
1614109800,1614111000.0,1804.94,1803.37,1803.37,1798.6599999999994,Short
1614111900,1614112500.0,1806.06,1804.83,1809.75,1806.06,Long
1614113400,1614123000.0,1805.71,1804.89,1804.89,1802.4300000000003,Short
1614125700,1614143100.0,1807.82,1804.9,1816.5799999999995,1807.82,Long
1614144900,1614154200.0,1808.73,1807.21,1807.21,1802.65,Short
1614154800,1614154830.0,1808.93,1806.06,1817.5400000000004,1808.93,Long
1614157200,1614162900.0,1805.99,1805.41,1805.41,1803.6700000000003,Short
1614166800,1614169500.0,1809.82,1806.3,1820.3799999999999,1809.82,Long
1614170100,1614171300.0,1810.18,1808.34,1808.34,1802.8199999999995,Short
1614172200,1614187500.0,1808.25,1806.48,1806.48,1801.17,Short
1614188100,1614188130.0,1800.69,1799.6,1803.9600000000005,1800.69,Long
1614189000,1614216900.0,1800.77,1799.38,1804.9399999999996,1800.77,Long
1614217800,1614231900.0,1799.71,1798.61,1798.61,1795.3099999999995,Short
1614232500,1614232800.0,1800.15,1798.51,1805.0700000000004,1800.15,Long
1614233100,1614280200.0,1801.03,1799.5,1799.5,1794.91,Short
1614280500,1614281100.0,1779.26,1777.55,1784.39,1779.26,Long
1614281700,1614281730.0,1775.87,1774.21,1774.21,1769.2300000000005,Short
1614282300,1614282900.0,1774.07,1772.93,1777.4899999999996,1774.07,Long
1614284400,1614294300.0,1774.4,1770.62,1770.62,1759.2799999999993,Short
1614294900,1614304500.0,1771.46,1769.44,1769.44,1763.38,Short
1614305700,1614306000.0,1771.8,1770.55,1770.55,1766.8,Short
1614306600,1614314100.0,1773.92,1771.92,1779.92,1773.92,Long
1614314400,1614316500.0,1769.12,1767.8,1767.8,1763.8400000000001,Short
1614317400,1614329100.0,1769.22,1768.3,1768.3,1765.5399999999997,Short
1614329700,1614330600.0,1767.39,1765.74,1772.3400000000004,1767.39,Long
1614331200,1614332100.0,1769.5,1766.42,1766.42,1757.1800000000003,Short
1614332700,1614332730.0,1765.27,1763.61,1763.61,1758.6299999999997,Short
1614333900,1614334800.0,1764.69,1762.0,1772.7600000000002,1764.69,Long
1614336000,1614337500.0,1766.12,1764.71,1770.3499999999995,1766.12,Long
1614339000,1614339030.0,1759.83,1759.02,1762.2599999999998,1759.83,Long
1614340200,1614340230.0,1759.64,1757.36,1766.4800000000007,1759.64,Long
1614341100,1614341130.0,1760.24,1759.27,1759.27,1756.36,Short
1614342600,1614342900.0,1761.9,1760.65,1760.65,1756.9,Short
1614343500,1614367800.0,1762.92,1761.01,1761.01,1755.2799999999997,Short
1614368400,1614368430.0,1732.18,1728.93,1741.93,1732.18,Long
1614369300,1614370500.0,1730.84,1728.5,1728.5,1721.4800000000002,Short
1614372600,1614588600.0,1731.9,1727.8,1744.2000000000005,1731.9,Long
1614588900,1614639900.0,1750.56,1749.5,1749.5,1746.3200000000002,Short
1614640200,1614640500.0,1723.52,1722.4,1726.8799999999997,1723.52,Long
1614641700,1614642600.0,1724.19,1721.27,1721.27,1712.5099999999998,Short
1614644400,1614647700.0,1725.27,1722.3,1734.18,1725.27,Long
1614648300,1614664800.0,1720.94,1716.44,1716.44,1702.94,Short
1614665100,1614699000.0,1715.59,1713.86,1720.78,1715.59,Long
1614699300,1614700200.0,1726.34,1722.55,1722.55,1711.18,Short
1614701700,1614718200.0,1728.0,1719.7,1752.8999999999999,1728.0,Long
1614719700,1614728400.0,1734.48,1733.5,1737.42,1734.48,Long
1614729000,1614729600.0,1736.56,1734.73,1734.73,1729.2400000000002,Short
1614729900,1614732000.0,1736.61,1735.63,1739.5499999999993,1736.61,Long
1614732900,1614732930.0,1734.61,1733.6,1737.6399999999999,1734.61,Long
1614733500,1614733530.0,1734.8,1732.91,1740.4699999999996,1734.8,Long
1614734400,1614736200.0,1736.3,1734.82,1734.82,1730.3799999999999,Short
1614736800,1614745800.0,1734.31,1733.55,1733.55,1731.27,Short
1614746100,1614746130.0,1734.82,1733.9,1737.5799999999995,1734.82,Long
1614747900,1614747930.0,1735.5,1734.9,1734.9,1733.1000000000004,Short
1614748800,1614749400.0,1735.27,1734.3,1734.3,1731.3899999999999,Short
1614750600,1614753600.0,1732.83,1731.5,1731.5,1727.5100000000002,Short
1614754800,1614754830.0,1733.51,1732.2,1732.2,1728.2700000000002,Short
1614756900,1614788100.0,1734.79,1733.3,1733.3,1728.83,Short
1614789600,1614791700.0,1724.21,1721.9,1721.9,1714.9700000000003,Short
1614792600,1614799500.0,1717.85,1715.8,1723.9999999999998,1717.85,Long
1614800100,1614801900.0,1713.25,1712.07,1716.7900000000002,1713.25,Long
1614802500,1614817500.0,1717.04,1715.11,1715.11,1709.3199999999997,Short
1614817800,1614818700.0,1712.69,1711.6,1715.9600000000005,1712.69,Long
1614819600,1614821100.0,1715.05,1713.69,1713.69,1709.6100000000004,Short
1614821400,1614822300.0,1714.63,1713.2,1718.9200000000003,1714.63,Long
1614824100,1614825900.0,1716.01,1713.8,1713.8,1707.1699999999998,Short
1614831300,1614831600.0,1710.82,1707.79,1707.79,1698.7,Short
1614832200,1614832800.0,1713.92,1711.05,1722.5300000000004,1713.92,Long
1614834000,1614834300.0,1715.02,1713.91,1713.91,1710.5800000000004,Short
1614834600,1614835200.0,1715.53,1714.11,1719.7900000000002,1715.53,Long
1614835500,1614835530.0,1715.52,1714.75,1714.75,1712.44,Short
1614837300,1614847200.0,1719.0,1717.11,1724.6700000000003,1719.0,Long
1614848400,1614859500.0,1715.32,1711.71,1711.71,1700.8800000000003,Short
1614860100,1614866100.0,1717.66,1716.58,1720.9000000000005,1717.66,Long
1614867900,1614869700.0,1716.27,1712.33,1728.0900000000001,1716.27,Long
1614871200,1614874500.0,1713.37,1709.48,1725.0399999999995,1713.37,Long
1614875100,1614901800.0,1719.64,1717.23,1717.23,1709.9999999999998,Short
1614902400,1614916200.0,1694.7,1693.74,1693.74,1690.86,Short
1614916800,1614917100.0,1694.62,1694.04,1694.04,1692.3000000000002,Short
1614918000,1614918030.0,1693.65,1692.1,1698.3000000000006,1693.65,Long
1614918900,1614918930.0,1693.46,1691.51,1691.51,1685.6599999999999,Short
1614920400,1614920700.0,1692.67,1691.7,1691.7,1688.79,Short
1614921000,1614930900.0,1693.67,1692.58,1696.9400000000005,1693.67,Long
1614932100,1614932130.0,1696.22,1693.31,1704.9500000000003,1696.22,Long
1614933300,1614933600.0,1694.36,1693.0,1698.4399999999996,1694.36,Long
1614933900,1614934200.0,1694.44,1692.39,1692.39,1686.2400000000002,Short
1614935400,1614935430.0,1695.76,1694.4,1699.8399999999997,1695.76,Long
1614937200,1614940800.0,1693.55,1691.6,1691.6,1685.7499999999998,Short
1614941100,1614941130.0,1696.39,1695.21,1699.9300000000003,1696.39,Long
1614942300,1614945900.0,1694.86,1694.05,1694.05,1691.6200000000001,Short
1614946200,1614950700.0,1694.91,1694.09,1697.3700000000006,1694.91,Long
1614951300,1614955500.0,1695.48,1687.45,1719.57,1695.48,Long
1614956400,1614959400.0,1694.28,1691.61,1702.2900000000002,1694.28,Long
1614960000,1614960030.0,1697.32,1696.28,1696.28,1693.16,Short
1614960900,1614961200.0,1696.84,1695.01,1702.3299999999997,1696.84,Long
1614961500,1614962100.0,1699.09,1696.7,1696.7,1689.5300000000004,Short
1614962700,1614962730.0,1697.03,1694.83,1703.63,1697.03,Long
1614963300,1614963600.0,1696.3,1694.35,1702.15,1696.3,Long
1614964200,1614968400.0,1698.06,1697.0,1701.2399999999998,1698.06,Long
1614969300,1614969330.0,1703.87,1700.29,1700.29,1689.5500000000002,Short
1614970200,1614971400.0,1700.42,1699.0,1704.6800000000003,1700.42,Long
1614972600,1614973200.0,1698.91,1696.82,1696.82,1690.5499999999995,Short
1614975600,1614979200.0,1699.47,1698.01,1703.8500000000001,1699.47,Long
1614979800,1614979830.0,1699.68,1698.72,1702.5600000000002,1699.68,Long
1614980700,1614980730.0,1701.26,1699.8,1705.64,1701.26,Long
1615158000,1615173600.0,1700.7,1700.7,1700.7,1700.7,Long
1615173900,1615177200.0,1708.01,1706.93,1706.93,1703.6900000000003,Short
1615177500,1615177530.0,1705.28,1704.4,1707.9199999999996,1705.28,Long
1615179000,1615179030.0,1706.72,1705.4,1705.4,1701.4400000000003,Short
1615180500,1615181400.0,1707.96,1707.16,1707.16,1704.7600000000002,Short
1615181700,1615181730.0,1708.53,1703.78,1722.78,1708.53,Long
1615184100,1615209300.0,1708.99,1706.6,1706.6,1699.4299999999996,Short
1615211400,1615213500.0,1691.02,1689.8,1694.68,1691.02,Long
1615214700,1615232700.0,1692.54,1689.61,1689.61,1680.8199999999997,Short
1615233000,1615249200.0,1683.77,1682.6,1687.2800000000002,1683.77,Long
1615252200,1615252230.0,1685.17,1682.59,1692.9100000000005,1685.17,Long
1615253100,1615254300.0,1685.38,1683.86,1683.86,1679.2999999999993,Short
1615255200,1615315200.0,1683.92,1680.81,1693.2500000000005,1683.92,Long
1615315500,1615315530.0,1719.2,1718.1,1718.1,1714.7999999999995,Short
1615316400,1615317000.0,1717.92,1715.81,1715.81,1709.4799999999996,Short
1615317300,1615317600.0,1717.22,1716.3,1719.9800000000002,1717.22,Long
1615317900,1615317930.0,1717.82,1716.7,1716.7,1713.3400000000004,Short
1615319700,1615322700.0,1717.87,1715.51,1724.9499999999996,1717.87,Long
1615323300,1615324800.0,1715.41,1713.8,1720.2400000000005,1715.41,Long
1615326300,1615335300.0,1717.56,1715.0,1715.0,1707.3200000000002,Short
1615336800,1615337700.0,1717.34,1715.08,1715.08,1708.3,Short
1615338000,1615338600.0,1715.85,1712.93,1724.6099999999994,1715.85,Long
1615338900,1615356900.0,1718.63,1717.62,1717.62,1714.5899999999992,Short
1615357800,1615358100.0,1711.61,1710.34,1710.34,1706.53,Short
1615358400,1615363200.0,1712.02,1710.63,1716.1899999999996,1712.02,Long
1615363800,1615365600.0,1713.1,1711.3,1711.3,1705.9,Short
1615365900,1615366500.0,1713.25,1712.35,1715.9500000000003,1713.25,Long
1615366800,1615366830.0,1715.34,1714.37,1714.37,1711.4599999999998,Short
1615369200,1615369230.0,1715.28,1713.37,1721.0100000000002,1715.28,Long
1615370100,1615373100.0,1712.92,1712.46,1714.3000000000002,1712.92,Long
1615373400,1615378200.0,1712.65,1712.11,1712.11,1710.4899999999993,Short
1615378500,1615379700.0,1711.2,1710.53,1713.2100000000003,1711.2,Long
1615380300,1615381500.0,1712.61,1710.7,1710.7,1704.9700000000005,Short
1615381800,1615381830.0,1714.41,1711.48,1723.2000000000003,1714.41,Long
1615383000,1615397700.0,1712.68,1711.9,1715.02,1712.68,Long
1615398000,1615398030.0,1719.47,1717.91,1717.91,1713.2300000000002,Short
1615399500,1615399800.0,1720.4,1716.68,1731.5600000000002,1720.4,Long
1615400100,1615400400.0,1722.34,1719.3,1719.3,1710.18,Short
1615401600,1615423500.0,1722.38,1720.13,1729.13,1722.38,Long
1615424700,1615424730.0,1724.68,1723.15,1723.15,1718.5600000000002,Short
1615426500,1615426530.0,1727.46,1724.53,1736.2500000000002,1727.46,Long
1615428300,1615456200.0,1727.38,1725.34,1733.5000000000007,1727.38,Long
1615457700,1615461900.0,1734.74,1733.3,1739.0600000000002,1734.74,Long
1615463100,1615487400.0,1735.82,1731.39,1731.39,1718.1000000000006,Short
1615488600,1615489200.0,1724.28,1723.24,1727.3999999999999,1724.28,Long
1615490700,1615492500.0,1723.78,1722.3,1728.22,1723.78,Long
1615494000,1615494300.0,1724.61,1723.3,1728.5399999999997,1724.61,Long
1615495800,1615496700.0,1723.54,1722.38,1727.0199999999995,1723.54,Long
1615497300,1615505400.0,1725.02,1723.9,1723.9,1720.5400000000004,Short
1615507200,1615507500.0,1723.46,1722.2,1722.2,1718.42,Short
1615508100,1615510500.0,1724.45,1723.2,1728.2,1724.45,Long
1615511100,1615514400.0,1725.05,1723.36,1730.1200000000001,1725.05,Long
1615515000,1615555500.0,1724.55,1723.23,1723.23,1719.2700000000002,Short
1615556400,1615556430.0,1706.62,1703.17,1716.9699999999993,1706.62,Long
1615558500,1615558530.0,1705.97,1702.4,1716.6799999999998,1705.97,Long
1615559400,1615559430.0,1703.43,1700.21,1713.0900000000001,1703.43,Long
1615560000,1615774800.0,1702.47,1700.45,1708.53,1702.47,Long
1615775100,1615775130.0,1728.6,1727.1,1727.1,1722.6,Short
1615776300,1615776900.0,1727.13,1725.58,1725.58,1720.9299999999994,Short
1615777200,1615777230.0,1726.82,1725.69,1730.2099999999996,1726.82,Long
1615778700,1615779000.0,1727.37,1725.6,1725.6,1720.29,Short
1615780500,1615782000.0,1727.27,1725.6,1732.2800000000002,1727.27,Long
1615783200,1615783230.0,1727.15,1725.7,1725.7,1721.35,Short
1615784400,1615797600.0,1727.0,1725.8,1725.8,1722.1999999999998,Short
1615797900,1615815300.0,1726.07,1724.74,1730.0599999999997,1726.07,Long
1615817100,1615818000.0,1734.27,1730.5,1745.58,1734.27,Long
1615818900,1615824900.0,1729.91,1726.6,1726.6,1716.6699999999994,Short
1615825500,1615825530.0,1730.13,1729.02,1733.4600000000005,1730.13,Long
1615827300,1615828500.0,1730.33,1729.02,1729.02,1725.0900000000001,Short
1615829400,1615831800.0,1731.08,1730.1,1730.1,1727.1599999999999,Short
1615832100,1615832130.0,1731.09,1729.94,1734.5399999999995,1731.09,Long
1615832700,1615832730.0,1731.34,1730.8,1730.8,1729.18,Short
1615833300,1615849500.0,1730.31,1729.4,1733.0399999999995,1730.31,Long
1615850400,1615850700.0,1731.28,1729.91,1729.91,1725.8000000000004,Short
1615851600,1615855800.0,1731.69,1730.41,1735.53,1731.69,Long
1615856400,1615859700.0,1730.86,1730.16,1732.9599999999994,1730.86,Long
1615861200,1615861230.0,1731.09,1729.9,1729.9,1726.3300000000006,Short
1615863000,1615877100.0,1731.82,1731.03,1734.1899999999998,1731.82,Long
1615878000,1615891800.0,1731.3,1730.69,1730.69,1728.8600000000004,Short
1615893300,1615897800.0,1734.67,1733.2,1739.0800000000002,1734.67,Long
1615898700,1615906200.0,1732.27,1730.6,1737.2800000000002,1732.27,Long
1615907400,1615907430.0,1734.47,1733.0,1738.88,1734.47,Long
1615908300,1615914000.0,1732.88,1730.9,1730.9,1724.96,Short
1615914900,1615923000.0,1732.95,1730.71,1730.71,1723.99,Short
1615923900,1615928100.0,1732.96,1731.32,1737.8800000000003,1732.96,Long
1615928400,1615928430.0,1731.77,1731.23,1731.23,1729.6100000000001,Short
1615933800,1615933830.0,1732.47,1730.08,1730.08,1722.9099999999996,Short
1615934400,1615940100.0,1731.72,1730.78,1734.5400000000002,1731.72,Long
1615941000,1615941900.0,1731.98,1730.4,1730.4,1725.6600000000003,Short
1615942500,1615942530.0,1731.45,1730.6,1734.0000000000005,1731.45,Long
1615944900,1615949100.0,1731.82,1730.3,1736.3799999999999,1731.82,Long
1615949700,1615965600.0,1733.1,1732.0,1736.3999999999996,1733.1,Long
1615965900,1615967400.0,1735.9,1734.7,1734.7,1731.1,Short
1615968000,1615973100.0,1735.75,1734.86,1734.86,1732.1899999999996,Short
1615974300,1615974600.0,1736.41,1735.76,1735.76,1733.8099999999997,Short
1615975200,1615975500.0,1736.08,1734.98,1739.3799999999997,1736.08,Long
1615976700,1615977000.0,1736.03,1734.82,1734.82,1731.1899999999998,Short
1615978500,1615994400.0,1736.51,1735.3,1735.3,1731.6699999999998,Short
1615995000,1615995030.0,1730.32,1728.82,1728.82,1724.32,Short
1615996200,1615996230.0,1729.22,1728.36,1731.8000000000004,1729.22,Long
1615997400,1616003700.0,1727.51,1725.95,1725.95,1721.2700000000002,Short
1616004600,1616025300.0,1737.65,1728.9,1763.9,1737.65,Long
1616026200,1616026230.0,1750.05,1747.64,1747.64,1740.4100000000005,Short
1616027100,1616040600.0,1750.57,1749.7,1753.1799999999996,1750.57,Long
1616042100,1616043600.0,1748.53,1747.2,1747.2,1743.2100000000003,Short
1616044500,1616044530.0,1750.64,1749.38,1754.42,1750.64,Long
1616045400,1616047800.0,1750.94,1750.39,1750.39,1748.7400000000002,Short
1616048100,1616048700.0,1750.29,1749.42,1752.8999999999996,1750.29,Long
1616049600,1616082900.0,1752.08,1750.6,1750.6,1746.1599999999999,Short
1616083800,1616098500.0,1732.88,1730.59,1739.7500000000007,1732.88,Long
1616098800,1616098830.0,1736.35,1735.1,1735.1,1731.35,Short
1616100000,1616108100.0,1736.43,1734.99,1740.7500000000002,1736.43,Long
1616109000,1616109030.0,1735.24,1732.77,1732.77,1725.36,Short
1616110500,1616110800.0,1734.52,1733.35,1733.35,1729.8399999999997,Short
1616111100,1616111700.0,1732.85,1732.11,1735.07,1732.85,Long
1616112000,1616112030.0,1735.7,1733.9,1733.9,1728.5000000000002,Short
1616112900,1616123700.0,1734.57,1733.2,1733.2,1729.0900000000004,Short
1616126100,1616127600.0,1733.26,1730.81,1730.81,1723.4599999999998,Short
1616130000,1616148900.0,1734.37,1732.4,1740.2799999999993,1734.37,Long
1616150400,1616155200.0,1737.39,1734.5,1734.5,1725.8299999999997,Short
1616156400,1616162700.0,1742.62,1740.9,1740.9,1735.7400000000007,Short
1616163600,1616172000.0,1736.49,1734.5,1734.5,1728.53,Short
1616173200,1616364600.0,1741.51,1739.04,1748.92,1741.51,Long
1616366700,1616382000.0,1741.83,1741.24,1741.24,1739.4700000000003,Short
1616382300,1616382330.0,1739.15,1738.5,1741.1000000000004,1739.15,Long
1616382900,1616383200.0,1739.39,1737.8,1737.8,1733.0299999999995,Short
1616384400,1616392500.0,1740.49,1738.85,1745.4100000000003,1740.49,Long
1616393400,1616408700.0,1734.64,1733.47,1733.47,1729.9599999999998,Short
1616409000,1616409030.0,1733.27,1732.4,1735.8799999999997,1733.27,Long
1616410800,1616425800.0,1733.41,1731.1,1740.3400000000006,1733.41,Long
1616426700,1616427900.0,1736.02,1734.91,1734.91,1731.5800000000004,Short
1616428800,1616445000.0,1738.34,1736.3,1744.4599999999998,1738.34,Long
1616445600,1616446200.0,1739.32,1738.3,1738.3,1735.24,Short
1616446500,1616446800.0,1738.44,1737.95,1739.91,1738.44,Long
1616451600,1616452500.0,1739.37,1738.2,1738.2,1734.6900000000005,Short
1616455800,1616476500.0,1739.86,1738.3,1738.3,1733.6200000000001,Short
1616476800,1616495400.0,1736.14,1734.7,1740.4600000000003,1736.14,Long
1616496000,1616496030.0,1739.38,1737.43,1745.2300000000002,1739.38,Long
1616497500,1616504100.0,1740.87,1738.6,1747.6799999999998,1740.87,Long
1616504400,1616522700.0,1740.65,1738.7,1738.7,1732.85,Short
1616523600,1616523630.0,1728.39,1727.4,1727.4,1724.43,Short
1616525700,1616526900.0,1727.82,1725.47,1725.47,1718.4200000000003,Short
1616529600,1616530500.0,1728.45,1726.7,1726.7,1721.45,Short
1616532300,1616532330.0,1727.62,1727.19,1727.19,1725.9000000000005,Short
1616533200,1616533800.0,1727.11,1726.01,1726.01,1722.7100000000003,Short
1616537100,1616537400.0,1727.42,1726.61,1729.8500000000006,1727.42,Long
1616537700,1616537730.0,1727.5,1726.86,1726.86,1724.9399999999996,Short
1616540100,1616541600.0,1727.44,1726.4,1726.4,1723.2800000000002,Short
1616542800,1616544000.0,1727.54,1726.02,1732.1,1727.54,Long
1616544600,1616545800.0,1727.45,1726.0,1726.0,1721.6499999999999,Short
1616547000,1616547030.0,1727.78,1726.8,1730.72,1727.78,Long
1616548200,1616548230.0,1727.57,1723.97,1723.97,1713.1700000000003,Short
1616549700,1616566200.0,1728.86,1726.7,1735.3399999999995,1728.86,Long
1616567400,1616576700.0,1730.87,1729.31,1729.31,1724.63,Short
1616577000,1616577030.0,1731.88,1730.44,1736.2000000000003,1731.88,Long
1616578200,1616582700.0,1732.48,1731.61,1735.0900000000004,1732.48,Long
1616583000,1616583300.0,1732.01,1731.61,1731.61,1730.4099999999996,Short
1616583900,1616584200.0,1731.88,1730.5,1736.0200000000004,1731.88,Long
1616585700,1616591100.0,1730.61,1728.9,1735.7399999999993,1730.61,Long
1616591400,1616591430.0,1733.75,1732.83,1732.83,1730.0699999999997,Short
1616592600,1616597400.0,1732.88,1730.0,1730.0,1721.3599999999997,Short
1616597700,1616597730.0,1731.16,1728.71,1738.5100000000002,1731.16,Long
1616598900,1616599200.0,1730.33,1728.71,1728.71,1723.8500000000004,Short
1616601900,1616605800.0,1735.85,1730.1,1753.1,1735.85,Long
1616606400,1616616300.0,1733.03,1731.7,1737.0199999999998,1733.03,Long
1616618700,1616619600.0,1734.27,1732.7,1732.7,1727.9900000000002,Short
1616624400,1616625300.0,1735.06,1733.58,1739.5,1735.06,Long
1616625600,1616625630.0,1734.72,1733.9,1733.9,1731.4400000000003,Short
1616627400,1616629200.0,1734.55,1733.2,1733.2,1729.1500000000003,Short
1616629800,1616630100.0,1734.25,1733.62,1736.1400000000003,1734.25,Long
1616630400,1616631000.0,1734.92,1733.99,1733.99,1731.1999999999998,Short
1616631900,1616632200.0,1734.96,1733.6,1733.6,1729.5199999999995,Short
1616632800,1616632830.0,1734.71,1733.68,1737.8,1734.71,Long
1616633400,1616633700.0,1734.56,1733.33,1733.33,1729.6399999999999,Short
1616634900,1616635200.0,1734.35,1732.9,1732.9,1728.5500000000006,Short
1616635500,1616635530.0,1734.37,1733.51,1736.9499999999996,1734.37,Long
1616636400,1616636700.0,1733.87,1732.94,1736.6599999999994,1733.87,Long
1616637600,1616638800.0,1734.59,1732.8,1732.8,1727.43,Short
1616639400,1616639430.0,1734.46,1733.79,1736.4700000000003,1734.46,Long
1616640900,1616644500.0,1734.29,1733.01,1738.1299999999999,1734.29,Long
1616646000,1616653500.0,1735.2,1733.3,1740.9000000000003,1735.2,Long
1616654400,1616655000.0,1734.62,1733.38,1738.3399999999992,1734.62,Long
1616658000,1616670300.0,1734.1,1730.51,1730.51,1719.7400000000002,Short
1616671500,1616671530.0,1733.18,1731.52,1738.1600000000003,1733.18,Long
1616673900,1616677800.0,1730.36,1727.9,1727.9,1720.5200000000007,Short
1616679300,1616690100.0,1741.65,1738.8,1750.2000000000005,1741.65,Long
1616691900,1616709600.0,1728.33,1722.64,1722.64,1705.5700000000006,Short
1616710200,1616710230.0,1728.04,1727.09,1730.89,1728.04,Long
1616711100,1616712900.0,1728.77,1727.43,1732.7899999999997,1728.77,Long
1616713200,1616713230.0,1728.25,1727.0,1727.0,1723.25,Short
1616715600,1616718300.0,1728.08,1725.8,1725.8,1718.96,Short
1616719500,1616720700.0,1729.08,1727.51,1733.7899999999997,1729.08,Long
1616721000,1616721600.0,1727.47,1726.6,1726.6,1723.9899999999996,Short
1616725500,1616736000.0,1728.24,1725.27,1725.27,1716.36,Short
1616736300,1616737200.0,1726.65,1725.64,1729.68,1726.65,Long
1616737500,1616739300.0,1729.13,1727.7,1727.7,1723.4099999999999,Short
1616740200,1616754300.0,1728.95,1726.8,1735.4000000000003,1728.95,Long
1616755800,1616761800.0,1727.1,1726.14,1726.14,1723.2600000000007,Short
1616762700,1616767800.0,1728.68,1725.41,1725.41,1715.6000000000001,Short
1616769000,1616769030.0,1730.36,1729.7,1729.7,1727.7200000000005,Short
1616769900,1616782200.0,1729.97,1728.01,1735.8500000000001,1729.97,Long
1616782800,1616784900.0,1730.63,1729.8,1733.1200000000006,1730.63,Long
1616786100,1616787900.0,1731.66,1730.1,1730.1,1725.4199999999994,Short
1616790900,1616965200.0,1732.56,1730.3,1730.3,1723.52,Short
1616968800,1616970600.0,1736.19,1736.19,1736.19,1736.19,Long
1616971500,1616971800.0,1732.19,1731.22,1731.22,1728.31,Short
1616972700,1616973000.0,1731.65,1730.86,1734.0200000000007,1731.65,Long
1616974500,1616977200.0,1731.78,1730.1,1730.1,1725.0599999999997,Short
1616977800,1616983500.0,1732.5,1731.5,1731.5,1728.5,Short
1616984700,1616984730.0,1731.83,1731.28,1733.4799999999998,1731.83,Long
1616985600,1616986200.0,1732.78,1731.0,1731.0,1725.66,Short
1616986500,1616987100.0,1730.77,1730.18,1732.5399999999997,1730.77,Long
1616987400,1616994600.0,1731.86,1731.08,1731.08,1728.74,Short
1616995800,1616995830.0,1728.97,1726.85,1735.3300000000004,1728.97,Long
1616997600,1617014100.0,1728.95,1726.3,1726.3,1718.3499999999997,Short
1617014400,1617016200.0,1726.41,1725.9,1727.94,1726.41,Long
1617016500,1617017100.0,1726.62,1725.3,1725.3,1721.3400000000001,Short
1617017400,1617017700.0,1726.44,1725.95,1727.91,1726.44,Long
1617019500,1617020100.0,1726.38,1724.95,1724.95,1720.6599999999999,Short
1617021300,1617022500.0,1725.92,1724.89,1724.89,1721.8000000000002,Short
1617024000,1617039900.0,1724.76,1723.1,1723.1,1718.1199999999997,Short
1617040500,1617040800.0,1713.89,1712.5,1718.0600000000004,1713.89,Long
1617041400,1617043200.0,1710.71,1709.96,1712.96,1710.71,Long
1617043800,1617045900.0,1710.55,1709.2,1709.2,1705.1500000000003,Short
1617046800,1617046830.0,1710.67,1709.9,1712.98,1710.67,Long
1617048000,1617048030.0,1711.46,1710.62,1713.9800000000005,1711.46,Long
1617048900,1617058800.0,1711.55,1710.3,1710.3,1706.55,Short
1617059400,1617066900.0,1711.77,1710.7,1714.9799999999998,1711.77,Long
1617068100,1617124500.0,1712.79,1708.7,1708.7,1696.4300000000003,Short
1617125400,1617125700.0,1686.61,1685.14,1685.14,1680.7300000000007,Short
1617126600,1617126630.0,1684.54,1683.6,1687.3600000000001,1684.54,Long
1617129300,1617132900.0,1682.45,1681.6,1681.6,1679.0499999999995,Short
1617133200,1617133500.0,1683.67,1683.07,1685.4700000000005,1683.67,Long
1617134100,1617143400.0,1684.24,1682.9,1682.9,1678.8800000000003,Short
1617145800,1617145830.0,1684.44,1682.86,1682.86,1678.1199999999994,Short
1617147300,1617153900.0,1685.17,1683.7,1689.5800000000002,1685.17,Long
1617154200,1617169500.0,1684.51,1683.27,1683.27,1679.55,Short
1617171300,1617187200.0,1683.61,1681.76,1689.1599999999996,1683.61,Long
1617189000,1617189300.0,1687.82,1686.83,1690.79,1687.82,Long
1617190800,1617192900.0,1686.02,1684.45,1690.7299999999998,1686.02,Long
1617193200,1617193230.0,1686.78,1684.9,1684.9,1679.2600000000004,Short
1617194700,1617220800.0,1689.43,1683.6,1706.9200000000005,1689.43,Long
1617221100,1617236700.0,1708.02,1707.51,1707.51,1705.98,Short
1617237000,1617237300.0,1706.83,1706.15,1708.8699999999994,1706.83,Long
1617237600,1617239700.0,1707.51,1706.4,1706.4,1703.0700000000004,Short
1617241200,1617270300.0,1708.7,1707.3,1712.9000000000003,1708.7,Long
1617271200,1617271500.0,1714.7,1713.6,1713.6,1710.2999999999995,Short
1617272100,1617273900.0,1714.67,1714.21,1716.0500000000002,1714.67,Long
1617274200,1617280800.0,1715.63,1714.3,1714.3,1710.3099999999995,Short
1617282000,1617302100.0,1719.93,1716.92,1728.96,1719.93,Long
1617303000,1617305400.0,1727.36,1726.2,1726.2,1722.7200000000005,Short
1617307500,1617580800.0,1729.47,1728.13,1733.4899999999998,1729.47,Long
1617581100,1617585300.0,1728.2,1727.3,1727.3,1724.5999999999997,Short
1617585600,1617585900.0,1728.74,1727.8,1731.5600000000002,1728.74,Long
1617586200,1617588000.0,1729.83,1728.7,1728.7,1725.3100000000004,Short
1617588900,1617604500.0,1727.38,1726.83,1726.83,1725.1799999999994,Short
1617606300,1617614100.0,1726.41,1724.66,1731.66,1726.41,Long
1617614700,1617615000.0,1725.43,1724.6,1724.6,1722.1099999999994,Short
1617615300,1617618300.0,1724.72,1723.8,1727.4800000000002,1724.72,Long
1617618600,1617620700.0,1725.34,1724.2,1724.2,1720.7800000000004,Short
1617622200,1617622230.0,1726.82,1725.58,1730.54,1726.82,Long
1617622800,1617625200.0,1727.07,1726.16,1726.16,1723.4300000000005,Short
1617626400,1617626430.0,1729.47,1726.9,1737.1799999999998,1729.47,Long
1617627000,1617630000.0,1727.99,1725.3,1725.3,1717.2299999999998,Short
1617632100,1617640800.0,1729.75,1723.31,1749.0700000000002,1729.75,Long
1617641100,1617641130.0,1729.38,1727.3,1727.3,1721.0599999999995,Short
1617643200,1617645000.0,1729.16,1726.9,1735.94,1729.16,Long
1617645600,1617649500.0,1726.06,1725.2,1725.2,1722.6200000000003,Short
1617650100,1617650400.0,1727.08,1725.5,1731.8199999999997,1727.08,Long
1617650700,1617656400.0,1728.34,1726.5,1726.5,1720.9800000000002,Short
1617660600,1617660630.0,1728.8,1727.92,1731.4399999999996,1728.8,Long
1617661800,1617669900.0,1727.91,1727.3,1729.7400000000005,1727.91,Long
1617670200,1617670230.0,1728.55,1727.87,1727.87,1725.8299999999997,Short
1617672900,1617690900.0,1734.84,1732.27,1742.5499999999997,1734.84,Long
1617692400,1617695700.0,1731.37,1729.67,1729.67,1724.5700000000006,Short
1617697500,1617706200.0,1734.25,1731.88,1731.88,1724.7700000000004,Short
1617708300,1617734100.0,1734.82,1731.31,1745.35,1734.82,Long
1617734700,1617735000.0,1742.83,1741.4,1747.1199999999994,1742.83,Long
1617736200,1617736500.0,1744.45,1743.0,1748.8000000000002,1744.45,Long
1617738900,1617741000.0,1743.36,1740.4,1740.4,1731.5200000000007,Short
1617741900,1617742500.0,1744.14,1742.5,1749.0600000000004,1744.14,Long
1617747300,1617747900.0,1743.47,1742.1,1747.5800000000004,1743.47,Long
1617749700,1617749730.0,1743.53,1742.59,1742.59,1739.7699999999998,Short
1617751500,1617751800.0,1743.23,1741.9,1741.9,1737.9100000000003,Short
1617752100,1617752400.0,1743.07,1742.2,1745.6799999999996,1743.07,Long
1617753000,1617753030.0,1743.47,1742.3,1742.3,1738.7899999999997,Short
1617753600,1617755400.0,1743.82,1743.06,1743.06,1740.78,Short
1617756600,1617774900.0,1742.28,1740.7,1740.7,1735.9600000000003,Short
1617776100,1617782700.0,1737.49,1736.11,1741.6300000000003,1737.49,Long
1617783000,1617785100.0,1739.24,1738.62,1738.62,1736.7599999999995,Short
1617785700,1617788400.0,1739.22,1738.3,1738.3,1735.5399999999997,Short
1617790500,1617790800.0,1738.81,1736.61,1745.41,1738.81,Long
1617792600,1617801600.0,1737.7,1735.61,1735.61,1729.3399999999995,Short
1617801900,1617801930.0,1735.86,1734.7,1739.3399999999995,1735.86,Long
1617802800,1617803100.0,1737.86,1734.71,1734.71,1725.2600000000004,Short
1617803400,1617804900.0,1736.84,1735.41,1741.1299999999994,1736.84,Long
1617805500,1617820200.0,1739.28,1737.5,1744.62,1739.28,Long
1617821100,1617840900.0,1740.14,1739.54,1739.54,1737.7399999999996,Short
1617841800,1617843000.0,1737.02,1735.9,1740.3799999999997,1737.02,Long
1617844500,1617845700.0,1737.05,1734.13,1734.13,1725.3700000000006,Short
1617846900,1617850500.0,1737.59,1736.1,1736.1,1731.6299999999999,Short
1617851400,1617874800.0,1737.34,1736.1,1741.06,1737.34,Long
1617875400,1617875430.0,1743.97,1743.2,1743.2,1740.89,Short
1617876000,1617903600.0,1743.32,1742.2,1746.6799999999996,1743.32,Long
1617904500,1617909000.0,1756.92,1754.5,1754.5,1747.2399999999998,Short
1617909600,1617909900.0,1755.34,1754.79,1754.79,1753.14,Short
1617911100,1617912000.0,1754.6,1754.17,1755.8899999999994,1754.6,Long
1617912600,1617913200.0,1756.03,1755.5,1757.62,1756.03,Long
1617914400,1617914430.0,1756.77,1756.22,1758.4199999999998,1756.77,Long
1617919200,1617922200.0,1757.16,1754.62,1754.62,1746.9999999999993,Short
1617922500,1617922530.0,1754.89,1753.9,1757.8600000000001,1754.89,Long
1617924900,1617928200.0,1755.37,1754.48,1754.48,1751.8100000000004,Short
1617931200,1617931500.0,1755.76,1754.44,1759.7199999999998,1755.76,Long
1617934200,1617966600.0,1756.55,1754.1,1754.1,1746.7499999999998,Short
1617967200,1617968700.0,1747.84,1745.41,1755.1299999999994,1747.84,Long
1617970200,1617979200.0,1746.68,1743.9,1743.9,1735.5600000000002,Short
1617980100,1617984300.0,1746.46,1745.11,1745.11,1741.0599999999995,Short
1617984900,1617992700.0,1744.91,1743.97,1747.7300000000002,1744.91,Long
1617994800,1618182900.0,1743.51,1741.65,1741.65,1736.0700000000004,Short
1618183500,1618186800.0,1742.27,1741.3,1741.3,1738.3899999999999,Short
1618187700,1618189200.0,1742.14,1741.54,1741.54,1739.7399999999996,Short
1618189500,1618189530.0,1742.61,1740.69,1748.3699999999994,1742.61,Long
1618192500,1618207500.0,1742.39,1738.71,1738.71,1727.6699999999998,Short
1618208100,1618214400.0,1739.98,1739.0,1742.92,1739.98,Long
1618214700,1618216200.0,1739.65,1738.91,1738.91,1736.69,Short
1618217100,1618217400.0,1738.42,1736.71,1743.5500000000002,1738.42,Long
1618218900,1618224600.0,1738.91,1738.29,1740.7700000000004,1738.91,Long
1618225500,1618225530.0,1741.28,1739.91,1739.91,1735.8000000000004,Short
1618226700,1618231800.0,1743.29,1741.11,1749.8300000000002,1743.29,Long
1618232100,1618232130.0,1741.08,1739.2,1739.2,1733.5600000000004,Short
1618232700,1618232730.0,1740.13,1737.81,1747.0900000000006,1740.13,Long
1618234200,1618257000.0,1737.97,1736.45,1736.45,1731.89,Short
1618257300,1618257330.0,1731.85,1731.51,1732.8699999999997,1731.85,Long
1618258200,1618258230.0,1732.22,1731.6,1731.6,1729.7399999999996,Short
1618258800,1618260300.0,1732.49,1731.33,1735.9700000000003,1732.49,Long
1618260900,1618260930.0,1732.58,1731.5,1735.8199999999997,1732.58,Long
1618265700,1618266000.0,1733.6,1732.3,1737.4999999999998,1733.6,Long
1618267500,1618267530.0,1733.08,1731.8,1736.9199999999998,1733.08,Long
1618268700,1618272000.0,1733.09,1731.7,1737.2599999999995,1733.09,Long
1618273500,1618278300.0,1730.87,1729.4,1729.4,1724.9900000000007,Short
1618278900,1618278930.0,1733.63,1732.61,1732.61,1729.5499999999993,Short
1618279500,1618285200.0,1733.85,1732.21,1738.7699999999995,1733.85,Long
1618285500,1618286100.0,1732.98,1732.61,1732.61,1731.4999999999995,Short
1618286400,1618286430.0,1731.88,1731.28,1733.6800000000005,1731.88,Long
1618287900,1618290300.0,1731.54,1730.66,1730.66,1728.0200000000004,Short
1618291200,1618291230.0,1730.39,1728.9,1728.9,1724.43,Short
1618292100,1618306500.0,1729.16,1726.19,1726.19,1717.28,Short
1618307100,1618308000.0,1728.09,1727.01,1731.3299999999997,1728.09,Long
1618310100,1618313700.0,1725.99,1725.38,1727.8199999999997,1725.99,Long
1618314300,1618335600.0,1727.98,1726.88,1731.2799999999997,1727.98,Long
1618337400,1618351500.0,1744.54,1743.6,1747.3600000000001,1744.54,Long
1618352100,1618353900.0,1745.72,1745.27,1745.27,1743.9199999999998,Short
1618354500,1618354530.0,1746.31,1745.48,1745.48,1742.9900000000002,Short
1618355100,1618355400.0,1745.41,1744.5,1748.1400000000003,1745.41,Long
1618357200,1618363800.0,1745.89,1744.8,1749.1600000000005,1745.89,Long
1618364100,1618364400.0,1746.16,1745.36,1745.36,1742.9599999999994,Short
1618365300,1618365330.0,1746.52,1745.21,1750.4499999999998,1746.52,Long
1618366500,1618366530.0,1744.58,1743.82,1743.82,1741.54,Short
1618367400,1618367700.0,1745.9,1745.1,1748.3000000000006,1745.9,Long
1618368000,1618368030.0,1746.4,1745.22,1745.22,1741.6799999999998,Short
1618368600,1618380300.0,1745.65,1744.71,1744.71,1741.8899999999999,Short
1618381800,1618385400.0,1747.16,1745.27,1752.8300000000004,1747.16,Long
1618386300,1618393800.0,1745.5,1744.06,1749.8200000000002,1745.5,Long
1618394100,1618394130.0,1743.03,1741.97,1741.97,1738.7900000000002,Short
1618395900,1618400400.0,1744.54,1743.04,1743.04,1738.54,Short
1618401000,1618401600.0,1744.94,1744.43,1744.43,1742.9,Short
1618403400,1618420800.0,1746.18,1743.53,1743.53,1735.5799999999997,Short
1618421400,1618423500.0,1736.37,1735.44,1735.44,1732.6500000000005,Short
1618424400,1618425300.0,1736.25,1734.91,1740.2699999999998,1736.25,Long
1618426200,1618427100.0,1736.35,1735.38,1735.38,1732.4700000000007,Short
1618428000,1618430400.0,1737.23,1736.33,1739.9300000000003,1737.23,Long
1618431600,1618431630.0,1736.89,1736.43,1738.2700000000002,1736.89,Long
1618433100,1618437000.0,1736.93,1735.9,1735.9,1732.8100000000002,Short
1618438500,1618438530.0,1736.72,1735.1,1735.1,1730.2399999999996,Short
1618440000,1618441500.0,1736.42,1735.1,1740.3800000000006,1736.42,Long
1618441800,1618443300.0,1736.09,1735.4,1735.4,1733.3300000000006,Short
1618444500,1618450200.0,1736.24,1734.7,1740.86,1736.24,Long
1618450500,1618451100.0,1739.6,1739.06,1739.06,1737.44,Short
1618453500,1618485000.0,1736.4,1735.39,1739.43,1736.4,Long
1618486500,1618487700.0,1747.22,1746.46,1746.46,1744.18,Short
1618488000,1618491000.0,1746.23,1744.59,1751.1500000000003,1746.23,Long
1618491300,1618491600.0,1747.64,1746.32,1746.32,1742.3599999999994,Short
1618491900,1618513800.0,1748.93,1746.02,1757.6600000000003,1748.93,Long
1618514400,1618514430.0,1766.6,1765.7,1765.7,1763.0000000000005,Short
1618515300,1618545300.0,1765.39,1764.1,1764.1,1760.2299999999993,Short
1618546500,1618548000.0,1764.24,1762.7,1762.7,1758.0800000000002,Short
1618548300,1618558800.0,1764.48,1763.97,1766.01,1764.48,Long
1618559400,1618588500.0,1762.49,1761.53,1765.3700000000001,1762.49,Long
1618588800,1618593000.0,1779.51,1778.39,1778.39,1775.0300000000004,Short
1618593600,1618597200.0,1779.61,1779.21,1780.8099999999995,1779.61,Long
1618598100,1618598400.0,1778.33,1777.4,1777.4,1774.6100000000006,Short
1618599600,1618599630.0,1778.56,1777.25,1782.4899999999998,1778.56,Long
1618602000,1618791000.0,1777.75,1775.81,1775.81,1769.9899999999998,Short
1618791900,1618795500.0,1779.21,1777.21,1785.21,1779.21,Long
1618795800,1618796100.0,1777.34,1775.78,1775.78,1771.1000000000001,Short
1618796400,1618796700.0,1775.14,1773.0,1781.5600000000004,1775.14,Long
1618797000,1618797300.0,1777.65,1776.14,1776.14,1771.6100000000001,Short
1618797600,1618804500.0,1775.93,1774.75,1779.4700000000003,1775.93,Long
1618806600,1618809300.0,1777.32,1775.9,1775.9,1771.6400000000006,Short
1618810200,1618812600.0,1777.83,1776.2,1782.7199999999996,1777.83,Long
1618813200,1618815600.0,1777.25,1776.1,1780.7000000000003,1777.25,Long
1618815900,1618816200.0,1780.79,1779.53,1779.53,1775.75,Short
1618817100,1618832400.0,1780.59,1777.4,1790.1599999999994,1780.59,Long
1618833900,1618852800.0,1782.09,1779.58,1779.58,1772.05,Short
1618853700,1618854600.0,1770.68,1769.45,1769.45,1765.76,Short
1618855800,1618864500.0,1771.67,1770.41,1770.41,1766.63,Short
1618865400,1618870500.0,1770.78,1769.75,1769.75,1766.66,Short
1618871700,1618871730.0,1771.17,1769.6,1775.8800000000006,1771.17,Long
1618873200,1618873800.0,1771.33,1770.31,1770.31,1767.25,Short
1618875000,1618875030.0,1771.25,1769.9,1775.2999999999997,1771.25,Long
1618875600,1618879200.0,1771.19,1770.78,1772.4200000000003,1771.19,Long
1618879800,1618881900.0,1770.17,1769.1,1769.1,1765.8899999999994,Short
1618882200,1618882230.0,1769.63,1767.91,1774.7900000000002,1769.63,Long
1618883400,1618887600.0,1770.85,1767.9,1767.9,1759.0500000000006,Short
1618889100,1618891500.0,1774.42,1770.11,1787.3500000000006,1774.42,Long
1618892100,1618892130.0,1772.4,1771.82,1774.1400000000006,1772.4,Long
1618892700,1618896600.0,1772.55,1771.2,1776.5999999999997,1772.55,Long
1618898400,1618899600.0,1771.3,1768.97,1778.2899999999997,1771.3,Long
1618900200,1618900500.0,1769.73,1768.6,1768.6,1765.2099999999996,Short
1618901400,1618902000.0,1769.88,1767.11,1778.1900000000007,1769.88,Long
1618902300,1618904400.0,1769.92,1768.83,1768.83,1765.5599999999995,Short
1618905600,1618914000.0,1773.34,1771.28,1771.28,1765.1000000000001,Short
1618914600,1618914630.0,1769.36,1767.9,1767.9,1763.5200000000007,Short
1618916400,1618919400.0,1771.72,1767.91,1783.1499999999999,1771.72,Long
1618919700,1618920300.0,1775.01,1773.5,1773.5,1768.97,Short
1618920600,1618921500.0,1772.56,1771.42,1775.9799999999996,1772.56,Long
1618922700,1618923300.0,1767.14,1766.68,1768.5200000000002,1767.14,Long
1618923600,1618923630.0,1770.34,1768.3,1768.3,1762.18,Short
1618925700,1618947900.0,1770.28,1767.41,1778.8899999999996,1770.28,Long
1618948500,1618949100.0,1778.05,1777.2,1777.2,1774.6500000000003,Short
1618949700,1618949730.0,1778.96,1777.7,1782.74,1778.96,Long
1618950300,1618950330.0,1778.98,1778.0,1781.92,1778.98,Long
1618950900,1618951500.0,1779.25,1778.5,1778.5,1776.25,Short
1618951800,1618953000.0,1778.25,1777.3,1781.1000000000001,1778.25,Long
1618959300,1618959600.0,1778.83,1778.24,1778.24,1776.4700000000003,Short
1618960800,1618963800.0,1778.34,1777.0,1777.0,1772.9800000000002,Short
1618965600,1618966200.0,1779.11,1777.5,1783.9399999999996,1779.11,Long
1618967400,1618968000.0,1780.84,1779.48,1779.48,1775.4000000000003,Short
1618968600,1618990200.0,1779.98,1778.4,1784.7199999999998,1779.98,Long
1618990500,1618991700.0,1784.46,1783.1,1783.1,1779.0199999999995,Short
1618992300,1618992330.0,1782.27,1781.1,1781.1,1777.5899999999997,Short
1618993800,1618993830.0,1783.66,1782.21,1782.21,1777.86,Short
1618994400,1619005200.0,1782.69,1781.01,1781.01,1775.9699999999998,Short
1619005800,1619007300.0,1783.99,1783.26,1786.18,1783.99,Long
1619007600,1619007630.0,1783.57,1782.2,1782.2,1778.0900000000004,Short
1619008200,1619027400.0,1785.17,1782.11,1794.3500000000006,1785.17,Long
1619027700,1619031000.0,1793.11,1792.64,1792.64,1791.2300000000007,Short
1619031600,1619034900.0,1793.23,1792.2,1796.32,1793.23,Long
1619035200,1619035230.0,1794.48,1793.8,1793.8,1791.7599999999998,Short
1619036100,1619036130.0,1794.45,1793.4,1793.4,1790.2500000000002,Short
1619036700,1619036730.0,1794.03,1792.8,1792.8,1789.11,Short
1619037300,1619049300.0,1794.23,1793.21,1797.29,1794.23,Long
1619052300,1619052900.0,1793.79,1791.8,1791.8,1785.83,Short
1619054100,1619054130.0,1795.28,1794.25,1794.25,1791.16,Short
1619055300,1619058600.0,1796.09,1793.0,1805.3599999999997,1796.09,Long
1619058900,1619059800.0,1795.1,1793.3,1793.3,1787.9,Short
1619060400,1619061600.0,1793.87,1792.51,1797.9499999999996,1793.87,Long
1619064600,1619068800.0,1793.72,1792.4,1792.4,1788.4400000000003,Short
1619069700,1619080200.0,1794.53,1793.31,1793.31,1789.6499999999999,Short
1619080800,1619085900.0,1791.93,1790.74,1790.74,1787.1699999999998,Short
1619086800,1619086830.0,1789.86,1788.76,1793.1599999999996,1789.86,Long
1619088900,1619103600.0,1787.65,1785.91,1785.91,1780.69,Short
1619106300,1619111100.0,1782.46,1779.3,1779.3,1769.8199999999997,Short
1619112300,1619119500.0,1783.53,1781.08,1781.08,1773.7299999999998,Short
1619121000,1619138100.0,1783.44,1781.21,1790.13,1783.44,Long
1619138400,1619138700.0,1784.24,1783.78,1783.78,1782.3999999999999,Short
1619139300,1619154600.0,1783.52,1782.3,1787.18,1783.52,Long
1619156700,1619167500.0,1785.06,1782.54,1782.54,1774.98,Short
1619168700,1619168730.0,1784.61,1783.7,1787.3399999999995,1784.61,Long
1619171100,1619172300.0,1785.87,1783.6,1792.6799999999998,1785.87,Long
1619172600,1619173200.0,1786.92,1785.5,1785.5,1781.2399999999998,Short
1619174400,1619185500.0,1786.38,1784.51,1791.9900000000005,1786.38,Long
1619187300,1619202000.0,1780.51,1776.67,1776.67,1765.1500000000003,Short
1619204400,1619205600.0,1777.48,1775.6,1783.1200000000003,1777.48,Long
1619206500,1619206530.0,1776.33,1774.8,1774.8,1770.21,Short
1619208900,1619208930.0,1776.48,1775.4,1775.4,1772.1600000000003,Short
1619210100,1619210400.0,1776.79,1775.9,1779.4599999999996,1776.79,Long
1619211000,1619394900.0,1776.91,1775.81,1775.81,1772.5099999999995,Short
1619396100,1619413800.0,1776.99,1776.17,1779.4499999999998,1776.99,Long
1619415000,1619416500.0,1781.29,1780.0,1785.1599999999999,1781.29,Long
1619417400,1619424900.0,1779.1,1777.43,1777.43,1772.4200000000005,Short
1619425800,1619427600.0,1781.69,1780.4,1780.4,1776.5300000000002,Short
1619427900,1619429100.0,1779.42,1778.1,1783.3800000000006,1779.42,Long
1619429700,1619431200.0,1781.13,1779.21,1779.21,1773.4499999999998,Short
1619431800,1619435100.0,1781.97,1780.41,1786.6499999999999,1781.97,Long
1619437200,1619437500.0,1777.68,1776.0,1776.0,1770.9599999999998,Short
1619439000,1619449800.0,1777.53,1775.5,1775.5,1769.41,Short
1619451600,1619458200.0,1779.47,1776.51,1788.3500000000001,1779.47,Long
1619458800,1619461500.0,1779.69,1778.86,1782.1800000000005,1779.69,Long
1619461800,1619461830.0,1779.93,1778.9,1778.9,1775.8100000000002,Short
1619462700,1619484000.0,1779.92,1778.65,1783.73,1779.92,Long
1619484900,1619485500.0,1780.89,1779.6,1784.7600000000007,1780.89,Long
1619486700,1619498700.0,1779.45,1778.29,1778.29,1774.8099999999997,Short
1619499600,1619500500.0,1781.76,1780.3,1780.3,1775.9199999999998,Short
1619502300,1619509800.0,1782.88,1779.6,1792.7200000000007,1782.88,Long
1619510400,1619515800.0,1778.3,1777.82,1777.82,1776.3799999999999,Short
1619517600,1619518800.0,1781.65,1780.1,1780.1,1775.4499999999994,Short
1619519100,1619519130.0,1781.16,1780.23,1783.9500000000003,1781.16,Long
1619520900,1619523000.0,1780.35,1779.69,1782.3299999999995,1780.35,Long
1619523300,1619523330.0,1782.75,1780.72,1780.72,1774.63,Short
1619524500,1619529900.0,1781.06,1779.25,1786.4899999999998,1781.06,Long
1619530500,1619530530.0,1781.76,1778.2,1792.4399999999998,1781.76,Long
1619532000,1619533800.0,1783.86,1782.0,1789.4399999999996,1783.86,Long
1619534100,1619534400.0,1782.55,1781.13,1781.13,1776.8700000000006,Short
1619534700,1619535600.0,1780.15,1779.11,1783.2700000000007,1780.15,Long
1619536200,1619584800.0,1781.63,1779.71,1779.71,1773.9499999999998,Short
1619586300,1619586330.0,1771.73,1770.2,1770.2,1765.6100000000001,Short
1619586900,1619587200.0,1771.79,1771.11,1773.8300000000002,1771.79,Long
1619588700,1619589300.0,1770.86,1768.2,1778.8399999999995,1770.86,Long
1619589600,1619608200.0,1769.93,1769.1,1769.1,1766.6099999999994,Short
1619609100,1619609130.0,1767.57,1766.11,1766.11,1761.7299999999998,Short
1619610600,1619615100.0,1767.43,1766.5,1766.5,1763.7099999999998,Short
1619615700,1619668800.0,1771.08,1769.62,1775.46,1771.08,Long
1619670900,1619672700.0,1784.68,1784.2,1786.1200000000001,1784.68,Long
1619673900,1619699100.0,1785.45,1783.9,1783.9,1779.2500000000002,Short
1619699400,1619701200.0,1776.16,1774.31,1781.7100000000005,1776.16,Long
1619702100,1619716800.0,1774.31,1772.13,1772.13,1765.5900000000006,Short
1619717100,1619718300.0,1769.45,1768.81,1771.3700000000003,1769.45,Long
1619718600,1619718630.0,1768.29,1767.2,1767.2,1763.9300000000003,Short
1619719500,1619740200.0,1768.26,1767.5,1770.54,1768.26,Long
1619741100,1619757900.0,1773.44,1771.6,1771.6,1766.0799999999995,Short
1619759400,1619760000.0,1768.43,1767.3,1771.8200000000004,1768.43,Long
1619760900,1619761200.0,1767.66,1766.7,1770.5400000000002,1767.66,Long
1619762400,1619774100.0,1769.23,1768.29,1772.0500000000002,1769.23,Long
1619775000,1619775030.0,1769.35,1767.9,1767.9,1763.5500000000006,Short
1619776500,1619781000.0,1768.46,1767.0,1767.0,1762.62,Short
1619782200,1619782230.0,1772.16,1771.23,1771.23,1768.4399999999998,Short
1619783100,1619783400.0,1771.92,1770.32,1770.32,1765.5199999999995,Short
1619784900,1619786400.0,1769.48,1767.66,1767.66,1762.2000000000003,Short
1619789100,1619790000.0,1771.84,1766.86,1786.78,1771.84,Long
1619790900,1619790930.0,1769.87,1766.67,1779.4699999999993,1769.87,Long
1619792400,1619795400.0,1768.92,1765.86,1778.1000000000006,1768.92,Long
1619797200,1619799600.0,1768.33,1765.9,1765.9,1758.6100000000006,Short
1619801700,1619804100.0,1767.18,1765.0,1765.0,1758.4599999999998,Short
1619804400,1619804430.0,1769.23,1768.73,1770.73,1769.23,Long
1619806200,1619807100.0,1770.42,1768.56,1776.0000000000005,1770.42,Long
1619807700,1619811300.0,1769.95,1768.56,1768.56,1764.3899999999996,Short
1619812200,1619812230.0,1767.71,1765.72,1765.72,1759.75,Short
1619813100,1619813400.0,1768.3,1767.2,1771.5999999999997,1768.3,Long
1619814600,1619989500.0,1768.71,1766.99,1773.8700000000001,1768.71,Long
1619992800,1619993100.0,1768.01,1768.01,1768.01,1768.01,Long
1619993400,1619993430.0,1767.27,1766.25,1770.33,1767.27,Long
1619994600,1619998500.0,1767.42,1766.3,1766.3,1762.9399999999996,Short
1619999700,1620000300.0,1768.78,1767.7,1767.7,1764.4600000000003,Short
1620002100,1620039000.0,1769.01,1766.7,1775.9399999999998,1769.01,Long
1620039300,1620039330.0,1781.7,1779.85,1779.85,1774.2999999999995,Short
1620040200,1620041100.0,1779.39,1778.04,1778.04,1773.9899999999996,Short
1620042300,1620065100.0,1781.18,1779.68,1785.68,1781.18,Long
1620065400,1620070500.0,1792.53,1791.0,1791.0,1786.41,Short
1620071100,1620071130.0,1791.98,1791.1,1791.1,1788.4599999999996,Short
1620072000,1620072030.0,1791.5,1790.73,1793.81,1791.5,Long
1620072600,1620078900.0,1792.49,1791.3,1791.3,1787.7299999999998,Short
1620079200,1620081300.0,1791.53,1791.53,1791.53,1791.53,Long
1620082500,1620082530.0,1792.29,1791.78,1793.82,1792.29,Long
1620085200,1620086700.0,1792.11,1791.6,1791.6,1790.07,Short
1620087300,1620087330.0,1791.45,1790.2,1795.2,1791.45,Long
1620087900,1620088800.0,1791.86,1791.11,1791.11,1788.86,Short
1620090000,1620115500.0,1791.41,1790.3,1790.3,1786.9699999999996,Short
1620115800,1620115830.0,1788.57,1787.23,1792.5899999999997,1788.57,Long
1620116700,1620117000.0,1789.95,1788.71,1788.71,1784.99,Short
1620119400,1620132600.0,1786.29,1784.79,1784.79,1780.29,Short
1620133200,1620140700.0,1788.84,1786.11,1797.03,1788.84,Long
1620141000,1620141900.0,1794.42,1792.81,1792.81,1787.9799999999996,Short
1620142500,1620158100.0,1784.29,1783.09,1783.09,1779.4899999999998,Short
1620161400,1620165900.0,1779.99,1778.3,1785.0600000000002,1779.99,Long
1620166200,1620167100.0,1778.51,1777.52,1777.52,1774.55,Short
1620167700,1620167730.0,1778.24,1777.3,1777.3,1774.4799999999998,Short
1620171300,1620172500.0,1779.42,1777.88,1777.88,1773.2600000000002,Short
1620172800,1620176400.0,1778.59,1777.5,1781.8599999999997,1778.59,Long
1620177000,1620177030.0,1779.18,1778.1,1778.1,1774.8599999999994,Short
1620178200,1620179700.0,1779.66,1778.46,1778.46,1774.86,Short
1620180300,1620191400.0,1779.77,1778.7,1782.9799999999998,1779.77,Long
1620192300,1620193200.0,1778.52,1777.2,1777.2,1773.2400000000002,Short
1620194100,1620207600.0,1779.03,1777.8,1777.8,1774.11,Short
1620207900,1620208200.0,1778.76,1777.8,1781.64,1778.76,Long
1620209400,1620209700.0,1778.63,1778.17,1778.17,1776.79,Short
1620210300,1620216000.0,1778.6,1777.61,1781.57,1778.6,Long
1620217200,1620217230.0,1778.98,1776.26,1787.14,1778.98,Long
1620218400,1620218430.0,1775.69,1770.38,1770.38,1754.4500000000003,Short
1620219300,1620237900.0,1782.47,1776.82,1799.4200000000003,1782.47,Long
1620238500,1620259800.0,1783.31,1782.3,1786.34,1783.31,Long
1620260100,1620260700.0,1786.05,1784.75,1784.75,1780.8500000000001,Short
1620261000,1620261300.0,1784.77,1783.8,1787.68,1784.77,Long
1620262200,1620265800.0,1784.36,1783.3,1783.3,1780.1200000000001,Short
1620267000,1620267900.0,1786.86,1786.0,1786.0,1783.4200000000003,Short
1620269100,1620296100.0,1789.17,1787.86,1793.1000000000006,1789.17,Long
1620297000,1620297030.0,1791.89,1790.21,1796.9300000000003,1791.89,Long
1620297900,1620300900.0,1792.31,1790.71,1790.71,1785.9100000000003,Short
1620301500,1620305700.0,1793.71,1791.7,1799.74,1793.71,Long
1620306600,1620306900.0,1795.72,1791.12,1791.12,1777.3199999999995,Short
1620307200,1620327000.0,1793.4,1791.45,1799.2500000000002,1793.4,Long
1620327300,1620328800.0,1814.75,1813.92,1813.92,1811.4300000000003,Short
1620330600,1620330630.0,1814.89,1813.11,1813.11,1807.7699999999993,Short
1620334800,1620338400.0,1815.94,1813.9,1813.9,1807.7800000000002,Short
1620339600,1620341700.0,1814.72,1813.3,1813.3,1809.0399999999997,Short
1620342000,1620342900.0,1814.44,1813.6,1816.9600000000005,1814.44,Long
1620345300,1620346500.0,1815.71,1813.8,1821.4400000000003,1815.71,Long
1620348000,1620348600.0,1814.67,1813.7,1813.7,1810.79,Short
1620349500,1620353100.0,1816.08,1813.49,1813.49,1805.7200000000003,Short
1620353400,1620371400.0,1814.32,1813.2,1817.6799999999996,1814.32,Long
1620372000,1620372030.0,1821.24,1819.75,1825.71,1821.24,Long
1620372900,1620374400.0,1820.1,1818.39,1818.39,1813.2600000000007,Short
1620375900,1620378900.0,1820.44,1819.01,1824.7300000000002,1820.44,Long
1620380700,1620386400.0,1820.56,1819.7,1823.1399999999996,1820.56,Long
1620387000,1620387030.0,1820.23,1819.68,1819.68,1818.0300000000002,Short
1620388200,1620388500.0,1820.18,1819.1,1823.4200000000005,1820.18,Long
1620389700,1620390300.0,1819.28,1817.17,1817.17,1810.8400000000004,Short
1620391800,1620405300.0,1839.66,1833.91,1856.91,1839.66,Long
1620406500,1620407400.0,1831.6,1828.6,1828.6,1819.6,Short
1620407700,1620407730.0,1832.52,1831.3,1836.18,1832.52,Long
1620408900,1620408930.0,1829.9,1828.71,1828.71,1825.1399999999999,Short
1620409500,1620413400.0,1830.43,1829.51,1829.51,1826.7499999999998,Short
1620414000,1620414030.0,1830.92,1829.41,1835.45,1830.92,Long
1620416700,1620420000.0,1832.08,1830.11,1830.11,1824.1999999999998,Short
1620420900,1620420930.0,1831.04,1830.1,1833.8600000000001,1831.04,Long
1620597900,1620605700.0,1833.07,1830.11,1841.95,1833.07,Long
1620606600,1620606630.0,1831.43,1830.47,1834.3100000000002,1831.43,Long
1620607500,1620611100.0,1831.71,1830.5,1835.3400000000001,1831.71,Long
1620611700,1620612600.0,1831.95,1830.47,1836.39,1831.95,Long
1620613200,1620613800.0,1833.12,1832.22,1832.22,1829.5200000000004,Short
1620614400,1620615300.0,1833.12,1832.47,1835.0699999999995,1833.12,Long
1620615600,1620615900.0,1833.59,1832.1,1832.1,1827.6299999999999,Short
1620617400,1620620100.0,1832.83,1831.4,1831.4,1827.1100000000006,Short
1620620400,1620639300.0,1833.4,1832.2,1837.0000000000002,1833.4,Long
1620641100,1620642000.0,1836.84,1835.5,1835.5,1831.4800000000002,Short
1620643800,1620657900.0,1839.29,1837.1,1845.8600000000001,1839.29,Long
1620658200,1620658230.0,1840.28,1838.0,1838.0,1831.16,Short
1620661200,1620662100.0,1840.13,1837.53,1847.9300000000005,1840.13,Long
1620663000,1620673500.0,1840.98,1840.36,1840.36,1838.4999999999995,Short
1620675900,1620689700.0,1837.6,1835.5,1835.5,1829.2000000000003,Short
1620692400,1620696300.0,1835.97,1834.2,1834.2,1828.89,Short
1620696600,1620697200.0,1835.66,1834.0,1840.6400000000003,1835.66,Long
1620699300,1620704100.0,1837.32,1835.3,1843.3799999999999,1837.32,Long
1620705900,1620706200.0,1836.98,1834.21,1834.21,1825.9,Short
1620707100,1620711600.0,1836.25,1834.1,1842.7000000000003,1836.25,Long
1620712800,1620712830.0,1837.5,1836.62,1840.1400000000003,1837.5,Long
1620715500,1620720000.0,1836.8,1834.81,1834.81,1828.84,Short
1620721800,1620721830.0,1835.58,1833.9,1833.9,1828.8600000000006,Short
1620722400,1620722700.0,1836.29,1835.37,1839.0500000000002,1836.29,Long
1620725100,1620725130.0,1836.64,1835.21,1835.21,1830.9199999999998,Short
1620726300,1620736500.0,1838.23,1835.41,1846.6899999999998,1838.23,Long
1620737400,1620751800.0,1836.68,1834.18,1834.18,1826.68,Short
1620752700,1620778200.0,1835.61,1833.61,1841.61,1835.61,Long
1620779400,1620799200.0,1836.75,1834.8,1834.8,1828.9499999999998,Short
1620800100,1620817200.0,1830.62,1830.07,1832.2699999999998,1830.62,Long
1620817800,1620817830.0,1834.63,1832.7,1832.7,1826.9099999999999,Short
1620820500,1620822300.0,1833.26,1832.5,1835.54,1833.26,Long
1620822900,1620825000.0,1833.02,1820.81,1869.65,1833.02,Long
1620826200,1620827400.0,1830.32,1828.07,1828.07,1821.32,Short
1620827700,1620827730.0,1833.15,1831.12,1839.2400000000007,1833.15,Long
1620828900,1620867900.0,1833.54,1828.8,1828.8,1814.58,Short
1620870600,1620876300.0,1822.78,1817.01,1840.09,1822.78,Long
1620876600,1620876900.0,1817.78,1816.98,1816.98,1814.5800000000002,Short
1620877500,1620877530.0,1817.54,1816.2,1821.5599999999997,1817.54,Long
1620879000,1620882900.0,1817.16,1816.0,1820.6400000000003,1817.16,Long
1620883500,1620888000.0,1819.42,1818.4,1818.4,1815.3400000000001,Short
1620889500,1620891600.0,1822.14,1820.4,1827.3600000000001,1822.14,Long
1620892800,1620893100.0,1815.5,1814.29,1814.29,1810.6599999999999,Short
1620893400,1620893700.0,1817.16,1814.91,1823.91,1817.16,Long
1620897600,1620907200.0,1815.44,1812.41,1812.41,1803.3200000000002,Short
1620908100,1620908130.0,1817.48,1815.6,1815.6,1809.9599999999996,Short
1620909300,1620931800.0,1820.94,1814.06,1841.5800000000004,1820.94,Long
1620933300,1620939000.0,1826.51,1824.07,1833.8300000000002,1826.51,Long
1620939300,1620939600.0,1827.19,1826.6,1826.6,1824.8299999999995,Short
1620943500,1620943530.0,1826.93,1825.85,1830.1700000000005,1826.93,Long
1620944700,1620948900.0,1826.45,1825.4,1829.6,1826.45,Long
1620949800,1620949830.0,1826.02,1824.7,1829.9799999999998,1826.02,Long
1620951300,1620969600.0,1825.47,1824.44,1824.44,1821.3500000000001,Short
1620969900,1620969930.0,1823.24,1822.55,1825.3100000000002,1823.24,Long
1620970500,1620995700.0,1824.13,1822.78,1828.1800000000005,1824.13,Long
1620996000,1620996030.0,1836.98,1833.41,1833.41,1822.7000000000003,Short
1620997500,1621005000.0,1838.04,1834.7,1848.0599999999997,1838.04,Long
1621005900,1621014000.0,1837.8,1835.74,1843.9799999999998,1837.8,Long
1621014900,1621014930.0,1839.26,1837.6,1837.6,1832.6199999999997,Short
1621015800,1621236000.0,1839.97,1838.9,1843.1799999999998,1839.97,Long
1621237200,1621241400.0,1853.48,1851.75,1858.67,1853.48,Long
1621242900,1621257900.0,1853.21,1852.17,1852.17,1849.0500000000002,Short
1621259700,1621281000.0,1856.43,1852.65,1867.77,1856.43,Long
1621281600,1621282200.0,1866.1,1865.0,1865.0,1861.7000000000003,Short
1621289100,1621293900.0,1866.97,1865.1,1865.1,1859.4899999999996,Short
1621294200,1621322400.0,1866.8,1866.47,1867.7899999999997,1866.8,Long
1621323600,1621324500.0,1870.47,1868.8,1868.8,1863.7899999999997,Short
1621325100,1621325130.0,1870.32,1869.2,1873.6799999999996,1870.32,Long
1621326600,1621329300.0,1869.39,1867.54,1874.9400000000005,1869.39,Long
1621329900,1621334700.0,1869.5,1867.5,1867.5,1861.5,Short
1621337100,1621338300.0,1868.77,1865.9,1865.9,1857.2900000000004,Short
1621339800,1621343100.0,1871.82,1870.4,1876.0799999999995,1871.82,Long
1621343400,1621343700.0,1873.15,1869.77,1869.77,1859.6299999999997,Short
1621344600,1621344630.0,1870.9,1864.69,1864.69,1846.06,Short
1621345200,1621350600.0,1870.76,1867.6,1867.6,1858.1199999999997,Short
1621351200,1621352100.0,1868.21,1866.69,1872.77,1868.21,Long
1621354200,1621358100.0,1867.75,1863.09,1863.09,1849.1099999999997,Short
1621359000,1621359300.0,1868.07,1866.5,1866.5,1861.7900000000002,Short
1621359900,1621359930.0,1868.62,1867.7,1867.7,1864.9400000000005,Short
1621360500,1621377600.0,1868.71,1868.17,1870.33,1868.71,Long
1621380000,1621380300.0,1869.18,1868.3,1868.3,1865.6599999999996,Short
1621381800,1621382400.0,1870.98,1870.31,1872.9900000000002,1870.98,Long
1621384800,1621386300.0,1869.4,1868.2,1873.0000000000002,1869.4,Long
1621386600,1621395000.0,1871.26,1869.26,1869.26,1863.26,Short
1621398000,1621398900.0,1869.29,1868.2,1872.5599999999997,1869.29,Long
1621399200,1621401600.0,1869.44,1868.7,1868.7,1866.48,Short
1621402200,1621410300.0,1869.27,1868.32,1872.1200000000001,1869.27,Long
1621411500,1621428300.0,1867.63,1866.58,1866.58,1863.4299999999994,Short
1621429200,1621446000.0,1872.39,1864.3,1896.6600000000005,1872.39,Long
1621446900,1621465800.0,1880.87,1879.21,1879.21,1874.2300000000005,Short
1621466100,1621466400.0,1868.65,1867.54,1871.9800000000005,1868.65,Long
1621467000,1621467600.0,1869.89,1866.96,1866.96,1858.1699999999998,Short
1621468200,1621468230.0,1866.66,1866.14,1866.14,1864.5800000000002,Short
1621470900,1621472400.0,1868.77,1867.01,1874.05,1868.77,Long
1621474200,1621474230.0,1867.86,1865.91,1865.91,1860.0600000000006,Short
1621475400,1621493100.0,1871.11,1869.48,1875.9999999999995,1871.11,Long
1621493700,1621509600.0,1874.45,1872.45,1872.45,1866.45,Short
1621510500,1621510530.0,1872.49,1869.46,1881.58,1872.49,Long
1621511100,1621515300.0,1872.29,1870.78,1870.78,1866.25,Short
1621516200,1621516500.0,1872.05,1869.22,1880.5399999999997,1872.05,Long
1621516800,1621516830.0,1873.32,1870.61,1870.61,1862.4799999999998,Short
1621517700,1621533000.0,1872.63,1870.52,1878.9600000000005,1872.63,Long
1621534200,1621550400.0,1877.06,1870.86,1870.86,1852.2599999999998,Short
1621551300,1621551900.0,1876.72,1875.8,1875.8,1873.0399999999997,Short
1621552500,1621552530.0,1876.16,1875.74,1875.74,1874.4799999999998,Short
1621553400,1621554300.0,1875.87,1874.8,1879.0799999999997,1875.87,Long
1621554600,1621555500.0,1875.29,1875.05,1875.05,1874.33,Short
1621555800,1621555830.0,1874.62,1874.08,1876.2399999999998,1874.62,Long
1621558200,1621569600.0,1876.4,1873.91,1873.91,1866.44,Short
1621569900,1621569930.0,1874.46,1873.75,1876.5900000000001,1874.46,Long
1621570500,1621570530.0,1874.87,1874.26,1876.6999999999996,1874.87,Long
1621572900,1621585500.0,1876.88,1875.3,1881.6200000000006,1876.88,Long
1621587300,1621587330.0,1876.06,1874.51,1874.51,1869.8600000000001,Short
1621589400,1621604700.0,1877.95,1876.11,1883.4700000000005,1877.95,Long
1621605300,1621619700.0,1883.5,1876.28,1876.28,1854.62,Short
1621620600,1621878000.0,1877.64,1876.6,1880.7600000000007,1877.64,Long
1621878900,1621880700.0,1883.58,1882.7,1886.2199999999996,1883.58,Long
1621881000,1621881030.0,1883.69,1882.7,1882.7,1879.73,Short
1621882500,1621885200.0,1883.21,1882.11,1882.11,1878.8099999999995,Short
1621886100,1621886130.0,1882.91,1882.43,1884.3500000000001,1882.91,Long
1621888800,1621912200.0,1883.56,1881.7,1881.7,1876.1200000000003,Short
1621913100,1621939500.0,1879.97,1878.7,1883.78,1879.97,Long
1621940100,1621943700.0,1883.46,1882.32,1882.32,1878.8999999999996,Short
1621945200,1621946700.0,1884.23,1882.11,1890.5900000000004,1884.23,Long
1621947900,1621949700.0,1883.92,1882.86,1882.86,1879.6799999999994,Short
1621951200,1621983900.0,1885.91,1883.41,1893.41,1885.91,Long
1621986000,1621986030.0,1899.09,1897.6,1903.56,1899.09,Long
1621988700,1621989300.0,1899.98,1897.86,1906.3400000000004,1899.98,Long
1621989600,1621990500.0,1899.33,1898.2,1898.2,1894.8100000000004,Short
1621991100,1622007600.0,1902.09,1897.65,1915.4099999999994,1902.09,Long
1622008500,1622011800.0,1903.75,1902.1,1902.1,1897.1499999999996,Short
1622013000,1622014500.0,1906.67,1904.88,1904.88,1899.5100000000002,Short
1622014800,1622018100.0,1906.21,1904.75,1910.5900000000001,1906.21,Long
1622018400,1622018430.0,1908.46,1907.92,1907.92,1906.3000000000002,Short
1622019600,1622021400.0,1906.65,1906.03,1906.03,1904.1699999999996,Short
1622022600,1622029200.0,1907.95,1905.5,1915.3000000000002,1907.95,Long
1622030400,1622031600.0,1905.88,1904.09,1904.09,1898.7199999999993,Short
1622032200,1622033700.0,1910.55,1907.11,1920.8700000000001,1910.55,Long
1622035800,1622035830.0,1904.68,1902.3,1911.8200000000004,1904.68,Long
1622037000,1622068800.0,1905.59,1902.08,1902.08,1891.55,Short
1622069700,1622073300.0,1896.79,1895.5,1900.6599999999999,1896.79,Long
1622074800,1622076000.0,1895.41,1894.81,1897.2100000000005,1895.41,Long
1622076900,1622083200.0,1895.12,1893.61,1893.61,1889.08,Short
1622083500,1622085000.0,1896.28,1895.1,1899.8200000000002,1896.28,Long
1622086800,1622104200.0,1896.4,1895.77,1898.2900000000004,1896.4,Long
1622104800,1622119500.0,1898.14,1896.3,1896.3,1890.7799999999995,Short
1622120400,1622120700.0,1898.42,1896.89,1896.89,1892.3000000000002,Short
1622121300,1622129700.0,1897.58,1895.37,1895.37,1888.7399999999998,Short
1622130900,1622130930.0,1893.62,1891.7,1899.3799999999994,1893.62,Long
1622131500,1622132400.0,1893.37,1891.62,1891.62,1886.37,Short
1622132700,1622132730.0,1891.33,1890.58,1893.58,1891.33,Long
1622134800,1622136000.0,1892.03,1890.1,1890.1,1884.3099999999997,Short
1622136300,1622155200.0,1895.17,1893.54,1900.0600000000004,1895.17,Long
1622156400,1622156430.0,1896.59,1895.8,1898.9599999999998,1896.59,Long
1622157300,1622157330.0,1896.74,1896.38,1896.38,1895.3000000000004,Short
1622158800,1622160000.0,1897.72,1895.7,1903.78,1897.72,Long
1622161800,1622190600.0,1898.19,1895.7,1895.7,1888.23,Short
1622191500,1622191800.0,1894.16,1893.66,1893.66,1892.16,Short
1622192700,1622192730.0,1894.09,1892.6,1892.6,1888.1299999999999,Short
1622196000,1622203200.0,1893.14,1892.29,1895.6900000000005,1893.14,Long
1622203500,1622206500.0,1891.49,1890.28,1890.28,1886.6499999999999,Short
1622207100,1622212800.0,1893.88,1890.2,1904.9200000000003,1893.88,Long
1622213100,1622213130.0,1896.37,1895.01,1895.01,1890.9300000000003,Short
1622214900,1622421000.0,1896.53,1892.21,1909.4899999999998,1896.53,Long
1622422200,1622438100.0,1903.65,1903.12,1905.2400000000007,1903.65,Long
1622440800,1622451600.0,1906.63,1904.6,1904.6,1898.5099999999993,Short
1622451900,1622451930.0,1906.45,1905.41,1909.57,1906.45,Long
1622452500,1622452530.0,1907.05,1905.98,1910.2599999999998,1907.05,Long
1622453700,1622454000.0,1906.33,1905.0,1905.0,1901.0100000000002,Short
1622454300,1622454330.0,1905.34,1904.26,1908.5799999999997,1905.34,Long
1622455200,1622457900.0,1905.38,1903.61,1903.61,1898.2999999999993,Short
1622458200,1622458500.0,1904.39,1903.69,1906.4900000000002,1904.39,Long
1622458800,1622461500.0,1904.64,1903.85,1903.85,1901.4799999999993,Short
1622464200,1622464230.0,1905.42,1904.27,1908.8700000000003,1905.42,Long
1622464800,1622465400.0,1906.15,1905.33,1905.33,1902.8699999999994,Short
1622465700,1622465730.0,1905.32,1903.9,1909.5799999999995,1905.32,Long
1622466600,1622468700.0,1905.48,1903.7,1903.7,1898.3600000000001,Short
1622469000,1622478000.0,1904.37,1903.2,1907.8799999999994,1904.37,Long
1622478300,1622478330.0,1905.49,1904.8,1904.8,1902.7299999999998,Short
1622499300,1622526600.0,1908.08,1905.34,1916.3,1908.08,Long
1622527200,1622534700.0,1912.65,1912.18,1914.0600000000002,1912.65,Long
1622535000,1622537400.0,1912.78,1911.71,1911.71,1908.5000000000002,Short
1622537700,1622538900.0,1910.06,1908.31,1915.31,1910.06,Long
1622539800,1622550600.0,1910.72,1909.8,1909.8,1907.0399999999997,Short
1622552400,1622553000.0,1910.47,1908.71,1908.71,1903.43,Short
1622555100,1622570700.0,1908.89,1903.23,1903.23,1886.2499999999998,Short
1622571600,1622575500.0,1903.0,1901.7,1906.8999999999999,1903.0,Long
1622575800,1622575830.0,1900.0,1899.54,1899.54,1898.1599999999999,Short
1622576700,1622577900.0,1899.68,1898.6,1902.9200000000005,1899.68,Long
1622580300,1622594100.0,1900.23,1898.9,1898.9,1894.9100000000003,Short
1622595600,1622597100.0,1898.81,1897.8,1901.84,1898.81,Long
1622598000,1622598600.0,1900.22,1898.71,1904.75,1900.22,Long
1622600100,1622600400.0,1899.24,1898.17,1898.17,1894.9600000000003,Short
1622601900,1622602200.0,1900.72,1898.21,1908.25,1900.72,Long
1622603400,1622617500.0,1899.49,1897.8,1897.8,1892.7299999999998,Short
1622617800,1622622600.0,1898.36,1896.91,1902.7099999999994,1898.36,Long
1622623200,1622623500.0,1897.33,1894.87,1904.71,1897.33,Long
1622624400,1622624430.0,1896.67,1895.4,1900.48,1896.67,Long
1622625300,1622625330.0,1896.21,1894.5,1901.3400000000001,1896.21,Long
1622626200,1622626500.0,1897.49,1896.21,1896.21,1892.3700000000001,Short
1622626800,1622626830.0,1895.96,1894.8,1899.4400000000003,1895.96,Long
1622627700,1622628300.0,1896.82,1895.91,1895.91,1893.1800000000005,Short
1622628900,1622634600.0,1897.02,1896.09,1896.09,1893.2999999999997,Short
1622635500,1622651400.0,1902.77,1899.81,1911.65,1902.77,Long
1622652000,1622655600.0,1905.85,1905.0,1908.3999999999996,1905.85,Long
1622657400,1622677800.0,1907.65,1906.55,1910.9500000000005,1907.65,Long
1622681100,1622681700.0,1908.26,1906.9,1912.3399999999997,1908.26,Long
1622682600,1622742000.0,1907.93,1906.0,1906.0,1900.2099999999998,Short
1622743200,1622745600.0,1872.38,1870.98,1876.5800000000004,1872.38,Long
1622746200,1622753400.0,1872.94,1871.62,1876.9000000000005,1872.94,Long
1622754000,1622768100.0,1870.66,1869.7,1869.7,1866.82,Short
1622768400,1622768430.0,1869.73,1868.2,1874.32,1869.73,Long
1622771400,1622779800.0,1871.2,1868.56,1868.56,1860.6399999999996,Short
1622780400,1622780430.0,1870.12,1869.3,1869.3,1866.8400000000001,Short
1622782800,1622784300.0,1870.2,1867.5,1867.5,1859.3999999999999,Short
1622785200,1622786100.0,1870.92,1868.6,1868.6,1861.6399999999994,Short
1622787000,1622794200.0,1870.55,1868.11,1877.8700000000001,1870.55,Long
1622794500,1622795400.0,1871.0,1870.28,1870.28,1868.12,Short
1622795700,1622798700.0,1869.72,1868.74,1872.66,1869.72,Long
1622799900,1622801700.0,1869.81,1868.36,1874.16,1869.81,Long
1622802300,1622802600.0,1870.75,1869.77,1869.77,1866.83,Short
1622803500,1622803530.0,1870.46,1869.77,1872.5300000000002,1870.46,Long
1622804700,1622807700.0,1871.06,1869.4,1869.4,1864.4200000000005,Short
1622808000,1622829600.0,1871.73,1870.81,1874.4900000000002,1871.73,Long
1622830200,1622830230.0,1890.97,1890.47,1892.47,1890.97,Long
1622831700,1622837700.0,1891.09,1889.5,1889.5,1884.7300000000002,Short
1622839200,1623017100.0,1891.63,1890.3,1895.6200000000006,1891.63,Long
1623018600,1623019500.0,1890.05,1888.6,1894.4,1890.05,Long
1623022200,1623024600.0,1890.29,1888.9,1888.9,1884.7300000000005,Short
1623024900,1623024930.0,1891.2,1890.22,1894.14,1891.2,Long
1623027600,1623059700.0,1891.42,1889.8,1889.8,1884.9399999999996,Short
1623060300,1623108000.0,1884.97,1883.41,1889.6499999999999,1884.97,Long
1623108900,1623108930.0,1899.56,1898.2,1898.2,1894.1200000000003,Short
1623109500,1623110100.0,1899.41,1898.5,1898.5,1895.7699999999998,Short
1623110400,1623111000.0,1898.93,1898.41,1900.49,1898.93,Long
1623113100,1623116700.0,1900.34,1899.06,1904.1799999999998,1900.34,Long
1623117000,1623134100.0,1899.8,1899.29,1899.29,1897.76,Short
1623134400,1623134700.0,1896.71,1894.61,1903.0100000000004,1896.71,Long
1623135600,1623136200.0,1896.62,1895.57,1899.7699999999998,1896.62,Long
1623136500,1623151500.0,1897.69,1895.27,1895.27,1888.0099999999998,Short
1623152400,1623158700.0,1895.76,1894.61,1899.2100000000003,1895.76,Long
1623160200,1623160500.0,1893.96,1892.07,1892.07,1886.3999999999996,Short
1623160800,1623161700.0,1890.28,1884.37,1908.0100000000002,1890.28,Long
1623162000,1623163800.0,1894.2,1892.25,1892.25,1886.3999999999999,Short
1623164700,1623171000.0,1895.04,1893.31,1893.31,1888.12,Short
1623172200,1623173700.0,1892.7,1891.0,1891.0,1885.8999999999999,Short
1623176100,1623176400.0,1892.56,1891.6,1891.6,1888.7199999999998,Short
1623177000,1623177900.0,1893.33,1892.4,1896.1199999999994,1893.33,Long
1623179100,1623180000.0,1893.74,1892.8,1892.8,1889.9799999999998,Short
1623180900,1623185100.0,1893.49,1893.11,1894.6300000000003,1893.49,Long
1623186000,1623189300.0,1893.22,1891.9,1897.1799999999998,1893.22,Long
1623189600,1623190500.0,1892.7,1892.7,1892.7,1892.7,Long
1623192300,1623192330.0,1893.45,1891.3,1899.9000000000003,1893.45,Long
1623193800,1623193830.0,1892.9,1891.4,1891.4,1886.9,Short
1623196500,1623196530.0,1893.81,1892.6,1892.6,1888.9699999999998,Short
1623197700,1623202800.0,1894.87,1893.0,1900.4799999999996,1894.87,Long
1623203100,1623203130.0,1894.29,1893.21,1893.21,1889.9700000000003,Short
1623204000,1623204300.0,1893.52,1892.0,1892.0,1887.44,Short
1623206700,1623206730.0,1893.02,1890.6,1890.6,1883.3399999999997,Short
1623207300,1623211500.0,1894.02,1893.2,1896.4799999999998,1894.02,Long
1623212700,1623213000.0,1893.81,1892.77,1896.9299999999998,1893.81,Long
1623213600,1623213900.0,1894.23,1892.9,1892.9,1888.9100000000003,Short
1623214500,1623214530.0,1894.33,1893.78,1895.9799999999998,1894.33,Long
1623215700,1623217800.0,1894.26,1893.0,1893.0,1889.22,Short
1623218100,1623218130.0,1893.22,1892.27,1896.0700000000002,1893.22,Long
1623219900,1623220200.0,1893.23,1891.26,1891.26,1885.35,Short
1623220500,1623220800.0,1891.99,1890.5,1896.46,1891.99,Long
1623221700,1623237300.0,1891.37,1890.11,1890.11,1886.33,Short
1623238200,1623240900.0,1892.23,1890.4,1890.4,1884.9100000000003,Short
1623241200,1623249000.0,1890.71,1888.69,1896.77,1890.71,Long
1623249300,1623249600.0,1892.03,1889.7,1889.7,1882.7100000000003,Short
1623251400,1623255900.0,1891.36,1889.68,1896.3999999999994,1891.36,Long
1623256200,1623262500.0,1891.52,1890.69,1890.69,1888.2000000000003,Short
1623263100,1623263400.0,1891.84,1890.8,1894.9599999999998,1891.84,Long
1623265800,1623265830.0,1891.11,1890.62,1892.58,1891.11,Long
1623267000,1623300900.0,1890.35,1888.6,1888.6,1883.35,Short
1623302700,1623305100.0,1887.24,1885.95,1885.95,1882.0800000000002,Short
1623306600,1623306630.0,1887.64,1886.9,1889.8600000000001,1887.64,Long
1623307200,1623320100.0,1886.03,1884.74,1884.74,1880.8700000000001,Short
1623330000,1623370800.0,1891.03,1879.45,1925.7699999999998,1891.03,Long
1623371100,1623371400.0,1898.28,1897.9,1897.9,1896.7600000000004,Short
1623372600,1623372900.0,1898.48,1896.8,1903.5200000000002,1898.48,Long
1623373200,1623373500.0,1899.62,1898.2,1898.2,1893.9400000000005,Short
1623375300,1623375900.0,1900.02,1897.7,1906.9799999999998,1900.02,Long
1623377100,1623388800.0,1900.0,1898.9,1903.2999999999997,1900.0,Long
1623390300,1623390900.0,1900.48,1898.0,1907.92,1900.48,Long
1623391200,1623391230.0,1900.28,1899.31,1899.31,1896.3999999999999,Short
1623392100,1623396600.0,1901.92,1900.6,1905.8800000000006,1901.92,Long
1623396900,1623397200.0,1901.31,1899.6,1899.6,1894.4699999999998,Short
1623397500,1623397800.0,1900.65,1899.84,1903.0800000000006,1900.65,Long
1623398100,1623439500.0,1900.86,1899.8,1899.8,1896.6200000000001,Short
1623440100,1623621900.0,1876.62,1875.94,1875.94,1873.9000000000005,Short
1623622200,1623622230.0,1876.46,1875.5,1879.3400000000001,1876.46,Long
1623623100,1623624300.0,1877.31,1875.9,1881.5399999999995,1877.31,Long
1623624600,1623624630.0,1876.8,1875.8,1875.8,1872.8,Short
1623625500,1623650100.0,1875.52,1874.71,1874.71,1872.2800000000002,Short
1623650400,1623650430.0,1864.52,1863.4,1867.8799999999997,1864.52,Long
1623651300,1623677700.0,1864.79,1861.23,1861.23,1850.5500000000002,Short
1623678900,1623693000.0,1865.79,1860.26,1882.3799999999999,1865.79,Long
1623693900,1623694800.0,1864.06,1862.3,1862.3,1857.02,Short
1623695400,1623697800.0,1863.74,1862.8,1862.8,1859.9799999999998,Short
1623699000,1623718500.0,1865.74,1863.6,1872.1600000000003,1865.74,Long
1623719400,1623734100.0,1867.47,1863.0,1863.0,1849.59,Short
1623735000,1623744300.0,1864.17,1863.1,1867.3800000000006,1864.17,Long
1623744900,1623748800.0,1864.63,1863.3,1863.3,1859.3099999999995,Short
1623750300,1623758400.0,1864.62,1863.32,1863.32,1859.42,Short
1623759300,1623761100.0,1866.05,1864.66,1870.2199999999996,1866.05,Long
1623762000,1623762030.0,1866.23,1864.49,1871.45,1866.23,Long
1623763800,1623763830.0,1867.19,1863.51,1878.2300000000002,1867.19,Long
1623764700,1623765600.0,1866.07,1863.7,1873.1799999999996,1866.07,Long
1623765900,1623787200.0,1865.06,1863.52,1863.52,1858.9,Short
1623790800,1623801900.0,1859.27,1857.9,1863.3799999999997,1859.27,Long
1623802800,1623814800.0,1857.2,1856.2,1856.2,1853.2,Short
1623815100,1623815700.0,1858.31,1856.8,1862.84,1858.31,Long
1623818400,1623832200.0,1860.19,1856.7,1870.66,1860.19,Long
1623832500,1623832530.0,1859.51,1858.12,1858.12,1853.9499999999996,Short
1623834000,1623837000.0,1860.14,1858.58,1858.58,1853.8999999999994,Short
1623837300,1623837600.0,1860.27,1859.1,1863.7800000000002,1860.27,Long
1623838200,1623838500.0,1859.64,1859.26,1859.26,1858.1199999999997,Short
1623839700,1623855300.0,1858.9,1857.44,1857.44,1853.06,Short
1623856800,1623866100.0,1857.11,1855.14,1863.0199999999993,1857.11,Long
1623867000,1623894000.0,1848.13,1842.66,1842.66,1826.25,Short
1623894300,1623907800.0,1819.85,1818.5,1823.8999999999996,1819.85,Long
1623909300,1623953100.0,1819.3,1816.5,1816.5,1808.1000000000001,Short
1623954900,1623955800.0,1781.83,1779.77,1779.77,1773.5900000000001,Short
1623956700,1623957000.0,1779.63,1777.92,1777.92,1772.79,Short
1623957900,1623959400.0,1777.54,1776.2,1781.5599999999997,1777.54,Long
1623960000,1623960600.0,1773.76,1771.37,1771.37,1764.1999999999996,Short
1623960900,1623961800.0,1773.75,1773.04,1775.88,1773.75,Long
1623962700,1623962730.0,1771.86,1769.71,1769.71,1763.2600000000004,Short
1623963600,1623965400.0,1773.26,1771.81,1777.6100000000001,1773.26,Long
1623967200,1623968100.0,1771.6,1771.6,1771.6,1771.6,Long
1623968700,1623968730.0,1776.27,1775.53,1778.49,1776.27,Long
1623970200,1623975300.0,1776.54,1774.8,1774.8,1769.58,Short
1623977400,1623994800.0,1779.37,1776.01,1789.4499999999996,1779.37,Long
1623996600,1623998400.0,1785.03,1782.96,1791.2399999999998,1785.03,Long
1623999000,1624017600.0,1784.6,1783.43,1788.1099999999994,1784.6,Long
1624018500,1624039200.0,1793.59,1790.81,1790.81,1782.47,Short
1624039800,1624039830.0,1774.52,1772.31,1781.15,1774.52,Long
1624040400,1624227300.0,1773.01,1771.61,1771.61,1767.4099999999996,Short
1624228500,1624234500.0,1769.81,1768.1,1768.1,1762.9699999999998,Short
1624234800,1624251600.0,1771.22,1770.59,1773.1100000000004,1771.22,Long
1624252500,1624254600.0,1772.9,1771.4,1771.4,1766.9,Short
1624255500,1624259700.0,1774.13,1772.52,1778.9600000000005,1774.13,Long
1624260600,1624260630.0,1775.51,1774.47,1778.6299999999999,1775.51,Long
1624263600,1624277400.0,1784.52,1775.89,1810.4099999999996,1784.52,Long
1624277700,1624287600.0,1780.1,1779.02,1779.02,1775.7800000000002,Short
1624290300,1624302600.0,1785.13,1782.66,1792.5400000000002,1785.13,Long
1624305300,1624306800.0,1783.11,1782.18,1782.18,1779.3900000000006,Short
1624307400,1624308000.0,1783.09,1782.1,1782.1,1779.1299999999999,Short
1624308600,1624308630.0,1783.48,1782.49,1786.45,1783.48,Long
1624309200,1624319400.0,1783.64,1782.2,1787.9600000000003,1783.64,Long
1624320300,1624320600.0,1784.12,1782.91,1782.91,1779.2800000000007,Short
1624321500,1624328100.0,1785.3,1783.94,1789.3799999999997,1785.3,Long
1624328400,1624328700.0,1785.62,1784.77,1784.77,1782.2200000000003,Short
1624329000,1624329030.0,1785.35,1784.83,1786.9099999999999,1785.35,Long
1624330800,1624338600.0,1787.19,1785.7,1791.66,1787.19,Long
1624339800,1624356000.0,1782.6,1779.71,1779.71,1771.0400000000004,Short
1624356300,1624357200.0,1780.07,1778.81,1783.85,1780.07,Long
1624357800,1624364400.0,1782.96,1781.9,1786.1399999999999,1782.96,Long
1624365600,1624366800.0,1777.78,1772.65,1772.65,1757.2600000000004,Short
1624368000,1624379100.0,1779.19,1778.25,1778.25,1775.4299999999998,Short
1624380000,1624381500.0,1779.9,1778.69,1783.5300000000002,1779.9,Long
1624382700,1624382730.0,1778.19,1776.9,1776.9,1773.0300000000002,Short
1624383300,1624386300.0,1778.9,1776.71,1785.4700000000003,1778.9,Long
1624387500,1624388700.0,1781.52,1778.45,1790.7299999999998,1781.52,Long
1624391100,1624391700.0,1778.83,1777.41,1783.0899999999995,1778.83,Long
1624392300,1624392330.0,1776.6,1774.5,1782.8999999999996,1776.6,Long
1624393500,1624395000.0,1777.15,1775.8,1775.8,1771.7499999999995,Short
1624399200,1624401300.0,1778.91,1777.4,1783.44,1778.91,Long
1624403700,1624404900.0,1779.45,1778.2,1783.2,1779.45,Long
1624406100,1624409100.0,1779.42,1777.2,1777.2,1770.54,Short
1624410000,1624412700.0,1778.63,1777.66,1781.5400000000002,1778.63,Long
1624413600,1624424700.0,1779.35,1777.88,1783.7599999999993,1779.35,Long
1624425900,1624426800.0,1780.52,1779.1,1779.1,1774.8399999999997,Short
1624427100,1624428900.0,1779.2,1778.01,1782.7700000000002,1779.2,Long
1624429200,1624429500.0,1782.1,1780.91,1780.91,1777.3400000000006,Short
1624430400,1624431600.0,1780.6,1779.4,1784.1999999999994,1780.6,Long
1624432200,1624433700.0,1783.36,1780.89,1780.89,1773.4800000000007,Short
1624434000,1624434030.0,1782.04,1780.22,1787.4999999999998,1782.04,Long
1624435800,1624450800.0,1783.5,1781.17,1790.4899999999998,1783.5,Long
1624451400,1624453200.0,1786.68,1782.45,1782.45,1769.76,Short
1624455000,1624465800.0,1784.48,1781.66,1792.9399999999998,1784.48,Long
1624466100,1624466130.0,1786.24,1784.8,1784.8,1780.4799999999998,Short
1624468800,1624469400.0,1782.24,1780.41,1787.7299999999998,1782.24,Long
1624470300,1624493400.0,1783.8,1782.4,1782.4,1778.2000000000005,Short
1624493700,1624497300.0,1777.28,1776.48,1779.6799999999998,1777.28,Long
1624497600,1624499100.0,1777.97,1775.81,1775.81,1769.3299999999997,Short
1624499400,1624499430.0,1776.39,1774.81,1781.1300000000006,1776.39,Long
1624500900,1624505700.0,1778.14,1776.9,1776.9,1773.18,Short
1624507200,1624512600.0,1776.27,1775.3,1775.3,1772.3899999999999,Short
1624513200,1624514100.0,1776.35,1775.21,1779.7699999999995,1776.35,Long
1624514700,1624516200.0,1777.1,1775.14,1775.14,1769.2600000000007,Short
1624518300,1624518330.0,1777.1,1775.23,1775.23,1769.6200000000003,Short
1624519500,1624545600.0,1777.41,1775.08,1784.4000000000005,1777.41,Long
1624545900,1624568400.0,1783.42,1782.75,1782.75,1780.7399999999998,Short
1624572300,1624573200.0,1776.61,1774.61,1774.61,1768.61,Short
1624577100,1624582800.0,1775.91,1774.3,1774.3,1769.4699999999996,Short
1624583100,1624601400.0,1775.85,1773.65,1782.4499999999994,1775.85,Long
1624602300,1624602330.0,1777.52,1776.4,1776.4,1773.0400000000004,Short
1624602900,1624602930.0,1779.74,1777.54,1777.54,1770.9399999999998,Short
1624603500,1624603530.0,1779.69,1777.8,1777.8,1772.1299999999997,Short
1624605300,1624632300.0,1780.54,1779.61,1783.3300000000002,1780.54,Long
1624632900,1624650600.0,1784.27,1782.29,1782.29,1776.35,Short
1624650900,1624841700.0,1779.04,1778.38,1781.0199999999995,1779.04,Long
1624842300,1624842600.0,1781.38,1779.73,1786.3300000000004,1781.38,Long
1624842900,1624888500.0,1781.28,1780.38,1780.38,1777.6800000000005,Short
1624888800,1624889100.0,1780.28,1779.34,1783.1000000000001,1780.28,Long
1624889400,1624889430.0,1782.43,1781.15,1781.15,1777.3100000000002,Short
1624890600,1624897500.0,1782.44,1780.2,1780.2,1773.48,Short
1624898400,1624899900.0,1780.93,1779.8,1779.8,1776.4099999999996,Short
1624900800,1624903200.0,1778.87,1777.11,1784.1499999999999,1778.87,Long
1624906500,1624906800.0,1780.2,1777.5,1777.5,1769.3999999999999,Short
1624907400,1624917900.0,1779.12,1778.1,1778.1,1775.04,Short
1624923600,1624942800.0,1778.45,1776.1,1776.1,1769.0499999999995,Short
1624943100,1624948200.0,1775.13,1774.16,1778.0400000000002,1775.13,Long
1624949400,1624950000.0,1775.11,1773.31,1780.5099999999998,1775.11,Long
1624950300,1624951200.0,1776.46,1774.99,1774.99,1770.58,Short
1624952100,1624968300.0,1775.16,1772.68,1772.68,1765.24,Short
1624968600,1624969500.0,1772.34,1769.59,1780.59,1772.34,Long
1624970400,1624985100.0,1766.14,1765.28,1765.28,1762.6999999999996,Short
1624986600,1624995000.0,1763.91,1761.59,1770.8700000000006,1763.91,Long
1624995300,1625011200.0,1760.65,1759.87,1759.87,1757.5299999999993,Short
1625012400,1625014800.0,1761.78,1760.9,1764.4199999999996,1761.78,Long
1625015400,1625016600.0,1762.53,1760.2,1760.2,1753.2100000000003,Short
1625017500,1625025000.0,1762.73,1760.45,1769.57,1762.73,Long
1625026200,1625026230.0,1761.8,1760.3,1760.3,1755.8,Short
1625027100,1625043900.0,1761.9,1760.7,1760.7,1757.1,Short
1625045700,1625045730.0,1758.04,1757.14,1760.7399999999996,1758.04,Long
1625046900,1625046930.0,1758.35,1757.73,1757.73,1755.8700000000003,Short
1625049000,1625049030.0,1758.74,1757.3,1757.3,1752.9799999999998,Short
1625052000,1625052300.0,1760.1,1757.5,1767.8999999999996,1760.1,Long
1625052600,1625052630.0,1760.98,1759.79,1759.79,1756.2199999999998,Short
1625055000,1625058600.0,1761.48,1758.01,1771.89,1761.48,Long
1625058900,1625060400.0,1757.92,1756.8,1756.8,1753.4399999999996,Short
1625060700,1625060730.0,1757.75,1755.21,1765.37,1757.75,Long
1625063400,1625085600.0,1763.26,1760.61,1771.2100000000003,1763.26,Long
1625085900,1625093700.0,1769.9,1769.1,1769.1,1766.6999999999994,Short
1625095200,1625095500.0,1770.19,1769.0,1773.7600000000002,1770.19,Long
1625097900,1625101800.0,1768.58,1767.1,1767.1,1762.6599999999999,Short
1625104500,1625127900.0,1771.95,1767.94,1783.98,1771.95,Long
1625128200,1625131200.0,1776.4,1775.72,1775.72,1773.6799999999998,Short
1625132400,1625136900.0,1774.55,1773.71,1773.71,1771.1900000000003,Short
1625137800,1625138400.0,1777.43,1775.02,1784.6600000000003,1777.43,Long
1625142300,1625142330.0,1779.33,1775.1,1792.02,1779.33,Long
1625142900,1625142930.0,1776.43,1772.61,1772.61,1761.1499999999994,Short
1625144100,1625148300.0,1777.67,1774.4,1787.48,1777.67,Long
1625148600,1625148630.0,1781.43,1779.47,1779.47,1773.59,Short
1625150100,1625151300.0,1777.4,1775.68,1775.68,1770.52,Short
1625152200,1625164800.0,1775.46,1773.83,1773.83,1768.9399999999996,Short
1625165100,1625166300.0,1773.43,1772.2,1777.1200000000001,1773.43,Long
1625167500,1625178000.0,1775.7,1774.34,1779.7800000000004,1775.7,Long
1625181600,1625183700.0,1776.5,1775.0,1781.0,1776.5,Long
1625184600,1625200800.0,1775.34,1774.4,1778.1599999999994,1775.34,Long
1625202000,1625202900.0,1778.45,1777.2,1782.2,1778.45,Long
1625204100,1625205900.0,1778.75,1777.0,1777.0,1771.75,Short
1625206200,1625206800.0,1778.15,1777.19,1781.0300000000002,1778.15,Long
1625207400,1625212500.0,1778.74,1776.37,1776.37,1769.2599999999995,Short
1625212800,1625228100.0,1777.94,1777.37,1779.6500000000005,1777.94,Long
1625228400,1625228700.0,1785.31,1783.92,1783.92,1779.7500000000005,Short
1625229000,1625234700.0,1781.55,1780.21,1785.5699999999997,1781.55,Long
1625235300,1625235330.0,1783.55,1781.32,1781.32,1774.6299999999999,Short
1625237100,1625243100.0,1784.38,1782.5,1782.5,1776.8599999999997,Short
1625244300,1625247900.0,1782.84,1781.0,1781.0,1775.4800000000002,Short
1625248800,1625437800.0,1787.87,1786.83,1790.9899999999998,1787.87,Long
1625439000,1625447400.0,1786.54,1785.2,1785.2,1781.1800000000003,Short
1625447700,1625457000.0,1788.3,1787.13,1791.8099999999995,1788.3,Long
1625457300,1625457900.0,1786.72,1785.98,1785.98,1783.76,Short
1625458200,1625461500.0,1786.23,1785.57,1788.2100000000003,1786.23,Long
1625462400,1625466900.0,1787.03,1786.39,1786.39,1784.4700000000005,Short
1625467200,1625484300.0,1788.43,1786.91,1792.99,1788.43,Long
1625485800,1625488800.0,1791.42,1789.18,1789.18,1782.46,Short
1625489100,1625489400.0,1791.63,1790.1,1796.2200000000007,1791.63,Long
1625490600,1625490900.0,1794.0,1791.12,1802.6400000000003,1794.0,Long
1625491500,1625491530.0,1792.37,1791.0,1791.0,1786.8900000000003,Short
1625492400,1625492700.0,1792.08,1790.9,1795.6199999999994,1792.08,Long
1625493000,1625498400.0,1792.3,1791.72,1791.72,1789.9800000000002,Short
1625499300,1625501100.0,1791.82,1790.9,1794.5799999999995,1791.82,Long
1625502300,1625503500.0,1791.4,1790.0,1790.0,1785.7999999999997,Short
1625503800,1625504100.0,1791.03,1790.62,1792.2600000000002,1791.03,Long
1625523900,1625524800.0,1792.66,1791.39,1796.47,1792.66,Long
1625525100,1625525400.0,1792.4,1791.96,1791.96,1790.6399999999999,Short
1625526000,1625526030.0,1791.82,1791.0,1791.0,1788.5400000000002,Short
1625527200,1625527230.0,1791.96,1791.38,1791.38,1789.6400000000003,Short
1625528400,1625580900.0,1791.79,1790.6,1795.3600000000001,1791.79,Long
1625581200,1625601600.0,1812.31,1810.66,1810.66,1805.7100000000005,Short
1625602200,1625610900.0,1796.74,1796.0,1798.96,1796.74,Long
1625613600,1625613900.0,1796.08,1794.98,1799.3799999999997,1796.08,Long
1625614200,1625614500.0,1796.44,1795.2,1795.2,1791.48,Short
1625614800,1625614830.0,1795.46,1794.94,1797.02,1795.46,Long
1625616900,1625619600.0,1796.4,1793.7,1793.7,1785.6,Short
1625619900,1625635500.0,1795.62,1794.57,1798.7699999999998,1795.62,Long
1625635800,1625636100.0,1798.12,1797.62,1797.62,1796.12,Short
1625639100,1625661900.0,1801.57,1800.54,1804.6599999999999,1801.57,Long
1625662200,1625662230.0,1806.65,1804.81,1804.81,1799.2899999999995,Short
1625663100,1625664900.0,1805.42,1804.4,1804.4,1801.3400000000001,Short
1625666400,1625678400.0,1807.5,1806.11,1806.11,1801.9399999999996,Short
1625679300,1625680500.0,1802.56,1801.21,1801.21,1797.1600000000003,Short
1625680800,1625683500.0,1803.95,1803.0,1806.8000000000002,1803.95,Long
1625685000,1625685300.0,1804.15,1802.56,1802.56,1797.7899999999995,Short
1625686800,1625687100.0,1804.69,1803.01,1809.7300000000002,1804.69,Long
1625688600,1625690100.0,1803.88,1801.8,1801.8,1795.5599999999995,Short
1625690700,1625698800.0,1804.01,1803.0,1807.04,1804.01,Long
1625699700,1625701200.0,1805.56,1804.18,1804.18,1800.0400000000004,Short
1625701500,1625701530.0,1804.52,1803.7,1806.9799999999998,1804.52,Long
1625702100,1625702130.0,1803.76,1803.18,1805.4999999999998,1803.76,Long
1625703000,1625703300.0,1803.61,1802.27,1807.6299999999997,1803.61,Long
1625703900,1625703930.0,1803.65,1802.2,1802.2,1797.85,Short
1625706000,1625706030.0,1804.49,1803.2,1803.2,1799.3300000000002,Short
1625706600,1625726400.0,1803.6,1802.4,1802.4,1798.8000000000006,Short
1625727300,1625748600.0,1799.06,1796.17,1807.7299999999996,1799.06,Long
1625749500,1625750700.0,1816.94,1813.2,1828.16,1816.94,Long
1625751000,1625751300.0,1814.58,1812.43,1812.43,1805.9800000000005,Short
1625751900,1625772000.0,1811.42,1809.4,1809.4,1803.3400000000001,Short
1625772600,1625791200.0,1798.33,1796.51,1803.7899999999997,1798.33,Long
1625791800,1625791830.0,1801.18,1800.0,1804.7200000000003,1801.18,Long
1625794200,1625806500.0,1805.22,1804.0,1808.88,1805.22,Long
1625807100,1625807130.0,1801.52,1800.6,1800.6,1797.8399999999997,Short
1625808600,1625817900.0,1801.67,1799.0,1799.0,1790.9899999999998,Short
1625818500,1625820300.0,1805.37,1804.81,1804.81,1803.13,Short
1625820900,1625820930.0,1803.13,1801.9,1801.9,1798.21,Short
1625821500,1625829300.0,1802.7,1801.31,1806.8700000000003,1802.7,Long
1625830500,1625833500.0,1800.01,1798.5,1798.5,1793.97,Short
1625835000,1625835600.0,1800.01,1798.52,1798.52,1794.05,Short
1625835900,1625835930.0,1802.88,1801.31,1807.5900000000006,1802.88,Long
1625836500,1625838900.0,1803.51,1801.7,1801.7,1796.2700000000002,Short
1625839200,1625860200.0,1804.43,1803.09,1808.4500000000005,1804.43,Long
1625861700,1625861730.0,1808.59,1807.93,1810.5699999999995,1808.59,Long
1625862900,1626090300.0,1808.61,1807.6,1807.6,1804.57,Short
1626090900,1626090930.0,1799.45,1797.84,1804.2800000000004,1799.45,Long
1626092100,1626093900.0,1800.78,1797.66,1797.66,1788.3000000000004,Short
1626095100,1626095400.0,1802.75,1801.75,1805.75,1802.75,Long
1626096300,1626099900.0,1805.11,1802.0,1802.0,1792.6700000000003,Short
1626102000,1626115200.0,1806.75,1803.63,1816.1099999999997,1806.75,Long
1626116700,1626120000.0,1806.79,1805.38,1811.0199999999995,1806.79,Long
1626120300,1626120900.0,1806.07,1804.61,1804.61,1800.2299999999998,Short
1626123600,1626154200.0,1806.34,1804.8,1810.9599999999998,1806.34,Long
1626156000,1626156900.0,1808.05,1805.98,1805.98,1799.7700000000002,Short
1626160200,1626160500.0,1811.53,1809.47,1817.7099999999998,1811.53,Long
1626160800,1626161400.0,1811.87,1810.5,1810.5,1806.3900000000003,Short
1626161700,1626162900.0,1811.05,1809.31,1816.27,1811.05,Long
1626163200,1626169500.0,1810.57,1809.5,1809.5,1806.2900000000002,Short
1626169800,1626171300.0,1807.59,1806.86,1809.78,1807.59,Long
1626175500,1626177300.0,1809.77,1806.7,1806.7,1797.4900000000002,Short
1626178500,1626180300.0,1812.57,1811.1,1816.98,1812.57,Long
1626181800,1626181830.0,1806.48,1804.84,1811.4000000000003,1806.48,Long
1626183600,1626193500.0,1813.73,1805.94,1837.1,1813.73,Long
1626193800,1626194100.0,1813.8,1812.2,1812.2,1807.4000000000003,Short
1626195000,1626195030.0,1812.05,1811.14,1811.14,1808.4100000000005,Short
1626195600,1626196500.0,1811.9,1810.7,1815.5000000000002,1811.9,Long
1626197100,1626197400.0,1809.77,1808.1,1814.7800000000002,1809.77,Long
1626198300,1626217200.0,1809.4,1807.11,1807.11,1800.2399999999993,Short
1626219300,1626223200.0,1806.84,1805.5,1805.5,1801.4800000000002,Short
1626224400,1626224430.0,1807.79,1806.4,1806.4,1802.2300000000005,Short
1626225900,1626245700.0,1810.02,1807.23,1818.3899999999999,1810.02,Long
1626246600,1626247800.0,1812.57,1811.2,1811.2,1807.0900000000004,Short
1626249600,1626249630.0,1813.1,1812.49,1812.49,1810.6600000000003,Short
1626251100,1626279000.0,1813.51,1812.21,1817.4099999999999,1813.51,Long
1626280800,1626285300.0,1822.76,1820.51,1820.51,1813.76,Short
1626286500,1626309000.0,1824.24,1823.71,1825.83,1824.24,Long
1626310500,1626311100.0,1825.61,1824.1,1824.1,1819.57,Short
1626311700,1626311730.0,1827.63,1824.81,1836.0900000000006,1827.63,Long
1626312600,1626313800.0,1827.64,1826.6,1830.7600000000007,1827.64,Long
1626314700,1626314730.0,1827.97,1827.07,1830.6700000000003,1827.97,Long
1626315900,1626317700.0,1826.84,1824.8,1824.8,1818.68,Short
1626318300,1626321600.0,1825.89,1825.46,1825.46,1824.1699999999998,Short
1626323400,1626325800.0,1826.7,1825.58,1830.0600000000004,1826.7,Long
1626326700,1626326730.0,1826.76,1825.8,1825.8,1822.9199999999998,Short
1626328200,1626343200.0,1829.54,1827.44,1835.8399999999997,1829.54,Long
1626344400,1626361800.0,1828.08,1826.5,1826.5,1821.7600000000002,Short
1626362100,1626362700.0,1823.32,1822.2,1826.6799999999996,1823.32,Long
1626364200,1626364230.0,1824.81,1824.13,1826.8499999999995,1824.81,Long
1626366000,1626366300.0,1826.01,1824.59,1830.2700000000002,1826.01,Long
1626366600,1626366900.0,1827.13,1826.0,1826.0,1822.6099999999997,Short
1626367500,1626395100.0,1826.41,1824.6,1831.8400000000006,1826.41,Long
1626397200,1626397500.0,1830.25,1829.0,1834.0,1830.25,Long
1626400500,1626438900.0,1827.63,1826.04,1826.04,1821.2699999999995,Short
1626439200,1626439500.0,1821.77,1820.06,1826.9,1821.77,Long
1626439800,1626440100.0,1825.12,1822.21,1822.21,1813.4800000000005,Short
1626441000,1626444000.0,1823.85,1822.34,1828.3799999999999,1823.85,Long
1626445500,1626461400.0,1816.77,1814.1,1814.1,1806.0899999999997,Short
1626462000,1626649800.0,1813.82,1813.0,1813.0,1810.5400000000002,Short
1626650100,1626650400.0,1812.92,1812.34,1814.6600000000005,1812.92,Long
1626650700,1626651300.0,1813.22,1812.72,1812.72,1811.22,Short
1626652800,1626663300.0,1815.81,1814.2,1820.6399999999996,1815.81,Long
1626664500,1626666300.0,1812.52,1812.01,1814.05,1812.52,Long
1626666600,1626692400.0,1813.78,1813.0,1813.0,1810.66,Short
1626693900,1626694200.0,1804.24,1803.7,1805.86,1804.24,Long
1626694500,1626698700.0,1806.44,1804.94,1804.94,1800.44,Short
1626699000,1626714000.0,1803.58,1802.31,1807.3899999999999,1803.58,Long
1626714300,1626721800.0,1809.34,1807.8,1807.8,1803.18,Short
1626723000,1626758400.0,1807.73,1806.5,1811.42,1807.73,Long
1626758700,1626758730.0,1817.43,1816.4,1816.4,1813.3100000000002,Short
1626759600,1626764700.0,1817.32,1815.28,1815.28,1809.16,Short
1626767100,1626774000.0,1817.37,1814.31,1814.31,1805.13,Short
1626774300,1626777300.0,1816.5,1815.51,1819.47,1816.5,Long
1626777600,1626778500.0,1817.53,1816.75,1816.75,1814.41,Short
1626779700,1626779730.0,1817.05,1814.97,1823.2899999999997,1817.05,Long
1626781200,1626791700.0,1817.44,1815.09,1824.4900000000005,1817.44,Long
1626792000,1626807000.0,1821.59,1818.65,1818.65,1809.8300000000006,Short
1626807600,1626807630.0,1809.31,1808.71,1811.1099999999997,1809.31,Long
1626809400,1626809430.0,1809.36,1808.77,1808.77,1807.0000000000002,Short
1626810000,1626812100.0,1809.07,1808.4,1811.0799999999995,1809.07,Long
1626813300,1626813330.0,1810.48,1809.71,1809.71,1807.4,Short
1626814500,1626814530.0,1810.3,1808.91,1814.4699999999996,1810.3,Long
1626819300,1626819330.0,1810.63,1809.9,1812.8200000000002,1810.63,Long
1626825300,1626827100.0,1809.76,1808.89,1812.3699999999997,1809.76,Long
1626828000,1626828600.0,1808.77,1808.0,1811.08,1808.77,Long
1626830100,1626840600.0,1808.95,1805.8,1805.8,1796.3499999999997,Short
1626841200,1626841230.0,1809.17,1808.2,1812.0800000000002,1809.17,Long
1626842400,1626843900.0,1808.52,1807.3,1807.3,1803.6399999999999,Short
1626844500,1626852300.0,1807.74,1807.19,1809.3899999999999,1807.74,Long
1626852600,1626857100.0,1810.84,1808.89,1808.89,1803.0400000000006,Short
1626857400,1626858000.0,1806.23,1804.51,1811.39,1806.23,Long
1626858900,1626875100.0,1808.86,1807.07,1807.07,1801.7,Short
1626876900,1626877200.0,1805.03,1802.85,1802.85,1796.3099999999997,Short
1626877500,1626877530.0,1805.04,1803.51,1809.6299999999999,1805.04,Long
1626878400,1626879600.0,1804.91,1803.01,1803.01,1797.3099999999997,Short
1626881400,1626890100.0,1805.36,1799.41,1823.2099999999994,1805.36,Long
1626891300,1626893100.0,1803.35,1802.2,1802.2,1798.7500000000005,Short
1626893400,1626895800.0,1803.58,1802.3,1807.4199999999998,1803.58,Long
1626898800,1626900300.0,1804.41,1802.9,1802.9,1798.3700000000001,Short
1626900900,1626906000.0,1803.44,1803.07,1804.5500000000004,1803.44,Long
1626906900,1626908400.0,1803.69,1802.7,1806.66,1803.69,Long
1626911100,1626935400.0,1803.11,1802.0,1802.0,1798.6700000000003,Short
1626937800,1626940800.0,1803.14,1800.6,1810.7600000000007,1803.14,Long
1626941700,1626956100.0,1797.43,1795.62,1795.62,1790.1899999999994,Short
1626957000,1626982500.0,1797.76,1794.91,1806.3099999999997,1797.76,Long
1626983100,1626984600.0,1806.69,1806.0,1808.7600000000002,1806.69,Long
1626984900,1626984930.0,1807.41,1806.68,1806.68,1804.49,Short
1626987600,1626998700.0,1807.01,1805.6,1811.2400000000002,1807.01,Long
1626999600,1627000800.0,1807.71,1806.7,1810.74,1807.71,Long
1627002300,1627020600.0,1808.38,1806.2,1806.2,1799.6599999999999,Short
1627021500,1627032000.0,1806.76,1805.23,1811.35,1806.76,Long
1627032600,1627049400.0,1805.08,1802.4,1802.4,1794.3600000000006,Short
1627050300,1627050900.0,1799.86,1796.71,1809.3099999999995,1799.86,Long
1627053300,1627058700.0,1799.78,1797.4,1806.9199999999996,1799.78,Long
1627059600,1627060800.0,1802.96,1801.47,1801.47,1797.0,Short
1627061700,1627069500.0,1802.09,1801.2,1804.7599999999995,1802.09,Long
1627071600,1627250400.0,1802.1,1800.67,1800.67,1796.3800000000006,Short
1627251000,1627251900.0,1802.52,1802.14,1802.14,1801.0000000000005,Short
1627252500,1627255800.0,1801.5,1800.4,1800.4,1797.1000000000004,Short
1627256100,1627256130.0,1801.37,1800.96,1802.5999999999995,1801.37,Long
1627257300,1627261800.0,1800.76,1800.07,1800.07,1797.9999999999998,Short
1627262100,1627279800.0,1800.72,1799.0,1805.88,1800.72,Long
1627280100,1627281000.0,1808.32,1807.11,1807.11,1803.4799999999998,Short
1627281900,1627292100.0,1806.9,1805.11,1812.2700000000007,1806.9,Long
1627293000,1627293300.0,1808.91,1807.82,1807.82,1804.5499999999995,Short
1627293900,1627298700.0,1809.3,1807.83,1813.71,1809.3,Long
1627299300,1627300500.0,1809.58,1808.52,1808.52,1805.3400000000001,Short
1627301400,1627341600.0,1808.22,1806.21,1806.21,1800.18,Short
1627341900,1627341930.0,1797.51,1796.4,1800.8399999999997,1797.51,Long
1627345200,1627345800.0,1798.0,1796.7,1796.7,1792.8000000000002,Short
1627347000,1627347030.0,1797.95,1796.43,1796.43,1791.8700000000001,Short
1627347600,1627349400.0,1798.49,1797.58,1801.2200000000003,1798.49,Long
1627350000,1627353300.0,1798.82,1797.48,1797.48,1793.4600000000003,Short
1627354500,1627361400.0,1799.17,1798.01,1802.6500000000003,1799.17,Long
1627362000,1627365000.0,1797.89,1796.7,1796.7,1793.1299999999999,Short
1627365900,1627365930.0,1796.31,1795.43,1798.9499999999996,1796.31,Long
1627367100,1627370700.0,1796.4,1795.51,1795.51,1792.8399999999997,Short
1627372200,1627377300.0,1800.86,1798.81,1798.81,1792.66,Short
1627377900,1627378800.0,1797.99,1797.35,1799.9100000000003,1797.99,Long
1627379400,1627380600.0,1797.04,1796.23,1799.4699999999998,1797.04,Long
1627380900,1627380930.0,1798.19,1796.79,1796.79,1792.5899999999997,Short
1627381500,1627385400.0,1797.45,1796.07,1801.5900000000004,1797.45,Long
1627386300,1627387200.0,1798.12,1795.9,1795.9,1789.2400000000007,Short
1627388400,1627395600.0,1803.51,1801.41,1809.8099999999997,1803.51,Long
1627396800,1627396830.0,1796.49,1795.05,1800.8100000000002,1796.49,Long
1627398900,1627401000.0,1798.46,1795.61,1807.0100000000004,1798.46,Long
1627401300,1627401600.0,1800.68,1799.46,1799.46,1795.8,Short
1627402800,1627407900.0,1799.35,1797.8,1797.8,1793.15,Short
1627408200,1627409700.0,1801.83,1800.7,1805.2199999999996,1801.83,Long
1627412400,1627413900.0,1801.16,1799.0,1807.6400000000003,1801.16,Long
1627415400,1627415700.0,1800.38,1798.8,1798.8,1794.0599999999995,Short
1627416600,1627417500.0,1800.84,1799.5,1804.8599999999997,1800.84,Long
1627418700,1627421400.0,1799.56,1798.6,1798.6,1795.7199999999998,Short
1627423200,1627423230.0,1798.08,1798.08,1798.08,1798.08,Long
1627424700,1627428900.0,1800.42,1799.1,1799.1,1795.1399999999994,Short
1627431000,1627434300.0,1799.45,1798.4,1798.4,1795.2500000000002,Short
1627434600,1627455900.0,1799.56,1798.2,1803.6399999999996,1799.56,Long
1627456800,1627483500.0,1805.79,1804.0,1804.0,1798.63,Short
1627484400,1627535700.0,1800.19,1799.69,1801.69,1800.19,Long
1627536300,1627537800.0,1816.11,1815.0,1819.4399999999996,1816.11,Long
1627538100,1627538130.0,1817.98,1816.18,1816.18,1810.7800000000002,Short
1627539000,1627587000.0,1817.43,1815.33,1823.7300000000005,1817.43,Long
1627587900,1627600500.0,1829.34,1828.18,1828.18,1824.7000000000005,Short
1627603200,1627607100.0,1830.57,1829.5,1829.5,1826.2900000000002,Short
1627607700,1627610100.0,1829.21,1827.55,1834.1900000000003,1829.21,Long
1627611300,1627611900.0,1829.28,1827.05,1827.05,1820.36,Short
1627612500,1627621200.0,1829.15,1828.4,1828.4,1826.15,Short
1627623000,1627627800.0,1828.14,1826.0,1826.0,1819.5799999999997,Short
1627628700,1627632300.0,1828.51,1827.71,1830.9099999999999,1828.51,Long
1627632900,1627639200.0,1829.67,1828.6,1832.8800000000006,1829.67,Long
1627639800,1627639830.0,1829.07,1827.4,1827.4,1822.3900000000006,Short
1627640700,1627641900.0,1828.37,1827.09,1832.2099999999998,1828.37,Long
1627642500,1627642800.0,1828.26,1827.71,1829.9099999999999,1828.26,Long
1627643100,1627647600.0,1828.89,1828.05,1828.05,1825.5299999999995,Short
1627647900,1627647930.0,1828.6,1826.51,1834.8699999999997,1828.6,Long
1627648800,1627855800.0,1827.98,1826.43,1826.43,1821.7800000000002,Short
1627857000,1627857900.0,1814.45,1813.2,1813.2,1809.45,Short
1627860300,1627866600.0,1814.4,1812.5,1820.1000000000004,1814.4,Long
1627866900,1627882500.0,1814.2,1812.32,1812.32,1806.6799999999996,Short
1627885200,1627900500.0,1810.52,1808.8,1808.8,1803.6399999999999,Short
1627901700,1627902300.0,1809.34,1808.1,1813.06,1809.34,Long
1627902600,1627902900.0,1809.2,1808.2,1808.2,1805.2,Short
1627903500,1627905300.0,1808.76,1807.0,1814.04,1808.76,Long
1627905600,1627906200.0,1811.46,1809.01,1809.01,1801.6599999999999,Short
1627906500,1627908600.0,1807.53,1807.09,1808.8500000000001,1807.53,Long
1627908900,1627908930.0,1809.66,1808.2,1808.2,1803.82,Short
1627909500,1627911900.0,1807.98,1806.51,1812.39,1807.98,Long
1627912500,1627912530.0,1810.18,1807.03,1807.03,1797.5799999999997,Short
1627914300,1627929000.0,1814.48,1813.18,1818.3799999999999,1814.48,Long
1627929300,1627929900.0,1814.99,1814.2,1814.2,1811.8300000000002,Short
1627932900,1627965300.0,1815.54,1812.9,1812.9,1804.9800000000005,Short
1627966500,1627966530.0,1812.43,1811.6,1811.6,1809.1099999999994,Short
1627968300,1627969500.0,1810.65,1810.0,1812.6000000000004,1810.65,Long
1627969800,1627974900.0,1811.41,1810.61,1810.61,1808.2099999999994,Short
1627975500,1627975530.0,1811.76,1809.35,1818.9900000000002,1811.76,Long
1627976400,1627976430.0,1809.58,1809.0,1811.3199999999997,1809.58,Long
1627977600,1627979700.0,1809.76,1809.18,1809.18,1807.4400000000003,Short
1627980000,1627980030.0,1811.06,1810.39,1813.0699999999995,1811.06,Long
1627981500,1627985400.0,1811.64,1809.8,1809.8,1804.2799999999995,Short
1627986600,1627988700.0,1811.4,1809.6,1816.8000000000006,1811.4,Long
1627990200,1627990500.0,1810.36,1809.1,1809.1,1805.32,Short
1627991400,1627991430.0,1810.38,1809.43,1809.43,1806.58,Short
1627992600,1627992630.0,1811.48,1809.72,1816.76,1811.48,Long
1627993500,1627994400.0,1809.73,1807.77,1807.77,1801.8899999999999,Short
1627997100,1628000700.0,1812.37,1810.98,1816.5399999999995,1812.37,Long
1628001000,1628001600.0,1811.33,1809.76,1809.76,1805.0500000000002,Short
1628002800,1628002830.0,1811.4,1809.1,1818.3000000000006,1811.4,Long
1628003400,1628003700.0,1811.14,1809.76,1809.76,1805.6199999999997,Short
1628004600,1628006700.0,1811.22,1810.41,1810.41,1807.9800000000002,Short
1628007900,1628009400.0,1810.39,1809.43,1813.2700000000002,1810.39,Long
1628012400,1628015700.0,1811.13,1810.77,1810.77,1809.6899999999996,Short
1628016000,1628016030.0,1810.27,1809.4,1812.8799999999997,1810.27,Long
1628016900,1628017500.0,1810.28,1809.84,1809.84,1808.5199999999998,Short
1628019000,1628022600.0,1810.96,1809.51,1815.3100000000002,1810.96,Long
1628022900,1628022930.0,1810.59,1809.7,1809.7,1807.0300000000004,Short
1628024400,1628030700.0,1810.33,1809.8,1809.8,1808.21,Short
1628032800,1628032830.0,1810.88,1809.8,1809.8,1806.5599999999995,Short
1628034300,1628036100.0,1810.92,1809.9,1813.98,1810.92,Long
1628036700,1628039700.0,1810.98,1809.8,1809.8,1806.2599999999998,Short
1628040300,1628057100.0,1810.62,1808.8,1816.0799999999997,1810.62,Long
1628058000,1628060700.0,1812.9,1811.7,1816.5000000000002,1812.9,Long
1628061300,1628061600.0,1813.94,1812.81,1817.3300000000004,1813.94,Long
1628061900,1628062200.0,1814.8,1813.7,1813.7,1810.4000000000003,Short
1628062500,1628065800.0,1813.69,1812.6,1816.9600000000005,1813.69,Long
1628067900,1628069700.0,1812.13,1810.4,1810.4,1805.21,Short
1628070900,1628071200.0,1814.06,1812.5,1818.7399999999998,1814.06,Long
1628072700,1628073300.0,1813.59,1812.8,1815.9599999999998,1813.59,Long
1628075700,1628086500.0,1814.13,1813.1,1817.2200000000007,1814.13,Long
1628088300,1628103300.0,1812.95,1811.33,1811.33,1806.4699999999996,Short
1628103600,1628103630.0,1811.2,1810.61,1812.9700000000005,1811.2,Long
1628105100,1628109300.0,1811.77,1810.3,1816.18,1811.77,Long
1628110200,1628110230.0,1811.68,1810.6,1810.6,1807.3599999999994,Short
1628114700,1628115600.0,1812.24,1811.83,1813.4700000000003,1812.24,Long
1628117400,1628118000.0,1811.89,1810.4,1810.4,1805.93,Short
1628119200,1628119500.0,1811.92,1810.9,1814.98,1811.92,Long
1628120100,1628121300.0,1811.83,1811.47,1812.9099999999996,1811.83,Long
1628124600,1628136900.0,1811.56,1809.1,1809.1,1801.7199999999998,Short
1628138100,1628138130.0,1811.3,1810.0,1810.0,1806.1000000000001,Short
1628139000,1628140500.0,1811.35,1810.1,1815.1,1811.35,Long
1628141400,1628143500.0,1810.94,1810.2,1810.2,1807.98,Short
1628143800,1628144700.0,1809.6,1808.5,1812.8999999999996,1809.6,Long
1628145300,1628145330.0,1810.43,1809.76,1809.76,1807.7499999999998,Short
1628146800,1628147100.0,1810.44,1809.63,1809.63,1807.2000000000003,Short
1628148300,1628151000.0,1810.27,1809.36,1813.0000000000002,1810.27,Long
1628151300,1628154900.0,1812.26,1811.16,1811.16,1807.8600000000004,Short
1628155200,1628155500.0,1810.62,1809.7,1813.3799999999994,1810.62,Long
1628155800,1628155830.0,1811.39,1810.97,1810.97,1809.7099999999998,Short
1628157000,1628164200.0,1811.64,1810.47,1815.1500000000003,1811.64,Long
1628164800,1628166300.0,1813.43,1812.47,1812.47,1809.59,Short
1628166900,1628168100.0,1811.3,1808.84,1818.68,1811.3,Long
1628169000,1628169300.0,1809.9,1808.57,1813.8900000000006,1809.9,Long
1628169600,1628185500.0,1811.9,1810.71,1810.71,1807.1399999999999,Short
1628185800,1628193900.0,1804.79,1804.1,1806.8600000000001,1804.79,Long
1628196000,1628204400.0,1804.61,1803.4,1803.4,1799.7700000000007,Short
1628205000,1628206800.0,1804.21,1803.2,1803.2,1800.17,Short
1628207400,1628229300.0,1803.93,1803.0,1803.0,1800.2099999999998,Short
1628230200,1628230500.0,1801.46,1799.68,1806.8,1801.46,Long
1628231400,1628231700.0,1800.9,1799.84,1799.84,1796.6599999999994,Short
1628232900,1628234400.0,1801.18,1800.12,1800.12,1796.9399999999994,Short
1628234700,1628235300.0,1799.12,1798.13,1802.0899999999992,1799.12,Long
1628236200,1628237400.0,1800.29,1799.4,1799.4,1796.7300000000005,Short
1628238000,1628238030.0,1800.68,1799.4,1804.52,1800.68,Long
1628239500,1628242200.0,1800.04,1798.82,1798.82,1795.1599999999999,Short
1628243100,1628251500.0,1799.35,1797.9,1797.9,1793.5500000000006,Short
1628252400,1628272500.0,1800.79,1799.7,1799.7,1796.4300000000003,Short
1628273400,1628273430.0,1765.62,1763.71,1771.3499999999995,1765.62,Long
1628274300,1628276400.0,1764.4,1763.7,1763.7,1761.6,Short
1628278200,1628278500.0,1763.97,1763.2,1766.28,1763.97,Long
1628278800,1628280900.0,1762.5,1761.43,1761.43,1758.2200000000003,Short
1628281200,1628456700.0,1761.06,1760.11,1763.91,1761.06,Long
1628460000,1628477700.0,1763.58,1763.58,1763.58,1763.58,Long
1628479800,1628501100.0,1741.58,1737.68,1753.2799999999995,1741.58,Long
1628503200,1628507400.0,1744.36,1742.54,1742.54,1737.0800000000002,Short
1628507700,1628507730.0,1744.4,1742.49,1750.1300000000003,1744.4,Long
1628509500,1628511600.0,1748.35,1746.52,1746.52,1741.0300000000002,Short
1628511900,1628511930.0,1744.6,1741.49,1753.9299999999996,1744.6,Long
1628512500,1628515800.0,1745.29,1742.76,1742.76,1735.17,Short
1628516100,1628516400.0,1744.94,1741.09,1756.4900000000005,1744.94,Long
1628517300,1628535600.0,1743.03,1739.12,1739.12,1727.3899999999996,Short
1628535900,1628536800.0,1729.53,1728.0,1734.12,1729.53,Long
1628538300,1628538600.0,1729.67,1728.9,1731.98,1729.67,Long
1628538900,1628538930.0,1730.58,1729.4,1729.4,1725.8600000000006,Short
1628541300,1628573100.0,1730.16,1728.6,1734.8400000000006,1730.16,Long
1628575800,1628580000.0,1734.8,1733.66,1738.2199999999996,1734.8,Long
1628580300,1628609700.0,1735.48,1734.0,1734.0,1729.56,Short
1628611800,1628612100.0,1732.66,1728.7,1728.7,1716.82,Short
1628612700,1628613000.0,1732.31,1730.6,1730.6,1725.4699999999998,Short
1628615400,1628624400.0,1730.51,1728.8,1735.64,1730.51,Long
1628624700,1628629200.0,1728.95,1728.44,1728.44,1726.91,Short
1628634300,1628645400.0,1729.76,1728.31,1728.31,1723.9599999999998,Short
1628645700,1628662800.0,1728.81,1728.07,1731.03,1728.81,Long
1628664300,1628671200.0,1731.27,1730.27,1730.27,1727.27,Short
1628673000,1628673900.0,1733.97,1732.2,1739.28,1733.97,Long
1628674200,1628674800.0,1733.82,1733.13,1733.13,1731.0600000000006,Short
1628675700,1628676600.0,1733.78,1732.62,1732.62,1729.1399999999996,Short
1628676900,1628718300.0,1734.21,1733.1,1737.5400000000004,1734.21,Long
1628721000,1628725800.0,1751.86,1750.4,1750.4,1746.0200000000007,Short
1628726100,1628728800.0,1751.81,1749.71,1758.1099999999997,1751.81,Long
1628730000,1628736000.0,1752.22,1750.45,1750.45,1745.14,Short
1628736900,1628743800.0,1751.02,1749.8,1749.8,1746.1399999999999,Short
1628744400,1628763900.0,1752.23,1751.2,1755.32,1752.23,Long
1628765100,1628783100.0,1753.08,1751.31,1751.31,1746.0,Short
1628784300,1628799300.0,1752.02,1750.22,1757.4199999999998,1752.02,Long
1628799900,1628811600.0,1753.27,1752.57,1755.3700000000001,1753.27,Long
1628811900,1628811930.0,1753.54,1752.7,1752.7,1750.1800000000003,Short
1628812800,1628813700.0,1753.89,1752.6,1757.7600000000007,1753.89,Long
1628815800,1628817300.0,1753.13,1752.6,1752.6,1751.0099999999993,Short
1628818500,1628853300.0,1755.6,1753.6,1761.6,1755.6,Long
1628853600,1628853630.0,1760.16,1759.19,1759.19,1756.28,Short
1628854800,1628885400.0,1760.72,1759.4,1764.6799999999998,1760.72,Long
1628887200,1629078600.0,1778.94,1777.51,1783.2300000000002,1778.94,Long
1629080100,1629081000.0,1779.13,1777.71,1777.71,1773.4499999999998,Short
1629082200,1629082500.0,1780.11,1778.4,1785.2399999999993,1780.11,Long
1629085500,1629102300.0,1777.69,1776.1,1776.1,1771.3299999999995,Short
1629103200,1629103800.0,1775.98,1775.14,1778.4999999999998,1775.98,Long
1629105000,1629105300.0,1776.08,1774.5,1774.5,1769.7600000000002,Short
1629105600,1629106500.0,1775.67,1774.84,1778.1600000000005,1775.67,Long
1629106800,1629106830.0,1775.82,1774.83,1774.83,1771.86,Short
1629107700,1629111900.0,1776.24,1774.4,1781.7599999999998,1776.24,Long
1629112800,1629115500.0,1774.44,1772.3,1772.3,1765.8799999999997,Short
1629117000,1629136800.0,1776.09,1773.7,1783.2599999999995,1776.09,Long
1629138000,1629138900.0,1786.6,1785.3,1790.4999999999998,1786.6,Long
1629143700,1629152700.0,1788.31,1786.7,1793.1399999999996,1788.31,Long
1629153600,1629157200.0,1787.15,1786.1,1790.3000000000006,1787.15,Long
1629158400,1629162000.0,1787.48,1786.8,1786.8,1784.7599999999998,Short
1629162300,1629162330.0,1787.57,1785.71,1793.1499999999996,1787.57,Long
1629163800,1629168000.0,1787.71,1785.51,1785.51,1778.9099999999999,Short
1629168900,1629176100.0,1787.57,1786.31,1786.31,1782.53,Short
1629176400,1629176700.0,1786.31,1785.39,1789.0699999999995,1786.31,Long
1629177000,1629177300.0,1787.19,1786.38,1786.38,1783.9500000000003,Short
1629177600,1629198900.0,1787.8,1786.5,1791.6999999999998,1787.8,Long
1629199200,1629201900.0,1795.08,1793.66,1793.66,1789.4000000000005,Short
1629203100,1629224100.0,1793.78,1791.7,1791.7,1785.4600000000003,Short
1629225000,1629227100.0,1784.78,1783.3,1783.3,1778.86,Short
1629229500,1629264300.0,1783.58,1781.7,1789.2199999999996,1783.58,Long
1629265200,1629265230.0,1789.33,1787.7,1787.7,1782.8100000000004,Short
1629267600,1629273000.0,1792.11,1791.15,1794.9899999999993,1792.11,Long
1629274500,1629288900.0,1789.01,1787.26,1787.26,1782.01,Short
1629290100,1629290700.0,1790.63,1787.01,1801.4900000000005,1790.63,Long
1629291300,1629293100.0,1788.31,1787.5,1790.7399999999998,1788.31,Long
1629293700,1629309300.0,1788.62,1784.5,1784.5,1772.1400000000003,Short
1629309600,1629310200.0,1781.09,1779.91,1784.6299999999994,1781.09,Long
1629311100,1629327300.0,1785.86,1783.3,1793.5399999999997,1785.86,Long
1629329700,1629331200.0,1787.86,1786.84,1790.9199999999998,1787.86,Long
1629331800,1629355800.0,1787.57,1785.81,1785.81,1780.53,Short
1629356700,1629356730.0,1782.3,1780.93,1780.93,1776.8200000000004,Short
1629357300,1629360000.0,1781.13,1780.5,1783.0200000000004,1781.13,Long
1629360300,1629360330.0,1781.89,1779.92,1779.92,1774.01,Short
1629360900,1629360930.0,1780.59,1779.66,1783.3799999999994,1780.59,Long
1629362100,1629379500.0,1779.44,1777.78,1784.4200000000003,1779.44,Long
1629380100,1629396600.0,1787.77,1785.08,1785.08,1777.0099999999998,Short
1629397500,1629414000.0,1779.02,1778.41,1778.41,1776.5800000000004,Short
1629414900,1629416100.0,1780.95,1780.2,1783.2,1780.95,Long
1629417600,1629417630.0,1779.56,1778.2,1778.2,1774.1200000000003,Short
1629419100,1629420000.0,1780.46,1779.0,1784.8400000000001,1780.46,Long
1629421200,1629447300.0,1781.28,1779.11,1787.7900000000002,1781.28,Long
1629447600,1629462300.0,1787.05,1785.69,1785.69,1781.6100000000004,Short
1629462900,1629464100.0,1785.92,1784.18,1791.14,1785.92,Long
1629465600,1629466800.0,1783.06,1780.14,1791.8199999999995,1783.06,Long
1629467100,1629467400.0,1785.73,1783.62,1783.62,1777.2899999999995,Short
1629468900,1629468930.0,1781.74,1779.86,1779.86,1774.2199999999996,Short
1629469500,1629474600.0,1780.72,1779.67,1779.67,1776.5200000000002,Short
1629475800,1629476100.0,1786.53,1782.03,1800.03,1786.53,Long
1629478200,1629478500.0,1785.55,1784.75,1784.75,1782.3500000000001,Short
1629479100,1629480300.0,1784.34,1783.59,1786.59,1784.34,Long
1629484800,1629485400.0,1783.22,1781.3,1788.9800000000002,1783.22,Long
1629487500,1629682800.0,1783.09,1781.9,1781.9,1778.3300000000006,Short
1629683100,1629698400.0,1778.84,1777.31,1783.4299999999998,1778.84,Long
1629699300,1629699330.0,1785.95,1784.9,1784.9,1781.7500000000002,Short
1629699900,1629699930.0,1785.64,1784.78,1784.78,1782.1999999999996,Short
1629701700,1629708600.0,1785.86,1784.23,1784.23,1779.3400000000004,Short
1629709500,1629738600.0,1788.22,1786.89,1792.2099999999998,1788.22,Long
1629739200,1629740400.0,1802.99,1802.49,1802.49,1800.99,Short
1629741600,1629747000.0,1804.41,1803.5,1807.1400000000003,1804.41,Long
1629747300,1629748800.0,1804.76,1803.7,1803.7,1800.5200000000002,Short
1629749100,1629749130.0,1804.78,1803.31,1809.19,1804.78,Long
1629750300,1629750330.0,1804.83,1803.7,1803.7,1800.3100000000004,Short
1629752400,1629762600.0,1805.49,1804.1,1809.6600000000003,1805.49,Long
1629763500,1629781500.0,1804.99,1803.91,1803.91,1800.6700000000003,Short
1629781800,1629781830.0,1802.1,1800.9,1805.6999999999994,1802.1,Long
1629783000,1629784200.0,1801.68,1801.09,1803.4500000000005,1801.68,Long
1629784800,1629785100.0,1803.67,1802.31,1802.31,1798.2299999999996,Short
1629785700,1629788100.0,1803.43,1801.51,1809.1900000000003,1803.43,Long
1629789000,1629789030.0,1804.16,1802.3,1802.3,1796.7199999999996,Short
1629789900,1629789930.0,1804.58,1802.16,1811.8399999999995,1804.58,Long
1629790800,1629791100.0,1802.1,1800.76,1800.76,1796.7400000000002,Short
1629792000,1629794700.0,1802.37,1800.39,1808.3099999999993,1802.37,Long
1629796500,1629798000.0,1802.03,1801.34,1804.1000000000001,1802.03,Long
1629799500,1629800400.0,1803.45,1802.76,1805.5200000000002,1803.45,Long
1629800700,1629800730.0,1804.68,1803.09,1803.09,1798.3199999999995,Short
1629802800,1629811500.0,1804.96,1803.9,1808.1399999999999,1804.96,Long
1629811800,1629811830.0,1808.1,1806.9,1806.9,1803.3000000000006,Short
1629813300,1629816600.0,1807.47,1805.5,1813.38,1807.47,Long
1629816900,1629817200.0,1806.08,1804.89,1804.89,1801.3200000000006,Short
1629818100,1629821700.0,1805.92,1803.4,1813.48,1805.92,Long
1629822000,1629822300.0,1806.71,1805.5,1805.5,1801.87,Short
1629825000,1629826500.0,1807.0,1804.6,1804.6,1797.3999999999996,Short
1629826800,1629827400.0,1805.84,1805.31,1807.4299999999998,1805.84,Long
1629827700,1629829500.0,1805.73,1804.7,1804.7,1801.6100000000001,Short
1629830100,1629831000.0,1805.64,1805.17,1805.17,1803.76,Short
1629832800,1629832830.0,1806.22,1804.96,1810.0,1806.22,Long
1629834600,1629870900.0,1804.3,1803.5,1803.5,1801.1000000000001,Short
1629871800,1629873900.0,1795.43,1794.82,1797.2600000000004,1795.43,Long
1629874200,1629877200.0,1795.6,1794.62,1794.62,1791.6799999999998,Short
1629878100,1629878130.0,1795.94,1793.4,1803.56,1795.94,Long
1629879600,1629879630.0,1796.21,1793.21,1805.21,1796.21,Long
1629881400,1629881700.0,1795.48,1793.36,1801.8400000000004,1795.48,Long
1629882900,1629882930.0,1794.34,1792.1,1792.1,1785.3799999999999,Short
1629886500,1629891000.0,1795.14,1793.2,1793.2,1787.3799999999999,Short
1629892800,1629894900.0,1795.02,1793.3,1793.3,1788.1399999999999,Short
1629896100,1629897900.0,1797.09,1795.5,1801.8599999999997,1797.09,Long
1629898200,1629913800.0,1795.11,1793.53,1793.53,1788.7900000000002,Short
1629914100,1629923400.0,1789.18,1788.14,1792.3,1789.18,Long
1629924600,1629924630.0,1790.19,1789.1,1789.1,1785.8299999999995,Short
1629931200,1629933000.0,1791.19,1790.0,1794.7600000000002,1791.19,Long
1629933300,1629936900.0,1791.08,1790.79,1790.79,1789.92,Short
1629937200,1629937230.0,1791.55,1791.12,1792.8400000000001,1791.55,Long
1629937800,1629942000.0,1791.75,1790.41,1790.41,1786.3900000000003,Short
1629942300,1629942600.0,1789.99,1789.38,1791.8199999999997,1789.99,Long
1629944100,1629972300.0,1790.17,1789.28,1789.28,1786.6099999999997,Short
1629974700,1629981300.0,1787.64,1785.8,1793.1600000000005,1787.64,Long
1629981600,1629982200.0,1787.8,1784.17,1784.17,1773.2800000000004,Short
1629982500,1629982530.0,1783.02,1781.07,1788.8700000000001,1783.02,Long
1629983400,1629983430.0,1783.29,1780.12,1780.12,1770.6099999999997,Short
1629985200,1629985500.0,1785.29,1783.89,1789.4899999999996,1785.29,Long
1629985800,1629985830.0,1788.38,1786.63,1786.63,1781.38,Short
1629988200,1630002900.0,1791.09,1785.18,1808.8199999999995,1791.09,Long
1630003500,1630004400.0,1791.69,1790.73,1794.5700000000002,1791.69,Long
1630006200,1630009500.0,1791.95,1790.5,1790.5,1786.1499999999999,Short
1630010700,1630011600.0,1791.88,1790.9,1790.9,1787.96,Short
1630015800,1630016100.0,1792.83,1791.8,1791.8,1788.71,Short
1630020300,1630052100.0,1793.22,1791.9,1797.1799999999998,1793.22,Long
1630052400,1630067400.0,1798.68,1797.31,1797.31,1793.1999999999996,Short
1630068600,1630069200.0,1798.44,1797.0,1802.7600000000002,1798.44,Long
1630069800,1630072800.0,1799.43,1793.99,1793.99,1777.6699999999998,Short
1630073400,1630275900.0,1801.44,1790.41,1834.53,1801.44,Long
1630276500,1630276530.0,1818.26,1817.1,1817.1,1813.6199999999997,Short
1630277100,1630277130.0,1818.09,1817.34,1817.34,1815.09,Short
1630278900,1630278930.0,1818.22,1816.8,1822.4800000000002,1818.22,Long
1630279800,1630280100.0,1818.24,1817.1,1817.1,1813.6799999999996,Short
1630281600,1630281630.0,1818.97,1816.8,1825.4800000000002,1818.97,Long
1630282800,1630287300.0,1818.63,1817.21,1822.8900000000003,1818.63,Long
1630288800,1630289100.0,1817.58,1816.2,1821.7199999999996,1817.58,Long
1630290000,1630306800.0,1817.47,1815.78,1815.78,1810.7099999999998,Short
1630308000,1630310700.0,1814.64,1813.21,1813.21,1808.9199999999998,Short
1630311300,1630311330.0,1814.42,1813.25,1813.25,1809.7399999999998,Short
1630313400,1630317000.0,1815.61,1813.84,1813.84,1808.53,Short
1630317300,1630327200.0,1815.23,1814.73,1816.73,1815.23,Long
1630328100,1630328400.0,1815.44,1814.42,1818.5,1815.44,Long
1630329000,1630329030.0,1814.57,1813.1,1813.1,1808.6899999999998,Short
1630330800,1630331700.0,1814.89,1812.3,1812.3,1804.5299999999995,Short
1630332000,1630332030.0,1813.23,1811.9,1817.2199999999998,1813.23,Long
1630332900,1630352100.0,1813.97,1812.59,1812.59,1808.4499999999996,Short
1630352400,1630354500.0,1811.19,1810.78,1812.4200000000003,1811.19,Long
1630355700,1630355730.0,1810.56,1808.7,1808.7,1803.1200000000003,Short
1630357200,1630361700.0,1810.5,1809.1,1809.1,1804.8999999999996,Short
1630364400,1630395900.0,1810.16,1809.3,1812.7400000000005,1810.16,Long
1630396200,1630396230.0,1816.19,1815.41,1815.41,1813.0700000000002,Short
1630397400,1630399500.0,1815.84,1814.8,1818.9599999999998,1815.84,Long
1630399800,1630399830.0,1815.63,1814.75,1814.75,1812.1099999999997,Short
1630403700,1630417500.0,1815.08,1813.5,1813.5,1808.7600000000002,Short
1630417800,1630417830.0,1814.22,1812.91,1818.1499999999999,1814.22,Long
1630419600,1630427700.0,1809.81,1807.62,1807.62,1801.0499999999997,Short
1630428600,1630432500.0,1812.84,1811.7,1816.2599999999995,1812.84,Long
1630434600,1630447200.0,1815.7,1814.06,1820.6200000000003,1815.7,Long
1630450200,1630450800.0,1814.67,1813.0,1813.0,1807.9899999999998,Short
1630451400,1630452600.0,1814.08,1813.1,1813.1,1810.1599999999999,Short
1630453200,1630453230.0,1814.84,1814.02,1814.02,1811.5600000000002,Short
1630454100,1630467600.0,1815.0,1813.3,1813.3,1808.1999999999998,Short
1630468200,1630472700.0,1815.44,1813.75,1820.5100000000002,1815.44,Long
1630473000,1630473300.0,1815.07,1814.5,1814.5,1812.7900000000002,Short
1630474800,1630480500.0,1814.66,1812.7,1820.5400000000002,1814.66,Long
1630480800,1630488600.0,1815.45,1814.26,1814.26,1810.6899999999998,Short
1630489800,1630496400.0,1814.37,1813.45,1813.45,1810.6900000000005,Short
1630497300,1630504800.0,1813.34,1810.91,1820.6299999999994,1813.34,Long
1630505700,1630506600.0,1814.84,1809.13,1809.13,1792.0000000000007,Short
1630506900,1630506930.0,1812.12,1810.71,1816.3499999999995,1812.12,Long
1630507800,1630509900.0,1812.94,1811.32,1811.32,1806.4599999999996,Short
1630512600,1630513200.0,1815.7,1812.14,1826.3799999999999,1815.7,Long
1630513500,1630513530.0,1816.48,1815.98,1815.98,1814.48,Short
1630514400,1630519800.0,1814.74,1813.81,1813.81,1811.0199999999998,Short
1630521900,1630521930.0,1813.05,1812.1,1812.1,1809.2499999999998,Short
1630522500,1630525500.0,1813.23,1812.2,1816.32,1813.23,Long
1630525800,1630529700.0,1814.9,1814.1,1814.1,1811.6999999999994,Short
1630534500,1630539900.0,1814.12,1812.8,1818.0799999999997,1814.12,Long
1630540200,1630540500.0,1813.89,1813.17,1813.17,1811.01,Short
1630541400,1630541700.0,1814.02,1812.51,1818.55,1814.02,Long
1630542300,1630543800.0,1815.19,1813.6,1813.6,1808.8299999999995,Short
1630545600,1630546800.0,1815.8,1813.51,1822.6699999999998,1815.8,Long
1630547700,1630549800.0,1814.18,1813.26,1813.26,1810.4999999999998,Short
1630550700,1630551000.0,1814.55,1813.1,1818.9,1814.55,Long
1630552800,1630561500.0,1813.24,1812.0,1812.0,1808.28,Short
1630562700,1630566000.0,1815.27,1812.91,1822.3499999999997,1815.27,Long
1630566300,1630566600.0,1814.89,1814.0,1814.0,1811.3299999999997,Short
1630567200,1630584900.0,1813.18,1811.9,1817.02,1813.18,Long
1630586400,1630605900.0,1813.42,1810.3,1810.3,1800.9399999999996,Short
1630606500,1630608000.0,1810.09,1809.2,1812.7599999999995,1810.09,Long
1630608900,1630612500.0,1808.89,1807.5,1807.5,1803.3299999999997,Short
1630613400,1630621500.0,1810.25,1809.2,1813.3999999999999,1810.25,Long
1630624500,1630624800.0,1809.56,1808.4,1808.4,1804.9200000000005,Short
1630627500,1630627530.0,1809.51,1808.57,1812.3300000000002,1809.51,Long
1630628400,1630628700.0,1809.48,1808.6,1808.6,1805.9599999999996,Short
1630630800,1630645500.0,1811.02,1808.7,1817.9799999999998,1811.02,Long
1630647600,1630649100.0,1811.56,1810.74,1814.0199999999998,1811.56,Long
1630651800,1630652100.0,1813.53,1811.69,1811.69,1806.1700000000003,Short
1630653000,1630653030.0,1814.17,1812.8,1818.2800000000004,1814.17,Long
1630654200,1630656300.0,1813.62,1812.99,1812.99,1811.1000000000004,Short
1630657200,1630658700.0,1812.65,1812.09,1814.3300000000006,1812.65,Long
1630659900,1630665000.0,1811.81,1811.1,1813.94,1811.81,Long
1630665900,1630666200.0,1813.38,1812.2,1812.2,1808.6599999999999,Short
1630666500,1630694700.0,1813.06,1812.71,1814.1099999999997,1813.06,Long
1630695000,1630695030.0,1830.39,1829.94,1829.94,1828.59,Short
1630696800,1630698000.0,1830.55,1829.84,1829.84,1827.7099999999998,Short
1630698300,1630698600.0,1829.51,1829.11,1830.7100000000003,1829.51,Long
1630698900,1630891500.0,1829.31,1828.2,1828.2,1824.8700000000003,Short
1630892700,1630893300.0,1828.07,1827.34,1827.34,1825.1499999999999,Short
1630893900,1630902600.0,1827.88,1826.8,1826.8,1823.5599999999995,Short
1630903200,1630904400.0,1826.48,1825.3,1825.3,1821.7599999999998,Short
1630905900,1630905930.0,1826.53,1826.05,1827.97,1826.53,Long
1630907100,1630907400.0,1826.27,1825.45,1825.45,1822.9900000000002,Short
1630907700,1630908000.0,1827.54,1826.44,1830.8399999999997,1827.54,Long
1630908900,1630909200.0,1826.93,1826.35,1828.6700000000005,1826.93,Long
1630910400,1630911000.0,1827.78,1826.7,1831.0199999999998,1827.78,Long
1630911300,1630915800.0,1827.46,1826.96,1826.96,1825.46,Short
1630916400,1630916430.0,1826.2,1825.67,1827.79,1826.2,Long
1630917000,1630945200.0,1826.84,1825.48,1825.48,1821.4000000000003,Short
1630947000,1630947030.0,1823.05,1821.7,1821.7,1817.6500000000003,Short
1630966800,1630968900.0,1823.79,1822.0,1822.0,1816.63,Short
1630972200,1630985700.0,1823.82,1822.1,1828.98,1823.82,Long
1630986000,1631021100.0,1824.18,1822.9,1822.9,1819.0600000000002,Short
1631021400,1631022000.0,1812.38,1811.19,1815.9500000000003,1812.38,Long
1631022600,1631038800.0,1811.67,1808.66,1808.66,1799.63,Short
1631039700,1631040000.0,1798.02,1797.29,1800.21,1798.02,Long
1631042700,1631043000.0,1796.92,1795.4,1801.48,1796.92,Long
1631043600,1631060100.0,1794.82,1793.9,1793.9,1791.1400000000006,Short
1631061000,1631076900.0,1796.64,1795.4,1800.3600000000001,1796.64,Long
1631078100,1631078130.0,1798.3,1796.45,1796.45,1790.9000000000003,Short
1631079000,1631079030.0,1797.55,1796.99,1796.99,1795.3100000000002,Short
1631079600,1631085600.0,1797.73,1797.04,1797.04,1794.9699999999998,Short
1631086200,1631087700.0,1799.63,1797.91,1804.7900000000002,1799.63,Long
1631088000,1631088030.0,1799.18,1797.9,1797.9,1794.0600000000002,Short
1631088900,1631091900.0,1798.93,1796.61,1805.8900000000006,1798.93,Long
1631092200,1631092800.0,1798.63,1798.04,1798.04,1796.2699999999995,Short
1631093700,1631094600.0,1798.04,1797.21,1800.5299999999997,1798.04,Long
1631094900,1631094930.0,1797.76,1797.22,1797.22,1795.6000000000001,Short
1631096100,1631100300.0,1797.39,1796.4,1800.3600000000001,1797.39,Long
1631100600,1631102100.0,1799.44,1798.5,1798.5,1795.6799999999998,Short
1631102400,1631103900.0,1797.48,1796.56,1800.2400000000002,1797.48,Long
1631104200,1631123100.0,1799.92,1798.8,1798.8,1795.4399999999996,Short
1631124000,1631128200.0,1792.75,1791.5,1796.5,1792.75,Long
1631128800,1631146800.0,1791.28,1789.9,1789.9,1785.7600000000004,Short
1631147100,1631148900.0,1788.98,1788.36,1790.8400000000004,1788.98,Long
1631149500,1631152500.0,1790.12,1788.1,1788.1,1782.04,Short
1631152800,1631153100.0,1789.1,1788.0,1792.3999999999996,1789.1,Long
1631156100,1631156400.0,1790.13,1788.12,1788.12,1782.0899999999992,Short
1631157300,1631166000.0,1790.2,1788.99,1788.99,1785.36,Short
1631166300,1631166330.0,1787.45,1786.78,1789.4600000000003,1787.45,Long
1631167800,1631170500.0,1788.85,1786.8,1786.8,1780.65,Short
1631171400,1631171700.0,1790.06,1788.71,1788.71,1784.6600000000003,Short
1631172300,1631190600.0,1790.78,1788.81,1796.69,1790.78,Long
1631190900,1631192400.0,1796.72,1794.74,1794.74,1788.8,Short
1631192700,1631194800.0,1793.53,1791.71,1798.9899999999998,1793.53,Long
1631195400,1631205600.0,1796.02,1793.24,1793.24,1784.9,Short
1631206800,1631208600.0,1793.89,1792.91,1796.8300000000002,1793.89,Long
1631209200,1631221200.0,1797.99,1796.81,1801.5300000000002,1797.99,Long
1631225700,1631230800.0,1794.43,1793.1,1793.1,1789.1099999999994,Short
1631231400,1631233800.0,1795.34,1793.7,1800.2599999999995,1795.34,Long
1631235300,1631235330.0,1795.41,1794.98,1794.98,1793.6899999999998,Short
1631237100,1631238900.0,1794.14,1792.8,1798.1600000000005,1794.14,Long
1631239200,1631239500.0,1794.85,1794.2,1794.2,1792.2500000000005,Short
1631239800,1631266200.0,1794.48,1792.7,1799.82,1794.48,Long
1631268600,1631283600.0,1796.84,1795.54,1795.54,1791.64,Short
1631283900,1631284200.0,1794.87,1793.61,1798.6499999999999,1794.87,Long
1631284500,1631284530.0,1796.34,1795.0,1795.0,1790.9800000000002,Short
1631285100,1631286000.0,1795.56,1794.31,1799.31,1795.56,Long
1631286900,1631286930.0,1794.55,1792.7,1792.7,1787.1500000000003,Short
1631289600,1631490900.0,1793.84,1790.51,1790.51,1780.5200000000002,Short
1631540100,1631555100.0,1792.24,1791.06,1795.7800000000002,1792.24,Long
1631556000,1631556030.0,1792.0,1790.89,1795.3299999999997,1792.0,Long
1631557200,1631565000.0,1792.75,1791.51,1791.51,1787.79,Short
1631566800,1631566830.0,1793.59,1792.6,1796.56,1793.59,Long
1631570400,1631574600.0,1793.21,1793.21,1793.21,1793.21,Long
1631574900,1631574930.0,1792.94,1792.1,1792.1,1789.5799999999995,Short
1631577900,1631595900.0,1793.21,1792.2,1792.2,1789.17,Short
1631598000,1631601000.0,1792.45,1791.06,1796.6200000000003,1792.45,Long
1631601600,1631604900.0,1792.38,1791.65,1794.5700000000002,1792.38,Long
1631605200,1631605500.0,1792.36,1790.6,1790.6,1785.32,Short
1631606400,1631622300.0,1791.65,1789.31,1789.31,1782.2899999999995,Short
1631623200,1631645100.0,1792.97,1787.68,1808.84,1792.97,Long
1631648700,1631650200.0,1804.18,1802.3,1802.3,1796.6599999999996,Short
1631651100,1631657700.0,1805.2,1804.5,1807.3000000000002,1805.2,Long
1631658600,1631662500.0,1804.2,1803.3,1803.3,1800.5999999999997,Short
1631664600,1631664900.0,1804.09,1803.01,1803.01,1799.7700000000002,Short
1631665500,1631671800.0,1803.71,1803.21,1803.21,1801.71,Short
1631672400,1631679300.0,1804.58,1803.76,1803.76,1801.3000000000002,Short
1631680800,1631683500.0,1803.53,1802.03,1808.03,1803.53,Long
1631685000,1631685300.0,1803.35,1802.85,1804.85,1803.35,Long
1631686800,1631701500.0,1804.12,1802.21,1802.21,1796.4800000000005,Short
1631702100,1631702700.0,1802.16,1801.21,1805.0100000000002,1802.16,Long
1631704500,1631709900.0,1803.32,1801.46,1808.8999999999996,1803.32,Long
1631710800,1631732100.0,1798.04,1795.11,1795.11,1786.3199999999997,Short
1631732400,1631732430.0,1793.18,1792.51,1795.1900000000003,1793.18,Long
1631733300,1631733600.0,1792.86,1790.9,1790.9,1785.0200000000007,Short
1631734800,1631734830.0,1793.33,1792.2,1796.7199999999996,1793.33,Long
1631737500,1631753700.0,1793.59,1793.22,1794.6999999999996,1793.59,Long
1631755500,1631760000.0,1793.53,1792.14,1797.6999999999996,1793.53,Long
1631760900,1631762100.0,1795.66,1794.66,1794.66,1791.66,Short
1631762700,1631813700.0,1794.22,1792.91,1792.91,1788.9800000000002,Short
1631814300,1631816100.0,1756.48,1755.5,1759.42,1756.48,Long
1631816700,1631819100.0,1755.82,1755.24,1757.5599999999997,1755.82,Long
1631819700,1631820900.0,1755.38,1753.4,1753.4,1747.46,Short
1631821500,1631821530.0,1754.91,1754.13,1757.25,1754.91,Long
1631822400,1631835600.0,1754.94,1753.97,1753.97,1751.06,Short
1631839500,1631874900.0,1755.33,1754.0,1759.3199999999997,1755.33,Long
1631875200,1631880900.0,1764.46,1763.81,1763.81,1761.8599999999997,Short
1631881800,1631899500.0,1763.35,1761.85,1761.85,1757.35,Short
1631900700,1631900730.0,1751.08,1749.9,1749.9,1746.3600000000006,Short
1631902800,1631902830.0,1751.36,1749.9,1749.9,1745.5200000000007,Short
1631903700,1631906100.0,1752.22,1751.4,1754.6799999999998,1752.22,Long
1631909700,1631910000.0,1752.2,1751.2,1755.2,1752.2,Long
1631910600,1631911500.0,1752.62,1751.7,1751.7,1748.9400000000005,Short
1631911800,1632095100.0,1752.94,1752.0,1755.7600000000002,1752.94,Long
1632095700,1632095730.0,1753.61,1752.8,1756.0399999999997,1753.61,Long
1632097200,1632099600.0,1753.9,1753.1,1756.3000000000006,1753.9,Long
1632100200,1632117900.0,1752.86,1751.67,1751.67,1748.1000000000006,Short
1632118800,1632143700.0,1751.42,1748.0,1761.6800000000003,1751.42,Long
1632144000,1632144600.0,1758.86,1757.27,1757.27,1752.5000000000002,Short
1632146700,1632155100.0,1758.05,1757.07,1760.99,1758.05,Long
1632155700,1632162300.0,1760.8,1759.48,1764.7599999999998,1760.8,Long
1632163200,1632166800.0,1762.54,1760.31,1760.31,1753.62,Short
1632167400,1632185400.0,1763.43,1761.42,1769.46,1763.43,Long
1632186000,1632189000.0,1763.61,1762.87,1762.87,1760.6499999999999,Short
1632190500,1632190800.0,1766.06,1763.91,1772.5099999999995,1766.06,Long
1632191400,1632213300.0,1764.27,1763.8,1763.8,1762.3899999999999,Short
1632213600,1632248700.0,1761.68,1760.61,1764.8900000000006,1761.68,Long
1632249300,1632249330.0,1775.32,1774.86,1776.7,1775.32,Long
1632250200,1632269700.0,1775.57,1774.5,1774.5,1771.2900000000002,Short
1632270300,1632270330.0,1774.93,1773.7,1773.7,1770.01,Short
1632271200,1632272100.0,1774.48,1773.4,1773.4,1770.1600000000003,Short
1632272400,1632272430.0,1773.36,1772.33,1776.4499999999998,1773.36,Long
1632274800,1632287100.0,1775.7,1773.41,1782.57,1775.7,Long
1632288000,1632294000.0,1776.98,1775.81,1780.4900000000002,1776.98,Long
1632295500,1632296100.0,1778.89,1777.31,1783.6300000000006,1778.89,Long
1632296700,1632297300.0,1778.88,1778.22,1780.8600000000004,1778.88,Long
1632297600,1632317400.0,1778.9,1776.6,1776.6,1769.6999999999994,Short
1632317700,1632318000.0,1774.91,1773.51,1779.1100000000004,1774.91,Long
1632318600,1632321000.0,1777.25,1774.82,1774.82,1767.5299999999997,Short
1632321300,1632332700.0,1776.62,1775.25,1780.7299999999996,1776.62,Long
1632333600,1632335700.0,1776.78,1775.18,1781.5799999999997,1776.78,Long
1632336300,1632354900.0,1780.59,1770.39,1770.39,1739.7900000000006,Short
1632356400,1632373500.0,1767.54,1766.19,1766.19,1762.1400000000003,Short
1632374700,1632376800.0,1764.68,1763.94,1766.9,1764.68,Long
1632377700,1632379800.0,1763.2,1762.17,1766.29,1763.2,Long
1632380700,1632380730.0,1764.27,1762.94,1768.2599999999998,1764.27,Long
1632382500,1632400800.0,1764.31,1762.2,1770.6399999999996,1764.31,Long
1632404100,1632419400.0,1756.01,1753.39,1753.39,1745.5300000000004,Short
1632420300,1632420600.0,1752.72,1751.4,1756.6799999999998,1752.72,Long
1632422700,1632422730.0,1751.9,1749.7,1749.7,1743.1,Short
1632424500,1632425700.0,1749.72,1748.6,1753.0800000000004,1749.72,Long
1632426300,1632444300.0,1749.24,1747.7,1747.7,1743.0800000000002,Short
1632444900,1632444930.0,1748.22,1747.2,1751.28,1748.22,Long
1632445800,1632477300.0,1747.87,1746.1,1753.1799999999998,1747.87,Long
1632477900,1632478200.0,1754.58,1753.72,1753.72,1751.1400000000003,Short
1632479100,1632479400.0,1755.2,1753.11,1761.4700000000005,1755.2,Long
1632480300,1632481800.0,1755.43,1754.3,1758.8200000000004,1755.43,Long
1632484500,1632498600.0,1753.68,1751.11,1751.11,1743.3999999999994,Short
1632498900,1632508500.0,1752.32,1750.4,1758.0799999999995,1752.32,Long
1632511500,1632696300.0,1747.18,1745.04,1745.04,1738.6199999999997,Short
1632696600,1632722100.0,1749.72,1748.9,1752.1799999999998,1749.72,Long
1632724200,1632726600.0,1757.67,1755.31,1755.31,1748.2299999999996,Short
1632727500,1632745800.0,1760.58,1759.01,1759.01,1754.3000000000002,Short
1632746100,1632749100.0,1751.15,1749.25,1756.8500000000004,1751.15,Long
1632751500,1632761100.0,1757.48,1754.7,1765.82,1757.48,Long
1632762000,1632764100.0,1753.74,1751.5,1751.5,1744.78,Short
1632764400,1632764700.0,1752.66,1751.5,1756.1400000000003,1752.66,Long
1632765300,1632768900.0,1752.43,1751.48,1751.48,1748.6299999999999,Short
1632770700,1632786300.0,1750.9,1750.1,1750.1,1747.6999999999994,Short
1632786600,1632787800.0,1750.65,1750.26,1751.8200000000004,1750.65,Long
1632788400,1632788700.0,1751.09,1750.23,1753.6699999999996,1751.09,Long
1632789000,1632792600.0,1751.0,1750.4,1750.4,1748.6000000000004,Short
1632793800,1632800100.0,1752.37,1751.4,1755.2799999999993,1752.37,Long
1632802200,1632803700.0,1750.25,1748.9,1748.9,1744.8500000000004,Short
1632804000,1632804030.0,1750.0,1749.36,1751.9200000000003,1750.0,Long
1632805200,1632806700.0,1751.11,1749.51,1755.9099999999996,1751.11,Long
1632807000,1632840900.0,1751.31,1749.7,1749.7,1744.8700000000003,Short
1632841200,1632843900.0,1734.23,1732.13,1740.5299999999997,1734.23,Long
1632844500,1632849000.0,1736.12,1735.56,1737.7999999999997,1736.12,Long
1632849600,1632850200.0,1736.32,1734.28,1742.4399999999998,1736.32,Long
1632850800,1632850830.0,1736.95,1735.9,1735.9,1732.7500000000002,Short
1632851700,1632852300.0,1735.86,1734.4,1740.2399999999993,1735.86,Long
1632852900,1632853200.0,1734.78,1734.11,1736.7900000000002,1734.78,Long
1632854400,1632855600.0,1735.14,1733.3,1733.3,1727.7799999999995,Short
1632857400,1632873000.0,1733.93,1732.6,1732.6,1728.6099999999994,Short
1632873300,1632897300.0,1734.74,1733.6,1738.1600000000003,1734.74,Long
1632898800,1632898830.0,1740.28,1738.41,1745.8899999999996,1740.28,Long
1632900300,1632900330.0,1738.88,1737.0,1737.0,1731.3599999999997,Short
1632900900,1632903300.0,1741.03,1739.11,1739.11,1733.3499999999997,Short
1632904200,1632918000.0,1741.09,1740.08,1744.12,1741.09,Long
1632919200,1632948300.0,1740.19,1736.6,1736.6,1725.8299999999995,Short
1632949200,1632981000.0,1726.65,1725.6,1729.8000000000006,1726.65,Long
1632982500,1632988800.0,1730.3,1729.47,1729.47,1726.9800000000002,Short
1632990300,1632992400.0,1733.92,1732.2,1739.0800000000002,1733.92,Long
1632992700,1633005900.0,1733.27,1732.3,1732.3,1729.3899999999999,Short
1633007400,1633029000.0,1738.37,1734.98,1748.5399999999995,1738.37,Long
1633029900,1633031700.0,1756.9,1756.0,1756.0,1753.2999999999997,Short
1633035300,1633040700.0,1757.65,1756.1,1756.1,1751.4499999999994,Short
1633041600,1633041630.0,1756.16,1755.1,1759.3400000000006,1756.16,Long
1633043700,1633055100.0,1755.53,1754.1,1754.1,1749.8099999999997,Short
1633055700,1633056600.0,1755.83,1754.77,1759.0099999999998,1755.83,Long
1633056900,1633056930.0,1756.56,1755.51,1755.51,1752.3600000000001,Short
1633057500,1633058400.0,1755.7,1754.6,1754.6,1751.2999999999995,Short
1633059000,1633059030.0,1755.04,1753.7,1759.0599999999997,1755.04,Long
1633060200,1633060230.0,1753.86,1752.38,1752.38,1747.9400000000007,Short
1633061400,1633061430.0,1754.2,1753.65,1753.65,1752.0000000000002,Short
1633062300,1633062900.0,1753.29,1752.75,1752.75,1751.13,Short
1633063500,1633064400.0,1753.75,1752.9,1756.2999999999997,1753.75,Long
1633066800,1633069200.0,1752.45,1750.7,1750.7,1745.45,Short
1633072200,1633074000.0,1757.11,1756.11,1756.11,1753.11,Short
1633074300,1633074330.0,1754.59,1753.45,1758.0099999999995,1754.59,Long
1633076100,1633076130.0,1752.56,1751.76,1751.76,1749.3600000000001,Short
1633076700,1633076730.0,1753.44,1752.37,1756.6500000000005,1753.44,Long
1633077300,1633077330.0,1753.29,1750.92,1760.3999999999996,1753.29,Long
1633078200,1633078230.0,1753.9,1751.5,1751.5,1744.2999999999997,Short
1633079700,1633084200.0,1754.97,1753.81,1758.4500000000003,1754.97,Long
1633084500,1633088100.0,1754.99,1753.9,1753.9,1750.6300000000003,Short
1633089600,1633089630.0,1754.6,1753.2,1758.7999999999995,1754.6,Long
1633090200,1633090500.0,1753.48,1752.69,1752.69,1750.3200000000002,Short
1633090800,1633112400.0,1752.5,1749.68,1760.9599999999998,1752.5,Long
1633113300,1633114200.0,1759.24,1758.41,1758.41,1755.9200000000003,Short
1633114800,1633115400.0,1759.29,1757.7,1757.7,1752.9300000000003,Short
1633116900,1633116930.0,1758.07,1757.3,1760.3799999999999,1758.07,Long
1633117800,1633121400.0,1758.68,1758.24,1758.24,1756.9199999999998,Short
1633287600,1633313400.0,1760.73,1760.73,1760.73,1760.73,Long
1633315200,1633350000.0,1760.42,1759.2,1759.2,1755.54,Short
1633350600,1633352400.0,1752.9,1752.16,1755.1200000000001,1752.9,Long
1633353300,1633353600.0,1752.24,1750.51,1757.43,1752.24,Long
1633355700,1633372800.0,1752.09,1748.74,1762.1399999999996,1752.09,Long
1633373700,1633374900.0,1766.42,1765.85,1765.85,1764.1399999999994,Short
1633375200,1633378500.0,1764.43,1763.3,1767.8200000000004,1764.43,Long
1633379700,1633379730.0,1768.15,1767.2,1771.0000000000002,1768.15,Long
1633380600,1633380900.0,1768.63,1768.14,1770.1000000000001,1768.63,Long
1633381200,1633384800.0,1769.39,1768.5,1768.5,1765.8299999999997,Short
1633386000,1633394400.0,1769.05,1767.4,1773.9999999999995,1769.05,Long
1633395000,1633421700.0,1767.05,1765.31,1765.31,1760.09,Short
1633422300,1633427100.0,1758.74,1757.78,1757.78,1754.8999999999999,Short
1633427400,1633428000.0,1757.9,1756.9,1760.9,1757.9,Long
1633428300,1633435500.0,1757.97,1757.26,1757.26,1755.1299999999999,Short
1633437000,1633437030.0,1761.15,1758.18,1770.0600000000002,1761.15,Long
1633437900,1633437930.0,1758.76,1757.66,1762.0599999999997,1758.76,Long
1633439100,1633446000.0,1757.33,1755.11,1755.11,1748.4499999999998,Short
1633447800,1633450200.0,1757.41,1753.81,1768.2100000000005,1757.41,Long
1633451100,1633451130.0,1758.7,1758.11,1760.4700000000005,1758.7,Long
1633452300,1633462800.0,1759.89,1758.5,1764.0600000000004,1759.89,Long
1633463700,1633463730.0,1760.11,1759.48,1761.9999999999995,1760.11,Long
1633465800,1633466400.0,1760.23,1758.7,1764.82,1760.23,Long
1633467600,1633467630.0,1760.02,1759.0,1759.0,1755.94,Short
1633471800,1633472100.0,1760.01,1759.2,1759.2,1756.7700000000002,Short
1633472400,1633472430.0,1760.08,1759.72,1761.1599999999996,1760.08,Long
1633473300,1633517700.0,1760.2,1759.0,1759.0,1755.3999999999999,Short
1633518000,1633518030.0,1750.55,1749.37,1754.0900000000001,1750.55,Long
1633518900,1633553700.0,1752.37,1751.2,1755.8799999999994,1752.37,Long
1633554000,1633554030.0,1763.0,1761.84,1761.84,1758.3599999999997,Short
1633559400,1633561500.0,1763.3,1762.2,1766.5999999999997,1763.3,Long
1633562100,1633564200.0,1762.83,1762.52,1763.7599999999998,1762.83,Long
1633566300,1633587000.0,1764.19,1762.54,1762.54,1757.5899999999997,Short
1633587600,1633587630.0,1760.77,1759.7,1759.7,1756.4900000000002,Short
1633588200,1633597800.0,1760.6,1759.95,1762.5499999999995,1760.6,Long
1633598700,1633598730.0,1759.63,1758.58,1758.58,1755.4299999999994,Short
1633600500,1633603200.0,1761.03,1758.39,1768.9499999999996,1761.03,Long
1633603500,1633604400.0,1761.66,1761.03,1761.03,1759.1399999999996,Short
1633604700,1633605600.0,1762.47,1761.59,1765.1100000000004,1762.47,Long
1633606800,1633614900.0,1764.54,1761.8,1761.8,1753.58,Short
1633615200,1633615800.0,1759.05,1755.6,1769.4,1759.05,Long
1633616100,1633616130.0,1763.02,1761.71,1761.71,1757.7800000000002,Short
1633617300,1633624800.0,1761.43,1758.19,1758.19,1748.47,Short
1633625700,1633629600.0,1757.55,1756.6,1760.4,1757.55,Long
1633630200,1633653600.0,1757.35,1756.5,1756.5,1753.9500000000003,Short
1633654500,1633654530.0,1755.91,1754.98,1754.98,1752.1899999999998,Short
1633655700,1633670400.0,1757.42,1755.56,1763.0000000000005,1757.42,Long
1633670700,1633670730.0,1757.96,1756.72,1756.72,1753.0,Short
1633671600,1633671630.0,1758.07,1756.59,1762.51,1758.07,Long
1633672200,1633672500.0,1758.79,1757.9,1757.9,1755.2300000000005,Short
1633673400,1633674900.0,1760.08,1758.43,1765.0299999999995,1760.08,Long
1633676100,1633683300.0,1759.8,1757.4,1757.4,1750.2000000000005,Short
1633683600,1633684200.0,1755.85,1755.1,1758.1,1755.85,Long
1633685100,1633685130.0,1756.96,1756.44,1758.52,1756.96,Long
1633685700,1633687500.0,1757.97,1756.8,1761.4800000000002,1757.97,Long
1633688400,1633689300.0,1759.17,1758.21,1762.0500000000002,1759.17,Long
1633689900,1633703400.0,1760.09,1759.38,1762.2199999999993,1760.09,Long
1633704300,1633899900.0,1760.95,1756.13,1756.13,1741.6700000000003,Short
1633904700,1633911300.0,1757.61,1755.77,1755.77,1750.2500000000002,Short
1633912800,1633912830.0,1757.43,1756.5,1756.5,1753.7099999999998,Short
1633914300,1633925100.0,1757.08,1755.21,1762.6899999999996,1757.08,Long
1633925700,1633927500.0,1755.76,1754.3,1754.3,1749.9199999999998,Short
1633928400,1633928430.0,1756.9,1755.7,1755.7,1752.1,Short
1633930200,1633938600.0,1757.62,1755.9,1755.9,1750.7400000000007,Short
1633940400,1633947000.0,1756.49,1755.31,1755.31,1751.7699999999998,Short
1633948200,1633950600.0,1756.26,1755.0,1755.0,1751.22,Short
1633952400,1633953000.0,1755.04,1753.37,1753.37,1748.3599999999997,Short
1633954200,1633954500.0,1755.51,1753.9,1760.3399999999997,1755.51,Long
1633955400,1633957500.0,1757.95,1754.82,1754.82,1745.4299999999996,Short
1633957800,1633969200.0,1753.54,1752.34,1757.14,1753.54,Long
1633969500,1633969530.0,1757.17,1756.2,1756.2,1753.29,Short
1633971000,1633973400.0,1757.62,1756.1,1762.1799999999998,1757.62,Long
1633974600,1634000700.0,1755.11,1754.2,1754.2,1751.4700000000005,Short
1634001000,1634022300.0,1753.94,1752.12,1759.4000000000005,1753.94,Long
1634022600,1634022630.0,1762.24,1760.97,1760.97,1757.16,Short
1634023800,1634024700.0,1760.6,1759.34,1764.3799999999999,1760.6,Long
1634026500,1634026800.0,1757.91,1756.64,1756.64,1752.8300000000002,Short
1634027100,1634029800.0,1756.96,1755.7,1760.74,1756.96,Long
1634030700,1634030730.0,1759.34,1758.51,1761.8299999999997,1759.34,Long
1634031300,1634031330.0,1760.3,1758.85,1764.65,1760.3,Long
1634034300,1634034600.0,1761.2,1758.88,1758.88,1751.9200000000003,Short
1634035800,1634041500.0,1761.92,1760.89,1765.01,1761.92,Long
1634043900,1634045100.0,1758.88,1755.8,1768.1200000000006,1758.88,Long
1634045400,1634045700.0,1760.67,1760.05,1760.05,1758.1899999999996,Short
1634046300,1634051400.0,1760.0,1757.0,1769.0,1760.0,Long
1634051700,1634051730.0,1763.6,1762.41,1762.41,1758.8400000000006,Short
1634053500,1634054100.0,1764.18,1759.3,1759.3,1744.6599999999996,Short
1634054400,1634054430.0,1761.27,1760.17,1764.5699999999997,1761.27,Long
1634058000,1634058600.0,1761.55,1759.8,1766.8,1761.55,Long
1634059800,1634060100.0,1760.86,1757.8,1757.8,1748.6200000000001,Short
1634061300,1634067600.0,1759.67,1759.12,1759.12,1757.4699999999993,Short
1634068200,1634069100.0,1761.72,1760.7,1764.78,1761.72,Long
1634070300,1634076600.0,1760.91,1760.44,1760.44,1759.03,Short
1634077200,1634084400.0,1760.64,1759.6,1763.7600000000007,1760.64,Long
1634085000,1634087700.0,1760.77,1760.05,1760.05,1757.8899999999999,Short
1634088300,1634101200.0,1761.1,1760.42,1763.1399999999994,1761.1,Long
1634103000,1634104200.0,1761.71,1760.3,1765.9400000000003,1761.71,Long
1634105100,1634105400.0,1763.15,1761.9,1761.9,1758.15,Short
1634106600,1634106630.0,1763.19,1761.7,1767.66,1763.19,Long
1634107500,1634109300.0,1762.33,1761.85,1763.77,1762.33,Long
1634129700,1634129730.0,1763.09,1760.44,1771.0399999999995,1763.09,Long
1634130600,1634150700.0,1760.51,1758.41,1766.8099999999997,1760.51,Long
1634151300,1634151330.0,1792.81,1791.5,1791.5,1787.5700000000002,Short
1634153700,1634158500.0,1793.13,1791.06,1791.06,1784.8499999999995,Short
1634162700,1634163900.0,1793.1,1792.61,1792.61,1791.1399999999999,Short
1634165700,1634167800.0,1793.72,1792.3,1797.9800000000002,1793.72,Long
1634171100,1634171400.0,1792.19,1791.2,1791.2,1788.23,Short
1634172600,1634173200.0,1791.76,1791.12,1793.6800000000003,1791.76,Long
1634173800,1634190300.0,1793.86,1791.2,1791.2,1783.2200000000005,Short
1634191500,1634213100.0,1791.67,1789.8,1797.2800000000004,1791.67,Long
1634213400,1634213700.0,1796.51,1795.68,1795.68,1793.1900000000003,Short
1634214900,1634217900.0,1798.95,1795.6,1809.0000000000005,1798.95,Long
1634220000,1634220600.0,1796.04,1794.66,1800.1799999999996,1796.04,Long
1634221200,1634221230.0,1798.07,1797.32,1800.32,1798.07,Long
1634223000,1634226900.0,1796.08,1794.57,1794.57,1790.04,Short
1634228400,1634229000.0,1798.58,1797.1,1803.02,1798.58,Long
1634230500,1634233200.0,1797.14,1795.98,1795.98,1792.4999999999998,Short
1634234700,1634234730.0,1797.29,1796.2,1800.5599999999997,1797.29,Long
1634235300,1634236200.0,1797.13,1796.0,1796.0,1792.6099999999997,Short
1634237100,1634240700.0,1798.21,1797.3,1800.9400000000003,1798.21,Long
1634241600,1634261100.0,1797.57,1796.34,1796.34,1792.6499999999999,Short
1634264400,1634270400.0,1795.96,1793.2,1793.2,1784.92,Short
1634273700,1634316900.0,1794.95,1793.7,1793.7,1789.95,Short
1634318400,1634318430.0,1767.99,1766.8,1771.5600000000002,1767.99,Long
1634319000,1634319300.0,1768.25,1767.34,1767.34,1764.6099999999997,Short
1634320200,1634327700.0,1769.1,1768.17,1768.17,1765.3800000000006,Short
1634330700,1634511600.0,1768.23,1766.1,1766.1,1759.7099999999996,Short
1634513400,1634526600.0,1769.85,1769.24,1771.6799999999996,1769.85,Long
1634527800,1634555100.0,1768.43,1767.84,1767.84,1766.0699999999995,Short
1634555400,1634555430.0,1763.77,1762.36,1768.0000000000002,1763.77,Long
1634557500,1634558100.0,1763.95,1761.76,1761.76,1755.1899999999998,Short
1634558400,1634559000.0,1763.15,1761.1,1769.3000000000006,1763.15,Long
1634559300,1634559900.0,1767.98,1766.36,1766.36,1761.4999999999995,Short
1634562900,1634573400.0,1765.24,1762.03,1774.8700000000001,1765.24,Long
1634574300,1634575200.0,1766.63,1765.56,1769.8400000000006,1766.63,Long
1634575800,1634575830.0,1765.84,1764.21,1764.21,1759.3200000000004,Short
1634577000,1634577030.0,1766.49,1765.6,1765.6,1762.9299999999996,Short
1634577600,1634577630.0,1765.11,1764.6,1766.6399999999999,1765.11,Long
1634578500,1634578800.0,1765.5,1764.2,1764.2,1760.3000000000002,Short
1634580300,1634590500.0,1767.57,1766.97,1766.97,1765.1700000000003,Short
1634594400,1634603400.0,1764.83,1764.55,1764.55,1763.71,Short
1634604600,1634639700.0,1766.3,1764.9,1770.4999999999995,1766.3,Long
1634640900,1634642400.0,1778.07,1776.9,1776.9,1773.3900000000006,Short
1634643300,1634643600.0,1779.28,1776.51,1787.59,1779.28,Long
1634643900,1634645100.0,1780.59,1779.21,1779.21,1775.0700000000004,Short
1634645400,1634645700.0,1781.64,1779.71,1787.4300000000003,1781.64,Long
1634648400,1634648700.0,1781.75,1780.31,1786.0700000000002,1781.75,Long
1634649000,1634649030.0,1784.83,1781.81,1781.81,1772.75,Short
1634651100,1634651130.0,1777.97,1776.81,1781.4500000000003,1777.97,Long
1634652900,1634674200.0,1779.48,1776.1,1776.1,1765.9599999999996,Short
1634675700,1634677200.0,1769.98,1768.4,1774.7199999999998,1769.98,Long
1634681100,1634682000.0,1769.55,1769.02,1771.1399999999999,1769.55,Long
1634683500,1634691300.0,1769.8,1768.6,1768.6,1764.9999999999998,Short
1634692200,1634736300.0,1770.99,1768.81,1777.5300000000002,1770.99,Long
1634739900,1634746200.0,1778.77,1777.18,1783.5399999999997,1778.77,Long
1634746800,1634748000.0,1784.06,1783.36,1786.16,1784.06,Long
1634748900,1634749800.0,1786.63,1785.63,1785.63,1782.63,Short
1634750100,1634750130.0,1783.77,1783.03,1785.99,1783.77,Long
1634751000,1634758500.0,1784.17,1782.91,1787.95,1784.17,Long
1634759100,1634759130.0,1784.48,1783.93,1783.93,1782.2800000000002,Short
1634759700,1634760600.0,1784.79,1783.69,1788.0899999999997,1784.79,Long
1634761200,1634776800.0,1784.31,1783.3,1783.3,1780.27,Short
1634777700,1634779500.0,1784.52,1783.2,1783.2,1779.2400000000002,Short
1634781000,1634794500.0,1785.34,1783.9,1789.6599999999994,1785.34,Long
1634795700,1634795730.0,1785.35,1783.2,1791.7999999999995,1785.35,Long
1634796900,1634805300.0,1787.49,1786.36,1786.36,1782.9699999999996,Short
1634806800,1634811300.0,1786.37,1784.83,1790.9899999999998,1786.37,Long
1634812500,1634812530.0,1786.78,1785.01,1785.01,1779.7,Short
1634813100,1634813130.0,1786.21,1785.11,1789.5100000000004,1786.21,Long
1634816100,1634829300.0,1780.27,1777.81,1777.81,1770.4299999999998,Short
1634829600,1634829630.0,1780.49,1779.3,1784.0600000000002,1780.49,Long
1634830800,1634833200.0,1780.29,1779.08,1783.92,1780.29,Long
1634833800,1634840400.0,1780.95,1780.04,1780.04,1777.3099999999997,Short
1634843100,1634899500.0,1781.42,1779.7,1786.5800000000002,1781.42,Long
1634900700,1634901000.0,1792.79,1791.21,1791.21,1786.4700000000003,Short
1634902200,1634916300.0,1794.76,1791.8,1803.64,1794.76,Long
1634916600,1634931300.0,1802.18,1799.81,1799.81,1792.6999999999996,Short
1634932800,1634934600.0,1794.49,1792.9,1799.2599999999998,1794.49,Long
1634934900,1635114300.0,1793.61,1792.1,1792.1,1787.57,Short
1635114900,1635116700.0,1793.46,1792.4,1796.6399999999999,1793.46,Long
1635118200,1635119100.0,1793.31,1791.9,1791.9,1787.6700000000005,Short
1635120000,1635121500.0,1794.43,1793.5,1797.2200000000003,1794.43,Long
1635121800,1635121830.0,1794.37,1793.83,1793.83,1792.21,Short
1635122700,1635128700.0,1794.32,1793.38,1797.1399999999994,1794.32,Long
1635129900,1635147300.0,1793.89,1792.58,1797.8200000000006,1793.89,Long
1635147600,1635148200.0,1798.13,1797.23,1797.23,1794.5299999999997,Short
1635148800,1635155400.0,1799.59,1797.87,1804.75,1799.59,Long
1635156600,1635166500.0,1799.38,1798.53,1801.9300000000005,1799.38,Long
1635168300,1635184500.0,1803.88,1801.31,1811.5900000000006,1803.88,Long
1635184800,1635186900.0,1806.66,1805.8,1805.8,1803.2199999999996,Short
1635188100,1635188400.0,1808.29,1806.9,1812.4599999999996,1808.29,Long
1635188700,1635188730.0,1808.21,1807.4,1807.4,1804.9700000000003,Short
1635189600,1635189900.0,1807.21,1806.3,1806.3,1803.5699999999997,Short
1635190500,1635195000.0,1807.34,1805.85,1805.85,1801.3799999999999,Short
1635199200,1635203700.0,1807.71,1807.71,1807.71,1807.71,Long
1635205800,1635205830.0,1808.23,1807.3,1807.3,1804.5099999999998,Short
1635206400,1635207300.0,1808.01,1807.1,1807.1,1804.3699999999997,Short
1635207900,1635207930.0,1806.91,1805.8,1810.2400000000005,1806.91,Long
1635209400,1635226800.0,1806.06,1805.32,1805.32,1803.1,Short
1635227400,1635228300.0,1804.46,1803.8,1806.4400000000003,1804.46,Long
1635228600,1635228630.0,1806.35,1805.17,1805.17,1801.6300000000006,Short
1635230100,1635231000.0,1805.54,1804.6,1804.6,1801.7799999999997,Short
1635231600,1635236100.0,1804.53,1802.2,1802.2,1795.2100000000003,Short
1635237000,1635237030.0,1803.2,1801.88,1801.88,1797.9200000000003,Short
1635237600,1635237630.0,1803.06,1801.71,1807.1099999999997,1803.06,Long
1635239700,1635246900.0,1802.3,1801.1,1801.1,1797.4999999999998,Short
1635247800,1635250800.0,1804.09,1802.4,1809.1599999999994,1804.09,Long
1635251700,1635269700.0,1800.15,1796.38,1796.38,1785.0700000000002,Short
1635270000,1635270030.0,1791.81,1790.7,1795.1399999999996,1791.81,Long
1635271800,1635281400.0,1792.56,1790.2,1799.6399999999996,1792.56,Long
1635282000,1635286200.0,1793.05,1792.2,1795.5999999999997,1793.05,Long
1635286500,1635287100.0,1792.5,1791.98,1791.98,1790.42,Short
1635288600,1635290100.0,1792.65,1791.5,1796.1000000000004,1792.65,Long
1635290400,1635291900.0,1792.61,1792.32,1792.32,1791.45,Short
1635292800,1635293100.0,1793.64,1792.65,1792.65,1789.68,Short
1635293400,1635293430.0,1793.07,1791.9,1796.5799999999995,1793.07,Long
1635294900,1635315900.0,1794.13,1793.04,1793.04,1789.7699999999995,Short
1635318900,1635319200.0,1789.35,1788.2,1788.2,1784.7500000000005,Short
1635320700,1635325800.0,1787.47,1785.3,1785.3,1778.7899999999997,Short
1635326100,1635326130.0,1787.92,1787.12,1790.3200000000006,1787.92,Long
1635327300,1635327900.0,1786.19,1783.89,1783.89,1776.9900000000002,Short
1635328500,1635329100.0,1787.15,1786.0,1790.6000000000004,1787.15,Long
1635329400,1635331200.0,1787.42,1785.38,1785.38,1779.2600000000002,Short
1635331800,1635331830.0,1789.83,1788.86,1792.74,1789.83,Long
1635332700,1635332730.0,1789.61,1788.49,1788.49,1785.1300000000003,Short
1635334200,1635343800.0,1790.47,1789.19,1794.31,1790.47,Long
1635344100,1635344400.0,1790.06,1787.41,1787.41,1779.4600000000005,Short
1635344700,1635356400.0,1786.96,1784.81,1793.4100000000003,1786.96,Long
1635359100,1635370200.0,1798.11,1796.3,1803.5399999999997,1798.11,Long
1635375300,1635378300.0,1797.96,1796.2,1796.2,1790.92,Short
1635379200,1635379800.0,1796.64,1795.5,1800.0600000000004,1796.64,Long
1635380400,1635380430.0,1795.38,1794.2,1798.9200000000003,1795.38,Long
1635382200,1635384900.0,1795.18,1794.0,1794.0,1790.4599999999998,Short
1635385200,1635402900.0,1795.7,1793.8,1801.4000000000003,1795.7,Long
1635403200,1635404100.0,1802.94,1802.11,1802.11,1799.6199999999994,Short
1635404400,1635411300.0,1802.11,1800.71,1806.3099999999995,1802.11,Long
1635412200,1635420600.0,1801.2,1800.17,1800.17,1797.0800000000002,Short
1635421800,1635422700.0,1803.37,1802.55,1802.55,1800.0900000000001,Short
1635423300,1635423900.0,1802.56,1801.4,1806.0399999999995,1802.56,Long
1635425700,1635426300.0,1803.52,1797.48,1797.48,1779.3600000000001,Short
1635426600,1635431400.0,1802.12,1799.64,1809.5599999999993,1802.12,Long
1635432000,1635432030.0,1798.63,1792.71,1792.71,1774.9499999999998,Short
1635433200,1635433500.0,1799.12,1797.4,1797.4,1792.2400000000007,Short
1635433800,1635435900.0,1799.44,1798.01,1803.7300000000002,1799.44,Long
1635436200,1635437400.0,1803.95,1802.11,1802.11,1796.5899999999995,Short
1635438600,1635438900.0,1802.84,1801.61,1801.61,1797.9199999999998,Short
1635439200,1635439230.0,1803.36,1802.47,1806.0299999999995,1803.36,Long
1635441000,1635441030.0,1801.28,1799.1,1807.8200000000002,1801.28,Long
1635442200,1635445800.0,1801.12,1799.6,1799.6,1795.04,Short
1635446100,1635448500.0,1800.8,1800.36,1802.1200000000001,1800.8,Long
1635448800,1635462900.0,1801.35,1800.5,1800.5,1797.9500000000003,Short
1635464400,1635466800.0,1800.75,1799.5,1799.5,1795.75,Short
1635467100,1635468300.0,1799.13,1798.27,1801.7100000000005,1799.13,Long
1635470400,1635470430.0,1799.55,1797.54,1805.58,1799.55,Long
1635472800,1635488700.0,1799.28,1796.1,1796.1,1786.5599999999997,Short
1635489000,1635489030.0,1797.01,1795.31,1802.1100000000001,1797.01,Long
1635492900,1635493200.0,1797.09,1794.93,1794.93,1788.4500000000005,Short
1635493800,1635498300.0,1796.6,1795.3,1795.3,1791.4,Short
1635499800,1635502200.0,1795.86,1792.12,1807.08,1795.86,Long
1635503700,1635504300.0,1795.98,1795.07,1795.07,1792.3399999999997,Short
1635505200,1635505800.0,1796.0,1795.15,1798.5499999999997,1796.0,Long
1635506100,1635526500.0,1795.73,1794.6,1794.6,1791.2099999999996,Short
1635528900,1635718500.0,1783.18,1779.93,1792.93,1783.18,Long
1635719400,1635726900.0,1782.19,1780.5,1780.5,1775.4299999999998,Short
1635727500,1635728400.0,1782.74,1781.96,1781.96,1779.6200000000001,Short
1635728700,1635728730.0,1781.61,1780.25,1785.6899999999996,1781.61,Long
1635729900,1635746700.0,1782.07,1781.3,1784.3799999999999,1782.07,Long
1635747000,1635751800.0,1787.52,1786.66,1786.66,1784.0800000000004,Short
1635752100,1635752130.0,1785.13,1784.27,1787.7100000000005,1785.13,Long
1635753000,1635756300.0,1785.55,1784.25,1784.25,1780.3500000000001,Short
1635758400,1635758700.0,1784.69,1783.64,1783.64,1780.4900000000002,Short
1635760800,1635761100.0,1786.36,1785.4,1789.2399999999993,1786.36,Long
1635761700,1635765000.0,1787.98,1786.7,1791.82,1787.98,Long
1635765600,1635766500.0,1783.99,1783.14,1783.14,1780.5900000000004,Short
1635767400,1635791100.0,1786.4,1785.12,1790.2400000000007,1786.4,Long
1635791700,1635791730.0,1794.36,1793.21,1797.8099999999995,1794.36,Long
1635794700,1635804300.0,1791.63,1791.08,1793.2800000000007,1791.63,Long
1635805200,1635811800.0,1793.15,1792.2,1792.2,1789.35,Short
1635813600,1635825600.0,1792.54,1791.2,1791.2,1787.1800000000003,Short
1635827100,1635841200.0,1793.13,1791.82,1797.0600000000006,1793.13,Long
1635841500,1635842400.0,1793.02,1792.28,1792.28,1790.06,Short
1635843300,1635843600.0,1794.34,1793.62,1796.5,1794.34,Long
1635843900,1635843930.0,1794.76,1793.8,1793.8,1790.9199999999998,Short
1635846900,1635847500.0,1795.08,1792.9,1801.6199999999994,1795.08,Long
1635847800,1635847830.0,1794.43,1793.3,1793.3,1789.9099999999996,Short
1635849000,1635854700.0,1794.1,1792.2,1792.2,1786.5000000000005,Short
1635855000,1635855300.0,1791.54,1789.14,1798.7399999999996,1791.54,Long
1635855600,1635856500.0,1794.37,1791.51,1791.51,1782.9300000000003,Short
1635857700,1635885300.0,1792.27,1790.04,1790.04,1783.35,Short
1635886800,1635892800.0,1787.96,1787.48,1787.48,1786.04,Short
1635893400,1635894000.0,1787.24,1786.3,1786.3,1783.4799999999998,Short
1635894600,1635894630.0,1787.11,1786.2,1789.8399999999995,1787.11,Long
1635895500,1635895530.0,1786.93,1785.8,1785.8,1782.4099999999996,Short
1635897000,1635897030.0,1787.69,1786.2,1792.16,1787.69,Long
1635898500,1635923100.0,1787.57,1786.4,1786.4,1782.8900000000006,Short
1635924000,1635924030.0,1781.03,1779.88,1784.4799999999996,1781.03,Long
1635925200,1635927600.0,1782.25,1780.15,1780.15,1773.8500000000004,Short
1635927900,1635931500.0,1782.4,1781.48,1785.1600000000003,1782.4,Long
1635933300,1635933330.0,1782.2,1781.48,1784.3600000000001,1782.2,Long
1635934200,1635934230.0,1782.14,1781.8,1781.8,1780.7799999999995,Short
1635934800,1635942600.0,1781.28,1780.63,1783.2299999999996,1781.28,Long
1635943200,1635962100.0,1781.52,1779.5,1779.5,1773.44,Short
1635962700,1635962730.0,1769.45,1764.73,1764.73,1750.57,Short
1635963600,1635997800.0,1766.67,1763.76,1775.4000000000003,1766.67,Long
1635999600,1636001700.0,1775.64,1774.2,1774.2,1769.8799999999999,Short
1636002300,1636002600.0,1775.16,1774.53,1774.53,1772.6399999999996,Short
1636002900,1636003200.0,1775.32,1774.4,1778.0799999999995,1775.32,Long
1636004100,1636005300.0,1775.27,1773.9,1779.3799999999997,1775.27,Long
1636005600,1636013700.0,1775.47,1774.6,1774.6,1771.9899999999996,Short
1636014000,1636014030.0,1773.64,1772.45,1777.2100000000003,1773.64,Long
1636014900,1636044900.0,1775.38,1773.73,1780.3300000000004,1775.38,Long
1636046100,1636046130.0,1792.26,1791.54,1794.42,1792.26,Long
1636048200,1636048230.0,1793.63,1792.09,1792.09,1787.4699999999993,Short
1636048800,1636048830.0,1793.94,1793.11,1796.4300000000005,1793.94,Long
1636049400,1636054500.0,1793.66,1792.85,1792.85,1790.4199999999994,Short
1636056000,1636056300.0,1793.81,1792.6,1797.44,1793.81,Long
1636058100,1636059300.0,1792.15,1791.1,1791.1,1787.9499999999994,Short
1636063200,1636069500.0,1791.96,1790.96,1790.96,1787.96,Short
1636072200,1636074000.0,1792.38,1790.4,1790.4,1784.46,Short
1636074300,1636089900.0,1792.58,1791.02,1797.2599999999998,1792.58,Long
1636090500,1636092000.0,1794.88,1794.23,1796.8300000000004,1794.88,Long
1636092900,1636093500.0,1795.9,1794.83,1799.1100000000006,1795.9,Long
1636093800,1636093830.0,1796.72,1794.9,1794.9,1789.4400000000003,Short
1636095000,1636103100.0,1796.63,1795.7,1799.4200000000003,1796.63,Long
1636103400,1636104300.0,1796.9,1795.4,1795.4,1790.9,Short
1636105500,1636105800.0,1796.35,1793.96,1803.5199999999995,1796.35,Long
1636107600,1636118400.0,1794.89,1793.39,1793.39,1788.89,Short
1636121100,1636329900.0,1801.71,1796.79,1816.4700000000003,1801.71,Long
1636330800,1636332900.0,1815.47,1814.2,1814.2,1810.39,Short
1636333200,1636334700.0,1813.71,1812.97,1815.93,1813.71,Long
1636335600,1636335900.0,1817.19,1816.06,1820.5800000000004,1817.19,Long
1636336200,1636336500.0,1818.24,1816.8,1816.8,1812.4799999999998,Short
1636338600,1636348200.0,1819.94,1818.3,1824.8600000000004,1819.94,Long
1636348500,1636348530.0,1819.75,1818.9,1818.9,1816.3500000000004,Short
1636349700,1636352400.0,1819.8,1818.63,1823.3099999999995,1819.8,Long
1636352700,1636368000.0,1820.45,1819.52,1819.52,1816.7299999999998,Short
1636368600,1636368630.0,1817.53,1816.73,1819.9299999999998,1817.53,Long
1636370100,1636370130.0,1817.62,1817.09,1817.09,1815.5,Short
1636370700,1636371600.0,1816.65,1815.62,1815.62,1812.5299999999993,Short
1636371900,1636373100.0,1815.91,1814.9,1818.94,1815.91,Long
1636373700,1636373730.0,1817.28,1815.3,1815.3,1809.36,Short
1636374600,1636394700.0,1817.1,1816.29,1819.5299999999997,1817.1,Long
1636395300,1636404300.0,1823.67,1823.11,1825.3500000000006,1823.67,Long
1636405800,1636413300.0,1824.44,1823.59,1826.9900000000005,1824.44,Long
1636414200,1636420500.0,1825.18,1823.6,1823.6,1818.8599999999994,Short
1636420800,1636421100.0,1825.38,1824.68,1827.4800000000002,1825.38,Long
1636422000,1636422300.0,1824.94,1824.05,1824.05,1821.3799999999997,Short
1636423500,1636423800.0,1826.48,1823.98,1833.98,1826.48,Long
1636424100,1636433700.0,1825.46,1824.51,1824.51,1821.6599999999999,Short
1636434000,1636434030.0,1823.51,1822.4,1826.8399999999997,1823.51,Long
1636434600,1636436400.0,1823.51,1822.5,1822.5,1819.47,Short
1636437300,1636438500.0,1825.17,1824.2,1828.0800000000002,1825.17,Long
1636439700,1636439730.0,1825.62,1824.52,1824.52,1821.2200000000003,Short
1636441500,1636443000.0,1824.17,1822.6,1828.8800000000006,1824.17,Long
1636444200,1636445100.0,1821.45,1820.59,1820.59,1818.0099999999995,Short
1636465200,1636470000.0,1829.54,1824.9,1843.4599999999996,1829.54,Long
1636471500,1636472700.0,1823.7,1820.8,1820.8,1812.0999999999997,Short
1636473600,1636480500.0,1826.07,1823.89,1832.6099999999994,1826.07,Long
1636480800,1636481400.0,1831.11,1830.15,1830.15,1827.2700000000007,Short
1636482600,1636501200.0,1829.01,1827.11,1834.7100000000003,1829.01,Long
1636502400,1636504800.0,1829.75,1828.8,1832.6000000000001,1829.75,Long
1636505400,1636532400.0,1830.1,1828.7,1828.7,1824.5000000000005,Short
1636534200,1636534230.0,1826.67,1825.94,1828.8600000000001,1826.67,Long
1636534800,1636534830.0,1826.05,1825.03,1829.11,1826.05,Long
1636536600,1636537800.0,1826.68,1824.95,1824.95,1819.76,Short
1636538400,1636539000.0,1825.52,1824.46,1824.46,1821.2800000000002,Short
1636539900,1636540800.0,1826.47,1825.52,1825.52,1822.6699999999998,Short
1636543500,1636544100.0,1825.25,1822.0,1822.0,1812.25,Short
1636546800,1636547100.0,1826.08,1824.65,1830.3699999999994,1826.08,Long
1636548000,1636549200.0,1826.02,1824.8,1824.8,1821.1399999999999,Short
1636549500,1636549530.0,1826.74,1825.2,1831.36,1826.74,Long
1636550100,1636550130.0,1826.93,1826.08,1826.08,1823.5299999999995,Short
1636550700,1636550730.0,1827.89,1825.96,1825.96,1820.1699999999998,Short
1636551600,1636566300.0,1846.25,1838.52,1869.44,1846.25,Long
1636567200,1636583400.0,1849.75,1848.15,1848.15,1843.3500000000004,Short
1636586400,1636594200.0,1849.58,1847.7,1855.2199999999996,1849.58,Long
1636594500,1636600200.0,1849.66,1848.49,1848.49,1844.9799999999998,Short
1636602000,1636602900.0,1850.79,1849.83,1853.67,1850.79,Long
1636604100,1636606500.0,1848.55,1847.6,1847.6,1844.7499999999998,Short
1636606800,1636633800.0,1849.63,1848.3,1853.6200000000006,1849.63,Long
1636634400,1636637100.0,1858.47,1856.5,1856.5,1850.59,Short
1636637700,1636637730.0,1862.42,1860.03,1860.03,1852.8599999999997,Short
1636638600,1636639800.0,1865.78,1861.72,1877.9599999999998,1865.78,Long
1636641000,1636642200.0,1861.9,1859.3,1869.7000000000005,1861.9,Long
1636643700,1636647600.0,1862.94,1858.56,1858.56,1845.4199999999996,Short
1636649100,1636652100.0,1861.49,1860.01,1865.93,1861.49,Long
1636652400,1636652430.0,1862.84,1861.8,1861.8,1858.68,Short
1636653600,1636654800.0,1862.53,1861.62,1861.62,1858.8899999999996,Short
1636655700,1636655730.0,1861.09,1860.05,1864.2099999999998,1861.09,Long
1636656300,1636656330.0,1861.62,1861.11,1863.1499999999999,1861.62,Long
1636657800,1636660800.0,1862.62,1861.79,1865.1099999999997,1862.62,Long
1636661400,1636661430.0,1862.37,1861.0,1861.0,1856.8900000000003,Short
1636662300,1636664700.0,1862.16,1861.0,1865.6400000000003,1862.16,Long
1636665000,1636666200.0,1862.59,1862.14,1862.14,1860.7900000000006,Short
1636666800,1636667100.0,1862.09,1861.77,1861.77,1860.8100000000002,Short
1636667400,1636667430.0,1861.99,1861.65,1863.0099999999998,1861.99,Long
1636672200,1636674300.0,1862.14,1861.0,1865.5600000000004,1862.14,Long
1636676400,1636695000.0,1861.19,1860.2,1860.2,1857.23,Short
1636696200,1636696230.0,1859.36,1858.6,1858.6,1856.32,Short
1636697700,1636697730.0,1860.04,1857.3,1857.3,1849.08,Short
1636700400,1636704300.0,1858.7,1856.9,1864.1,1858.7,Long
1636706100,1636720200.0,1858.18,1851.61,1851.61,1831.8999999999994,Short
1636720800,1636721400.0,1853.24,1852.17,1852.17,1848.9600000000003,Short
1636722000,1636745100.0,1853.76,1852.6,1857.2400000000002,1853.76,Long
1636745400,1636745430.0,1866.19,1864.8,1864.8,1860.6299999999997,Short
1636746300,1636754400.0,1865.15,1864.1,1868.3000000000006,1865.15,Long
1636920000,1636927200.0,1864.14,1864.14,1864.14,1864.14,Long
1636932300,1636932900.0,1867.24,1863.51,1878.43,1867.24,Long
1636933500,1636934400.0,1866.82,1865.8,1865.8,1862.74,Short
1636935000,1636935030.0,1865.67,1864.61,1864.61,1861.4299999999994,Short
1636936800,1636938600.0,1864.86,1863.7,1868.3399999999995,1864.86,Long
1636939800,1636955100.0,1863.16,1861.71,1861.71,1857.36,Short
1636955400,1636956000.0,1858.32,1857.62,1860.42,1858.32,Long
1636956900,1636961700.0,1857.92,1856.85,1856.85,1853.6399999999994,Short
1636962000,1636965900.0,1859.28,1858.39,1861.9499999999996,1859.28,Long
1636966500,1636966530.0,1859.74,1858.6,1858.6,1855.1799999999996,Short
1636967700,1636978500.0,1861.08,1859.95,1864.4699999999996,1861.08,Long
1636979400,1636980000.0,1862.27,1860.7,1860.7,1855.9900000000002,Short
1636980600,1636986000.0,1862.09,1860.76,1866.0799999999997,1862.09,Long
1636986300,1636992900.0,1864.94,1863.11,1863.11,1857.6199999999994,Short
1636994100,1636995600.0,1864.64,1860.0,1878.5600000000004,1864.64,Long
1636995900,1636999800.0,1863.51,1862.87,1862.87,1860.9499999999996,Short
1637000400,1637000700.0,1864.13,1862.76,1868.2400000000005,1864.13,Long
1637001600,1637008200.0,1864.76,1863.8,1867.64,1864.76,Long
1637009100,1637009130.0,1862.78,1861.61,1866.2900000000002,1862.78,Long
1637009700,1637009730.0,1863.9,1862.8,1867.2000000000005,1863.9,Long
1637011200,1637013000.0,1862.93,1862.54,1862.54,1861.3699999999997,Short
1637013300,1637013330.0,1862.98,1862.1,1865.6200000000003,1862.98,Long
1637017500,1637017530.0,1862.99,1862.4,1862.4,1860.6300000000003,Short
1637018100,1637018400.0,1863.58,1863.21,1864.6899999999996,1863.58,Long
1637021100,1637025000.0,1863.9,1861.3,1861.3,1853.4999999999995,Short
1637026200,1637026230.0,1864.74,1863.8,1863.8,1860.9799999999998,Short
1637027100,1637042700.0,1863.75,1862.57,1867.2900000000002,1863.75,Long
1637043000,1637043600.0,1867.15,1866.2,1866.2,1863.35,Short
1637044200,1637051400.0,1866.74,1866.05,1866.05,1863.9799999999998,Short
1637052000,1637068500.0,1865.37,1864.73,1867.2899999999995,1865.37,Long
1637070600,1637107500.0,1872.16,1869.89,1869.89,1863.0800000000002,Short
1637108400,1637124600.0,1852.3,1850.9,1856.4999999999995,1852.3,Long
1637125800,1637130000.0,1854.54,1853.5,1853.5,1850.38,Short
1637130300,1637131800.0,1853.6,1852.91,1855.6699999999994,1853.6,Long
1637132100,1637132700.0,1856.12,1854.7,1854.7,1850.4400000000005,Short
1637134200,1637175300.0,1857.13,1854.61,1864.6900000000007,1857.13,Long
1637175600,1637178300.0,1866.29,1865.3,1865.3,1862.33,Short
1637179500,1637179530.0,1863.9,1862.5,1868.1000000000004,1863.9,Long
1637180100,1637180130.0,1863.47,1863.03,1863.03,1861.7099999999998,Short
1637181600,1637190300.0,1865.07,1864.52,1866.7199999999998,1865.07,Long
1637190900,1637191200.0,1866.53,1866.07,1866.07,1864.6899999999998,Short
1637192100,1637192700.0,1867.34,1866.3,1866.3,1863.18,Short
1637193000,1637203200.0,1866.81,1866.1,1868.94,1866.81,Long
1637204100,1637219400.0,1866.73,1865.43,1865.43,1861.5300000000002,Short
1637220000,1637220900.0,1865.35,1864.61,1864.61,1862.3899999999999,Short
1637223000,1637223900.0,1869.44,1865.88,1880.12,1869.44,Long
1637224200,1637227800.0,1868.2,1867.22,1867.22,1864.28,Short
1637229600,1637239200.0,1865.22,1862.7,1862.7,1855.14,Short
1637240400,1637242500.0,1866.51,1865.27,1865.27,1861.55,Short
1637243100,1637243700.0,1865.97,1863.95,1872.03,1865.97,Long
1637246400,1637247600.0,1864.11,1860.7,1874.3399999999995,1864.11,Long
1637247900,1637248200.0,1861.64,1858.9,1858.9,1850.68,Short
1637250600,1637256300.0,1860.81,1857.49,1857.49,1847.5300000000002,Short
1637257200,1637257230.0,1862.41,1860.9,1866.94,1862.41,Long
1637258400,1637264700.0,1861.63,1860.06,1860.06,1855.3499999999995,Short
1637265300,1637278800.0,1859.05,1857.8,1857.8,1854.05,Short
1637279100,1637279700.0,1858.74,1858.28,1860.1200000000001,1858.74,Long
1637280600,1637280900.0,1859.93,1858.2,1858.2,1853.01,Short
1637283600,1637300700.0,1859.31,1858.6,1861.44,1859.31,Long
1637302800,1637302830.0,1861.36,1860.39,1864.2699999999993,1861.36,Long
1637304000,1637315400.0,1861.54,1860.0,1860.0,1855.38,Short
1637316300,1637318100.0,1864.15,1862.7,1868.5000000000002,1864.15,Long
1637319000,1637319030.0,1861.35,1858.7,1869.2999999999995,1861.35,Long
1637320500,1637328900.0,1861.2,1858.73,1868.6100000000001,1861.2,Long
1637330100,1637330700.0,1859.24,1857.89,1863.2899999999997,1859.24,Long
1637331000,1637332800.0,1864.78,1862.1,1862.1,1854.0599999999997,Short
1637334000,1637334030.0,1861.9,1859.32,1859.32,1851.5799999999995,Short
1637336100,1637336400.0,1862.27,1859.8,1869.68,1862.27,Long
1637336700,1637358300.0,1861.96,1860.5,1860.5,1856.12,Short
1637358900,1637359200.0,1845.84,1844.7,1844.7,1841.2800000000004,Short
1637558100,1637559000.0,1845.54,1845.54,1845.54,1845.54,Long
1637559900,1637572200.0,1848.48,1847.0,1847.0,1842.56,Short
1637572500,1637572530.0,1845.46,1844.21,1849.21,1845.46,Long
1637574000,1637622000.0,1846.47,1845.31,1845.31,1841.8299999999997,Short
1637622300,1637637000.0,1808.3,1804.53,1819.61,1808.3,Long
1637638800,1637639100.0,1809.29,1808.59,1808.59,1806.4899999999998,Short
1637639700,1637640000.0,1808.34,1807.89,1809.6899999999994,1808.34,Long
1637641800,1637652000.0,1808.6,1806.8,1806.8,1801.4,Short
1637652300,1637652330.0,1808.87,1807.2,1813.8799999999994,1808.87,Long
1637653800,1637694300.0,1808.99,1806.35,1806.35,1798.4299999999996,Short
1637694600,1637716800.0,1788.33,1787.3,1791.4199999999998,1788.33,Long
1637717100,1637717700.0,1790.9,1788.65,1788.65,1781.9,Short
1637718000,1637733600.0,1791.17,1789.6,1795.8800000000006,1791.17,Long
1637735100,1637735130.0,1795.55,1793.19,1793.19,1786.1100000000004,Short
1637735700,1637735730.0,1793.72,1791.7,1799.78,1793.72,Long
1637737500,1637738400.0,1794.02,1792.41,1798.8499999999997,1794.02,Long
1637741100,1637741130.0,1794.09,1792.24,1792.24,1786.6900000000003,Short
1637742000,1637770800.0,1794.59,1793.51,1793.51,1790.2700000000002,Short
1637771100,1637775900.0,1786.6,1784.43,1793.1099999999994,1786.6,Long
1637777100,1637786100.0,1785.81,1784.19,1790.6699999999996,1785.81,Long
1637787000,1637787300.0,1788.24,1786.4,1786.4,1780.8800000000003,Short
1637788800,1637814300.0,1788.92,1787.9,1791.98,1788.92,Long
1637814600,1637814630.0,1792.34,1791.4,1791.4,1788.5800000000006,Short
1637815800,1637815830.0,1792.11,1791.4,1794.2399999999993,1792.11,Long
1637816400,1637819400.0,1792.04,1791.4,1793.9599999999996,1792.04,Long
1637819700,1637819730.0,1792.5,1791.8,1791.8,1789.6999999999998,Short
1637821200,1637821230.0,1793.15,1791.9,1796.9,1793.15,Long
1637823300,1637823600.0,1793.89,1792.31,1792.31,1787.5699999999995,Short
1637824200,1637831400.0,1793.92,1792.67,1797.67,1793.92,Long
1637833200,1637834100.0,1793.98,1791.84,1800.4000000000003,1793.98,Long
1637835300,1637849100.0,1792.42,1791.21,1791.21,1787.58,Short
1637849400,1637849430.0,1791.54,1791.01,1793.1299999999999,1791.54,Long
1637850000,1637850300.0,1792.14,1791.43,1791.43,1789.3,Short
1637850600,1637850900.0,1790.97,1790.53,1792.2900000000002,1790.97,Long
1637851800,1637859900.0,1791.5,1789.7,1789.7,1784.3000000000002,Short
1637860800,1637882100.0,1790.26,1788.9,1788.9,1784.8200000000004,Short
1637882400,1637929500.0,1791.13,1790.19,1793.9500000000003,1791.13,Long
1637931300,1637932800.0,1808.96,1806.54,1816.2200000000003,1808.96,Long
1637933700,1637934000.0,1804.54,1798.7,1798.7,1781.1800000000003,Short
1637934600,1637934630.0,1805.48,1803.9,1810.2199999999998,1805.48,Long
1637935800,1638146100.0,1807.76,1804.01,1804.01,1792.76,Short
1638147600,1638158400.0,1794.35,1791.8,1801.9999999999998,1794.35,Long
1638159900,1638161400.0,1793.92,1793.17,1796.17,1793.92,Long
1638161700,1638162300.0,1793.42,1792.41,1792.41,1789.38,Short
1638162900,1638163500.0,1792.99,1792.11,1795.6300000000003,1792.99,Long
1638165000,1638165030.0,1795.85,1794.87,1794.87,1791.9299999999998,Short
1638165900,1638168900.0,1795.95,1795.07,1798.5900000000004,1795.95,Long
1638170700,1638171000.0,1794.71,1791.81,1791.81,1783.1099999999997,Short
1638171600,1638172500.0,1796.37,1795.36,1799.3999999999999,1796.37,Long
1638173700,1638183300.0,1794.65,1793.1,1799.3000000000006,1794.65,Long
1638183600,1638183900.0,1796.8,1795.49,1795.49,1791.5600000000002,Short
1638184800,1638185700.0,1794.4,1793.51,1797.0700000000004,1794.4,Long
1638189600,1638221100.0,1794.85,1789.7,1789.7,1774.2500000000005,Short
1638221400,1638234000.0,1783.46,1783.1,1784.5400000000004,1783.46,Long
1638234600,1638234900.0,1784.44,1783.31,1783.31,1779.9199999999996,Short
1638235800,1638272700.0,1785.22,1784.21,1788.25,1785.22,Long
1638273000,1638273030.0,1794.39,1793.05,1793.05,1789.0299999999995,Short
1638274200,1638277500.0,1793.71,1792.24,1792.24,1787.83,Short
1638278400,1638278700.0,1793.41,1792.06,1797.4600000000005,1793.41,Long
1638279300,1638279900.0,1793.93,1791.28,1791.28,1783.3299999999997,Short
1638280200,1638280230.0,1796.35,1795.14,1799.9799999999993,1796.35,Long
1638281700,1638282600.0,1796.66,1794.94,1794.94,1789.78,Short
1638283200,1638283230.0,1796.52,1793.69,1793.69,1785.2000000000003,Short
1638283800,1638286200.0,1802.96,1796.48,1822.4,1802.96,Long
1638286500,1638306900.0,1803.94,1800.54,1800.54,1790.3399999999997,Short
1638307800,1638308100.0,1772.82,1771.4,1777.0799999999995,1772.82,Long
1638308400,1638308430.0,1772.68,1772.01,1772.01,1769.9999999999998,Short
1638309600,1638309630.0,1774.84,1773.21,1773.21,1768.3200000000004,Short
1638313500,1638315000.0,1776.11,1774.28,1781.5999999999997,1776.11,Long
1638315300,1638318000.0,1776.37,1774.93,1774.93,1770.6100000000006,Short
1638318900,1638348000.0,1775.59,1774.5,1778.8599999999997,1775.59,Long
1638348300,1638349200.0,1779.09,1777.29,1777.29,1771.89,Short
1638349500,1638350700.0,1779.8,1777.65,1786.2499999999995,1779.8,Long
1638351900,1638352800.0,1782.32,1780.46,1787.8999999999996,1782.32,Long
1638353400,1638357600.0,1783.23,1781.81,1781.81,1777.5499999999997,Short
1638358200,1638359400.0,1786.82,1785.8,1789.8799999999999,1786.82,Long
1638359700,1638359730.0,1786.84,1785.59,1785.59,1781.84,Short
1638360600,1638371400.0,1785.86,1784.68,1789.3999999999994,1785.86,Long
1638372300,1638373500.0,1786.57,1784.03,1794.1899999999998,1786.57,Long
1638374100,1638374130.0,1788.22,1785.91,1785.91,1778.9800000000002,Short
1638375600,1638378300.0,1786.35,1784.99,1784.99,1780.9100000000003,Short
1638378900,1638379200.0,1785.79,1784.69,1784.69,1781.3900000000003,Short
1638379800,1638394800.0,1785.12,1783.85,1783.85,1780.04,Short
1638396000,1638399900.0,1783.23,1781.45,1781.45,1776.1100000000001,Short
1638400500,1638401400.0,1782.59,1781.62,1781.62,1778.7099999999998,Short
1638401700,1638402000.0,1781.74,1780.71,1784.83,1781.74,Long
1638402900,1638404400.0,1782.95,1781.72,1781.72,1778.03,Short
1638405300,1638405600.0,1781.48,1780.11,1785.5900000000004,1781.48,Long
1638405900,1638406800.0,1781.22,1780.45,1780.45,1778.14,Short
1638407100,1638408300.0,1781.3,1780.21,1784.5699999999997,1781.3,Long
1638408900,1638411900.0,1780.63,1779.87,1782.9100000000008,1780.63,Long
1638412800,1638414000.0,1781.58,1780.6,1780.6,1777.6599999999999,Short
1638414300,1638414330.0,1780.97,1780.41,1782.6499999999999,1780.97,Long
1638415500,1638443400.0,1781.05,1779.9,1779.9,1776.4500000000005,Short
1638444900,1638455100.0,1778.64,1775.75,1787.3100000000004,1778.64,Long
1638455400,1638471600.0,1776.71,1775.1,1775.1,1770.2699999999995,Short
1638471900,1638471930.0,1765.61,1764.3,1769.5399999999997,1765.61,Long
1638474000,1638474900.0,1766.43,1764.3,1764.3,1757.9099999999996,Short
1638475200,1638476700.0,1766.68,1765.96,1768.8400000000001,1766.68,Long
1638477300,1638477330.0,1767.84,1766.9,1770.6599999999994,1767.84,Long
1638477900,1638515100.0,1767.72,1766.7,1770.78,1767.72,Long
1638516300,1638529200.0,1771.65,1770.73,1770.73,1767.9699999999998,Short
1638529800,1638536400.0,1772.37,1771.45,1775.1299999999994,1772.37,Long
1638537600,1638540000.0,1771.8,1769.8,1777.8,1771.8,Long
1638540600,1638540900.0,1771.15,1768.22,1779.9400000000003,1771.15,Long
1638541500,1638541530.0,1771.05,1769.29,1776.33,1771.05,Long
1638543900,1638543930.0,1771.04,1766.67,1784.1499999999996,1771.04,Long
1638545100,1638547200.0,1772.14,1769.22,1769.22,1760.4599999999998,Short
1638549600,1638568800.0,1776.87,1773.8,1786.0799999999997,1776.87,Long
1638798900,1638809400.0,1782.38,1782.38,1782.38,1782.38,Long
1638810600,1638814200.0,1784.63,1783.1,1783.1,1778.5099999999993,Short
1638815700,1638815730.0,1778.69,1777.8,1781.3600000000004,1778.69,Long
1638817200,1638817500.0,1778.85,1777.8,1781.9999999999998,1778.85,Long
1638818100,1638820200.0,1779.66,1779.15,1779.15,1777.6200000000001,Short
1638820500,1638821100.0,1778.81,1777.94,1781.4199999999996,1778.81,Long
1638821700,1638831900.0,1778.98,1777.81,1777.81,1774.2999999999997,Short
1638832800,1638840300.0,1780.14,1778.5,1785.0600000000004,1780.14,Long
1638840600,1638840900.0,1779.98,1779.09,1779.09,1776.4199999999996,Short
1638842100,1638842400.0,1780.05,1779.12,1779.12,1776.3299999999997,Short
1638842700,1638846600.0,1779.35,1778.53,1781.8099999999997,1779.35,Long
1638847800,1638855000.0,1779.79,1779.09,1779.09,1776.9899999999998,Short
1638856800,1638870900.0,1781.2,1780.52,1783.2400000000002,1781.2,Long
1638871800,1638878100.0,1780.41,1779.54,1779.54,1776.9299999999996,Short
1638878400,1638880500.0,1782.49,1781.83,1784.4700000000003,1782.49,Long
1638881700,1638881730.0,1783.21,1782.69,1784.77,1783.21,Long
1638882300,1638883500.0,1783.65,1781.68,1789.5600000000002,1783.65,Long
1638883800,1638886200.0,1779.21,1777.94,1777.94,1774.13,Short
1638887400,1638888000.0,1781.03,1778.56,1788.44,1781.03,Long
1638888300,1638888900.0,1781.43,1779.24,1779.24,1772.6699999999998,Short
1638890400,1638891600.0,1781.75,1778.81,1790.5700000000002,1781.75,Long
1638891900,1638892500.0,1783.74,1782.4,1782.4,1778.3800000000003,Short
1638893100,1638893130.0,1783.18,1781.3,1788.8200000000004,1783.18,Long
1638894000,1638909600.0,1783.1,1782.62,1784.54,1783.1,Long
1638910500,1638912300.0,1786.25,1784.6,1784.6,1779.6499999999996,Short
1638913200,1638913230.0,1784.51,1783.6,1783.6,1780.8699999999997,Short
1638913800,1638925200.0,1784.31,1783.4,1787.0399999999995,1784.31,Long
1638925800,1638925830.0,1785.32,1784.64,1787.3599999999994,1785.32,Long
1638927600,1638945000.0,1786.08,1784.4,1791.1199999999994,1786.08,Long
1638945600,1638948000.0,1791.14,1789.34,1789.34,1783.9399999999994,Short
1638948300,1638950700.0,1788.74,1787.07,1793.7500000000002,1788.74,Long
1638951300,1638952800.0,1788.68,1787.4,1787.4,1783.5600000000002,Short
1638953700,1638953730.0,1787.88,1787.32,1789.5600000000006,1787.88,Long
1638954900,1638955500.0,1789.01,1787.88,1787.88,1784.4900000000005,Short
1638955800,1638956100.0,1788.84,1788.27,1790.5499999999997,1788.84,Long
1638956400,1638959400.0,1790.25,1788.58,1788.58,1783.5699999999997,Short
1638960900,1638963000.0,1792.93,1789.16,1804.24,1792.93,Long
1638965100,1638983400.0,1789.11,1783.15,1783.15,1765.2700000000007,Short
1638983700,1638984000.0,1783.47,1782.34,1786.8600000000004,1783.47,Long
1638984900,1638984930.0,1783.95,1782.99,1782.99,1780.11,Short
1638985800,1638985830.0,1784.03,1782.9,1782.9,1779.5100000000004,Short
1638987300,1638997800.0,1784.98,1783.68,1788.8799999999999,1784.98,Long
1638998100,1639015200.0,1784.1,1783.53,1783.53,1781.8200000000002,Short
1639015500,1639015530.0,1784.45,1783.8,1786.4000000000003,1784.45,Long
1639017600,1639017900.0,1783.59,1782.59,1782.59,1779.59,Short
1639020600,1639021200.0,1783.52,1781.65,1781.65,1776.0400000000004,Short
1639021800,1639021830.0,1783.49,1782.87,1782.87,1781.0099999999995,Short
1639024200,1639038000.0,1785.93,1783.8,1792.3200000000004,1785.93,Long
1639038300,1639059300.0,1786.64,1785.71,1785.71,1782.9199999999998,Short
1639060200,1639065900.0,1782.22,1781.11,1781.11,1777.7799999999995,Short
1639066200,1639066230.0,1780.91,1779.6,1784.8400000000006,1780.91,Long
1639067100,1639067400.0,1779.55,1778.14,1778.14,1773.9100000000005,Short
1639067700,1639067730.0,1777.06,1775.7,1781.1399999999996,1777.06,Long
1639068300,1639069200.0,1775.97,1774.8,1774.8,1771.2899999999997,Short
1639070700,1639070730.0,1777.15,1775.7,1781.5000000000002,1777.15,Long
1639072200,1639072500.0,1778.37,1776.2,1784.8799999999994,1778.37,Long
1639074600,1639075500.0,1776.53,1774.56,1774.56,1768.6499999999999,Short
1639075800,1639076400.0,1776.96,1776.36,1778.7600000000004,1776.96,Long
1639078500,1639082400.0,1775.83,1775.14,1775.14,1773.0700000000006,Short
1639083600,1639091100.0,1775.92,1775.24,1775.24,1773.1999999999998,Short
1639091400,1639092000.0,1776.02,1775.0,1779.08,1776.02,Long
1639092300,1639092600.0,1775.98,1775.14,1775.14,1772.6200000000003,Short
1639096500,1639114500.0,1777.97,1775.7,1784.78,1777.97,Long
1639115700,1639136400.0,1778.16,1776.12,1776.12,1769.9999999999993,Short
1639137600,1639138800.0,1772.61,1771.69,1771.69,1768.9300000000005,Short
1639139100,1639139700.0,1772.29,1771.71,1774.0299999999997,1772.29,Long
1639140000,1639140300.0,1772.81,1771.5,1771.5,1767.5700000000002,Short
1639140600,1639159200.0,1772.79,1772.19,1774.5899999999997,1772.79,Long
1639159800,1639160400.0,1784.28,1782.9,1782.9,1778.7600000000004,Short
1639161000,1639161300.0,1784.57,1783.7,1783.7,1781.0900000000004,Short
1639162200,1639164000.0,1783.56,1782.4,1787.0399999999995,1783.56,Long
1639164600,1639164630.0,1781.77,1781.32,1783.1200000000001,1781.77,Long
1639165500,1639173600.0,1782.38,1781.4,1781.4,1778.46,Short
1639396800,1639403700.0,1788.43,1786.4,1794.52,1788.43,Long
1639404300,1639409400.0,1783.29,1781.91,1787.4299999999996,1783.29,Long
1639410600,1639411500.0,1787.14,1786.36,1786.36,1784.0199999999993,Short
1639411800,1639412700.0,1786.74,1786.1,1788.6600000000003,1786.74,Long
1639413600,1639413630.0,1789.27,1788.3,1792.18,1789.27,Long
1639416600,1639421700.0,1788.8,1787.1,1793.9,1788.8,Long
1639422300,1639423200.0,1787.3,1786.4,1786.4,1783.7000000000005,Short
1639423500,1639423530.0,1787.25,1786.68,1788.9599999999998,1787.25,Long
1639424100,1639426500.0,1787.77,1786.9,1790.3799999999997,1787.77,Long
1639427700,1639438200.0,1788.07,1787.43,1787.43,1785.5100000000004,Short
1639438500,1639438530.0,1786.91,1786.5,1788.1400000000003,1786.91,Long
1639439700,1639444200.0,1786.38,1784.7,1784.7,1779.6599999999999,Short
1639444500,1639445100.0,1787.42,1786.3,1790.7800000000004,1787.42,Long
1639446000,1639446030.0,1787.7,1787.34,1788.7800000000004,1787.7,Long
1639446600,1639449900.0,1787.93,1786.9,1791.02,1787.93,Long
1639451400,1639451430.0,1787.29,1785.5,1785.5,1780.13,Short
1639452900,1639453500.0,1786.63,1785.5,1790.0200000000004,1786.63,Long
1639454700,1639455900.0,1785.95,1785.0,1788.8000000000002,1785.95,Long
1639459200,1639464000.0,1786.97,1785.1,1785.1,1779.4899999999996,Short
1639464300,1639467000.0,1787.45,1787.07,1788.5900000000004,1787.45,Long
1639467300,1639483500.0,1787.64,1786.83,1786.83,1784.3999999999994,Short
1639485300,1639485900.0,1784.78,1783.2,1789.5199999999998,1784.78,Long
1639486200,1639486230.0,1784.38,1783.0,1783.0,1778.8599999999997,Short
1639488600,1639504500.0,1785.38,1779.08,1779.08,1760.1799999999994,Short
1639505700,1639507500.0,1772.68,1771.1,1777.4200000000005,1772.68,Long
1639509000,1639509900.0,1772.03,1770.8,1770.8,1767.11,Short
1639510800,1639510830.0,1772.77,1771.7,1771.7,1768.4900000000002,Short
1639511700,1639523700.0,1772.98,1771.9,1771.9,1768.6600000000003,Short
1639524900,1639524930.0,1772.65,1771.3,1771.3,1767.2499999999995,Short
1639529100,1639529400.0,1773.29,1772.2,1776.5599999999997,1773.29,Long
1639530300,1639530330.0,1773.23,1772.51,1772.51,1770.35,Short
1639531200,1639531230.0,1772.33,1771.11,1775.99,1772.33,Long
1639532700,1639537800.0,1772.94,1771.71,1776.63,1772.94,Long
1639538100,1639560000.0,1771.4,1770.94,1770.94,1769.56,Short
1639561800,1639561830.0,1771.3,1770.18,1774.6599999999996,1771.3,Long
1639563600,1639564200.0,1769.82,1768.51,1768.51,1764.5800000000002,Short
1639564800,1639566000.0,1769.68,1768.89,1768.89,1766.5200000000002,Short
1639567800,1639571400.0,1768.75,1767.1,1773.7000000000003,1768.75,Long
1639572000,1639575300.0,1769.63,1768.6,1772.7200000000007,1769.63,Long
1639576200,1639576230.0,1770.53,1769.42,1769.42,1766.0900000000004,Short
1639577100,1639578300.0,1772.0,1770.28,1777.16,1772.0,Long
1639579800,1639581300.0,1767.29,1765.31,1773.23,1767.29,Long
1639581900,1639582200.0,1768.41,1767.65,1770.69,1768.41,Long
1639582500,1639597200.0,1769.53,1767.21,1767.21,1760.2500000000002,Short
1639597500,1639655700.0,1768.07,1764.07,1780.07,1768.07,Long
1639657500,1639659900.0,1785.54,1782.77,1782.77,1774.46,Short
1639660200,1639681500.0,1786.53,1784.26,1793.34,1786.53,Long
1639681800,1639681830.0,1796.42,1795.87,1795.87,1794.2199999999993,Short
1639683000,1639683030.0,1795.79,1794.7,1799.0599999999997,1795.79,Long
1639684200,1639684230.0,1796.47,1795.5,1799.38,1796.47,Long
1639686300,1639686900.0,1798.12,1796.74,1802.2599999999995,1798.12,Long
1639689000,1639702800.0,1798.74,1797.4,1802.7599999999998,1798.74,Long
1639704000,1639738800.0,1799.94,1797.39,1807.59,1799.94,Long
1639740600,1639742400.0,1809.51,1808.09,1813.7700000000002,1809.51,Long
1639743000,1639743030.0,1808.83,1808.3,1810.4199999999998,1808.83,Long
1639744200,1639748700.0,1810.03,1809.11,1812.7900000000002,1810.03,Long
1639749000,1639749600.0,1810.13,1807.35,1807.35,1799.0099999999993,Short
1639749900,1639749930.0,1807.75,1806.08,1812.7600000000002,1807.75,Long
1639750800,1639751700.0,1806.62,1805.49,1805.49,1802.1000000000004,Short
1639752300,1639753500.0,1808.12,1806.82,1806.82,1802.92,Short
1639754400,1639754430.0,1809.02,1806.27,1817.27,1809.02,Long
1639755600,1639956600.0,1808.78,1806.1,1806.1,1798.0599999999997,Short
1639958100,1639961100.0,1801.01,1799.1,1799.1,1793.3699999999997,Short
1639961400,1639973400.0,1801.36,1800.66,1803.4599999999994,1801.36,Long
1639976100,1639983300.0,1801.87,1800.6,1805.6799999999998,1801.87,Long
1639984800,1639990500.0,1801.21,1800.61,1800.61,1798.8099999999995,Short
1639990800,1639991100.0,1801.17,1799.8,1805.2800000000004,1801.17,Long
1639992300,1640002500.0,1802.22,1800.25,1800.25,1794.34,Short
1640003100,1640003130.0,1799.12,1797.42,1804.2199999999993,1799.12,Long
1640003700,1640003730.0,1798.23,1797.75,1799.67,1798.23,Long
1640005500,1640026800.0,1798.84,1796.9,1796.9,1791.0800000000006,Short
1640027700,1640048100.0,1792.97,1792.04,1792.04,1789.2499999999998,Short
1640048700,1640049300.0,1791.34,1790.2,1794.7599999999995,1791.34,Long
1640051100,1640055300.0,1791.25,1790.11,1794.6700000000003,1791.25,Long
1640056200,1640057700.0,1790.5,1789.94,1789.94,1788.2600000000002,Short
1640059500,1640059530.0,1792.55,1791.49,1795.7299999999998,1792.55,Long
1640060100,1640061300.0,1791.6,1791.03,1791.03,1789.3200000000002,Short
1640061600,1640067000.0,1790.89,1790.62,1791.7000000000007,1790.89,Long
1640067300,1640069100.0,1791.14,1790.33,1790.33,1787.8999999999994,Short
1640070300,1640070600.0,1791.31,1790.44,1793.9199999999996,1791.31,Long
1640072700,1640089800.0,1791.78,1791.26,1793.34,1791.78,Long
1640090700,1640091000.0,1797.1,1795.7,1795.7,1791.5000000000005,Short
1640092800,1640093700.0,1800.38,1797.66,1808.5400000000002,1800.38,Long
1640094900,1640094930.0,1796.72,1795.61,1800.0500000000004,1796.72,Long
1640095500,1640096700.0,1798.28,1797.13,1797.13,1793.6800000000005,Short
1640098500,1640115600.0,1796.03,1792.83,1792.83,1783.2299999999998,Short
1640116800,1640134800.0,1788.82,1787.2,1793.6799999999996,1788.82,Long
1640136000,1640136030.0,1789.51,1788.28,1788.28,1784.59,Short
1640136600,1640140500.0,1789.32,1788.76,1790.9999999999998,1789.32,Long
1640140800,1640140830.0,1789.41,1788.3,1788.3,1784.9699999999996,Short
1640143200,1640144400.0,1789.2,1788.0,1792.8000000000002,1789.2,Long
1640144700,1640164200.0,1790.42,1789.71,1789.71,1787.58,Short
1640164800,1640166000.0,1788.64,1787.07,1793.3500000000006,1788.64,Long
1640166600,1640166630.0,1788.3,1787.42,1787.42,1784.7800000000004,Short
1640169300,1640184300.0,1790.14,1788.71,1794.4300000000003,1790.14,Long
1640184600,1640184900.0,1792.04,1790.5,1790.5,1785.88,Short
1640185200,1640221200.0,1789.98,1788.7,1793.82,1789.98,Long
1640225700,1640239200.0,1808.19,1803.46,1822.38,1808.19,Long
1640239800,1640241000.0,1806.81,1805.98,1805.98,1803.4900000000002,Short
1640241300,1640241330.0,1805.7,1804.43,1809.51,1805.7,Long
1640241900,1640242200.0,1806.1,1805.15,1808.9499999999994,1806.1,Long
1640242500,1640242530.0,1806.31,1805.58,1805.58,1803.3899999999999,Short
1640243100,1640243400.0,1806.77,1805.26,1805.26,1800.73,Short
1640244300,1640252100.0,1807.07,1805.53,1811.6899999999998,1807.07,Long
1640252400,1640253600.0,1807.89,1807.24,1807.24,1805.2899999999997,Short
1640254200,1640254500.0,1807.33,1806.51,1809.7899999999997,1807.33,Long
1640255100,1640259600.0,1806.83,1806.36,1806.36,1804.9499999999998,Short
1640260500,1640260530.0,1806.12,1805.74,1805.74,1804.6000000000004,Short
1640261400,1640265600.0,1805.96,1805.27,1805.27,1803.1999999999998,Short
1640268300,1640271600.0,1807.56,1806.31,1806.31,1802.56,Short
1640271900,1640273400.0,1805.27,1803.09,1811.8100000000002,1805.27,Long
1640275200,1640280600.0,1806.28,1805.2,1809.5199999999998,1806.28,Long
1640281500,1640281530.0,1807.94,1806.8,1806.8,1803.3799999999997,Short
1640282700,1640291100.0,1808.98,1806.7,1815.82,1808.98,Long
1640291400,1640291430.0,1808.67,1807.6,1807.6,1804.3899999999994,Short
1640292300,1640326500.0,1808.16,1807.66,1809.66,1808.16,Long
1640333400,1640337300.0,1809.7,1808.5,1813.3000000000002,1809.7,Long
1640339100,1640340000.0,1806.9,1806.28,1806.28,1804.4199999999996,Short
1640342100,1640351400.0,1808.59,1808.59,1808.59,1808.59,Long
1640548800,1640556000.0,1807.99,1807.99,1807.99,1807.99,Long
1640559600,1640566800.0,1809.89,1809.89,1809.89,1809.89,Long
1640567400,1640582100.0,1809.19,1807.36,1814.6800000000005,1809.19,Long
1640582400,1640608800.0,1810.58,1809.5,1809.5,1806.2600000000002,Short
1640609100,1640609700.0,1806.85,1806.21,1808.7699999999995,1806.85,Long
1640611200,1640611500.0,1806.42,1805.7,1805.7,1803.54,Short
1640612400,1640627700.0,1808.11,1805.82,1814.9799999999998,1808.11,Long
1640629500,1640630100.0,1808.43,1806.5,1806.5,1800.7099999999998,Short
1640631300,1640637600.0,1808.42,1806.9,1806.9,1802.3400000000001,Short
1640640000,1640654700.0,1812.31,1810.6,1817.44,1812.31,Long
1640655900,1640667900.0,1810.33,1809.07,1809.07,1805.29,Short
1640668200,1640700000.0,1810.52,1809.93,1812.2899999999997,1810.52,Long
1640700900,1640735100.0,1813.9,1810.01,1810.01,1798.3399999999997,Short
1640736300,1640742600.0,1806.59,1805.38,1805.38,1801.7500000000007,Short
1640743500,1640743800.0,1805.78,1804.9,1808.4199999999996,1805.78,Long
1640744400,1640744430.0,1806.3,1805.1,1809.9,1806.3,Long
1640745600,1640749800.0,1805.34,1804.21,1808.7299999999996,1805.34,Long
1640750700,1640750730.0,1806.57,1806.0,1806.0,1804.2900000000002,Short
1640757000,1640760600.0,1807.02,1805.1,1812.7800000000002,1807.02,Long
1640760900,1640789400.0,1806.63,1806.01,1806.01,1804.1499999999996,Short
1640790300,1640813700.0,1798.22,1793.34,1812.8600000000004,1798.22,Long
1640814000,1640819100.0,1804.38,1803.8,1803.8,1802.0599999999995,Short
1640820000,1640820030.0,1804.52,1803.38,1807.9399999999996,1804.52,Long
1640821200,1640821800.0,1804.81,1804.0,1807.2399999999998,1804.81,Long
1640822100,1640822130.0,1805.48,1804.09,1804.09,1799.9199999999996,Short
1640823600,1640823630.0,1804.36,1803.71,1803.71,1801.7600000000004,Short
1640825100,1640853300.0,1805.46,1804.1,1804.1,1800.0199999999995,Short
1640855400,1640855700.0,1802.16,1800.1,1808.3400000000006,1802.16,Long
1640856900,1640869800.0,1800.39,1799.1,1804.2600000000007,1800.39,Long
1640870100,1640870400.0,1802.84,1801.38,1801.38,1797.0000000000007,Short
1640871000,1640871030.0,1801.24,1798.92,1798.92,1791.9600000000003,Short
1640872200,1640914200.0,1803.27,1800.84,1810.5600000000002,1803.27,Long
1640915700,1640917500.0,1817.28,1814.86,1814.86,1807.5999999999997,Short
1640917800,1640917830.0,1814.97,1814.1,1817.5800000000004,1814.97,Long
1640918700,1640928000.0,1816.54,1814.99,1821.1899999999998,1816.54,Long
1640931300,1640935500.0,1819.05,1817.0,1825.1999999999998,1819.05,Long
1640935800,1640935830.0,1819.91,1818.7,1818.7,1815.07,Short
1640936400,1640936700.0,1818.92,1817.88,1817.88,1814.7600000000002,Short
1640937900,1640938800.0,1817.26,1816.0,1816.0,1812.22,Short
1640939700,1640940000.0,1817.98,1816.9,1816.9,1813.6600000000003,Short
1640940300,1640943300.0,1817.88,1816.7,1821.4200000000003,1817.88,Long
1640943600,1640944800.0,1818.64,1817.51,1817.51,1814.1199999999997,Short
1640948700,1640949600.0,1819.76,1817.7,1825.9399999999998,1819.76,Long
1640949900,1640950500.0,1820.22,1819.64,1819.64,1817.9000000000003,Short
1640952000,1640972100.0,1819.92,1818.4,1824.48,1819.92,Long
1640972700,1640972730.0,1826.62,1825.83,1825.83,1823.46,Short
1640973600,1640973630.0,1827.28,1826.0,1826.0,1822.16,Short
1640974200,1640974230.0,1826.05,1824.61,1830.3700000000001,1826.05,Long
1640974800,1641166800.0,1826.11,1825.45,1828.0899999999995,1826.11,Long
1641169500,1641173400.0,1827.81,1826.5,1831.7399999999998,1827.81,Long
1641175200,1641201000.0,1831.14,1827.37,1827.37,1816.0599999999993,Short
1641201600,1641201630.0,1825.09,1823.4,1830.1599999999994,1825.09,Long
1641203100,1641211500.0,1825.07,1823.82,1828.82,1825.07,Long
1641213300,1641213900.0,1822.35,1821.43,1825.1099999999994,1822.35,Long
1641214800,1641236700.0,1822.17,1821.15,1821.15,1818.0900000000001,Short
1641238200,1641238500.0,1802.1,1801.5,1801.5,1799.7000000000003,Short
1641239700,1641239730.0,1802.98,1801.8,1806.5200000000002,1802.98,Long
1641240900,1641260100.0,1801.86,1800.71,1805.3099999999995,1801.86,Long
1641260700,1641268800.0,1804.18,1803.06,1807.5400000000004,1804.18,Long
1641269700,1641270000.0,1804.21,1802.8,1802.8,1798.5699999999997,Short
1641270900,1641273600.0,1804.01,1803.0,1803.0,1799.97,Short
1641276900,1641280500.0,1806.0,1804.6,1804.6,1800.3999999999996,Short
1641280800,1641286500.0,1804.6,1803.22,1808.7399999999996,1804.6,Long
1641286800,1641287100.0,1804.14,1803.57,1803.57,1801.8599999999994,Short
1641287400,1641294600.0,1803.22,1801.6,1808.0800000000004,1803.22,Long
1641295200,1641295230.0,1804.36,1803.84,1805.9199999999998,1804.36,Long
1641295800,1641301500.0,1804.18,1802.26,1802.26,1796.4999999999998,Short
1641301800,1641302100.0,1801.48,1800.8,1803.5200000000002,1801.48,Long
1641302400,1641304200.0,1803.07,1800.96,1800.96,1794.6300000000003,Short
1641304500,1641306900.0,1805.89,1803.49,1813.0900000000004,1805.89,Long
1641307800,1641324900.0,1808.71,1806.11,1816.5100000000004,1808.71,Long
1641325200,1641327000.0,1815.04,1814.2,1814.2,1811.6800000000003,Short
1641327600,1641327630.0,1814.57,1813.3,1818.3799999999999,1814.57,Long
1641329100,1641331500.0,1813.81,1813.32,1815.28,1813.81,Long
1641333000,1641333600.0,1815.01,1813.9,1818.3399999999997,1815.01,Long
1641337800,1641345900.0,1813.79,1812.9,1812.9,1810.2300000000005,Short
1641348000,1641348600.0,1815.15,1814.77,1814.77,1813.6299999999997,Short
1641348900,1641350700.0,1814.3,1814.0,1815.1999999999998,1814.3,Long
1641351000,1641351030.0,1815.21,1814.4,1814.4,1811.9700000000003,Short
1641352500,1641361500.0,1815.42,1814.1,1819.3800000000006,1815.42,Long
1641362100,1641364500.0,1815.31,1814.68,1817.1999999999996,1815.31,Long
1641366000,1641366300.0,1813.96,1812.62,1812.62,1808.5999999999995,Short
1641368400,1641369600.0,1815.04,1813.89,1813.89,1810.4400000000005,Short
1641370500,1641404700.0,1815.94,1812.31,1826.8300000000004,1815.94,Long
1641405300,1641432300.0,1823.64,1822.3,1822.3,1818.2799999999995,Short
1641432600,1641433800.0,1809.83,1808.7,1813.2199999999996,1809.83,Long
1641434100,1641464700.0,1811.21,1810.4,1810.4,1807.9700000000003,Short
1641466200,1641466500.0,1806.82,1800.91,1800.91,1783.1800000000005,Short
1641467400,1641488700.0,1801.35,1800.89,1800.89,1799.5100000000007,Short
1641489000,1641490800.0,1789.45,1788.3,1792.9000000000003,1789.45,Long
1641493800,1641493830.0,1791.84,1789.2,1799.7599999999995,1791.84,Long
1641496500,1641496530.0,1787.21,1786.39,1789.6699999999998,1787.21,Long
1641497100,1641510000.0,1788.45,1786.9,1786.9,1782.2500000000002,Short
1641512400,1641534300.0,1791.14,1789.9,1794.8600000000001,1791.14,Long
1641535500,1641537300.0,1791.48,1789.6,1789.6,1783.9599999999996,Short
1641537600,1641537900.0,1789.43,1788.31,1792.7900000000004,1789.43,Long
1641538800,1641548400.0,1790.36,1789.7,1789.7,1787.7200000000005,Short
1641548700,1641553200.0,1793.04,1791.09,1798.89,1793.04,Long
1641553500,1641554400.0,1791.38,1789.9,1789.9,1785.46,Short
1641555900,1641559800.0,1791.4,1789.9,1795.9,1791.4,Long
1641560400,1641561000.0,1790.71,1789.25,1789.25,1784.87,Short
1641567000,1641567030.0,1792.35,1788.08,1805.1599999999999,1792.35,Long
1641568200,1641570900.0,1792.67,1790.01,1790.01,1782.0299999999997,Short
1641571200,1641571500.0,1789.47,1788.29,1793.0100000000002,1789.47,Long
1641573300,1641575100.0,1791.08,1789.45,1795.9699999999996,1791.08,Long
1641575700,1641576300.0,1793.92,1792.27,1792.27,1787.3199999999997,Short
1641576600,1641765600.0,1792.89,1792.63,1793.67,1792.89,Long
1641769800,1641771900.0,1796.31,1794.2,1794.2,1787.8700000000003,Short
1641773100,1641777600.0,1795.34,1794.57,1794.57,1792.26,Short
1641778200,1641778800.0,1795.25,1793.8,1799.6000000000001,1795.25,Long
1641780000,1641780300.0,1795.23,1794.1,1798.6200000000003,1795.23,Long
1641780600,1641798900.0,1795.98,1794.6,1794.6,1790.4599999999996,Short
1641801600,1641801900.0,1795.71,1792.83,1804.3500000000004,1795.71,Long
1641803100,1641818700.0,1793.57,1791.7,1799.1799999999996,1793.57,Long
1641819000,1641820500.0,1796.34,1794.29,1794.29,1788.14,Short
1641821100,1641833700.0,1796.85,1794.54,1794.54,1787.6100000000001,Short
1641834900,1641835200.0,1794.42,1793.5,1797.1800000000003,1794.42,Long
1641837000,1641855600.0,1799.53,1797.58,1805.38,1799.53,Long
1641857100,1641894000.0,1801.3,1799.71,1806.0699999999997,1801.3,Long
1641896100,1641911400.0,1806.61,1806.04,1806.04,1804.3300000000002,Short
1641912600,1641948600.0,1804.52,1803.23,1808.3899999999999,1804.52,Long
1641949500,1641965100.0,1821.79,1820.51,1820.51,1816.67,Short
1641965400,1641971100.0,1819.76,1818.9,1822.3399999999997,1819.76,Long
1641971400,1641975000.0,1819.82,1819.22,1819.22,1817.4200000000003,Short
1641975300,1641975330.0,1818.09,1816.41,1823.1299999999994,1818.09,Long
1641975900,1641987900.0,1817.94,1816.8,1816.8,1813.3799999999997,Short
1641990600,1642023600.0,1817.5,1815.79,1822.63,1817.5,Long
1642024200,1642045800.0,1826.15,1825.47,1825.47,1823.4299999999998,Short
1642046700,1642055700.0,1825.51,1824.91,1827.3099999999997,1825.51,Long
1642056000,1642056030.0,1826.03,1825.2,1825.2,1822.7100000000003,Short
1642057800,1642058100.0,1824.84,1824.04,1824.04,1821.64,Short
1642058400,1642061700.0,1824.42,1823.82,1826.2200000000005,1824.42,Long
1642062000,1642076700.0,1826.52,1824.81,1824.81,1819.6799999999998,Short
1642077300,1642080000.0,1825.54,1824.61,1828.3300000000002,1825.54,Long
1642080600,1642080630.0,1822.05,1820.11,1820.11,1814.2899999999997,Short
1642082100,1642082130.0,1823.6,1822.38,1827.2599999999993,1823.6,Long
1642082700,1642083000.0,1822.08,1820.77,1826.0099999999998,1822.08,Long
1642084200,1642094700.0,1823.25,1820.95,1820.95,1814.0500000000002,Short
1642095900,1642099500.0,1821.32,1820.47,1820.47,1817.9200000000003,Short
1642100700,1642116300.0,1820.63,1819.3,1824.6200000000006,1820.63,Long
1642116600,1642116900.0,1821.16,1820.3,1820.3,1817.7199999999996,Short
1642119300,1642119330.0,1820.53,1819.4,1823.9199999999996,1820.53,Long
1642121100,1642121400.0,1820.83,1818.8,1818.8,1812.71,Short
1642121700,1642122300.0,1820.48,1819.3,1824.0200000000002,1820.48,Long
1642122900,1642122930.0,1822.12,1821.07,1821.07,1817.92,Short
1642124100,1642148700.0,1823.05,1820.99,1829.2299999999998,1823.05,Long
1642149300,1642149330.0,1826.64,1825.93,1825.93,1823.8,Short
1642149900,1642149930.0,1826.73,1825.85,1829.3700000000003,1826.73,Long
1642151700,1642166100.0,1824.35,1822.48,1822.48,1816.8700000000003,Short
1642166700,1642170000.0,1825.23,1821.85,1835.3700000000003,1825.23,Long
1642171500,1642172100.0,1822.98,1819.48,1833.48,1822.98,Long
1642174200,1642175400.0,1822.88,1821.49,1827.0500000000004,1822.88,Long
1642175700,1642194900.0,1822.61,1821.33,1821.33,1817.49,Short
1642384800,1642386000.0,1816.38,1814.7,1814.7,1809.6599999999999,Short
1642386600,1642419000.0,1816.82,1815.7,1820.1799999999996,1816.82,Long
1642419600,1642430400.0,1821.62,1820.45,1820.45,1816.9400000000005,Short
1642431000,1642438500.0,1820.78,1820.11,1820.11,1818.0999999999997,Short
1642439100,1642439400.0,1819.86,1818.8,1818.8,1815.6200000000001,Short
1642440900,1642446300.0,1819.88,1818.5,1818.5,1814.3599999999997,Short
1642446600,1642446900.0,1818.33,1817.5,1820.8199999999997,1818.33,Long
1642447800,1642460700.0,1819.05,1817.9,1817.9,1814.4500000000005,Short
1642462200,1642462230.0,1818.62,1817.8,1821.0799999999997,1818.62,Long
1642464600,1642476600.0,1818.98,1818.2,1821.32,1818.98,Long
1642478400,1642491900.0,1816.47,1814.89,1814.89,1810.1500000000003,Short
1642492200,1642493100.0,1817.03,1815.9,1820.4199999999996,1817.03,Long
1642493700,1642509600.0,1817.05,1815.3,1815.3,1810.05,Short
1642509900,1642510800.0,1813.64,1812.1,1818.2600000000007,1813.64,Long
1642512600,1642522500.0,1807.11,1806.1,1810.1399999999999,1807.11,Long
1642524300,1642524600.0,1813.25,1812.48,1815.56,1813.25,Long
1642525200,1642525500.0,1814.79,1813.15,1813.15,1808.2300000000005,Short
1642526100,1642527300.0,1814.43,1812.5,1820.2200000000003,1814.43,Long
1642528500,1642531500.0,1811.86,1810.85,1810.85,1807.82,Short
1642531800,1642531830.0,1813.31,1812.1,1816.94,1813.31,Long
1642532400,1642533600.0,1813.34,1812.3,1812.3,1809.18,Short
1642533900,1642534200.0,1815.18,1814.0,1818.7200000000003,1815.18,Long
1642534800,1642537200.0,1815.69,1814.8,1814.8,1812.1299999999997,Short
1642537800,1642539000.0,1815.23,1814.4,1817.7199999999998,1815.23,Long
1642539600,1642539900.0,1814.34,1813.62,1813.62,1811.4599999999998,Short
1642541400,1642542000.0,1814.61,1813.1,1813.1,1808.57,Short
1642543200,1642550400.0,1813.73,1812.9,1816.2199999999998,1813.73,Long
1642551900,1642554000.0,1813.48,1812.7,1812.7,1810.3600000000001,Short
1642554600,1642556100.0,1814.0,1812.8,1812.8,1809.1999999999998,Short
1642556700,1642568700.0,1813.76,1812.9,1812.9,1810.3200000000004,Short
1642570200,1642570800.0,1813.38,1812.4,1816.3200000000002,1813.38,Long
1642571700,1642626900.0,1813.16,1812.47,1815.2300000000002,1813.16,Long
1642627500,1642629300.0,1841.01,1839.8,1839.8,1836.1699999999998,Short
1642629600,1642629630.0,1840.65,1840.0,1842.6000000000004,1840.65,Long
1642635300,1642641300.0,1839.93,1838.7,1838.7,1835.01,Short
1642642800,1642642830.0,1842.67,1842.28,1842.28,1841.1099999999997,Short
1642643700,1642644300.0,1842.09,1841.2,1841.2,1838.5300000000004,Short
1642644600,1642644900.0,1841.84,1840.6,1845.56,1841.84,Long
1642645800,1642645830.0,1841.18,1838.38,1838.38,1829.9800000000002,Short
1642646400,1642646700.0,1840.78,1840.09,1842.8500000000001,1840.78,Long
1642647600,1642651800.0,1840.01,1839.09,1842.7700000000002,1840.01,Long
1642653300,1642653900.0,1840.06,1838.9,1838.9,1835.4200000000005,Short
1642654800,1642661700.0,1840.19,1839.2,1839.2,1836.23,Short
1642663200,1642664400.0,1840.54,1839.09,1839.09,1834.7399999999998,Short
1642664700,1642664730.0,1840.45,1839.68,1842.76,1840.45,Long
1642665600,1642667400.0,1840.69,1838.43,1847.47,1840.69,Long
1642668000,1642668300.0,1841.24,1839.1,1839.1,1832.6799999999996,Short
1642668600,1642671300.0,1840.19,1839.0,1843.7600000000002,1840.19,Long
1642671900,1642680000.0,1839.45,1838.65,1838.65,1836.2500000000002,Short
1642681200,1642683000.0,1839.2,1837.1,1837.1,1830.7999999999995,Short
1642683300,1642683330.0,1839.17,1838.31,1841.7500000000005,1839.17,Long
1642684800,1642700100.0,1839.75,1839.3,1841.1000000000001,1839.75,Long
1642700700,1642729800.0,1842.55,1841.98,1841.98,1840.2700000000002,Short
1642731600,1642746600.0,1839.59,1837.7,1845.2599999999995,1839.59,Long
1642746900,1642746930.0,1841.0,1839.97,1839.97,1836.88,Short
1642747800,1642749300.0,1840.4,1839.5,1843.1000000000004,1840.4,Long
1642749600,1642767600.0,1842.66,1841.5,1841.5,1838.0199999999998,Short
1642768800,1642778400.0,1835.73,1834.9,1838.2199999999998,1835.73,Long
1642778700,1642778730.0,1836.57,1835.06,1835.06,1830.53,Short
1642779600,1642779630.0,1835.45,1833.49,1833.49,1827.61,Short
1642780800,1642780830.0,1834.97,1833.42,1833.42,1828.7700000000002,Short
1642781400,1642782000.0,1833.42,1832.68,1832.68,1830.46,Short
1642782600,1642782630.0,1834.78,1831.65,1844.1699999999996,1834.78,Long
1642783200,1642800300.0,1834.79,1834.21,1834.21,1832.4700000000003,Short
1642800600,1642800630.0,1831.46,1830.2,1835.24,1831.46,Long
1642801800,1642995000.0,1833.67,1831.9,1838.98,1833.67,Long
1642995600,1642995630.0,1836.12,1835.0,1835.0,1831.6400000000003,Short
1642996500,1643019900.0,1836.93,1835.5,1841.2200000000003,1836.93,Long
1643021100,1643023200.0,1839.31,1837.21,1845.6099999999997,1839.31,Long
1643024100,1643024400.0,1838.77,1836.7,1844.9799999999998,1838.77,Long
1643025900,1643026200.0,1839.02,1837.1,1844.7800000000002,1839.02,Long
1643026500,1643033400.0,1840.7,1839.04,1839.04,1834.0599999999997,Short
1643033700,1643033730.0,1840.68,1836.34,1853.7000000000005,1840.68,Long
1643034900,1643046600.0,1840.4,1836.2,1836.2,1823.6,Short
1643046900,1643066400.0,1837.87,1836.75,1841.2299999999996,1837.87,Long
1643067000,1643067030.0,1842.74,1841.8,1841.8,1838.9799999999998,Short
1643067900,1643074500.0,1842.41,1841.2,1846.0400000000002,1842.41,Long
1643075400,1643084400.0,1841.1,1838.81,1838.81,1831.94,Short
1643085600,1643088000.0,1842.77,1841.67,1841.67,1838.3700000000003,Short
1643089200,1643089230.0,1842.6,1841.15,1841.15,1836.8000000000006,Short
1643089800,1643096400.0,1842.87,1841.69,1846.4099999999994,1842.87,Long
1643096700,1643115300.0,1841.81,1841.28,1841.28,1839.69,Short
1643115600,1643143800.0,1840.18,1838.8,1844.3200000000004,1840.18,Long
1643144100,1643145600.0,1847.97,1846.71,1846.71,1842.93,Short
1643146200,1643161500.0,1848.09,1847.64,1847.64,1846.2900000000006,Short
1643163300,1643163900.0,1848.01,1846.8,1846.8,1843.1699999999998,Short
1643164200,1643165700.0,1847.59,1846.6,1850.56,1847.59,Long
1643166300,1643166600.0,1847.94,1846.7,1851.66,1847.94,Long
1643169000,1643174700.0,1847.46,1846.3,1846.3,1842.8199999999997,Short
1643175300,1643175600.0,1847.96,1846.61,1852.0100000000004,1847.96,Long
1643177100,1643177130.0,1847.9,1846.88,1846.88,1843.8200000000002,Short
1643178600,1643193600.0,1847.98,1847.0,1847.0,1844.06,Short
1643195100,1643198700.0,1847.24,1845.7,1845.7,1841.0800000000002,Short
1643199300,1643200500.0,1844.76,1841.91,1841.91,1833.3600000000004,Short
1643200800,1643203800.0,1845.82,1845.14,1847.8599999999994,1845.82,Long
1643204700,1643244300.0,1846.51,1844.51,1844.51,1838.51,Short
1643245200,1643245500.0,1820.77,1819.37,1819.37,1815.1699999999996,Short
1643246100,1643247900.0,1818.46,1817.59,1817.59,1814.9799999999996,Short
1643249400,1643249700.0,1814.64,1812.96,1812.96,1807.9199999999998,Short
1643250000,1643250030.0,1815.4,1813.7,1820.5000000000002,1815.4,Long
1643251500,1643275200.0,1817.58,1816.11,1816.11,1811.6999999999998,Short
1643275500,1643275530.0,1814.36,1813.36,1817.36,1814.36,Long
1643276100,1643280900.0,1814.54,1813.66,1817.1799999999996,1814.54,Long
1643281800,1643283900.0,1810.52,1809.41,1809.41,1806.0800000000004,Short
1643284200,1643286300.0,1808.97,1807.11,1814.5500000000004,1808.97,Long
1643287200,1643315100.0,1811.66,1808.79,1808.79,1800.1799999999996,Short
1643316600,1643328900.0,1795.13,1794.1,1798.2200000000007,1795.13,Long
1643330700,1643347800.0,1796.3,1794.4,1801.9999999999995,1796.3,Long
1643348100,1643350500.0,1798.58,1797.86,1797.86,1795.6999999999998,Short
1643351100,1643351700.0,1797.93,1797.39,1797.39,1795.7700000000002,Short
1643355600,1643381700.0,1797.93,1795.41,1795.41,1787.8500000000001,Short
1643382300,1643384100.0,1787.91,1786.11,1793.3100000000006,1787.91,Long
1643384700,1643385000.0,1784.55,1781.7,1793.0999999999997,1784.55,Long
1643385300,1643392500.0,1786.07,1784.0,1784.0,1777.7900000000002,Short
1643393400,1643393700.0,1786.83,1784.09,1784.09,1775.87,Short
1643394300,1643395800.0,1786.86,1785.56,1790.7599999999998,1786.86,Long
1643396700,1643398200.0,1786.98,1785.7,1785.7,1781.8600000000001,Short
1643399100,1643589900.0,1785.19,1783.59,1789.9900000000005,1785.19,Long
1643591100,1643592600.0,1788.39,1786.7,1786.7,1781.6299999999999,Short
1643594100,1643594130.0,1789.12,1788.1,1792.1799999999998,1789.12,Long
1643595000,1643605800.0,1790.09,1789.1,1789.1,1786.1299999999999,Short
1643606400,1643607900.0,1787.73,1786.3,1792.0200000000002,1787.73,Long
1643608500,1643608530.0,1789.09,1788.7,1790.2599999999995,1789.09,Long
1643613000,1643615100.0,1788.79,1786.27,1786.27,1778.71,Short
1643615400,1643623200.0,1787.47,1786.81,1789.4500000000003,1787.47,Long
1643624100,1643633100.0,1789.02,1788.56,1790.4,1789.02,Long
1643634300,1643634600.0,1792.16,1791.43,1791.43,1789.24,Short
1643634900,1643634930.0,1791.22,1789.91,1795.1499999999999,1791.22,Long
1643635800,1643652000.0,1790.55,1789.58,1793.46,1790.55,Long
1643653200,1643653500.0,1796.63,1795.63,1795.63,1792.63,Short
1643654100,1643655000.0,1796.63,1795.38,1795.38,1791.63,Short
1643655300,1643672100.0,1797.44,1796.5,1800.2600000000002,1797.44,Long
1643674800,1643677500.0,1797.99,1796.0,1796.0,1790.03,Short
1643679300,1643683200.0,1799.24,1797.9,1797.9,1793.8800000000003,Short
1643683800,1643685000.0,1797.88,1797.1,1800.2200000000007,1797.88,Long
1643686200,1643688600.0,1797.98,1797.1,1797.1,1794.4599999999996,Short
1643690100,1643720700.0,1797.18,1796.2,1800.1200000000001,1797.18,Long
1643721600,1643741700.0,1807.2,1805.52,1805.52,1800.4799999999998,Short
1643742000,1643742030.0,1800.98,1800.49,1802.45,1800.98,Long
1643744700,1643762700.0,1801.52,1800.2,1800.2,1796.2400000000002,Short
1643763900,1643766600.0,1801.45,1799.55,1807.1500000000003,1801.45,Long
1643770200,1643785800.0,1800.49,1798.0,1798.0,1790.53,Short
1643787300,1643789400.0,1797.93,1796.83,1796.83,1793.5299999999995,Short
1643790300,1643790900.0,1798.96,1798.0,1801.8400000000001,1798.96,Long
1643792700,1643810100.0,1799.17,1797.6,1803.8800000000006,1799.17,Long
1643810400,1643810700.0,1804.14,1801.21,1801.21,1792.4199999999998,Short
1643811000,1643811600.0,1801.8,1800.57,1805.49,1801.8,Long
1643812200,1643812500.0,1802.9,1801.85,1806.0500000000006,1802.9,Long
1643814300,1643831400.0,1807.41,1800.55,1827.9900000000005,1807.41,Long
1643831700,1643850000.0,1808.38,1807.4,1807.4,1804.46,Short
1643851200,1643851500.0,1806.78,1805.94,1805.94,1803.4200000000003,Short
1643851800,1643854800.0,1806.58,1805.6,1809.52,1806.58,Long
1643857500,1643859900.0,1807.47,1805.4,1805.4,1799.1900000000003,Short
1643862300,1643867400.0,1807.31,1805.4,1805.4,1799.6700000000005,Short
1643867700,1643867730.0,1805.84,1804.8,1808.9599999999998,1805.84,Long
1643869200,1643888100.0,1806.69,1804.7,1804.7,1798.73,Short
1643888700,1643889000.0,1804.86,1802.8,1811.0399999999997,1804.86,Long
1643889900,1643896800.0,1804.86,1801.93,1801.93,1793.1400000000006,Short
1643899200,1643902200.0,1803.13,1799.23,1799.23,1787.5299999999997,Short
1643902500,1643902530.0,1800.01,1798.61,1804.2100000000003,1800.01,Long
1643903100,1643903130.0,1803.23,1801.2,1809.32,1803.23,Long
1643904000,1643904600.0,1804.1,1802.61,1802.61,1798.1399999999999,Short
1643905800,1643911800.0,1806.34,1803.4,1815.1599999999994,1806.34,Long
1643913000,1643920200.0,1803.81,1803.1,1805.94,1803.81,Long
1643923500,1643925000.0,1805.63,1804.6,1804.6,1801.5099999999993,Short
1643925600,1643932800.0,1804.96,1804.2,1807.24,1804.96,Long
1643933700,1643934900.0,1805.81,1804.6,1804.6,1800.9699999999998,Short
1643936100,1643946000.0,1806.11,1804.8,1810.0399999999997,1806.11,Long
1643946600,1643951100.0,1806.19,1805.72,1807.6000000000001,1806.19,Long
1643956500,1643956530.0,1806.69,1805.1,1805.1,1800.3299999999995,Short
1643958300,1643964000.0,1807.89,1806.31,1812.6300000000006,1807.89,Long
1643986500,1643986530.0,1804.04,1802.88,1802.88,1799.4000000000005,Short
1643988300,1643988330.0,1808.79,1807.05,1807.05,1801.83,Short
1643989200,1643992800.0,1808.5,1806.5,1806.5,1800.5,Short
1643993700,1643994900.0,1807.71,1805.2,1815.24,1807.71,Long
1643995200,1643998500.0,1807.86,1807.3,1807.3,1805.6200000000001,Short
1643999100,1644000900.0,1807.96,1806.7,1806.7,1802.92,Short
1644001800,1644001830.0,1808.11,1807.51,1807.51,1805.7100000000003,Short
1644003300,1644003330.0,1806.73,1805.4,1810.7199999999998,1806.73,Long
1644003900,1644003930.0,1807.33,1806.96,1806.96,1805.8500000000004,Short
1644004800,1644008700.0,1807.01,1805.8,1810.64,1807.01,Long
1644009300,1644009330.0,1807.88,1806.7,1806.7,1803.1599999999999,Short
1644011100,1644206700.0,1807.23,1806.4,1809.7199999999998,1807.23,Long
1644208200,1644211800.0,1810.85,1809.4,1809.4,1805.0500000000006,Short
1644213300,1644214200.0,1810.86,1809.38,1815.2999999999993,1810.86,Long
1644214500,1644216000.0,1810.91,1809.7,1809.7,1806.07,Short
1644216900,1644217200.0,1810.28,1809.4,1809.4,1806.7600000000004,Short
1644217500,1644228600.0,1810.78,1809.37,1815.0100000000002,1810.78,Long
1644231300,1644278100.0,1811.81,1810.31,1816.31,1811.81,Long
1644281100,1644282900.0,1821.07,1819.5,1819.5,1814.7900000000002,Short
1644284100,1644292800.0,1821.77,1820.81,1824.65,1821.77,Long
1644294600,1644295800.0,1822.36,1821.1,1826.1399999999999,1822.36,Long
1644296700,1644296730.0,1821.45,1819.9,1826.1,1821.45,Long
1644297600,1644315900.0,1819.71,1818.6,1818.6,1815.2699999999995,Short
1644316200,1644316230.0,1819.94,1819.0,1822.7600000000002,1819.94,Long
1644318300,1644319500.0,1819.87,1818.0,1818.0,1812.3900000000003,Short
1644320400,1644322200.0,1818.0,1817.39,1819.8299999999997,1818.0,Long
1644323700,1644323730.0,1818.23,1817.16,1817.16,1813.9500000000003,Short
1644324900,1644325500.0,1818.77,1817.41,1817.41,1813.3300000000004,Short
1644325800,1644349800.0,1819.27,1817.66,1824.0999999999997,1819.27,Long
1644351000,1644354000.0,1827.23,1826.2,1830.32,1827.23,Long
1644355800,1644371700.0,1826.32,1825.1,1825.1,1821.4399999999998,Short
1644372900,1644386700.0,1827.13,1826.2,1829.9200000000003,1827.13,Long
1644390300,1644390330.0,1827.97,1826.51,1832.3500000000001,1827.97,Long
1644392700,1644400800.0,1827.98,1825.66,1825.66,1818.7000000000003,Short
1644402300,1644403500.0,1827.32,1827.02,1828.2199999999998,1827.32,Long
1644404100,1644406800.0,1827.29,1826.69,1826.69,1824.8900000000003,Short
1644407700,1644409800.0,1826.67,1825.0,1831.6800000000003,1826.67,Long
1644410100,1644411000.0,1827.26,1826.7,1826.7,1825.0200000000002,Short
1644411300,1644414600.0,1826.82,1825.8,1829.8799999999999,1826.82,Long
1644415500,1644416100.0,1828.39,1824.89,1824.89,1814.39,Short
1644417000,1644417300.0,1828.17,1827.15,1827.15,1824.0900000000001,Short
1644418200,1644439500.0,1830.78,1828.3,1838.22,1830.78,Long
1644439800,1644439830.0,1833.13,1832.0,1832.0,1828.6099999999997,Short
1644442200,1644454500.0,1832.83,1831.7,1831.7,1828.3100000000004,Short
1644454800,1644470700.0,1832.48,1831.04,1836.8000000000002,1832.48,Long
1644471300,1644473700.0,1834.06,1833.33,1836.25,1834.06,Long
1644476400,1644476700.0,1834.52,1834.02,1834.02,1832.52,Short
1644477000,1644479700.0,1834.28,1833.68,1836.0799999999997,1834.28,Long
1644480300,1644506100.0,1834.57,1832.7,1832.7,1827.0900000000004,Short
1644506700,1644514800.0,1834.3,1832.42,1839.9399999999996,1834.3,Long
1644515100,1644515700.0,1839.33,1838.5,1838.5,1836.0100000000002,Short
1644516900,1644520200.0,1837.46,1833.67,1848.83,1837.46,Long
1644521100,1644546600.0,1833.53,1831.44,1831.44,1825.1700000000003,Short
1644546900,1644546930.0,1825.88,1825.14,1828.1000000000001,1825.88,Long
1644547800,1644555900.0,1826.49,1825.87,1825.87,1824.0099999999995,Short
1644556200,1644556230.0,1824.69,1823.99,1826.7900000000002,1824.69,Long
1644558900,1644565500.0,1825.1,1823.1,1823.1,1817.1,Short
1644566700,1644586500.0,1826.12,1824.07,1832.2699999999998,1826.12,Long
1644586800,1644586830.0,1828.72,1827.54,1827.54,1823.9999999999998,Short
1644587400,1644795000.0,1827.0,1825.02,1832.94,1827.0,Long
1644795300,1644795330.0,1860.33,1858.8,1858.8,1854.21,Short
1644795900,1644798900.0,1859.39,1857.8,1864.1600000000005,1859.39,Long
1644800700,1644822900.0,1859.93,1857.2,1857.2,1849.01,Short
1644824100,1644825300.0,1854.68,1852.91,1859.99,1854.68,Long
1644825600,1644826200.0,1854.37,1853.89,1853.89,1852.4500000000007,Short
1644827700,1644841800.0,1858.16,1854.01,1870.6100000000004,1858.16,Long
1644842100,1644844500.0,1857.64,1856.64,1856.64,1853.64,Short
1644845700,1644867900.0,1858.1,1855.48,1865.9599999999996,1858.1,Long
1644869400,1644882600.0,1870.32,1869.6,1872.48,1870.32,Long
1644883800,1644883830.0,1871.44,1870.0,1870.0,1865.6799999999998,Short
1644887400,1644887430.0,1872.11,1869.6,1879.6399999999999,1872.11,Long
1644889500,1644891900.0,1871.5,1870.15,1870.15,1866.1000000000004,Short
1644894600,1644909900.0,1877.25,1875.6,1882.2000000000003,1877.25,Long
1644910500,1644942300.0,1877.98,1877.25,1877.25,1875.06,Short
1644943200,1644944700.0,1851.12,1848.48,1859.0399999999995,1851.12,Long
1644945000,1644945030.0,1851.61,1850.58,1850.58,1847.49,Short
1644945900,1644948900.0,1850.71,1849.2,1855.24,1850.71,Long
1644951900,1644958800.0,1856.18,1853.2,1865.1200000000001,1856.18,Long
1644960000,1644966300.0,1852.84,1851.3,1857.4599999999998,1852.84,Long
1644967200,1644976800.0,1854.41,1852.9,1852.9,1848.3700000000001,Short
1644977700,1644978000.0,1852.76,1851.0,1858.04,1852.76,Long
1644980700,1644984300.0,1852.9,1850.8,1850.8,1844.4999999999995,Short
1644985500,1645007700.0,1853.12,1851.9,1856.7799999999993,1853.12,Long
1645008000,1645008030.0,1856.03,1854.79,1854.79,1851.07,Short
1645008900,1645010400.0,1854.95,1853.4,1853.4,1848.7500000000002,Short
1645011900,1645011930.0,1855.45,1854.78,1854.78,1852.7699999999998,Short
1645012800,1645013100.0,1856.27,1854.7,1860.9799999999998,1856.27,Long
1645014300,1645019400.0,1855.18,1853.77,1853.77,1849.5399999999997,Short
1645020900,1645020930.0,1858.88,1857.31,1857.31,1852.5999999999995,Short
1645021800,1645047000.0,1859.06,1857.63,1863.3499999999995,1859.06,Long
1645048500,1645048530.0,1868.85,1868.54,1868.54,1867.6100000000001,Short
1645053600,1645053630.0,1870.01,1869.45,1871.6899999999998,1870.01,Long
1645054800,1645056300.0,1869.55,1869.12,1870.8400000000001,1869.55,Long
1645056900,1645057200.0,1870.66,1869.6,1873.8400000000006,1870.66,Long
1645058100,1645059600.0,1871.56,1870.3,1875.34,1871.56,Long
1645059900,1645063800.0,1871.67,1870.5,1870.5,1866.9899999999998,Short
1645064100,1645065900.0,1869.82,1868.5,1873.7799999999997,1869.82,Long
1645067100,1645069200.0,1868.89,1868.39,1868.39,1866.89,Short
1645069800,1645101900.0,1869.74,1868.7,1872.86,1869.74,Long
1645102500,1645102530.0,1886.6,1885.77,1889.0899999999997,1886.6,Long
1645104000,1645133700.0,1890.14,1886.01,1902.5300000000004,1890.14,Long
1645135200,1645139100.0,1898.29,1897.93,1897.93,1896.8500000000004,Short
1645143300,1645144800.0,1900.52,1898.9,1905.3799999999997,1900.52,Long
1645146300,1645146330.0,1900.74,1897.41,1897.41,1887.4200000000003,Short
1645147200,1645147230.0,1898.75,1897.5,1897.5,1893.75,Short
1645147800,1645162800.0,1898.93,1897.7,1897.7,1894.01,Short
1645164300,1645167600.0,1893.07,1891.3,1898.3799999999999,1893.07,Long
1645168800,1645169700.0,1890.94,1890.13,1893.37,1890.94,Long
1645170000,1645170030.0,1892.12,1891.37,1891.37,1889.12,Short
1645171200,1645179300.0,1891.89,1890.6,1895.7600000000007,1891.89,Long
1645179900,1645184700.0,1892.81,1890.0,1890.0,1881.5700000000002,Short
1645185900,1645188000.0,1892.06,1890.7,1890.7,1886.6200000000003,Short
1645189500,1645189530.0,1894.65,1892.11,1892.11,1884.4899999999993,Short
1645190700,1645204800.0,1897.91,1895.2,1906.0400000000002,1897.91,Long
1645205700,1645206000.0,1897.45,1895.94,1895.94,1891.41,Short
1645207500,1645207800.0,1897.08,1896.11,1899.99,1897.08,Long
1645208400,1645208700.0,1897.31,1896.0,1896.0,1892.0700000000002,Short
1645209600,1645210500.0,1897.25,1896.86,1896.86,1895.6899999999996,Short
1645211400,1645212900.0,1896.92,1894.7,1903.5800000000002,1896.92,Long
1645213800,1645214700.0,1895.45,1894.2,1899.2,1895.45,Long
1645215600,1645215630.0,1894.82,1893.1,1893.1,1887.9399999999998,Short
1645216500,1645217100.0,1895.05,1893.7,1899.0999999999997,1895.05,Long
1645219200,1645406700.0,1898.12,1895.45,1906.1299999999994,1898.12,Long
1645408500,1645412100.0,1896.28,1895.48,1895.48,1893.0800000000002,Short
1645413000,1645431300.0,1898.52,1897.5,1897.5,1894.44,Short
1645432500,1645446600.0,1894.67,1892.9,1899.98,1894.67,Long
1645446900,1645446930.0,1895.36,1894.27,1894.27,1891.0000000000002,Short
1645447800,1645448100.0,1896.47,1894.53,1902.2900000000002,1896.47,Long
1645449600,1645450800.0,1897.4,1894.91,1894.91,1887.44,Short
1645451400,1645451700.0,1895.24,1893.91,1899.2299999999998,1895.24,Long
1645453200,1645459200.0,1897.13,1892.86,1892.86,1880.0499999999993,Short
1645459800,1645462500.0,1896.55,1895.4,1899.9999999999995,1896.55,Long
1645462800,1645464300.0,1896.54,1895.2,1895.2,1891.1800000000003,Short
1645465500,1645499100.0,1896.93,1895.7,1900.6200000000001,1896.93,Long
1645500300,1645500900.0,1909.5,1908.49,1908.49,1905.46,Short
1645501800,1645506300.0,1909.7,1908.84,1908.84,1906.2599999999995,Short
1645506600,1645508700.0,1907.66,1907.32,1908.6800000000005,1907.66,Long
1645511100,1645515900.0,1911.03,1909.09,1916.8500000000001,1911.03,Long
1645516800,1645517400.0,1909.02,1907.21,1914.4499999999998,1909.02,Long
1645518300,1645534800.0,1907.42,1906.52,1906.52,1903.8199999999997,Short
1645536900,1645544400.0,1905.2,1897.87,1927.1900000000005,1905.2,Long
1645544700,1645544730.0,1899.4,1897.31,1897.31,1891.0399999999995,Short
1645545900,1645551300.0,1897.92,1896.87,1901.0700000000006,1897.92,Long
1645551900,1645554900.0,1903.76,1902.6,1907.2400000000002,1903.76,Long
1645555500,1645555800.0,1903.69,1902.9,1902.9,1900.5300000000002,Short
1645558200,1645561200.0,1904.22,1901.1,1913.5800000000004,1904.22,Long
1645561800,1645561830.0,1900.5,1899.71,1902.87,1900.5,Long
1645563000,1645578300.0,1900.96,1899.3,1899.3,1894.3199999999997,Short
1645580400,1645582500.0,1901.12,1899.74,1899.74,1895.6000000000004,Short
1645582800,1645582830.0,1899.06,1898.74,1900.0199999999998,1899.06,Long
1645584900,1645585800.0,1899.68,1898.11,1904.3900000000006,1899.68,Long
1645587600,1645590300.0,1899.77,1898.3,1904.18,1899.77,Long
1645591800,1645620000.0,1899.42,1898.3,1898.3,1894.9399999999996,Short
1645621800,1645646100.0,1897.53,1893.0,1911.12,1897.53,Long
1645647300,1645648800.0,1908.04,1906.41,1906.41,1901.5200000000004,Short
1645649100,1645650300.0,1906.45,1905.6,1909.0000000000005,1906.45,Long
1645650600,1645653000.0,1909.71,1908.8,1908.8,1906.0699999999997,Short
1645657500,1645690500.0,1910.75,1908.39,1917.8299999999997,1910.75,Long
1645691400,1645691430.0,1942.05,1939.16,1939.16,1930.4900000000005,Short
1645692300,1645711800.0,1942.47,1941.42,1945.62,1942.47,Long
1645713000,1645747800.0,1955.39,1954.25,1954.25,1950.8299999999997,Short
1645748400,1645765500.0,1906.18,1904.22,1912.0600000000002,1906.18,Long
1645767000,1645767030.0,1914.47,1912.83,1912.83,1907.9099999999996,Short
1645767600,1645775400.0,1912.97,1912.0,1915.88,1912.97,Long
1645776300,1645777800.0,1915.18,1913.38,1913.38,1907.9800000000002,Short
1645779000,1645779030.0,1913.41,1911.7,1911.7,1906.57,Short
1645781100,1645811700.0,1912.56,1910.75,1910.75,1905.3200000000002,Short
1645812300,1645812900.0,1888.12,1886.33,1893.4899999999998,1888.12,Long
1645814700,1645815900.0,1888.71,1888.06,1888.06,1886.1099999999997,Short
1645818000,1645818030.0,1890.46,1886.8,1901.4400000000003,1890.46,Long
1645818900,1645995900.0,1890.23,1888.6,1895.1200000000003,1890.23,Long
1646003400,1646017500.0,1926.5,1888.31,2041.0700000000002,1926.5,Long
1646017800,1646019900.0,1910.28,1909.23,1909.23,1906.0800000000002,Short
1646022000,1646022300.0,1906.66,1905.6,1909.8400000000006,1906.66,Long
1646022600,1646025300.0,1910.16,1908.81,1908.81,1904.7599999999995,Short
1646025600,1646025630.0,1911.47,1910.36,1914.8000000000004,1911.47,Long
1646026200,1646047200.0,1910.0,1908.79,1908.79,1905.1599999999999,Short
1646047500,1646062800.0,1907.0,1905.95,1910.1499999999999,1907.0,Long
1646064300,1646079000.0,1908.43,1906.74,1906.74,1901.6699999999998,Short
1646079900,1646096100.0,1906.15,1904.67,1910.5900000000001,1906.15,Long
1646097600,1646109300.0,1904.83,1902.52,1902.52,1895.5900000000001,Short
1646110200,1646110230.0,1906.55,1905.18,1910.6599999999996,1906.55,Long
1646111400,1646141400.0,1905.49,1903.8,1910.5600000000002,1905.49,Long
1646142300,1646142600.0,1917.06,1913.61,1913.61,1903.2599999999998,Short
1646145300,1646146500.0,1920.39,1916.61,1931.7300000000007,1920.39,Long
1646147100,1646148300.0,1926.82,1921.64,1921.64,1906.1000000000006,Short
1646148600,1646178600.0,1920.98,1918.34,1928.9000000000003,1920.98,Long
1646179200,1646179230.0,1942.68,1941.5,1941.5,1937.9599999999998,Short
1646180400,1646181300.0,1943.56,1942.37,1947.13,1943.56,Long
1646184000,1646196600.0,1933.69,1930.5,1930.5,1920.9299999999998,Short
1646197500,1646197530.0,1936.94,1935.3,1935.3,1930.3799999999997,Short
1646198100,1646200500.0,1935.88,1934.35,1940.4700000000007,1935.88,Long
1646201100,1646203200.0,1936.4,1933.5,1933.5,1924.7999999999997,Short
1646203500,1646204100.0,1937.76,1935.9,1943.3399999999997,1937.76,Long
1646205000,1646209200.0,1938.28,1935.9,1945.4199999999996,1938.28,Long
1646210400,1646210700.0,1938.77,1934.24,1934.24,1920.65,Short
1646211000,1646211600.0,1936.06,1933.71,1943.1099999999997,1936.06,Long
1646212500,1646213400.0,1937.0,1936.32,1939.0400000000002,1937.0,Long
1646214300,1646215800.0,1937.15,1934.0,1934.0,1924.5499999999997,Short
1646216400,1646231400.0,1933.71,1933.06,1933.06,1931.1099999999997,Short
1646232600,1646234700.0,1925.52,1923.26,1932.3,1925.52,Long
1646236800,1646250300.0,1927.66,1923.91,1923.91,1912.66,Short
1646250600,1646268900.0,1926.45,1925.22,1930.14,1926.45,Long
1646270100,1646271000.0,1927.46,1926.92,1926.92,1925.3000000000002,Short
1646271900,1646276400.0,1929.81,1928.12,1934.88,1929.81,Long
1646277000,1646278200.0,1929.23,1928.44,1931.6,1929.23,Long
1646279100,1646290500.0,1928.76,1927.6,1927.6,1924.1199999999997,Short
1646291700,1646293500.0,1929.32,1927.0,1927.0,1920.0400000000002,Short
1646294700,1646310900.0,1934.39,1931.3,1943.6600000000005,1934.39,Long
1646311500,1646312400.0,1933.4,1930.36,1930.36,1921.2399999999993,Short
1646312700,1646315100.0,1932.08,1929.78,1938.9799999999998,1932.08,Long
1646315400,1646316000.0,1929.93,1927.61,1927.61,1920.6499999999994,Short
1646316300,1646316330.0,1927.0,1924.41,1934.7699999999998,1927.0,Long
1646316900,1646326800.0,1930.22,1928.67,1928.67,1924.0200000000002,Short
1646327100,1646327400.0,1931.08,1929.13,1936.9299999999994,1931.08,Long
1646328300,1646328900.0,1929.81,1928.0,1928.0,1922.5700000000002,Short
1646330700,1646357400.0,1932.13,1928.34,1943.5000000000007,1932.13,Long
1646357700,1646360100.0,1940.83,1939.94,1939.94,1937.2700000000004,Short
1646361000,1646361600.0,1938.3,1936.82,1936.82,1932.3799999999999,Short
1646363400,1646367600.0,1939.9,1938.13,1945.21,1939.9,Long
1646371200,1646373300.0,1940.33,1938.43,1938.43,1932.7300000000005,Short
1646373600,1646374800.0,1936.02,1934.61,1940.2500000000002,1936.02,Long
1646376600,1646379300.0,1936.53,1934.11,1934.11,1926.8499999999997,Short
1646379900,1646384400.0,1939.24,1937.25,1937.25,1931.28,Short
1646385300,1646405700.0,1941.78,1938.11,1952.7900000000002,1941.78,Long
1646407500,1646622900.0,1954.57,1952.5,1960.7799999999997,1954.57,Long
1646623800,1646624400.0,1988.59,1986.61,1986.61,1980.6699999999998,Short
1646625000,1646626800.0,1987.8,1986.01,1993.1699999999998,1987.8,Long
1646628300,1646628900.0,1990.16,1988.74,1994.4200000000003,1990.16,Long
1646630100,1646638200.0,1989.41,1988.06,1988.06,1984.0099999999995,Short
1646639400,1646654100.0,1990.68,1987.56,2000.0400000000004,1990.68,Long
1646655000,1646667300.0,1986.4,1983.5,1983.5,1974.7999999999997,Short
1646668200,1646673300.0,1990.97,1986.64,1986.64,1973.6500000000003,Short
1646675100,1646698800.0,1984.87,1981.1,1996.1799999999998,1984.87,Long
1646700600,1646716200.0,1992.86,1991.1,1991.1,1985.82,Short
1646716800,1646736300.0,1990.84,1989.57,1994.6499999999999,1990.84,Long
1646736900,1646742000.0,2008.02,2005.29,2005.29,1997.1,Short
1646743800,1646743830.0,2014.84,2010.5,2027.8599999999997,2014.84,Long
1646745000,1646745300.0,2008.82,2004.31,2022.35,2008.82,Long
1646746200,1646766300.0,2012.64,2008.49,2025.0900000000004,2012.64,Long
1646766900,1646774100.0,2045.08,2037.0,2037.0,2012.7600000000002,Short
1646774400,1646782800.0,2050.14,2048.9,2053.859999999999,2050.14,Long
1646783700,1646785500.0,2045.92,2042.49,2056.21,2045.92,Long
1646786400,1646787300.0,2039.45,2034.61,2053.9700000000003,2039.45,Long
1646787900,1646788500.0,2039.36,2036.45,2048.0899999999992,2039.36,Long
1646790000,1646793900.0,2041.81,2039.13,2039.13,2031.0900000000006,Short
1646794200,1646808600.0,2050.38,2048.36,2056.44,2050.38,Long
1646810100,1646848500.0,2046.52,2041.96,2041.96,2028.2800000000002,Short
1646848800,1646849100.0,1986.65,1985.06,1991.4200000000005,1986.65,Long
1646849700,1646849730.0,1988.02,1985.77,1994.77,1988.02,Long
1646850600,1646860500.0,1985.55,1982.34,1982.34,1972.7099999999998,Short
1646861400,1646872200.0,1998.29,1993.49,2012.6899999999998,1998.29,Long
1646874000,1646888700.0,1984.46,1981.4,1981.4,1972.2200000000003,Short
1646891100,1646898600.0,1981.37,1977.09,1994.2099999999998,1981.37,Long
1646900100,1646904900.0,1983.87,1978.73,1999.2899999999995,1983.87,Long
1646905200,1646905230.0,1982.48,1980.21,1980.21,1973.4,Short
1646906700,1646924400.0,1987.53,1983.41,1999.8899999999996,1987.53,Long
1646925600,1646933700.0,1995.46,1981.64,1981.64,1940.1800000000003,Short
1646934000,1646934030.0,2000.58,1998.44,2006.9999999999995,2000.58,Long
1646935200,1646935800.0,2005.67,2003.16,2013.2,2005.67,Long
1646936700,1646938800.0,1999.56,1993.89,1993.89,1976.8800000000006,Short
1646939100,1646939130.0,1997.92,1996.31,2002.7500000000005,1997.92,Long
1646940600,1646946300.0,1996.07,1994.4,2001.0799999999995,1996.07,Long
1646949300,1646954100.0,1996.51,1994.91,1994.91,1990.1100000000004,Short
1646954400,1646955300.0,1998.06,1997.0,2001.2399999999998,1998.06,Long
1646955600,1646956800.0,1997.14,1996.08,1996.08,1992.8999999999994,Short
1646959800,1646985000.0,1996.53,1993.82,1993.82,1985.6899999999998,Short
1646986200,1646987100.0,1989.8,1987.89,1987.89,1982.1600000000005,Short
1646988000,1646997300.0,1993.39,1989.04,2006.4400000000005,1993.39,Long
1646997600,1647013500.0,1990.3,1988.76,1988.76,1984.14,Short
1647015000,1647031500.0,1980.72,1978.6,1987.0800000000004,1980.72,Long
1647033300,1647035400.0,1986.82,1982.57,1982.57,1969.82,Short
1647208800,1647209100.0,1986.61,1986.61,1986.61,1986.61,Long
1647210000,1647225300.0,1982.96,1981.94,1981.94,1978.88,Short
1647228600,1647228630.0,1973.73,1970.71,1970.71,1961.65,Short
1647229200,1647229800.0,1975.23,1973.2,1973.2,1967.1100000000001,Short
1647230400,1647233100.0,1975.76,1974.59,1979.2700000000002,1975.76,Long
1647233700,1647234300.0,1975.97,1974.99,1974.99,1972.05,Short
1647235200,1647235500.0,1976.22,1974.56,1981.2000000000003,1976.22,Long
1647235800,1647239400.0,1976.2,1975.36,1975.36,1972.8399999999995,Short
1647239700,1647243900.0,1972.75,1972.09,1974.7300000000002,1972.75,Long
1647246000,1647278100.0,1971.4,1968.83,1968.83,1961.1199999999994,Short
1647278700,1647280200.0,1961.59,1959.96,1959.96,1955.0700000000004,Short
1647281700,1647282000.0,1957.07,1955.86,1960.7,1957.07,Long
1647282900,1647283200.0,1955.74,1954.07,1954.07,1949.0599999999997,Short
1647285600,1647338100.0,1952.02,1950.88,1950.88,1947.4600000000005,Short
1647338400,1647339000.0,1931.98,1927.91,1944.1899999999998,1931.98,Long
1647339900,1647339930.0,1929.55,1928.19,1928.19,1924.1100000000004,Short
1647341700,1647360600.0,1931.37,1926.29,1926.29,1911.0500000000002,Short
1647361200,1647361500.0,1926.61,1923.71,1923.71,1915.0100000000004,Short
1647361800,1647372600.0,1925.31,1923.78,1929.8999999999999,1925.31,Long
1647373200,1647389100.0,1917.35,1915.9,1915.9,1911.5500000000006,Short
1647392400,1647396300.0,1922.52,1919.71,1930.9499999999998,1922.52,Long
1647396600,1647396630.0,1921.36,1919.7,1919.7,1914.7200000000005,Short
1647398100,1647402900.0,1923.2,1919.5,1934.3000000000002,1923.2,Long
1647403800,1647419700.0,1918.75,1915.92,1915.92,1907.4300000000003,Short
1647420000,1647425100.0,1915.68,1914.1,1920.4200000000005,1915.68,Long
1647425400,1647425430.0,1922.84,1920.69,1920.69,1914.2400000000005,Short
1647427200,1647436200.0,1921.76,1917.93,1933.2499999999998,1921.76,Long
1647436800,1647436830.0,1921.07,1918.44,1918.44,1910.5500000000004,Short
1647437700,1647453300.0,1919.45,1917.37,1917.37,1911.1299999999994,Short
1647456000,1647456030.0,1905.72,1901.77,1901.77,1889.9199999999998,Short
1647456600,1647478200.0,1913.96,1907.04,1934.7200000000003,1913.96,Long
1647478800,1647479400.0,1927.04,1925.55,1925.55,1921.08,Short
1647480000,1647496500.0,1928.13,1926.02,1934.4600000000005,1928.13,Long
1647497700,1647498300.0,1931.46,1930.48,1930.48,1927.54,Short
1647499800,1647503700.0,1934.6,1931.9,1931.9,1923.8000000000006,Short
1647504000,1647504030.0,1935.02,1932.89,1941.4099999999996,1935.02,Long
1647504900,1647519600.0,1936.17,1934.6,1940.8800000000006,1936.17,Long
1647520200,1647520500.0,1938.62,1936.15,1946.0299999999993,1938.62,Long
1647520800,1647520830.0,1942.19,1939.58,1939.58,1931.7499999999995,Short
1647522000,1647522030.0,1938.96,1936.89,1936.89,1930.6800000000003,Short
1647522900,1647526200.0,1941.48,1940.17,1945.4099999999999,1941.48,Long
1647526800,1647538800.0,1947.15,1944.64,1954.68,1947.15,Long
1647539700,1647539730.0,1942.58,1941.0,1947.3199999999997,1942.58,Long
1647540900,1647549900.0,1942.33,1939.0,1939.0,1929.0100000000002,Short
1647550200,1647550500.0,1942.07,1940.31,1947.35,1942.07,Long
1647555000,1647556800.0,1942.68,1941.83,1941.83,1939.2799999999995,Short
1647557100,1647557130.0,1940.97,1940.0,1943.88,1940.97,Long
1647558000,1647558030.0,1942.28,1940.7,1940.7,1935.9600000000003,Short
1647558600,1647567000.0,1942.06,1941.45,1943.8899999999996,1942.06,Long
1647567600,1647586500.0,1941.34,1940.25,1940.25,1936.9800000000002,Short
1647587400,1647589800.0,1936.07,1934.19,1941.7099999999996,1936.07,Long
1647590400,1647590700.0,1934.9,1933.8,1938.2000000000005,1934.9,Long
1647591000,1647591600.0,1935.31,1933.3,1933.3,1927.27,Short
1647592200,1647592500.0,1934.63,1932.97,1939.6100000000004,1934.63,Long
1647593700,1647594900.0,1935.86,1932.85,1932.85,1923.82,Short
1647595500,1647595530.0,1933.96,1932.39,1938.6699999999998,1933.96,Long
1647597600,1647597630.0,1933.72,1929.66,1929.66,1917.4800000000002,Short
1647598500,1647598800.0,1934.51,1933.34,1938.0200000000002,1934.51,Long
1647599400,1647599430.0,1933.14,1932.12,1936.2000000000007,1933.14,Long
1647600600,1647600630.0,1932.07,1929.22,1929.22,1920.6700000000003,Short
1647603900,1647608700.0,1938.0,1936.68,1941.9599999999998,1938.0,Long
1647609000,1647609900.0,1936.56,1935.03,1935.03,1930.44,Short
1647610800,1647611700.0,1932.63,1930.3,1939.6200000000006,1932.63,Long
1647613500,1647613800.0,1932.62,1929.01,1929.01,1918.1800000000003,Short
1647614400,1647614430.0,1934.86,1933.38,1933.38,1928.9400000000007,Short
1647617400,1647624300.0,1936.59,1933.1,1933.1,1922.6299999999999,Short
1647624600,1647624630.0,1929.67,1928.0,1934.6800000000003,1929.67,Long
1647626100,1647821400.0,1931.04,1929.26,1929.26,1923.92,Short
1647821700,1647841500.0,1920.65,1919.4,1924.4,1920.65,Long
1647844200,1647856500.0,1925.7,1922.5,1922.5,1912.8999999999999,Short
1647858000,1647863700.0,1928.44,1926.19,1935.19,1928.44,Long
1647865800,1647866700.0,1925.03,1922.65,1932.1699999999996,1925.03,Long
1647867000,1647869100.0,1925.75,1924.3,1924.3,1919.9499999999998,Short
1647869400,1647885900.0,1921.68,1918.65,1930.77,1921.68,Long
1647886200,1647888600.0,1932.98,1931.71,1931.71,1927.9,Short
1647888900,1647889500.0,1934.25,1932.9,1938.2999999999997,1934.25,Long
1647890400,1647892800.0,1934.49,1932.64,1940.0399999999997,1934.49,Long
1647893400,1647894900.0,1936.38,1934.15,1934.15,1927.46,Short
1647896100,1647906900.0,1935.5,1933.62,1941.1400000000003,1935.5,Long
1647907200,1647907230.0,1935.85,1935.12,1935.12,1932.9299999999998,Short
1647907800,1647908100.0,1935.17,1934.29,1937.8100000000004,1935.17,Long
1647910500,1647917400.0,1933.82,1928.5,1928.5,1912.5400000000002,Short
1647917700,1647917730.0,1933.69,1933.01,1935.7300000000002,1933.69,Long
1647918600,1647918630.0,1935.7,1934.99,1934.99,1932.86,Short
1647919200,1647921300.0,1935.57,1934.41,1939.0499999999995,1935.57,Long
1647921900,1647922500.0,1936.43,1935.98,1937.7800000000002,1936.43,Long
1647923100,1647932400.0,1935.26,1934.49,1937.57,1935.26,Long
1647933900,1647951600.0,1935.26,1934.1,1934.1,1930.6199999999997,Short
1647952200,1647952800.0,1927.1,1924.26,1924.26,1915.7400000000002,Short
1647954000,1647954030.0,1930.15,1927.96,1927.96,1921.3899999999999,Short
1647954900,1647955200.0,1926.92,1924.15,1935.23,1926.92,Long
1647955500,1647971100.0,1925.91,1924.98,1924.98,1922.1899999999998,Short
1647973500,1647980700.0,1922.56,1920.86,1927.66,1922.56,Long
1647982800,1647987300.0,1921.58,1920.57,1924.61,1921.58,Long
1647988200,1647988800.0,1921.12,1919.5,1919.5,1914.6400000000003,Short
1647991500,1647991530.0,1921.04,1920.01,1924.1299999999999,1921.04,Long
1647993300,1647999900.0,1921.63,1920.4,1920.4,1916.71,Short
1648001100,1648014900.0,1920.21,1919.63,1921.9499999999998,1920.21,Long
1648015200,1648022400.0,1921.27,1920.41,1920.41,1917.8300000000004,Short
1648023900,1648024200.0,1923.8,1921.2,1921.2,1913.4000000000003,Short
1648024500,1648044600.0,1922.11,1919.91,1928.7099999999994,1922.11,Long
1648046400,1648046700.0,1930.18,1928.4,1935.52,1930.18,Long
1648047600,1648049400.0,1932.57,1931.14,1931.14,1926.8500000000006,Short
1648049700,1648049730.0,1931.91,1930.98,1934.7000000000003,1931.91,Long
1648052100,1648083600.0,1930.08,1927.83,1936.83,1930.08,Long
1648084500,1648101900.0,1946.81,1945.1,1945.1,1939.9699999999998,Short
1648102500,1648102530.0,1942.67,1939.88,1951.04,1942.67,Long
1648104300,1648105200.0,1940.23,1939.1,1943.6200000000003,1940.23,Long
1648106700,1648112400.0,1942.81,1940.21,1950.6099999999997,1942.81,Long
1648112700,1648114500.0,1941.24,1940.44,1940.44,1938.0400000000002,Short
1648114800,1648146900.0,1939.09,1938.26,1941.5799999999997,1939.09,Long
1648147800,1648147830.0,1963.5,1962.41,1962.41,1959.1400000000003,Short
1648148700,1648149900.0,1962.07,1960.2,1960.2,1954.5900000000004,Short
1648150500,1648150800.0,1963.57,1961.2,1970.6799999999996,1963.57,Long
1648152300,1648169400.0,1962.12,1960.93,1960.93,1957.3600000000006,Short
1648171500,1648182000.0,1961.47,1960.14,1965.4599999999998,1961.47,Long
1648182300,1648200600.0,1962.33,1961.37,1961.37,1958.4899999999998,Short
1648201500,1648209600.0,1958.42,1957.67,1957.67,1955.42,Short
1648211100,1648219500.0,1955.94,1951.34,1951.34,1937.5399999999995,Short
1648220400,1648227600.0,1953.26,1950.77,1960.73,1953.26,Long
1648227900,1648227930.0,1956.69,1955.56,1955.56,1952.1699999999996,Short
1648231200,1648234500.0,1956.24,1951.47,1970.55,1956.24,Long
1648234800,1648235700.0,1954.37,1952.68,1952.68,1947.6100000000006,Short
1648237500,1648241100.0,1956.46,1954.81,1954.81,1949.8599999999997,Short
1648241400,1648414800.0,1955.35,1954.28,1958.5599999999997,1955.35,Long
1648419900,1648426500.0,1959.09,1954.4,1973.1599999999994,1959.09,Long
1648428000,1648429500.0,1955.83,1955.19,1957.7499999999995,1955.83,Long
1648430400,1648469100.0,1952.23,1950.3,1950.3,1944.5099999999998,Short
1648469400,1648484100.0,1933.16,1931.32,1938.6800000000005,1933.16,Long
1648485000,1648486800.0,1938.55,1937.1,1937.1,1932.7499999999998,Short
1648487100,1648487130.0,1939.35,1938.45,1942.0499999999995,1939.35,Long
1648488000,1648489500.0,1939.28,1938.68,1941.0799999999997,1939.28,Long
1648489800,1648490100.0,1936.41,1934.4,1934.4,1928.3700000000001,Short
1648490400,1648490430.0,1934.68,1933.62,1937.8600000000006,1934.68,Long
1648491600,1648513200.0,1933.82,1932.77,1932.77,1929.6200000000001,Short
1648513500,1648526100.0,1924.82,1923.83,1927.79,1924.82,Long
1648526400,1648526430.0,1926.11,1925.15,1925.15,1922.2700000000007,Short
1648527300,1648527330.0,1924.31,1923.74,1926.0199999999998,1924.31,Long
1648529100,1648529700.0,1923.41,1920.7,1920.7,1912.57,Short
1648531500,1648567200.0,1922.75,1921.71,1921.71,1918.5900000000001,Short
1648568700,1648568730.0,1913.32,1911.85,1911.85,1907.4399999999998,Short
1648569300,1648596300.0,1913.69,1912.6,1916.9600000000005,1913.69,Long
1648596600,1648597500.0,1918.47,1917.4,1917.4,1914.1900000000003,Short
1648597800,1648597830.0,1917.23,1915.9,1921.2199999999998,1917.23,Long
1648598400,1648598430.0,1916.77,1916.21,1918.4499999999998,1916.77,Long
1648599900,1648602300.0,1918.48,1917.18,1917.18,1913.2800000000002,Short
1648602600,1648621800.0,1920.34,1919.18,1923.8199999999995,1920.34,Long
1648622100,1648622130.0,1926.37,1925.9,1925.9,1924.4900000000007,Short
1648624200,1648624500.0,1925.55,1923.9,1923.9,1918.9500000000005,Short
1648625400,1648626900.0,1926.13,1924.5,1924.5,1919.6099999999997,Short
1648628100,1648638900.0,1923.91,1921.52,1921.52,1914.3499999999997,Short
1648639500,1648640400.0,1924.58,1923.2,1923.2,1919.0600000000004,Short
1648641300,1648662300.0,1925.34,1924.48,1927.9199999999996,1925.34,Long
1648662600,1648664100.0,1932.69,1932.04,1932.04,1930.0899999999997,Short
1648665000,1648665300.0,1932.91,1931.29,1937.7700000000004,1932.91,Long
1648668900,1648672200.0,1934.24,1931.5,1931.5,1923.28,Short
1648673700,1648677600.0,1933.85,1932.4,1938.1999999999994,1933.85,Long
1648680900,1648683000.0,1933.82,1932.1,1938.98,1933.82,Long
1648683900,1648684200.0,1932.89,1931.4,1931.4,1926.93,Short
1648684500,1648684800.0,1933.48,1933.04,1934.8000000000002,1933.48,Long
1648685400,1648708800.0,1933.9,1931.8,1931.8,1925.4999999999995,Short
1648710000,1648710030.0,1927.2,1926.26,1926.26,1923.4399999999998,Short
1648711200,1648725000.0,1929.56,1927.71,1935.1099999999997,1929.56,Long
1648725900,1648725930.0,1929.26,1928.51,1928.51,1926.26,Short
1648728000,1648728600.0,1931.78,1929.99,1929.99,1924.6200000000001,Short
1648729500,1648753500.0,1932.75,1930.08,1940.7600000000002,1932.75,Long
1648754100,1648754400.0,1942.51,1941.77,1944.73,1942.51,Long
1648755000,1648776300.0,1941.54,1940.0,1940.0,1935.38,Short
1648777200,1648778700.0,1938.03,1937.3,1940.22,1938.03,Long
1648779300,1648780200.0,1937.27,1936.46,1936.46,1934.0300000000002,Short
1648780800,1648783500.0,1936.6,1935.53,1935.53,1932.3200000000002,Short
1648783800,1648791300.0,1935.27,1934.68,1937.0399999999997,1935.27,Long
1648791900,1648792500.0,1937.03,1936.1,1936.1,1933.3099999999997,Short
1648792800,1648792830.0,1938.08,1936.84,1941.8,1938.08,Long
1648793400,1648837800.0,1938.94,1937.1,1937.1,1931.5799999999995,Short
1648839600,1648840200.0,1926.01,1924.76,1924.76,1921.01,Short
1648840500,1648840530.0,1922.53,1920.98,1927.1799999999998,1922.53,Long
1648842000,1648845900.0,1925.12,1923.9,1923.9,1920.2400000000007,Short
1648846800,1648846830.0,1924.71,1923.31,1923.31,1919.1099999999997,Short
1649023200,1649025300.0,1924.8,1923.7,1928.0999999999997,1924.8,Long
1649027100,1649029500.0,1922.96,1921.9,1921.9,1918.7200000000003,Short
1649030400,1649034600.0,1924.77,1924.16,1926.5999999999997,1924.77,Long
1649035200,1649036700.0,1923.96,1923.59,1925.0700000000004,1923.96,Long
1649037000,1649052900.0,1925.07,1923.71,1923.71,1919.6300000000003,Short
1649053200,1649070300.0,1919.81,1918.1,1924.94,1919.81,Long
1649070900,1649072100.0,1929.21,1928.68,1930.8,1929.21,Long
1649072400,1649072430.0,1930.39,1929.61,1929.61,1927.2699999999993,Short
1649073300,1649073330.0,1930.07,1928.8,1928.8,1924.99,Short
1649074200,1649074500.0,1932.89,1930.21,1930.21,1922.1699999999998,Short
1649075400,1649080200.0,1932.88,1930.17,1941.0100000000002,1932.88,Long
1649080500,1649080530.0,1931.85,1928.34,1928.34,1917.81,Short
1649082000,1649089500.0,1929.47,1926.91,1937.1499999999999,1929.47,Long
1649091000,1649094900.0,1931.74,1930.62,1930.62,1927.2599999999995,Short
1649095500,1649097900.0,1929.65,1928.92,1931.8400000000001,1929.65,Long
1649099100,1649101500.0,1932.57,1931.28,1931.28,1927.41,Short
1649102700,1649104200.0,1932.68,1932.13,1932.13,1930.4800000000002,Short
1649110200,1649114700.0,1933.15,1931.8,1937.2000000000005,1933.15,Long
1649116200,1649116500.0,1932.43,1930.4,1930.4,1924.3100000000002,Short
1649116800,1649116830.0,1931.69,1931.3,1932.8600000000004,1931.69,Long
1649117700,1649117730.0,1932.72,1932.23,1934.19,1932.72,Long
1649119200,1649120100.0,1932.34,1931.1,1936.06,1932.34,Long
1649120700,1649137200.0,1932.35,1931.1,1931.1,1927.35,Short
1649138100,1649143800.0,1929.92,1929.29,1931.8100000000004,1929.92,Long
1649144400,1649144430.0,1928.64,1928.11,1930.2300000000007,1928.64,Long
1649145000,1649146200.0,1928.81,1928.46,1928.46,1927.4100000000003,Short
1649148900,1649152500.0,1930.42,1929.93,1931.89,1930.42,Long
1649153400,1649160900.0,1930.33,1929.23,1929.23,1925.9300000000003,Short
1649162400,1649172000.0,1931.8,1930.17,1936.6899999999996,1931.8,Long
1649173200,1649189100.0,1927.95,1925.9,1925.9,1919.7500000000002,Short
1649189700,1649189730.0,1921.09,1919.76,1925.0799999999997,1921.09,Long
1649190900,1649191500.0,1923.13,1922.1,1922.1,1919.0099999999993,Short
1649191800,1649191830.0,1922.79,1921.4,1926.9599999999996,1922.79,Long
1649192400,1649198700.0,1923.68,1922.96,1922.96,1920.8,Short
1649203500,1649207100.0,1922.27,1919.5,1919.5,1911.19,Short
1649208600,1649208630.0,1924.42,1918.51,1942.1500000000003,1924.42,Long
1649209800,1649210700.0,1922.69,1921.94,1921.94,1919.69,Short
1649212500,1649224200.0,1923.58,1922.96,1925.4399999999996,1923.58,Long
1649225700,1649232900.0,1920.43,1918.61,1918.61,1913.1499999999994,Short
1649233200,1649245500.0,1923.22,1922.07,1926.6700000000003,1923.22,Long
1649246400,1649247000.0,1921.9,1919.49,1919.49,1912.2599999999998,Short
1649249700,1649250000.0,1928.44,1924.69,1939.69,1928.44,Long
1649250900,1649252700.0,1926.06,1924.08,1924.08,1918.1399999999999,Short
1649253900,1649256300.0,1931.54,1930.01,1930.01,1925.42,Short
1649256600,1649262300.0,1925.31,1923.86,1929.66,1925.31,Long
1649263500,1649271300.0,1925.76,1925.32,1925.32,1923.9999999999998,Short
1649271600,1649271630.0,1925.51,1922.45,1934.6899999999998,1925.51,Long
1649272200,1649276400.0,1925.81,1922.96,1922.96,1914.4100000000003,Short
1649276700,1649277300.0,1925.96,1924.7,1929.74,1925.96,Long
1649277900,1649277930.0,1925.61,1924.73,1924.73,1922.0900000000004,Short
1649278800,1649278830.0,1925.8,1924.71,1929.0699999999997,1925.8,Long
1649283000,1649286000.0,1925.19,1923.42,1930.5,1925.19,Long
1649286600,1649287800.0,1923.87,1922.7,1927.3799999999994,1923.87,Long
1649288700,1649289000.0,1923.57,1921.91,1928.5499999999995,1923.57,Long
1649289600,1649289900.0,1924.0,1923.4,1923.4,1921.6000000000004,Short
1649291100,1649293200.0,1926.39,1924.4,1932.3600000000001,1926.39,Long
1649293500,1649299500.0,1926.01,1925.01,1925.01,1922.01,Short
1649300700,1649301600.0,1925.31,1923.62,1930.38,1925.31,Long
1649302500,1649309400.0,1922.91,1922.52,1922.52,1921.3499999999997,Short
1649309700,1649309730.0,1922.23,1921.82,1923.4600000000003,1922.23,Long
1649310600,1649310900.0,1923.83,1922.8,1922.8,1919.71,Short
1649311200,1649311230.0,1923.68,1922.7,1926.6200000000001,1923.68,Long
1649312400,1649315400.0,1925.13,1922.41,1933.2900000000002,1925.13,Long
1649316000,1649335200.0,1925.55,1924.54,1928.58,1925.55,Long
1649335500,1649335530.0,1929.99,1928.39,1928.39,1923.5900000000004,Short
1649336400,1649356500.0,1928.05,1925.91,1934.4699999999996,1928.05,Long
1649356800,1649359500.0,1933.6,1932.96,1932.96,1931.0400000000004,Short
1649359800,1649360100.0,1931.54,1929.31,1938.23,1931.54,Long
1649361000,1649361300.0,1931.09,1929.9,1934.6599999999994,1931.09,Long
1649361600,1649374500.0,1932.37,1931.08,1931.08,1927.21,Short
1649375400,1649375430.0,1933.46,1932.4,1936.6399999999999,1933.46,Long
1649377200,1649384100.0,1933.65,1932.2,1938.0000000000002,1933.65,Long
1649384400,1649385900.0,1932.92,1932.11,1932.11,1929.6799999999994,Short
1649387700,1649401200.0,1931.22,1927.9,1927.9,1917.9400000000003,Short
1649401500,1649404500.0,1931.24,1929.74,1935.74,1931.24,Long
1649405700,1649421300.0,1933.22,1932.66,1934.8999999999999,1933.22,Long
1649421600,1649421630.0,1933.3,1930.6,1930.6,1922.4999999999998,Short
1649422800,1649441400.0,1932.72,1931.16,1937.3999999999999,1932.72,Long
1649441700,1649443800.0,1943.32,1943.04,1943.04,1942.2,Short
1649444400,1649447400.0,1944.23,1943.63,1943.63,1941.8300000000004,Short
1649448000,1649640600.0,1943.97,1942.49,1948.41,1943.97,Long
1649641800,1649649600.0,1943.7,1941.92,1941.92,1936.5800000000002,Short
1649649900,1649649930.0,1943.1,1941.2,1948.7999999999995,1943.1,Long
1649650800,1649655300.0,1944.21,1942.81,1942.81,1938.6099999999997,Short
1649656500,1649656800.0,1944.2,1943.05,1947.6500000000003,1944.2,Long
1649657100,1649657130.0,1945.37,1944.42,1944.42,1941.5700000000006,Short
1649657700,1649657730.0,1944.38,1943.5,1947.0200000000004,1944.38,Long
1649658900,1649659200.0,1942.14,1941.44,1944.2400000000002,1942.14,Long
1649659800,1649659830.0,1943.19,1942.0,1942.0,1938.4299999999998,Short
1649660400,1649660700.0,1943.24,1942.45,1942.45,1940.0800000000002,Short
1649661600,1649662200.0,1944.96,1943.58,1943.58,1939.4399999999996,Short
1649663700,1649684400.0,1946.56,1945.28,1950.3999999999999,1946.56,Long
1649684700,1649702100.0,1963.51,1962.1,1962.1,1957.8699999999997,Short
1649703300,1649703330.0,1950.2,1949.6,1949.6,1947.7999999999995,Short
1649705100,1649705130.0,1952.04,1950.51,1956.6299999999999,1952.04,Long
1649706000,1649706300.0,1952.78,1951.28,1957.28,1952.78,Long
1649706600,1649706630.0,1954.18,1952.57,1952.57,1947.7399999999996,Short
1649709600,1649722800.0,1955.66,1952.6,1964.8400000000006,1955.66,Long
1649723400,1649727300.0,1952.05,1950.9,1950.9,1947.4500000000005,Short
1649730000,1649746800.0,1957.15,1953.2,1969.0000000000002,1957.15,Long
1649747100,1649747130.0,1959.44,1958.17,1958.17,1954.3600000000001,Short
1649748300,1649748330.0,1957.91,1954.5,1968.1400000000003,1957.91,Long
1649749200,1649761800.0,1956.54,1954.68,1954.68,1949.1000000000004,Short
1649762400,1649763900.0,1956.81,1955.6,1955.6,1951.9699999999998,Short
1649765100,1649782800.0,1957.69,1953.61,1969.9300000000005,1957.69,Long
1649784000,1649784600.0,1972.56,1970.64,1978.3199999999995,1972.56,Long
1649786100,1649787900.0,1971.96,1969.6,1979.0400000000004,1971.96,Long
1649788500,1649788530.0,1968.89,1967.7,1972.4600000000003,1968.89,Long
1649789400,1649807400.0,1967.41,1966.1,1966.1,1962.1699999999994,Short
1649808000,1649808030.0,1966.41,1964.9,1970.94,1966.41,Long
1649809800,1649813400.0,1965.5,1963.5,1963.5,1957.5,Short
1649814000,1649830500.0,1965.36,1963.9,1969.7399999999993,1965.36,Long
1649830800,1649835300.0,1970.66,1969.75,1969.75,1967.0199999999998,Short
1649835600,1649836500.0,1967.88,1966.5,1972.0200000000004,1967.88,Long
1649836800,1649836830.0,1972.5,1970.2,1970.2,1963.3000000000002,Short
1649837700,1649852400.0,1972.57,1970.71,1978.1499999999996,1972.57,Long
1649853900,1649855100.0,1978.5,1975.24,1988.28,1978.5,Long
1649856300,1649857200.0,1977.81,1973.61,1990.41,1977.81,Long
1649857500,1649859300.0,1980.24,1976.02,1976.02,1963.36,Short
1649859600,1649859630.0,1978.1,1977.0,1981.3999999999996,1978.1,Long
1649860500,1649861100.0,1979.35,1975.44,1975.44,1963.7100000000005,Short
1649862000,1649866200.0,1980.06,1978.95,1983.3899999999996,1980.06,Long
1649867700,1649874300.0,1979.98,1979.14,1982.4999999999998,1979.98,Long
1649875500,1649875530.0,1978.86,1978.04,1981.3199999999997,1978.86,Long
1649876100,1649892300.0,1978.27,1976.5,1976.5,1971.19,Short
1649893200,1649893230.0,1979.07,1978.1,1981.98,1979.07,Long
1649893800,1649894100.0,1978.56,1977.85,1977.85,1975.7199999999998,Short
1649895300,1649900100.0,1976.91,1976.28,1976.28,1974.3899999999996,Short
1649900400,1649904300.0,1977.2,1976.57,1979.0900000000004,1977.2,Long
1649905200,1649911200.0,1977.96,1976.8,1976.8,1973.3199999999997,Short
1649911500,1649912100.0,1973.97,1973.3,1975.9800000000002,1973.97,Long
1649913000,1649921400.0,1974.12,1973.69,1973.69,1972.4000000000005,Short
1649922300,1649922600.0,1978.31,1977.07,1982.03,1978.31,Long
1649923200,1649923230.0,1976.77,1974.9,1974.9,1969.2900000000004,Short
1649923800,1649925000.0,1975.09,1974.06,1978.1799999999998,1975.09,Long
1649925300,1649925330.0,1975.59,1973.9,1973.9,1968.8300000000006,Short
1649926200,1649933100.0,1974.38,1973.9,1973.9,1972.46,Short
1649933400,1649936700.0,1970.43,1969.3,1973.8200000000004,1970.43,Long
1649937900,1649938500.0,1978.93,1976.61,1985.8900000000006,1978.93,Long
1649939400,1649940900.0,1974.9,1974.2,1974.2,1972.1,Short
1649942100,1649943900.0,1977.0,1971.05,1994.8500000000001,1977.0,Long
1649944200,1649946300.0,1971.38,1968.43,1968.43,1959.58,Short
1649946600,1649948100.0,1968.13,1966.51,1972.9900000000005,1968.13,Long
1649948400,1649955300.0,1971.82,1970.02,1970.02,1964.6200000000001,Short
1649956500,1649958300.0,1974.37,1970.86,1970.86,1960.33,Short
1649959200,1649962200.0,1972.68,1970.61,1978.8900000000006,1972.68,Long
1649963400,1650051900.0,1971.79,1970.25,1976.4099999999999,1971.79,Long
1650222300,1650229200.0,1974.4,1974.4,1974.4,1974.4,Long
1650233400,1650254400.0,1973.31,1969.3,1985.34,1973.31,Long
1650254700,1650255600.0,1985.2,1984.1,1984.1,1980.7999999999995,Short
1650255900,1650256200.0,1984.01,1982.9,1987.3399999999997,1984.01,Long
1650256800,1650258300.0,1985.02,1982.7,1982.7,1975.7400000000002,Short
1650258900,1650258930.0,1986.62,1983.8,1995.0799999999997,1986.62,Long
1650260100,1650260130.0,1987.94,1986.9,1986.9,1983.7800000000002,Short
1650260700,1650260730.0,1986.01,1985.02,1988.98,1986.01,Long
1650261600,1650261630.0,1985.28,1984.58,1984.58,1982.4799999999998,Short
1650262800,1650278100.0,1986.73,1986.08,1988.6800000000003,1986.73,Long
1650279300,1650280500.0,1990.1,1987.0,1987.0,1977.7000000000003,Short
1650280800,1650287100.0,1989.27,1988.38,1991.9399999999996,1989.27,Long
1650288600,1650290400.0,1993.23,1991.9,1991.9,1987.9100000000003,Short
1650290700,1650290730.0,1993.45,1991.59,1999.0300000000004,1993.45,Long
1650291600,1650291630.0,1993.1,1992.0,1992.0,1988.7000000000003,Short
1650292200,1650322800.0,1993.05,1991.38,1991.38,1986.3700000000006,Short
1650323400,1650332400.0,1977.2,1976.87,1976.87,1975.8799999999994,Short
1650333900,1650333930.0,1978.59,1978.0,1978.0,1976.2300000000002,Short
1650335100,1650337200.0,1978.28,1976.5,1976.5,1971.16,Short
1650338100,1650338130.0,1977.67,1976.81,1976.81,1974.2299999999996,Short
1650339300,1650341400.0,1977.84,1977.47,1978.9499999999996,1977.84,Long
1650342300,1650345600.0,1977.58,1976.4,1976.4,1972.8600000000006,Short
1650347100,1650352500.0,1975.78,1972.7,1972.7,1963.4600000000003,Short
1650353100,1650354600.0,1977.98,1976.18,1983.3799999999999,1977.98,Long
1650354900,1650355200.0,1979.52,1978.59,1978.59,1975.7999999999997,Short
1650356700,1650363600.0,1980.71,1979.07,1985.6300000000003,1980.71,Long
1650364200,1650367800.0,1976.03,1975.22,1978.4599999999998,1976.03,Long
1650368100,1650369000.0,1978.88,1978.0,1978.0,1975.3599999999997,Short
1650369600,1650369630.0,1980.13,1979.51,1979.51,1977.6499999999996,Short
1650370200,1650370500.0,1979.48,1977.96,1984.04,1979.48,Long
1650371700,1650393600.0,1979.58,1977.9,1977.9,1972.8600000000006,Short
1650394500,1650394530.0,1954.65,1953.4,1958.4,1954.65,Long
1650395700,1650414000.0,1951.48,1949.74,1949.74,1944.52,Short
1650415200,1650415500.0,1948.09,1945.2,1956.7599999999995,1948.09,Long
1650416700,1650432000.0,1948.1,1946.1,1946.1,1940.1,Short
1650433500,1650433530.0,1946.62,1944.83,1951.9899999999998,1946.62,Long
1650435300,1650441900.0,1941.39,1940.09,1940.09,1936.1899999999994,Short
1650442500,1650443700.0,1942.53,1941.04,1941.04,1936.57,Short
1650444000,1650460200.0,1944.21,1942.53,1949.2500000000002,1944.21,Long
1650460500,1650460800.0,1949.1,1947.38,1947.38,1942.2200000000007,Short
1650461400,1650461430.0,1947.91,1945.8,1954.2400000000005,1947.91,Long
1650463200,1650464400.0,1951.0,1945.43,1967.7099999999998,1951.0,Long
1650464700,1650465000.0,1952.54,1950.71,1950.71,1945.2200000000003,Short
1650465300,1650465900.0,1953.94,1950.6,1963.9600000000005,1953.94,Long
1650466200,1650466800.0,1954.07,1952.81,1952.81,1949.03,Short
1650468000,1650468030.0,1953.1,1951.9,1956.6999999999994,1953.1,Long
1650468900,1650471600.0,1953.05,1952.49,1952.49,1950.8100000000002,Short
1650473100,1650479100.0,1952.38,1950.67,1957.5100000000002,1952.38,Long
1650479400,1650479430.0,1952.89,1952.09,1952.09,1949.6899999999994,Short
1650480300,1650482100.0,1952.29,1951.39,1951.39,1948.6900000000005,Short
1650483300,1650501000.0,1954.86,1953.06,1960.2599999999998,1954.86,Long
1650501300,1650503400.0,1954.32,1953.2,1953.2,1949.8400000000004,Short
1650504300,1650523800.0,1955.93,1954.89,1954.89,1951.7700000000002,Short
1650525000,1650526500.0,1953.1,1951.14,1951.14,1945.2600000000007,Short
1650527100,1650544200.0,1951.81,1950.45,1950.45,1946.3700000000003,Short
1650544800,1650548100.0,1947.59,1943.52,1959.7999999999997,1947.59,Long
1650549600,1650551700.0,1946.57,1943.0,1943.0,1932.2900000000002,Short
1650552600,1650555000.0,1943.94,1940.85,1953.2100000000005,1943.94,Long
1650555600,1650555900.0,1941.39,1939.64,1939.64,1934.39,Short
1650557100,1650557130.0,1940.34,1939.14,1939.14,1935.5400000000006,Short
1650559500,1650561900.0,1941.6,1938.35,1938.35,1928.6,Short
1650563700,1650564000.0,1947.98,1946.09,1953.6500000000003,1947.98,Long
1650564300,1650564600.0,1947.58,1946.71,1946.71,1944.1000000000004,Short
1650565500,1650584400.0,1944.59,1943.2,1948.7599999999995,1944.59,Long
1650585000,1650585900.0,1952.72,1950.7,1950.7,1944.64,Short
1650587100,1650589800.0,1951.06,1950.39,1950.39,1948.3800000000006,Short
1650590100,1650591300.0,1952.3,1950.81,1956.77,1952.3,Long
1650593700,1650600900.0,1951.21,1948.6,1948.6,1940.7699999999995,Short
1650602700,1650604500.0,1952.74,1951.15,1957.5099999999998,1952.74,Long
1650604800,1650605700.0,1952.37,1951.84,1951.84,1950.25,Short
1650606300,1650606330.0,1951.85,1951.3,1951.3,1949.65,Short
1650607800,1650614100.0,1955.25,1954.54,1957.38,1955.25,Long
1650614700,1650614730.0,1951.6,1949.62,1957.54,1951.6,Long
1650615600,1650634500.0,1950.6,1949.45,1949.45,1946.0000000000005,Short
1650636900,1650639300.0,1943.81,1942.06,1949.06,1943.81,Long
1650640200,1650642300.0,1934.17,1933.28,1933.28,1930.6099999999997,Short
1650642600,1650645600.0,1932.69,1931.58,1936.0200000000004,1932.69,Long
1650646800,1650647100.0,1936.13,1934.11,1934.11,1928.0499999999993,Short
1650647700,1650648000.0,1936.38,1933.4,1945.3200000000002,1936.38,Long
1650648600,1650654600.0,1934.09,1932.78,1932.78,1928.8500000000001,Short
1650654900,1650657300.0,1932.06,1931.73,1933.0499999999997,1932.06,Long
1650657900,1650837600.0,1934.08,1931.91,1931.91,1925.4000000000005,Short
1650837900,1650837930.0,1933.82,1930.3,1944.3799999999999,1933.82,Long
1650839400,1650844200.0,1934.28,1932.46,1932.46,1927.0000000000002,Short
1650844800,1650876900.0,1932.89,1932.56,1932.56,1931.5699999999995,Short
1650877200,1650877800.0,1917.21,1916.48,1919.4,1917.21,Long
1650878700,1650878730.0,1917.03,1915.69,1915.69,1911.6700000000003,Short
1650879600,1650881100.0,1917.82,1916.39,1922.1099999999994,1917.82,Long
1650882600,1650882630.0,1916.29,1914.12,1922.8000000000002,1916.29,Long
1650884100,1650903900.0,1911.52,1909.71,1909.71,1904.2800000000002,Short
1650905100,1650905400.0,1897.46,1895.8,1895.8,1890.8199999999997,Short
1650908100,1650909600.0,1897.48,1893.8,1893.8,1882.7599999999998,Short
1650910500,1650910530.0,1898.53,1897.11,1902.7900000000002,1898.53,Long
1650911100,1650919800.0,1898.32,1896.9,1902.5799999999995,1898.32,Long
1650920400,1650929400.0,1898.18,1897.01,1901.6900000000003,1898.18,Long
1650930000,1650930600.0,1899.73,1898.5,1898.5,1894.81,Short
1650930900,1650955800.0,1900.14,1899.2,1902.9600000000003,1900.14,Long
1650957300,1650964200.0,1904.11,1902.26,1902.26,1896.7100000000003,Short
1650965400,1650965430.0,1903.61,1902.84,1905.9199999999998,1903.61,Long
1650966900,1650967500.0,1904.64,1903.56,1903.56,1900.3199999999995,Short
1650967800,1650968100.0,1906.82,1904.94,1912.4599999999996,1906.82,Long
1650970800,1650977100.0,1909.36,1903.3,1927.5399999999997,1909.36,Long
1650978000,1650982200.0,1901.88,1899.9,1907.8200000000002,1901.88,Long
1650982500,1650983400.0,1906.46,1904.54,1904.54,1898.7799999999997,Short
1650984600,1650985200.0,1908.06,1905.9,1914.5399999999995,1908.06,Long
1650985800,1650990300.0,1906.98,1905.51,1905.51,1901.1,Short
1650990600,1650991200.0,1902.62,1902.03,1904.3899999999996,1902.62,Long
1650992100,1650993000.0,1901.93,1901.07,1904.5100000000004,1901.93,Long
1650993300,1651003200.0,1904.61,1903.4,1903.4,1899.7700000000007,Short
1651003500,1651021500.0,1901.93,1900.91,1904.99,1901.93,Long
1651022700,1651043400.0,1903.21,1900.9,1900.9,1893.9700000000003,Short
1651043700,1651043730.0,1898.87,1897.43,1903.1899999999994,1898.87,Long
1651044600,1651045800.0,1900.83,1896.81,1912.8899999999999,1900.83,Long
1651048200,1651057500.0,1895.92,1887.31,1887.31,1861.4799999999996,Short
1651057800,1651059000.0,1897.91,1897.04,1900.5200000000004,1897.91,Long
1651059600,1651060500.0,1900.86,1898.01,1898.01,1889.4600000000003,Short
1651060800,1651065600.0,1901.33,1898.44,1909.9999999999995,1901.33,Long
1651066500,1651081500.0,1896.87,1889.6,1889.6,1867.79,Short
1651082100,1651083600.0,1891.33,1889.5,1896.8199999999997,1891.33,Long
1651084800,1651086000.0,1886.94,1886.34,1886.34,1884.5399999999995,Short
1651087500,1651089900.0,1886.79,1885.32,1891.2,1886.79,Long
1651090200,1651104000.0,1885.66,1885.25,1885.25,1884.0199999999998,Short
1651104300,1651104330.0,1885.72,1883.71,1891.75,1885.72,Long
1651105200,1651105230.0,1885.96,1885.48,1885.48,1884.04,Short
1651106100,1651129200.0,1886.44,1885.21,1885.21,1881.52,Short
1651129500,1651147500.0,1882.98,1881.28,1888.0800000000002,1882.98,Long
1651148100,1651148130.0,1886.15,1884.9,1889.9,1886.15,Long
1651149000,1651149900.0,1884.44,1882.06,1891.5800000000004,1884.44,Long
1651150500,1651152900.0,1887.01,1885.0,1885.0,1878.97,Short
1651154700,1651155600.0,1890.81,1888.64,1888.64,1882.1300000000006,Short
1651157100,1651158000.0,1888.31,1885.42,1885.42,1876.7500000000005,Short
1651158600,1651159200.0,1890.55,1888.69,1888.69,1883.1100000000004,Short
1651161000,1651162200.0,1889.43,1887.3,1887.3,1880.9099999999996,Short
1651162800,1651163700.0,1886.61,1884.8,1892.0399999999997,1886.61,Long
1651164600,1651164630.0,1890.0,1888.2,1888.2,1882.8000000000002,Short
1651165200,1651167900.0,1889.0,1887.8,1892.6000000000001,1889.0,Long
1651168800,1651168830.0,1888.98,1888.4,1888.4,1886.6600000000003,Short
1651170300,1651233300.0,1892.37,1890.65,1897.5299999999993,1892.37,Long
1651233600,1651233900.0,1919.24,1917.03,1917.03,1910.3999999999999,Short
1651234200,1651234500.0,1917.81,1914.78,1926.8999999999999,1917.81,Long
1651235700,1651251300.0,1914.0,1909.08,1909.08,1894.3199999999997,Short
1651252500,1651252530.0,1908.64,1906.7,1906.7,1900.8799999999999,Short
1651254600,1651255200.0,1911.35,1909.04,1918.2799999999997,1911.35,Long
1651255500,1651255800.0,1910.36,1909.72,1909.72,1907.8000000000004,Short
1651257900,1651473000.0,1911.0,1909.3,1909.3,1904.1999999999998,Short
1651473600,1651509600.0,1886.91,1885.6,1885.6,1881.6699999999994,Short
1651510200,1651512300.0,1868.32,1867.2,1871.6799999999996,1868.32,Long
1651512900,1651516200.0,1864.21,1862.48,1869.4,1864.21,Long
1651516800,1651518600.0,1864.34,1862.9,1862.9,1858.5800000000006,Short
1651519800,1651519830.0,1863.86,1860.6,1873.6399999999999,1863.86,Long
1651521300,1651530300.0,1863.08,1861.2,1861.2,1855.5600000000004,Short
1651531200,1651534800.0,1864.13,1863.81,1863.81,1862.8499999999995,Short
1651536300,1651541400.0,1864.05,1861.9,1870.4999999999995,1864.05,Long
1651542600,1651546200.0,1860.11,1859.81,1859.81,1858.91,Short
1651549800,1651557300.0,1863.5,1863.07,1863.07,1861.7799999999997,Short
1651559400,1651570800.0,1859.94,1857.66,1857.66,1850.8200000000002,Short
1651571400,1651571430.0,1858.63,1857.2,1862.9200000000003,1858.63,Long
1651572600,1651575000.0,1860.88,1858.94,1858.94,1853.12,Short
1651575600,1651600500.0,1859.77,1858.1,1864.7800000000002,1859.77,Long
1651602000,1651618800.0,1867.59,1866.88,1866.88,1864.7500000000007,Short
1651619700,1651620900.0,1869.44,1868.3,1872.8600000000004,1869.44,Long
1651621500,1651621800.0,1869.28,1867.65,1874.1699999999996,1869.28,Long
1651622700,1651638900.0,1868.83,1867.33,1867.33,1862.83,Short
1651640400,1651640430.0,1866.16,1864.31,1871.7100000000005,1866.16,Long
1651641300,1651642500.0,1865.92,1864.6,1869.8800000000006,1865.92,Long
1651643100,1651643400.0,1864.95,1864.14,1864.14,1861.7100000000003,Short
1651644000,1651644300.0,1863.81,1862.63,1862.63,1859.0900000000006,Short
1651644900,1651646400.0,1863.36,1861.8,1868.0399999999997,1863.36,Long
1651648200,1651662000.0,1869.57,1865.66,1881.2999999999995,1869.57,Long
1651663500,1651663530.0,1868.0,1866.2,1873.3999999999999,1868.0,Long
1651664400,1651669800.0,1868.58,1867.61,1867.61,1864.6999999999998,Short
1651671900,1651676400.0,1868.99,1865.48,1865.48,1854.95,Short
1651677300,1651677900.0,1867.78,1866.61,1871.2900000000002,1867.78,Long
1651679400,1651681200.0,1868.26,1865.2,1865.2,1856.0200000000002,Short
1651683300,1651683900.0,1868.69,1867.3,1872.8600000000004,1868.69,Long
1651684200,1651684230.0,1869.24,1867.72,1867.72,1863.16,Short
1651684800,1651684830.0,1868.4,1866.77,1873.2900000000004,1868.4,Long
1651685700,1651686600.0,1869.27,1867.61,1867.61,1862.6299999999997,Short
1651686900,1651688700.0,1867.45,1866.24,1871.0800000000002,1867.45,Long
1651689000,1651689030.0,1875.35,1873.1,1873.1,1866.35,Short
1651690200,1651728600.0,1882.23,1874.75,1904.67,1882.23,Long
1651729200,1651729230.0,1901.51,1900.95,1903.1899999999998,1901.51,Long
1651729800,1651731300.0,1902.09,1900.41,1900.41,1895.3700000000006,Short
1651731900,1651748400.0,1901.07,1900.56,1900.56,1899.03,Short
1651748700,1651758300.0,1896.23,1895.44,1898.6,1896.23,Long
1651758600,1651778700.0,1897.78,1894.87,1894.87,1886.1399999999996,Short
1651779000,1651779030.0,1879.18,1877.35,1884.6700000000005,1879.18,Long
1651779900,1651780500.0,1880.62,1879.07,1879.07,1874.42,Short
1651781100,1651788000.0,1878.78,1877.41,1882.8899999999996,1878.78,Long
1651788600,1651788630.0,1877.12,1875.97,1875.97,1872.5200000000004,Short
1651789800,1651794000.0,1876.88,1875.7,1880.4200000000003,1876.88,Long
1651794300,1651808700.0,1876.73,1876.03,1876.03,1873.9299999999998,Short
1651811400,1651819800.0,1877.29,1876.0,1881.1599999999999,1877.29,Long
1651821900,1651821930.0,1876.1,1875.21,1878.7699999999995,1876.1,Long
1651823400,1651824900.0,1875.2,1874.01,1874.01,1870.4399999999998,Short
1651825800,1651840800.0,1878.08,1876.61,1882.49,1878.08,Long
1651842300,1651844400.0,1878.45,1875.47,1875.47,1866.53,Short
1651844700,1651845000.0,1877.48,1875.04,1884.8000000000002,1877.48,Long
1651846200,1651859400.0,1882.92,1881.15,1888.23,1882.92,Long
1651862100,1651862130.0,1883.7,1882.24,1882.24,1877.86,Short
1651863600,1652047200.0,1883.87,1882.89,1882.89,1879.9500000000007,Short
1652047500,1652048700.0,1884.36,1882.9,1888.7399999999993,1884.36,Long
1652050500,1652100000.0,1881.79,1880.0,1880.0,1874.63,Short
1652101200,1652103300.0,1866.56,1864.34,1873.22,1866.56,Long
1652103900,1652104200.0,1866.03,1862.4,1876.9199999999996,1866.03,Long
1652105100,1652105130.0,1865.95,1861.78,1878.4600000000003,1865.95,Long
1652106600,1652109600.0,1859.82,1858.1,1864.98,1859.82,Long
1652111100,1652111700.0,1860.19,1859.0,1863.7600000000002,1860.19,Long
1652113200,1652113500.0,1864.83,1861.09,1876.05,1864.83,Long
1652115000,1652140200.0,1865.83,1862.83,1862.83,1853.83,Short
1652141700,1652142300.0,1854.67,1852.0,1852.0,1843.9899999999998,Short
1652142600,1652165100.0,1853.71,1852.63,1856.9499999999998,1853.71,Long
1652165700,1652165730.0,1861.82,1859.97,1859.97,1854.4200000000003,Short
1652166600,1652169000.0,1861.76,1859.72,1867.8799999999999,1861.76,Long
1652170500,1652172900.0,1859.81,1858.1,1858.1,1852.9699999999998,Short
1652175300,1652181600.0,1863.88,1860.69,1860.69,1851.12,Short
1652183400,1652184300.0,1863.2,1862.3,1862.3,1859.5999999999997,Short
1652185200,1652186400.0,1860.92,1859.52,1859.52,1855.3199999999997,Short
1652186700,1652187000.0,1862.2,1860.55,1867.1500000000003,1862.2,Long
1652189400,1652191500.0,1863.77,1861.68,1861.68,1855.4100000000003,Short
1652191800,1652193000.0,1858.87,1857.27,1863.6699999999996,1858.87,Long
1652193300,1652237100.0,1858.69,1856.91,1856.91,1851.5700000000002,Short
1652239500,1652240400.0,1838.68,1837.55,1837.55,1834.1599999999996,Short
1652241000,1652271300.0,1838.16,1837.83,1839.1500000000005,1838.16,Long
1652272500,1652276100.0,1850.66,1842.75,1842.75,1819.0199999999998,Short
1652277000,1652277600.0,1856.72,1853.67,1865.87,1856.72,Long
1652278500,1652280000.0,1851.15,1846.54,1846.54,1832.7099999999996,Short
1652280900,1652282400.0,1852.68,1851.11,1851.11,1846.3999999999994,Short
1652283900,1652284200.0,1854.82,1852.9,1860.5799999999995,1854.82,Long
1652284800,1652284830.0,1852.34,1850.92,1850.92,1846.6600000000005,Short
1652285400,1652291100.0,1853.06,1852.19,1855.6699999999996,1853.06,Long
1652292900,1652294700.0,1852.88,1851.91,1855.7900000000002,1852.88,Long
1652295600,1652299800.0,1852.94,1850.76,1859.4800000000002,1852.94,Long
1652300400,1652301000.0,1853.07,1852.33,1852.33,1850.11,Short
1652306400,1652309100.0,1852.5,1851.4,1851.4,1848.1000000000004,Short
1652310000,1652310030.0,1852.85,1852.37,1854.29,1852.85,Long
1652310900,1652326500.0,1853.33,1852.2,1856.7199999999996,1853.33,Long
1652327100,1652328300.0,1854.18,1853.39,1853.39,1851.0200000000002,Short
1652328900,1652328930.0,1853.45,1852.5,1852.5,1849.6499999999999,Short
1652329800,1652348100.0,1853.63,1852.5,1852.5,1849.1099999999997,Short
1652349000,1652349300.0,1850.51,1849.3,1849.3,1845.6699999999998,Short
1652349600,1652349630.0,1849.12,1847.86,1852.8999999999999,1849.12,Long
1652350200,1652350800.0,1850.06,1848.2,1848.2,1842.6200000000003,Short
1652351100,1652351130.0,1849.46,1848.71,1851.71,1849.46,Long
1652352000,1652354400.0,1851.86,1848.91,1848.91,1840.0600000000006,Short
1652355300,1652392800.0,1847.83,1846.06,1846.06,1840.75,Short
1652393100,1652393130.0,1822.95,1821.68,1826.76,1822.95,Long
1652393700,1652398800.0,1823.33,1822.55,1822.55,1820.21,Short
1652399100,1652399130.0,1821.03,1819.68,1825.0799999999997,1821.03,Long
1652400300,1652400330.0,1822.46,1820.41,1820.41,1814.2600000000002,Short
1652400900,1652401200.0,1823.16,1822.44,1825.3200000000002,1823.16,Long
1652401500,1652401800.0,1823.56,1822.87,1822.87,1820.7999999999997,Short
1652402700,1652403300.0,1823.79,1822.3,1822.3,1817.83,Short
1652403600,1652405400.0,1822.28,1821.36,1825.0400000000002,1822.28,Long
1652405700,1652405730.0,1825.17,1823.83,1823.83,1819.8099999999995,Short
1652406300,1652422800.0,1823.93,1822.55,1828.0700000000004,1823.93,Long
1652424000,1652426100.0,1823.28,1821.49,1821.49,1816.1200000000001,Short
1652426700,1652427600.0,1824.89,1823.7,1828.4600000000003,1824.89,Long
1652428200,1652428500.0,1827.21,1826.13,1826.13,1822.8900000000003,Short
1652429400,1652460900.0,1826.48,1824.63,1824.63,1819.0800000000004,Short
1652462700,1652465100.0,1811.71,1810.3,1815.9400000000003,1811.71,Long
1652467800,1652471100.0,1811.05,1808.4,1808.4,1800.4500000000005,Short
1652471400,1652471700.0,1808.18,1807.1,1811.4200000000005,1808.18,Long
1652473500,1652474700.0,1810.38,1808.9,1808.9,1804.46,Short
1652475000,1652475300.0,1811.84,1810.62,1815.5,1811.84,Long
1652475600,1652475630.0,1811.45,1810.5,1810.5,1807.6499999999999,Short
1652652000,1652666700.0,1811.46,1811.46,1811.46,1811.46,Long
1652667600,1652667630.0,1812.66,1810.93,1810.93,1805.74,Short
1652668200,1652668800.0,1812.58,1811.48,1811.48,1808.1800000000003,Short
1652670000,1652670900.0,1812.05,1811.54,1813.58,1812.05,Long
1652671200,1652673000.0,1812.28,1811.5,1811.5,1809.16,Short
1652673600,1652698200.0,1810.97,1810.52,1810.52,1809.1699999999998,Short
1652698800,1652701800.0,1806.53,1804.87,1804.87,1799.8899999999996,Short
1652702100,1652747100.0,1799.9,1798.3,1804.7000000000005,1799.9,Long
1652748300,1652749500.0,1826.88,1825.01,1832.4900000000005,1826.88,Long
1652749800,1652750400.0,1824.43,1822.0,1822.0,1814.7099999999998,Short
1652751000,1652756400.0,1825.29,1823.37,1831.0500000000002,1825.29,Long
1652756700,1652763900.0,1825.52,1824.59,1824.59,1821.7999999999997,Short
1652764500,1652780700.0,1824.89,1824.36,1826.4800000000007,1824.89,Long
1652781600,1652782500.0,1828.49,1826.8,1826.8,1821.7299999999998,Short
1652785200,1652785500.0,1828.96,1827.89,1827.89,1824.6800000000003,Short
1652786400,1652793000.0,1828.31,1826.58,1833.5,1828.31,Long
1652793300,1652794200.0,1830.12,1829.02,1829.02,1825.7200000000003,Short
1652795100,1652827500.0,1828.07,1825.7,1825.7,1818.5900000000004,Short
1652827800,1652827830.0,1815.54,1814.2,1819.5599999999997,1815.54,Long
1652829600,1652832300.0,1814.68,1812.6,1812.6,1806.3599999999994,Short
1652832600,1652837100.0,1815.96,1814.3,1820.9400000000003,1815.96,Long
1652839800,1652853300.0,1812.29,1810.68,1810.68,1805.8500000000004,Short
1652855700,1652857200.0,1812.34,1811.76,1811.76,1810.0200000000002,Short
1652859000,1652873100.0,1815.24,1813.63,1820.0699999999997,1815.24,Long
1652874300,1652886300.0,1813.39,1810.5,1810.5,1801.8299999999997,Short
1652889600,1652902500.0,1824.43,1822.14,1831.3,1824.43,Long
1652904600,1652911800.0,1817.63,1814.7,1814.7,1805.9099999999999,Short
1652913000,1652913030.0,1816.06,1815.0,1819.2399999999998,1816.06,Long
1652914800,1652919300.0,1817.43,1816.2,1816.2,1812.51,Short
1652919900,1652923800.0,1816.17,1815.49,1815.49,1813.4499999999998,Short
1652924400,1652925300.0,1816.58,1813.91,1824.5899999999995,1816.58,Long
1652926200,1652927700.0,1816.24,1815.45,1815.45,1813.0800000000002,Short
1652928000,1652928030.0,1815.96,1814.5,1820.3400000000001,1815.96,Long
1652928600,1652930100.0,1816.5,1815.4,1815.4,1812.1000000000004,Short
1652931600,1652932500.0,1816.61,1815.4,1815.4,1811.7700000000007,Short
1652933400,1652936100.0,1817.04,1815.5,1821.6599999999999,1817.04,Long
1652936700,1652949300.0,1815.41,1814.4,1814.4,1811.3700000000001,Short
1652949600,1652983500.0,1814.87,1814.17,1816.9699999999993,1814.87,Long
1652984400,1652989800.0,1841.52,1840.97,1840.97,1839.3200000000002,Short
1652990400,1652990430.0,1843.45,1842.33,1846.8100000000004,1843.45,Long
1652992200,1652996400.0,1842.15,1840.3,1840.3,1834.7499999999995,Short
1652997300,1652997330.0,1840.9,1840.9,1840.9,1840.9,Long
1652998200,1652998800.0,1842.35,1840.91,1846.6699999999994,1842.35,Long
1652999100,1652999130.0,1842.05,1841.1,1841.1,1838.2499999999998,Short
1653000900,1653004500.0,1841.98,1840.7,1845.82,1841.98,Long
1653005100,1653005130.0,1842.94,1841.7,1846.66,1842.94,Long
1653006000,1653006030.0,1842.73,1841.8,1841.8,1839.0099999999998,Short
1653007200,1653008100.0,1842.16,1841.2,1841.2,1838.32,Short
1653009000,1653019200.0,1842.05,1840.88,1840.88,1837.3700000000006,Short
1653019500,1653019530.0,1841.63,1841.04,1843.4000000000005,1841.63,Long
1653020700,1653021000.0,1842.64,1842.11,1844.2300000000007,1842.64,Long
1653021300,1653021330.0,1843.25,1842.88,1842.88,1841.7700000000004,Short
1653022800,1653039900.0,1842.73,1841.2,1847.32,1842.73,Long
1653042300,1653048600.0,1847.3,1846.74,1846.74,1845.0600000000002,Short
1653051000,1653059700.0,1845.42,1843.41,1843.41,1837.38,Short
1653060000,1653060030.0,1846.05,1842.74,1855.9799999999998,1846.05,Long
1653062100,1653066900.0,1844.53,1843.2,1843.2,1839.2100000000003,Short
1653067200,1653067230.0,1841.29,1840.1,1844.8600000000001,1841.29,Long
1653067800,1653067830.0,1843.89,1842.23,1842.23,1837.2499999999998,Short
1653068700,1653073800.0,1842.67,1841.51,1846.1500000000003,1842.67,Long
1653074700,1653075600.0,1843.33,1841.83,1841.83,1837.33,Short
1653076800,1653289500.0,1845.04,1843.3,1850.26,1845.04,Long
1653291300,1653308700.0,1857.02,1855.67,1861.0699999999997,1857.02,Long
1653310500,1653330900.0,1858.47,1856.11,1856.11,1849.0299999999995,Short
1653332100,1653344400.0,1858.51,1856.71,1863.9099999999999,1858.51,Long
1653345900,1653351000.0,1854.19,1853.0,1853.0,1849.4299999999998,Short
1653351900,1653351930.0,1853.88,1853.27,1853.27,1851.4399999999996,Short
1653353100,1653353130.0,1853.68,1852.6,1856.9200000000005,1853.68,Long
1653353700,1653361800.0,1853.52,1852.4,1852.4,1849.0400000000004,Short
1653362700,1653382200.0,1854.4,1853.74,1856.3800000000003,1854.4,Long
1653383400,1653393600.0,1856.69,1855.75,1859.5100000000002,1856.69,Long
1653394500,1653396300.0,1858.91,1857.9,1857.9,1854.8700000000001,Short
1653397500,1653414600.0,1861.8,1860.11,1866.8700000000001,1861.8,Long
1653414900,1653414930.0,1864.43,1863.5,1863.5,1860.7099999999998,Short
1653416100,1653417900.0,1866.34,1865.0,1870.3599999999997,1866.34,Long
1653418500,1653418530.0,1864.5,1862.8,1869.6000000000001,1864.5,Long
1653420000,1653423600.0,1865.58,1864.2,1864.2,1860.0600000000004,Short
1653424500,1653424530.0,1867.11,1866.2,1869.8399999999995,1867.11,Long
1653426000,1653426900.0,1866.57,1865.69,1865.69,1863.0500000000004,Short
1653430500,1653430800.0,1866.05,1863.2,1863.2,1854.6500000000003,Short
1653433500,1653437700.0,1866.58,1865.1,1871.02,1866.58,Long
1653438600,1653438630.0,1866.45,1866.0,1867.8000000000002,1866.45,Long
1653439800,1653481800.0,1865.97,1865.27,1865.27,1863.1699999999998,Short
1653482400,1653501300.0,1856.57,1855.48,1855.48,1852.2100000000003,Short
1653501600,1653520500.0,1847.68,1847.12,1849.3600000000006,1847.68,Long
1653521400,1653525600.0,1853.41,1852.3,1852.3,1848.9699999999996,Short
1653528000,1653528300.0,1853.12,1852.46,1852.46,1850.4800000000005,Short
1653528600,1653528630.0,1853.18,1852.1,1856.4200000000005,1853.18,Long
1653530100,1653554100.0,1852.9,1851.39,1851.39,1846.8600000000001,Short
1653555300,1653555330.0,1848.24,1847.21,1847.21,1844.1200000000001,Short
1653556200,1653558000.0,1846.73,1846.07,1846.07,1844.0899999999997,Short
1653559200,1653561300.0,1846.33,1844.88,1850.6799999999994,1846.33,Long
1653562500,1653562530.0,1846.25,1842.71,1842.71,1832.0900000000001,Short
1653564000,1653570000.0,1844.6,1843.4,1843.4,1839.8000000000006,Short
1653570300,1653570330.0,1844.37,1843.01,1848.4499999999996,1844.37,Long
1653571200,1653571500.0,1847.1,1846.07,1850.1899999999998,1847.1,Long
1653571800,1653571830.0,1846.63,1845.56,1845.56,1842.3499999999995,Short
1653572700,1653576900.0,1846.83,1841.3,1863.4199999999998,1846.83,Long
1653578700,1653588300.0,1847.06,1845.8,1850.84,1847.06,Long
1653589500,1653590400.0,1850.37,1847.9,1847.9,1840.4900000000007,Short
1653590700,1653600000.0,1850.88,1850.32,1852.5600000000006,1850.88,Long
1653600900,1653601500.0,1849.7,1849.4,1850.6,1849.7,Long
1653604500,1653607200.0,1851.34,1849.3,1857.4599999999998,1851.34,Long
1653607800,1653608700.0,1852.45,1851.2,1851.2,1847.45,Short
1653609000,1653609300.0,1852.4,1851.31,1855.6700000000005,1852.4,Long
1653609900,1653614700.0,1853.54,1851.8,1851.8,1846.58,Short
1653617100,1653630900.0,1855.74,1854.86,1858.3800000000003,1855.74,Long
1653631500,1653631800.0,1853.83,1852.74,1852.74,1849.4700000000003,Short
1653632700,1653633300.0,1855.5,1853.1,1862.7000000000003,1855.5,Long
1653633900,1653654000.0,1853.64,1853.24,1854.8400000000004,1853.64,Long
1653654300,1653656100.0,1861.04,1858.71,1858.71,1851.7200000000003,Short
1653657000,1653657900.0,1859.93,1854.88,1875.08,1859.93,Long
1653658200,1653669900.0,1860.03,1858.57,1858.57,1854.1899999999998,Short
1653671400,1653678300.0,1853.78,1852.2,1852.2,1847.4600000000003,Short
1653678600,1653679800.0,1854.05,1853.11,1856.8700000000001,1854.05,Long
1653681000,1653683400.0,1853.76,1852.7,1852.7,1849.5200000000002,Short
1653684300,1653684330.0,1853.85,1853.1,1853.1,1850.85,Short
1653851100,1653851130.0,1854.03,1852.1,1859.8200000000002,1854.03,Long
1653861600,1653861630.0,1853.4,1853.4,1853.4,1853.4,Long
1653862800,1653863100.0,1853.61,1852.5,1852.5,1849.1700000000003,Short
1653865500,1653874200.0,1853.05,1849.9,1849.9,1840.4500000000005,Short
1653875400,1653897000.0,1857.06,1853.11,1868.91,1857.06,Long
1653897900,1653916200.0,1860.73,1858.61,1858.61,1852.2499999999995,Short
1653916500,1653918900.0,1857.93,1857.28,1859.8800000000003,1857.93,Long
1653920100,1653920130.0,1856.1,1854.0,1862.3999999999996,1856.1,Long
1653921300,1653921330.0,1857.97,1855.6,1855.6,1848.4899999999996,Short
1653921900,1653925500.0,1856.83,1855.87,1859.71,1856.83,Long
1653925800,1653925830.0,1856.31,1855.92,1855.92,1854.7500000000005,Short
1653927300,1653930300.0,1855.96,1854.8,1859.4400000000003,1855.96,Long
1653931200,1653934500.0,1855.79,1855.38,1855.38,1854.1500000000005,Short
1653936600,1653948300.0,1856.01,1853.91,1853.91,1847.6100000000004,Short
1653948600,1653949500.0,1856.08,1854.8,1859.9199999999998,1856.08,Long
1653951900,1653969900.0,1856.14,1853.24,1853.24,1844.5399999999997,Short
1653970800,1653970830.0,1852.32,1851.1,1851.1,1847.4399999999998,Short
1653972300,1653987300.0,1853.5,1851.7,1858.8999999999999,1853.5,Long
1653988500,1653988800.0,1852.73,1850.4,1859.7199999999998,1852.73,Long
1653989100,1653989130.0,1853.29,1852.81,1852.81,1851.37,Short
1653992400,1654002900.0,1851.04,1849.14,1849.14,1843.4400000000005,Short
1654004400,1654004430.0,1854.03,1852.48,1852.48,1847.8300000000002,Short
1654005300,1654005330.0,1852.8,1850.4,1859.9999999999995,1852.8,Long
1654006500,1654022100.0,1847.22,1844.5,1844.5,1836.34,Short
1654023000,1654053000.0,1842.77,1841.52,1841.52,1837.77,Short
1654053900,1654053930.0,1837.88,1837.35,1837.35,1835.7599999999993,Short
1654056300,1654063800.0,1836.86,1834.4,1834.4,1827.0200000000007,Short
1654065600,1654076400.0,1835.09,1833.38,1833.38,1828.2500000000007,Short
1654077000,1654086600.0,1831.84,1830.29,1830.29,1825.64,Short
1654087200,1654104000.0,1839.15,1832.7,1858.5000000000002,1839.15,Long
1654104900,1654114500.0,1846.89,1845.07,1852.3500000000006,1846.89,Long
1654115700,1654122300.0,1847.38,1846.64,1846.64,1844.42,Short
1654123200,1654123500.0,1846.94,1846.61,1847.9300000000005,1846.94,Long
1654123800,1654128900.0,1847.23,1846.0,1846.0,1842.31,Short
1654129800,1654129830.0,1848.92,1848.32,1848.32,1846.5199999999995,Short
1654130400,1654135800.0,1848.45,1847.3,1847.3,1843.8499999999997,Short
1654136100,1654136130.0,1845.22,1844.86,1846.3000000000004,1845.22,Long
1654137300,1654147500.0,1845.18,1844.78,1844.78,1843.5799999999997,Short
1654148100,1654172700.0,1846.74,1845.18,1851.4199999999998,1846.74,Long
1654173900,1654194000.0,1855.77,1851.8,1867.68,1855.77,Long
1654194900,1654200600.0,1868.51,1867.0,1873.04,1868.51,Long
1654200900,1654203000.0,1870.12,1868.9,1868.9,1865.2400000000007,Short
1654203600,1654203900.0,1868.55,1867.7,1871.0999999999997,1868.55,Long
1654204800,1654212300.0,1867.5,1867.5,1867.5,1867.5,Long
1654212600,1654213200.0,1870.02,1868.6,1868.6,1864.3399999999997,Short
1654213500,1654213800.0,1869.46,1868.64,1871.9199999999998,1869.46,Long
1654214400,1654215000.0,1869.91,1868.9,1868.9,1865.8700000000001,Short
1654215600,1654225500.0,1870.2,1869.56,1872.1200000000003,1870.2,Long
1654227000,1654229100.0,1870.5,1868.1,1868.1,1860.8999999999996,Short
1654229400,1654229430.0,1868.26,1867.97,1869.1299999999999,1868.26,Long
1654230000,1654253400.0,1868.78,1867.8,1867.8,1864.86,Short
1654253700,1654254900.0,1865.62,1864.7,1868.3799999999994,1865.62,Long
1654255200,1654255230.0,1867.09,1866.0,1866.0,1862.7300000000002,Short
1654255800,1654256100.0,1866.66,1865.88,1869.0,1866.66,Long
1654256400,1654257600.0,1867.76,1866.21,1866.21,1861.5600000000002,Short
1654258800,1654286700.0,1866.2,1865.41,1865.41,1863.0400000000002,Short
1654287600,1654288200.0,1850.55,1849.99,1852.2299999999998,1850.55,Long
1654288800,1654289400.0,1850.69,1849.7,1853.66,1850.69,Long
1654289700,1654289730.0,1851.44,1850.47,1850.47,1847.56,Short
1654462800,1654462830.0,1850.9,1849.12,1849.12,1843.7799999999993,Short
1654467000,1654474800.0,1851.53,1849.62,1857.2600000000002,1851.53,Long
1654476300,1654476330.0,1851.58,1850.4,1850.4,1846.8600000000006,Short
1654476900,1654497300.0,1851.37,1850.5,1853.9799999999996,1851.37,Long
1654498200,1654498500.0,1854.57,1853.48,1853.48,1850.2100000000003,Short
1654498800,1654498830.0,1854.32,1853.33,1857.29,1854.32,Long
1654500000,1654513800.0,1854.41,1852.84,1852.84,1848.1299999999994,Short
1654514400,1654514700.0,1854.96,1853.37,1853.37,1848.5999999999995,Short
1654515300,1654518600.0,1854.73,1853.32,1858.9600000000003,1854.73,Long
1654518900,1654518930.0,1854.04,1851.6,1851.6,1844.2799999999997,Short
1654520400,1654522200.0,1854.36,1852.07,1861.2299999999998,1854.36,Long
1654524600,1654547700.0,1850.73,1847.78,1847.78,1838.9299999999998,Short
1654548900,1654554900.0,1842.2,1841.79,1841.79,1840.5599999999997,Short
1654555800,1654566300.0,1842.0,1840.7,1840.7,1836.8000000000002,Short
1654567200,1654568100.0,1840.95,1840.27,1840.27,1838.2299999999998,Short
1654568700,1654568730.0,1841.12,1840.2,1843.8799999999994,1841.12,Long
1654570200,1654570230.0,1840.72,1839.49,1839.49,1835.8,Short
1654570800,1654570830.0,1841.93,1841.14,1841.14,1838.7700000000002,Short
1654572000,1654580700.0,1842.38,1841.7,1844.4200000000003,1842.38,Long
1654583100,1654583130.0,1840.05,1839.51,1841.6699999999998,1840.05,Long
1654584000,1654604700.0,1841.19,1839.92,1845.0,1841.19,Long
1654614600,1654621500.0,1850.98,1843.74,1872.7,1850.98,Long
1654621800,1654623000.0,1850.29,1849.59,1849.59,1847.4899999999998,Short
1654623600,1654634100.0,1850.36,1849.2,1853.8399999999995,1850.36,Long
1654634700,1654635600.0,1852.66,1851.8,1855.2400000000005,1852.66,Long
1654636500,1654641000.0,1850.9,1850.8,1851.2000000000005,1850.9,Long
1654641600,1654641900.0,1852.15,1851.73,1851.73,1850.4699999999998,Short
1654642200,1654642230.0,1852.45,1851.82,1854.3400000000004,1852.45,Long
1654644300,1654667400.0,1852.51,1851.85,1851.85,1849.8699999999997,Short
1654668000,1654668300.0,1849.58,1847.4,1856.1199999999994,1849.58,Long
1654669200,1654669230.0,1850.17,1849.3,1852.7800000000004,1850.17,Long
1654670400,1654672800.0,1850.14,1848.4,1848.4,1843.18,Short
1654673700,1654676700.0,1848.39,1847.5,1851.0600000000004,1848.39,Long
1654677900,1654677930.0,1848.53,1847.54,1851.5,1848.53,Long
1654678800,1654684500.0,1847.79,1846.91,1850.4299999999996,1847.79,Long
1654686300,1654686600.0,1848.42,1847.09,1847.09,1843.0999999999995,Short
1654686900,1654690800.0,1848.73,1847.72,1851.76,1848.73,Long
1654691100,1654691400.0,1850.92,1847.89,1847.89,1838.8000000000002,Short
1654692300,1654709100.0,1851.75,1849.9,1857.2999999999997,1851.75,Long
1654709400,1654709700.0,1854.24,1853.2,1853.2,1850.0800000000002,Short
1654711200,1654711230.0,1854.74,1853.41,1853.41,1849.4200000000003,Short
1654711800,1654712400.0,1854.62,1853.3,1858.5799999999997,1854.62,Long
1654713300,1654728000.0,1854.41,1853.71,1853.71,1851.61,Short
1654728900,1654730100.0,1854.01,1853.69,1854.9699999999998,1854.01,Long
1654730700,1654731600.0,1853.88,1853.0,1856.5200000000004,1853.88,Long
1654731900,1654732800.0,1854.12,1853.0,1853.0,1849.6400000000003,Short
1654736700,1654737300.0,1852.32,1851.72,1851.72,1849.9200000000003,Short
1654739100,1654744800.0,1853.39,1852.3,1852.3,1849.0299999999995,Short
1654746600,1654753500.0,1855.09,1853.29,1860.4899999999998,1855.09,Long
1654753800,1654753830.0,1853.98,1851.9,1851.9,1845.6600000000003,Short
1654756200,1654777200.0,1852.2,1850.09,1850.09,1843.7599999999995,Short
1654777800,1654778400.0,1850.6,1848.52,1856.8399999999997,1850.6,Long
1654779300,1654780800.0,1848.84,1847.5,1847.5,1843.4800000000002,Short
1654782900,1654789800.0,1849.39,1845.73,1845.73,1834.7499999999998,Short
1654791600,1654791900.0,1846.19,1845.09,1849.4900000000005,1846.19,Long
1654792800,1654793400.0,1848.84,1846.9,1846.9,1841.0800000000006,Short
1654794000,1654794030.0,1848.78,1847.3,1853.22,1848.78,Long
1654794600,1654795800.0,1849.99,1849.13,1852.5699999999997,1849.99,Long
1654796100,1654796400.0,1850.08,1849.12,1849.12,1846.2399999999998,Short
1654797300,1654807500.0,1849.89,1848.9,1852.8600000000001,1849.89,Long
1654808400,1654840500.0,1848.1,1847.2,1847.2,1844.5000000000005,Short
1654841700,1654845300.0,1845.83,1844.0,1844.0,1838.5100000000002,Short
1654847100,1654847130.0,1847.48,1846.87,1846.87,1845.0399999999995,Short
1654848900,1654848930.0,1846.79,1844.7,1853.0599999999997,1846.79,Long
1654852200,1654852800.0,1845.86,1844.41,1850.2099999999994,1845.86,Long
1654853100,1654871100.0,1844.73,1844.39,1844.39,1843.3700000000003,Short
1654872300,1654892700.0,1849.9,1840.44,1878.2800000000002,1849.9,Long
1654893900,1654894500.0,1871.91,1870.9,1870.9,1867.8700000000001,Short
1654894800,1654894830.0,1871.47,1870.57,1874.1700000000003,1871.47,Long
1655071200,1655081700.0,1871.27,1871.27,1871.27,1871.27,Long
1655082000,1655099700.0,1873.14,1871.9,1871.9,1868.18,Short
1655100300,1655103000.0,1866.62,1864.42,1873.2199999999993,1866.62,Long
1655103300,1655103330.0,1863.55,1862.41,1862.41,1858.9900000000005,Short
1655104500,1655121300.0,1864.33,1863.41,1863.41,1860.6500000000005,Short
1655121600,1655121630.0,1855.11,1853.83,1858.9499999999998,1855.11,Long
1655123400,1655145300.0,1850.83,1848.93,1848.93,1843.2300000000005,Short
1655145600,1655145630.0,1826.41,1825.67,1828.63,1826.41,Long
1655146500,1655163900.0,1827.1,1824.2,1824.2,1815.5000000000005,Short
1655164800,1655165700.0,1820.88,1819.1,1819.1,1813.7599999999993,Short
1655167200,1655196900.0,1821.89,1821.15,1824.1100000000001,1821.89,Long
1655197800,1655247300.0,1824.38,1822.71,1822.71,1817.6999999999998,Short
1655248500,1655300700.0,1809.02,1807.6,1813.2800000000002,1809.02,Long
1655301600,1655316600.0,1826.73,1823.77,1823.77,1814.8899999999999,Short
1655318100,1655333400.0,1823.06,1818.57,1836.53,1823.06,Long
1655334900,1655334930.0,1835.15,1833.84,1839.0800000000006,1835.15,Long
1655335800,1655337000.0,1833.34,1833.01,1833.01,1832.0200000000002,Short
1655339100,1655342700.0,1835.26,1834.43,1834.43,1831.9400000000003,Short
1655343300,1655350800.0,1833.29,1832.43,1832.43,1829.8500000000004,Short
1655351100,1655352000.0,1831.66,1830.86,1834.0600000000006,1831.66,Long
1655352300,1655358300.0,1833.04,1832.58,1832.58,1831.1999999999998,Short
1655358900,1655361000.0,1832.57,1830.6,1838.48,1832.57,Long
1655362800,1655367300.0,1831.6,1827.82,1827.82,1816.48,Short
1655368200,1655368230.0,1833.41,1832.06,1832.06,1828.0099999999995,Short
1655368800,1655369100.0,1831.79,1830.06,1830.06,1824.87,Short
1655369700,1655371500.0,1831.35,1828.2,1840.7999999999995,1831.35,Long
1655372700,1655383500.0,1833.05,1830.78,1830.78,1823.97,Short
1655385000,1655388600.0,1832.05,1828.35,1828.35,1817.2499999999998,Short
1655389200,1655423400.0,1827.92,1825.63,1834.79,1827.92,Long
1655424000,1655442300.0,1851.44,1850.5,1850.5,1847.6799999999998,Short
1655442900,1655444700.0,1847.16,1846.35,1846.35,1843.9199999999994,Short
1655445300,1655448300.0,1846.59,1845.57,1849.6499999999999,1846.59,Long
1655449500,1655449530.0,1844.96,1842.69,1842.69,1835.88,Short
1655450700,1655460300.0,1845.83,1844.1,1851.02,1845.83,Long
1655461200,1655461500.0,1846.84,1845.0,1852.3599999999997,1846.84,Long
1655462400,1655465400.0,1847.72,1845.65,1853.9299999999998,1847.72,Long
1655466000,1655468700.0,1847.04,1845.94,1845.94,1842.6400000000003,Short
1655469900,1655470800.0,1850.98,1849.4,1855.7199999999998,1850.98,Long
1655471100,1655490000.0,1851.2,1849.6,1849.6,1844.7999999999995,Short
1655490300,1655490330.0,1839.6,1838.9,1841.6999999999994,1839.6,Long
1655492100,1655497500.0,1839.53,1837.35,1837.35,1830.8099999999997,Short
1655499300,1655499600.0,1841.88,1838.81,1851.0900000000006,1841.88,Long
1655665500,1655676900.0,1840.1,1839.64,1839.64,1838.2600000000007,Short
1655677500,1655679600.0,1838.06,1836.6,1842.44,1838.06,Long
1655679900,1655681700.0,1839.32,1838.3,1838.3,1835.24,Short
1655682000,1655687700.0,1838.67,1837.87,1841.0700000000006,1838.67,Long
1655689200,1655689230.0,1840.08,1838.68,1838.68,1834.4800000000005,Short
1655689800,1655690100.0,1840.05,1839.19,1839.19,1836.6100000000004,Short
1655691000,1655691300.0,1837.36,1834.8,1845.0399999999997,1837.36,Long
1655691600,1655692200.0,1836.58,1836.08,1836.08,1834.58,Short
1655693400,1655708100.0,1842.37,1838.76,1853.1999999999996,1842.37,Long
1655708700,1655715900.0,1843.92,1842.27,1842.27,1837.3199999999997,Short
1655717100,1655727000.0,1843.64,1843.07,1843.07,1841.3599999999994,Short
1655727300,1655727330.0,1839.45,1838.06,1843.6200000000003,1839.45,Long
1655729400,1655730000.0,1839.56,1838.33,1838.33,1834.6399999999999,Short
1655730600,1655730630.0,1840.87,1837.8,1850.0799999999997,1840.87,Long
1655731200,1655738100.0,1843.08,1841.95,1841.95,1838.5600000000004,Short
1655738700,1655739000.0,1838.96,1838.14,1838.14,1835.6800000000003,Short
1655739600,1655739630.0,1838.29,1837.73,1839.9699999999998,1838.29,Long
1655740200,1655740230.0,1838.5,1838.31,1838.31,1837.7399999999998,Short
1655742000,1655749200.0,1838.35,1837.07,1837.07,1833.23,Short
1655749500,1655749530.0,1837.25,1836.1,1840.7000000000003,1837.25,Long
1655750700,1655750730.0,1837.7,1837.41,1837.41,1836.5400000000002,Short
1655752500,1655752530.0,1837.9,1837.9,1837.9,1837.9,Long
1655753400,1655753700.0,1837.8,1837.8,1837.8,1837.8,Long
1655754300,1655762700.0,1837.8,1837.8,1837.8,1837.8,Long
1655763300,1655763330.0,1838.12,1837.51,1837.51,1835.6800000000003,Short
1655763900,1655785200.0,1838.19,1837.91,1839.03,1838.19,Long
1655786100,1655804100.0,1839.43,1837.9,1837.9,1833.3100000000002,Short
1655805600,1655806500.0,1838.37,1836.7,1843.3799999999994,1838.37,Long
1655807700,1655808300.0,1835.63,1833.8,1833.8,1828.3099999999995,Short
1655808900,1655809200.0,1835.72,1834.71,1838.75,1835.72,Long
1655810100,1655811000.0,1833.36,1832.28,1832.28,1829.0400000000002,Short
1655811300,1655811330.0,1833.14,1832.28,1835.7200000000005,1833.14,Long
1655813100,1655814300.0,1833.87,1830.6,1830.6,1820.79,Short
1655814600,1655817600.0,1836.92,1835.82,1840.2200000000005,1836.92,Long
1655818800,1655818830.0,1837.23,1832.6,1832.6,1818.7099999999996,Short
1655820000,1655828700.0,1838.97,1838.38,1840.7399999999998,1838.97,Long
1655830500,1655830530.0,1836.04,1834.23,1834.23,1828.8000000000002,Short
1655831400,1655831700.0,1836.7,1834.8,1834.8,1829.0999999999997,Short
1655832000,1655832030.0,1836.88,1835.8,1840.1200000000006,1836.88,Long
1655832900,1655833500.0,1836.92,1836.33,1838.6900000000005,1836.92,Long
1655833800,1655855400.0,1834.61,1833.1,1833.1,1828.57,Short
1655856300,1655857200.0,1831.43,1830.02,1830.02,1825.7899999999997,Short
1655858100,1655878800.0,1829.27,1827.17,1827.17,1820.8700000000003,Short
1655880600,1655880630.0,1826.85,1824.6,1824.6,1817.85,Short
1655881800,1655883000.0,1827.11,1825.2,1825.2,1819.4700000000005,Short
1655884500,1655888400.0,1830.19,1826.85,1826.85,1816.8299999999995,Short
1655888700,1655912400.0,1824.39,1823.58,1826.8200000000006,1824.39,Long
1655913900,1655914800.0,1838.76,1837.5,1842.54,1838.76,Long
1655915100,1655919300.0,1838.53,1838.0,1838.0,1836.41,Short
1655919900,1655919930.0,1838.78,1837.09,1843.8500000000001,1838.78,Long
1655920500,1655922000.0,1840.54,1838.94,1838.94,1834.1400000000003,Short
1655922300,1655922330.0,1840.78,1840.37,1842.0100000000002,1840.78,Long
1655923500,1655927700.0,1840.37,1838.7,1838.7,1833.6900000000005,Short
1655931000,1655931030.0,1837.88,1837.2,1839.9200000000003,1837.88,Long
1655932500,1655932800.0,1837.1,1837.1,1837.1,1837.1,Long
1655933400,1655933430.0,1836.9,1836.9,1836.9,1836.9,Long
1655934600,1655939100.0,1836.7,1836.7,1836.7,1836.7,Long
1655939700,1655939730.0,1838.01,1837.57,1839.3300000000002,1838.01,Long
1655940300,1655946900.0,1838.08,1837.76,1837.76,1836.8000000000002,Short
1655948100,1655963700.0,1837.41,1836.6,1836.6,1834.1699999999994,Short
1655964600,1655967300.0,1835.39,1833.2,1841.9600000000003,1835.39,Long
1655968200,1655968800.0,1835.2,1832.71,1842.67,1835.2,Long
1655970600,1655974800.0,1837.77,1834.05,1848.93,1837.77,Long
1655976300,1655976330.0,1833.42,1832.1,1837.3800000000006,1833.42,Long
1655977500,1655988300.0,1832.32,1830.89,1830.89,1826.6000000000006,Short
1655988900,1656001800.0,1834.01,1832.44,1838.7199999999998,1834.01,Long
1656002100,1656023400.0,1832.16,1831.26,1831.26,1828.5599999999997,Short
1656025800,1656032700.0,1823.98,1823.27,1823.27,1821.1399999999999,Short
1656033000,1656044100.0,1823.1,1821.81,1826.9699999999998,1823.1,Long
1656044400,1656044430.0,1825.24,1824.55,1824.55,1822.4799999999998,Short
1656045600,1656050100.0,1824.02,1822.5,1828.58,1824.02,Long
1656050700,1656054600.0,1825.16,1823.21,1823.21,1817.36,Short
1656054900,1656054930.0,1823.69,1822.24,1828.0400000000002,1823.69,Long
1656056400,1656069600.0,1827.08,1824.8,1833.9199999999998,1827.08,Long
1656070800,1656077700.0,1825.28,1823.99,1823.99,1820.1200000000001,Short
1656078600,1656080100.0,1826.61,1823.94,1823.94,1815.9300000000005,Short
1656081300,1656081330.0,1828.38,1824.01,1841.4900000000005,1828.38,Long
1656082500,1656082530.0,1827.99,1824.78,1824.78,1815.1499999999999,Short
1656084000,1656097500.0,1829.28,1827.88,1833.4799999999996,1829.28,Long
1656099300,1656102900.0,1827.29,1825.8,1825.8,1821.33,Short
1656103800,1656104400.0,1826.84,1826.27,1828.5499999999997,1826.84,Long
1656270300,1656277200.0,1827.07,1825.79,1825.79,1821.95,Short
1656280800,1656295500.0,1827.15,1827.15,1827.15,1827.15,Long
1656297000,1656309900.0,1836.15,1834.33,1841.6100000000006,1836.15,Long
1656311100,1656311700.0,1835.45,1834.72,1837.64,1835.45,Long
1656312600,1656317100.0,1836.65,1835.76,1839.3200000000004,1836.65,Long
1656318000,1656327600.0,1835.73,1833.97,1841.01,1835.73,Long
1656329100,1656356700.0,1836.58,1835.23,1835.23,1831.1800000000003,Short
1656357900,1656359100.0,1823.7,1823.13,1825.4099999999999,1823.7,Long
1656360000,1656368100.0,1822.7,1822.07,1822.07,1820.1799999999996,Short
1656368400,1656368430.0,1822.37,1821.5,1824.9799999999996,1822.37,Long
1656369000,1656373500.0,1822.89,1822.0,1822.0,1819.3299999999997,Short
1656374700,1656408000.0,1824.21,1822.73,1828.65,1824.21,Long
1656408900,1656408930.0,1826.58,1825.98,1828.3799999999997,1826.58,Long
1656411300,1656438600.0,1825.65,1824.39,1824.39,1820.6100000000001,Short
1656439500,1656441900.0,1820.98,1819.8,1819.8,1816.2599999999998,Short
1656442800,1656443700.0,1820.54,1819.6,1819.6,1816.7799999999997,Short
1656444300,1656446700.0,1820.71,1820.22,1820.22,1818.75,Short
1656448200,1656454500.0,1820.07,1819.6,1819.6,1818.1899999999998,Short
1656456000,1656457800.0,1819.93,1818.6,1818.6,1814.6099999999994,Short
1656459300,1656462000.0,1819.33,1817.8,1817.8,1813.21,Short
1656462300,1656462900.0,1819.31,1818.8,1820.84,1819.31,Long
1656463500,1656464400.0,1819.71,1818.6,1818.6,1815.2699999999995,Short
1656464700,1656465300.0,1819.82,1818.57,1823.57,1819.82,Long
1656465600,1656465900.0,1820.73,1819.86,1819.86,1817.2499999999995,Short
1656466200,1656480900.0,1820.4,1819.01,1824.5700000000004,1820.4,Long
1656481500,1656481530.0,1821.26,1820.64,1823.1199999999997,1821.26,Long
1656482100,1656498300.0,1822.12,1821.65,1821.65,1820.2400000000007,Short
1656500100,1656512400.0,1824.59,1823.7,1827.2599999999995,1824.59,Long
1656513000,1656525600.0,1817.96,1816.1,1816.1,1810.5199999999995,Short
1656527700,1656528000.0,1819.14,1817.27,1824.7500000000005,1819.14,Long
1656529500,1656532500.0,1818.09,1817.62,1819.5,1818.09,Long
1656533400,1656534300.0,1819.23,1818.26,1822.14,1819.23,Long
1656534900,1656535500.0,1818.62,1817.9,1817.9,1815.7400000000007,Short
1656535800,1656537000.0,1818.1,1817.88,1818.7599999999993,1818.1,Long
1656541800,1656543900.0,1818.35,1816.9,1816.9,1812.5500000000006,Short
1656544200,1656544230.0,1818.18,1817.34,1820.7000000000005,1818.18,Long
1656545400,1656546900.0,1818.57,1817.3,1822.3799999999999,1818.57,Long
1656547200,1656547500.0,1819.01,1818.1,1818.1,1815.3699999999997,Short
1656547800,1656547830.0,1818.49,1818.05,1819.8100000000002,1818.49,Long
1656549600,1656559800.0,1819.73,1818.3,1824.0200000000002,1819.73,Long
1656560100,1656578400.0,1818.93,1818.07,1818.07,1815.4899999999996,Short
1656579600,1656592500.0,1816.31,1815.79,1815.79,1814.23,Short
1656592800,1656599100.0,1809.19,1806.37,1817.6500000000005,1809.19,Long
1656600300,1656603600.0,1810.72,1808.79,1808.79,1802.9999999999998,Short
1656604500,1656607500.0,1813.25,1808.47,1827.59,1813.25,Long
1656609000,1656615000.0,1810.31,1808.7,1808.7,1803.8700000000003,Short
1656615900,1656616500.0,1807.05,1806.06,1806.06,1803.09,Short
1656616800,1656618000.0,1806.0,1805.66,1807.0199999999998,1806.0,Long
1656618600,1656631500.0,1808.69,1807.41,1807.41,1803.5700000000002,Short
1656631800,1656631830.0,1805.79,1804.89,1808.4899999999996,1805.79,Long
1656632700,1656634200.0,1806.01,1804.9,1804.9,1801.5700000000004,Short
1656634500,1656635100.0,1806.26,1805.87,1807.4300000000003,1806.26,Long
1656635400,1656641700.0,1806.61,1805.2,1805.2,1800.9700000000005,Short
1656642000,1656642300.0,1805.84,1804.85,1808.81,1805.84,Long
1656642900,1656680400.0,1805.79,1804.3,1804.3,1799.83,Short
1656681000,1656682200.0,1796.18,1794.35,1794.35,1788.8599999999994,Short
1656683100,1656683130.0,1798.18,1793.63,1793.63,1779.9800000000002,Short
1656684300,1656702900.0,1797.96,1792.86,1813.2600000000004,1797.96,Long
1656703500,1656703800.0,1807.32,1805.5,1812.7799999999997,1807.32,Long
1656704100,1656704130.0,1808.21,1807.01,1807.01,1803.4099999999999,Short
1656705000,1656705600.0,1806.92,1806.35,1806.35,1804.6399999999994,Short
1656707700,1656891600.0,1807.46,1806.1,1811.5400000000004,1807.46,Long
1656892800,1656896400.0,1808.89,1807.6,1812.7600000000007,1808.89,Long
1656897900,1656900600.0,1807.25,1805.24,1805.24,1799.21,Short
1656902100,1656903000.0,1813.84,1809.47,1809.47,1796.3600000000004,Short
1656903300,1656915600.0,1809.72,1809.09,1811.6100000000004,1809.72,Long
1656917100,1656918600.0,1811.25,1809.79,1815.63,1811.25,Long
1656918900,1656936900.0,1812.08,1811.41,1811.41,1809.4000000000005,Short
1656938400,1656941400.0,1807.69,1806.8,1810.3600000000004,1807.69,Long
1656941700,1656941730.0,1809.16,1808.22,1808.22,1805.3999999999999,Short
1656942300,1656948000.0,1808.9,1807.4,1813.4,1808.9,Long
1656948600,1656948900.0,1807.58,1806.91,1806.91,1804.9000000000005,Short
1656949200,1656949230.0,1806.34,1805.4,1809.1599999999994,1806.34,Long
1656950100,1656950130.0,1806.32,1805.83,1807.79,1806.32,Long
1656951300,1656972000.0,1805.83,1805.55,1805.55,1804.71,Short
1656973800,1656981000.0,1808.63,1807.52,1811.9600000000005,1808.63,Long
1656982800,1657000500.0,1807.97,1806.1,1813.5800000000004,1807.97,Long
1657001100,1657023000.0,1811.66,1810.2,1810.2,1805.82,Short
1657023300,1657023330.0,1799.78,1797.99,1805.1499999999999,1799.78,Long
1657025100,1657049100.0,1803.51,1799.18,1799.18,1786.1900000000003,Short
1657049400,1657050300.0,1768.02,1767.34,1770.0600000000002,1768.02,Long
1657050600,1657055700.0,1767.58,1766.71,1766.71,1764.1000000000004,Short
1657059300,1657062900.0,1767.79,1763.8,1779.76,1767.79,Long
1657064400,1657079400.0,1768.22,1767.2,1771.28,1768.22,Long
1657080900,1657094400.0,1769.21,1767.94,1767.94,1764.13,Short
1657095300,1657096200.0,1771.53,1767.01,1785.09,1771.53,Long
1657096500,1657099500.0,1770.32,1768.91,1768.91,1764.6800000000005,Short
1657100100,1657100400.0,1767.22,1765.73,1765.73,1761.26,Short
1657100700,1657100730.0,1765.6,1764.27,1769.5899999999997,1765.6,Long
1657101600,1657101630.0,1764.76,1763.98,1767.1,1764.76,Long
1657102800,1657134600.0,1762.13,1761.52,1761.52,1759.6899999999996,Short
1657136400,1657143300.0,1741.9,1740.6,1745.8000000000006,1741.9,Long
1657144200,1657144500.0,1737.8,1737.8,1737.8,1737.8,Long
1657145100,1657148100.0,1740.0,1737.9,1746.2999999999997,1740.0,Long
1657148400,1657149000.0,1739.2,1738.96,1738.96,1738.24,Short
1657149600,1657149900.0,1739.2,1738.7,1740.7,1739.2,Long
1657151100,1657152600.0,1740.4,1739.14,1739.14,1735.3600000000001,Short
1657153200,1657158000.0,1740.26,1739.26,1743.26,1740.26,Long
1657158300,1657158900.0,1739.0,1738.52,1738.52,1737.08,Short
1657159200,1657159500.0,1738.1,1736.7,1742.2999999999995,1738.1,Long
1657161000,1657176900.0,1740.38,1739.07,1744.3100000000006,1740.38,Long
1657177800,1657191600.0,1744.24,1743.05,1743.05,1739.4799999999998,Short
1657192500,1657192800.0,1744.69,1744.05,1744.05,1742.1299999999997,Short
1657193700,1657194600.0,1744.2,1742.64,1748.8799999999999,1744.2,Long
1657194900,1657195500.0,1744.89,1743.9,1743.9,1740.93,Short
1657196100,1657196130.0,1744.38,1743.2,1747.9200000000003,1744.38,Long
1657197000,1657199400.0,1742.89,1741.26,1741.26,1736.3699999999997,Short
1657201500,1657205700.0,1746.08,1741.8,1758.9199999999998,1746.08,Long
1657206900,1657211400.0,1742.89,1741.02,1741.02,1735.4099999999996,Short
1657212000,1657214100.0,1741.91,1740.93,1744.8500000000001,1741.91,Long
1657215000,1657223700.0,1741.65,1740.48,1740.48,1736.9699999999998,Short
1657225800,1657230900.0,1740.71,1739.8,1739.8,1737.0699999999997,Short
1657231200,1657231800.0,1739.0,1739.0,1739.0,1739.0,Long
1657233300,1657235700.0,1740.85,1740.0,1740.0,1737.4500000000003,Short
1657236900,1657237200.0,1739.88,1738.7,1743.4200000000003,1739.88,Long
1657238400,1657252800.0,1741.84,1740.6,1745.56,1741.84,Long
1657253100,1657253130.0,1742.34,1741.66,1741.66,1739.6200000000006,Short
1657253700,1657259700.0,1742.16,1741.47,1741.47,1739.3999999999999,Short
1657260600,1657260630.0,1743.9,1741.5,1741.5,1734.2999999999997,Short
1657262100,1657262130.0,1743.48,1742.73,1742.73,1740.48,Short
1657263000,1657263030.0,1743.11,1742.44,1742.44,1740.4300000000005,Short
1657264200,1657264500.0,1742.44,1741.3,1745.8600000000004,1742.44,Long
1657265400,1657279500.0,1740.68,1738.91,1738.91,1733.6000000000001,Short
1657279800,1657282500.0,1740.88,1739.78,1744.1800000000005,1740.88,Long
1657282800,1657282830.0,1745.54,1743.25,1743.25,1736.38,Short
1657284000,1657284300.0,1741.37,1736.24,1736.24,1720.8500000000004,Short
1657287000,1657288200.0,1742.58,1740.59,1748.55,1742.58,Long
1657288800,1657296900.0,1738.14,1736.59,1742.7900000000006,1738.14,Long
1657297500,1657297530.0,1744.5,1743.28,1743.28,1739.62,Short
1657299900,1657304100.0,1743.23,1740.61,1751.0900000000004,1743.23,Long
1657304400,1657304430.0,1743.57,1743.36,1743.36,1742.7299999999998,Short
1657306500,1657310700.0,1743.71,1741.6,1741.6,1735.2699999999995,Short
1657312200,1657312500.0,1741.77,1741.28,1741.28,1739.81,Short
1657313100,1657313700.0,1741.72,1740.7,1744.78,1741.72,Long
1657479900,1657486800.0,1742.09,1741.15,1741.15,1738.3300000000006,Short
1657490700,1657491300.0,1741.86,1740.49,1745.9699999999996,1741.86,Long
1657493400,1657493700.0,1743.87,1742.7,1742.7,1739.1900000000005,Short
1657494000,1657494600.0,1743.58,1742.5,1746.8199999999997,1743.58,Long
1657496700,1657497300.0,1743.89,1741.9,1749.8600000000001,1743.89,Long
1657497600,1657500300.0,1742.19,1741.71,1741.71,1740.27,Short
1657501800,1657504500.0,1740.57,1738.83,1738.83,1733.61,Short
1657504800,1657504830.0,1740.63,1739.55,1743.8700000000006,1740.63,Long
1657505700,1657511400.0,1741.97,1739.83,1739.83,1733.4099999999996,Short
1657512600,1657512630.0,1741.82,1741.1,1743.98,1741.82,Long
1657513800,1657515300.0,1741.91,1740.79,1745.2700000000004,1741.91,Long
1657516200,1657519500.0,1742.33,1740.9,1746.6199999999994,1742.33,Long
1657519800,1657546200.0,1740.65,1739.59,1739.59,1736.4099999999994,Short
1657546500,1657556100.0,1737.72,1737.08,1739.6400000000003,1737.72,Long
1657556700,1657557000.0,1736.03,1735.49,1735.49,1733.8700000000001,Short
1657558200,1657558230.0,1734.99,1734.14,1737.5399999999997,1734.99,Long
1657559700,1657577100.0,1735.96,1734.7,1734.7,1730.92,Short
1657577400,1657577430.0,1733.71,1732.8,1736.4400000000003,1733.71,Long
1657578300,1657583700.0,1733.83,1732.7,1732.7,1729.3100000000004,Short
1657585200,1657586700.0,1735.55,1734.61,1738.3700000000001,1735.55,Long
1657587000,1657590600.0,1733.01,1731.62,1731.62,1727.4499999999996,Short
1657591500,1657595400.0,1734.75,1731.61,1744.1700000000003,1734.75,Long
1657596900,1657602900.0,1734.79,1734.3,1734.3,1732.83,Short
1657603200,1657604100.0,1726.87,1725.38,1731.3399999999992,1726.87,Long
1657604400,1657607700.0,1728.14,1727.1,1727.1,1723.9799999999993,Short
1657611000,1657611030.0,1735.59,1733.7,1741.2599999999995,1735.59,Long
1657612800,1657612830.0,1735.01,1733.45,1739.6899999999998,1735.01,Long
1657614600,1657622100.0,1735.17,1732.57,1742.9700000000005,1735.17,Long
1657622700,1657624200.0,1733.35,1731.94,1731.94,1727.7100000000005,Short
1657625400,1657625700.0,1738.77,1737.29,1743.21,1738.77,Long
1657626000,1657626030.0,1737.33,1736.4,1736.4,1733.6100000000006,Short
1657626600,1657628100.0,1736.62,1734.99,1741.5099999999995,1736.62,Long
1657629000,1657629030.0,1734.49,1731.58,1743.2200000000003,1734.49,Long
1657629900,1657666200.0,1733.66,1731.55,1731.55,1725.2199999999996,Short
1657666800,1657672800.0,1725.93,1725.51,1725.51,1724.2499999999998,Short
1657673100,1657673130.0,1725.07,1724.37,1727.17,1725.07,Long
1657674900,1657688700.0,1727.74,1726.39,1731.7899999999997,1727.74,Long
1657689600,1657698300.0,1725.66,1724.61,1724.61,1721.4599999999994,Short
1657698600,1657699200.0,1726.02,1724.41,1730.8499999999997,1726.02,Long
1657699500,1657701300.0,1727.69,1726.62,1726.62,1723.4099999999994,Short
1657702500,1657715100.0,1727.0,1725.4,1731.7999999999997,1727.0,Long
1657715700,1657722600.0,1730.13,1714.45,1714.45,1667.4099999999999,Short
1657723200,1657738200.0,1729.39,1727.81,1734.1300000000006,1729.39,Long
1657739400,1657768500.0,1736.01,1733.7,1733.7,1726.7700000000002,Short
1657769400,1657769430.0,1733.25,1731.6,1738.2000000000003,1733.25,Long
1657770600,1657770900.0,1732.43,1731.75,1734.4700000000003,1732.43,Long
1657773900,1657774200.0,1730.12,1729.64,1731.5599999999993,1730.12,Long
1657776000,1657777800.0,1728.65,1728.25,1728.25,1727.0499999999997,Short
1657779300,1657812900.0,1728.53,1724.83,1724.83,1713.7299999999998,Short
1657813200,1657813230.0,1708.76,1706.09,1716.7700000000002,1708.76,Long
1657814400,1657818300.0,1714.02,1710.93,1710.93,1701.6600000000003,Short
1657818900,1657818930.0,1707.22,1705.61,1705.61,1700.7799999999995,Short
1657819500,1657827900.0,1709.09,1707.5,1713.8599999999997,1709.09,Long
1657828200,1657829400.0,1710.32,1709.73,1709.73,1707.9600000000003,Short
1657830000,1657837800.0,1709.94,1708.8,1713.3600000000004,1709.94,Long
1657838400,1657838700.0,1710.38,1710.02,1711.4600000000005,1710.38,Long
1657839900,1657840200.0,1710.71,1710.22,1710.22,1708.75,Short
1657841100,1657846200.0,1710.82,1710.47,1711.8699999999997,1710.82,Long
1657848000,1657854900.0,1711.7,1709.83,1717.3100000000004,1711.7,Long
1657855500,1657858500.0,1712.52,1710.32,1710.32,1703.7199999999998,Short
1657858800,1657858830.0,1708.83,1708.34,1710.3,1708.83,Long
1657861200,1657881600.0,1710.72,1708.69,1708.69,1702.6000000000001,Short
1657883100,1657887900.0,1706.98,1705.59,1711.1500000000003,1706.98,Long
1657888200,1657888230.0,1704.97,1703.44,1703.44,1698.8500000000001,Short
1657889700,1657892400.0,1709.83,1707.82,1715.86,1709.83,Long
1657892700,1657893300.0,1705.29,1703.73,1703.73,1699.0500000000002,Short
1657894200,1657894230.0,1706.95,1701.96,1721.92,1706.95,Long
1657896000,1657898400.0,1706.06,1702.39,1702.39,1691.3800000000006,Short
1657899300,1657899600.0,1707.97,1705.2,1705.2,1696.89,Short
1657900500,1657902900.0,1707.27,1706.06,1706.06,1702.4299999999998,Short
1657903500,1657907400.0,1704.46,1704.0,1704.0,1702.62,Short
1657907700,1657908300.0,1704.69,1704.45,1705.41,1704.69,Long
1657908600,1657908900.0,1705.45,1704.5,1704.5,1701.6499999999999,Short
1657910400,1657912200.0,1704.89,1703.8,1708.1600000000005,1704.89,Long
1657912500,1657912800.0,1705.19,1704.35,1704.35,1701.8299999999995,Short
1657913100,1657913130.0,1705.22,1704.2,1708.28,1705.22,Long
1657913700,1657915200.0,1705.39,1704.83,1704.83,1703.1499999999994,Short
1657916100,1658125200.0,1705.85,1704.71,1709.2699999999995,1705.85,Long
1658126400,1658126700.0,1713.17,1712.11,1712.11,1708.9299999999994,Short
1658127300,1658142600.0,1714.05,1713.0,1717.1999999999998,1714.05,Long
1658142900,1658155500.0,1716.79,1716.13,1716.13,1714.1500000000005,Short
1658156400,1658187900.0,1716.55,1714.8,1714.8,1709.55,Short
1658188800,1658188830.0,1708.26,1707.3,1707.3,1704.4199999999998,Short
1658189700,1658200800.0,1707.83,1706.92,1706.92,1704.1900000000005,Short
1658202000,1658232600.0,1708.01,1706.8,1711.64,1708.01,Long
1658232900,1658237100.0,1713.84,1711.9,1711.9,1706.0800000000006,Short
1658238300,1658247600.0,1714.31,1710.63,1710.63,1699.5900000000006,Short
1658248200,1658252100.0,1712.94,1712.1,1715.4600000000005,1712.94,Long
1658253300,1658270100.0,1711.44,1710.99,1710.99,1709.6399999999999,Short
1658271300,1658274000.0,1712.43,1711.2,1716.1200000000001,1712.43,Long
1658274300,1658277000.0,1710.92,1710.0,1710.0,1707.2399999999998,Short
1658278200,1658278230.0,1711.35,1711.03,1712.3099999999997,1711.35,Long
1658278800,1658280900.0,1712.5,1711.52,1711.52,1708.58,Short
1658281200,1658281230.0,1710.72,1709.96,1713.0,1710.72,Long
1658283300,1658286300.0,1710.42,1709.1,1709.1,1705.1399999999994,Short
1658286900,1658292300.0,1711.85,1710.71,1715.2699999999995,1711.85,Long
1658294100,1658308800.0,1712.24,1710.2,1710.2,1704.0800000000002,Short
1658309100,1658316300.0,1709.98,1709.57,1711.2100000000003,1709.98,Long
1658316600,1658318400.0,1708.64,1707.5,1707.5,1704.0799999999997,Short
1658319600,1658321400.0,1709.54,1707.88,1714.5199999999995,1709.54,Long
1658322600,1658324100.0,1709.27,1707.81,1713.65,1709.27,Long
1658324700,1658328600.0,1713.19,1710.18,1710.18,1701.15,Short
1658329200,1658329230.0,1710.22,1709.3,1712.9800000000002,1710.22,Long
1658330100,1658331300.0,1708.93,1708.31,1708.31,1706.4499999999996,Short
1658331600,1658332500.0,1707.42,1706.32,1710.7200000000005,1707.42,Long
1658332800,1658379900.0,1708.01,1706.6,1706.6,1702.3699999999997,Short
1658380500,1658381700.0,1693.36,1691.5,1698.9399999999996,1693.36,Long
1658382300,1658383500.0,1693.47,1692.21,1697.25,1693.47,Long
1658384100,1658405700.0,1692.78,1691.87,1691.87,1689.1399999999996,Short
1658408100,1658430300.0,1703.39,1699.0,1716.5600000000004,1703.39,Long
1658430900,1658449200.0,1715.31,1714.72,1717.0799999999997,1715.31,Long
1658451300,1658469300.0,1717.86,1716.5,1716.5,1712.4200000000003,Short
1658470800,1658511900.0,1717.53,1716.34,1721.1000000000001,1717.53,Long
1658512200,1658702100.0,1726.76,1725.99,1725.99,1723.68,Short
1658702700,1658703000.0,1725.96,1725.63,1725.63,1724.6400000000003,Short
1658703600,1658706900.0,1726.06,1725.3,1728.34,1726.06,Long
1658708100,1658708400.0,1724.37,1723.47,1727.0699999999995,1724.37,Long
1658708700,1658716500.0,1723.78,1723.17,1723.17,1721.3400000000004,Short
1658716800,1658727600.0,1725.6,1724.55,1728.7499999999998,1725.6,Long
1658728200,1658729700.0,1724.19,1723.2,1727.16,1724.19,Long
1658730600,1658730900.0,1724.86,1724.19,1724.19,1722.1800000000005,Short
1658731200,1658731500.0,1724.79,1723.4,1728.9599999999996,1724.79,Long
1658732100,1658733300.0,1727.25,1724.81,1724.81,1717.4899999999998,Short
1658734500,1658734530.0,1727.91,1727.04,1730.5200000000004,1727.91,Long
1658736300,1658736600.0,1726.26,1725.21,1725.21,1722.0600000000002,Short
1658737800,1658748600.0,1727.38,1726.38,1730.38,1727.38,Long
1658749800,1658750100.0,1729.45,1728.71,1731.67,1729.45,Long
1658751600,1658772900.0,1727.01,1725.44,1725.44,1720.7300000000002,Short
1658773800,1658773830.0,1719.13,1718.74,1720.3000000000004,1719.13,Long
1658774700,1658774730.0,1718.3,1717.1,1717.1,1713.4999999999998,Short
1658776200,1658776230.0,1717.37,1716.05,1721.3299999999997,1717.37,Long
1658777700,1658777730.0,1717.64,1716.6,1720.7600000000007,1717.64,Long
1658778900,1658784900.0,1718.43,1717.8,1720.3200000000004,1718.43,Long
1658787600,1658788200.0,1719.23,1718.0,1718.0,1714.31,Short
1658789100,1658789700.0,1719.07,1718.1,1718.1,1715.1899999999998,Short
1658792100,1658811900.0,1719.02,1717.9,1722.3799999999997,1719.02,Long
1658812200,1658819100.0,1722.38,1721.86,1721.86,1720.2999999999993,Short
1658819400,1658823900.0,1725.34,1724.4,1728.1599999999994,1725.34,Long
1658825100,1658825400.0,1722.56,1721.1,1721.1,1716.7199999999998,Short
1658825700,1658826600.0,1722.45,1721.16,1726.32,1722.45,Long
1658828400,1658842200.0,1721.09,1719.11,1719.11,1713.1699999999998,Short
1658842500,1658843400.0,1721.91,1718.71,1731.5100000000002,1721.91,Long
1658844000,1658845200.0,1720.88,1718.7,1718.7,1712.1599999999999,Short
1658845800,1658846100.0,1721.38,1719.2,1727.9200000000003,1721.38,Long
1658846400,1658847000.0,1720.77,1719.64,1719.64,1716.2500000000005,Short
1658847900,1658847930.0,1720.2,1718.27,1718.27,1712.4799999999998,Short
1658848800,1658850000.0,1719.74,1718.55,1723.3100000000002,1719.74,Long
1658850300,1658850600.0,1718.83,1717.97,1717.97,1715.3900000000003,Short
1658851200,1658851500.0,1717.51,1716.78,1719.7,1717.51,Long
1658852700,1658852730.0,1718.67,1717.2,1717.2,1712.79,Short
1658854800,1658854830.0,1719.35,1718.78,1721.0599999999997,1719.35,Long
1658856600,1658858700.0,1719.59,1719.0,1719.0,1717.2300000000002,Short
1658859300,1658861400.0,1718.89,1717.5,1717.5,1713.3299999999997,Short
1658862000,1658862030.0,1717.32,1715.9,1721.5799999999995,1717.32,Long
1658863200,1658865000.0,1717.44,1716.81,1716.81,1714.9199999999996,Short
1658865300,1658865900.0,1717.79,1716.4,1721.9599999999996,1717.79,Long
1658868900,1658873100.0,1717.7,1716.5,1716.5,1712.8999999999999,Short
1658873700,1658873730.0,1718.11,1717.7,1717.7,1716.4700000000005,Short
1658874900,1658875200.0,1718.09,1717.66,1717.66,1716.3700000000006,Short
1658876100,1658878200.0,1718.17,1717.3,1720.7800000000004,1718.17,Long
1658878500,1658878530.0,1718.5,1717.94,1717.94,1716.2600000000002,Short
1658879100,1658887500.0,1717.76,1717.41,1718.8099999999997,1717.76,Long
1658887800,1658900100.0,1717.33,1716.85,1716.85,1715.4099999999999,Short
1658901300,1658924100.0,1719.45,1717.24,1726.0800000000002,1719.45,Long
1658925000,1658937900.0,1723.04,1720.8,1720.8,1714.08,Short
1658942400,1658964300.0,1722.1,1718.61,1732.57,1722.1,Long
1658965500,1658974200.0,1739.83,1737.49,1746.8499999999997,1739.83,Long
1658975700,1658978400.0,1736.27,1734.21,1742.4499999999998,1736.27,Long
1658978700,1658987700.0,1738.1,1737.58,1737.58,1736.02,Short
1658988900,1659004500.0,1739.29,1738.29,1742.29,1739.29,Long
1659005100,1659006300.0,1741.86,1739.97,1739.97,1734.3000000000004,Short
1659009300,1659011700.0,1740.82,1739.08,1739.08,1733.86,Short
1659012000,1659012600.0,1746.84,1742.91,1758.6299999999994,1746.84,Long
1659014100,1659029400.0,1746.35,1742.53,1757.8099999999997,1746.35,Long
1659030300,1659030600.0,1752.11,1751.68,1751.68,1750.3900000000006,Short
1659030900,1659031500.0,1751.66,1750.87,1754.0300000000007,1751.66,Long
1659032400,1659033300.0,1752.11,1751.41,1754.2099999999994,1752.11,Long
1659033600,1659033900.0,1751.82,1750.88,1750.88,1748.0600000000006,Short
1659034200,1659034500.0,1751.39,1750.61,1753.7300000000007,1751.39,Long
1659035100,1659035400.0,1753.73,1751.53,1751.53,1744.9299999999998,Short
1659037200,1659037230.0,1755.2,1754.15,1754.15,1751.0000000000002,Short
1659039300,1659051600.0,1755.8,1754.3,1760.3,1755.8,Long
1659052200,1659052230.0,1755.12,1753.5,1753.5,1748.6400000000003,Short
1659053400,1659053430.0,1755.14,1754.03,1758.4700000000005,1755.14,Long
1659054300,1659063000.0,1755.17,1754.01,1754.01,1750.5299999999997,Short
1659063300,1659081900.0,1754.51,1753.0,1759.04,1754.51,Long
1659083700,1659085800.0,1764.14,1762.67,1768.5500000000002,1764.14,Long
1659086100,1659106500.0,1763.26,1762.42,1762.42,1759.9000000000003,Short
1659106800,1659121500.0,1763.04,1761.86,1766.5800000000002,1763.04,Long
1659122400,1659126000.0,1762.08,1761.67,1761.67,1760.4400000000005,Short
1659127500,1659306000.0,1765.88,1764.45,1770.1700000000003,1765.88,Long
1659307500,1659312300.0,1764.51,1763.21,1763.21,1759.3100000000002,Short
1659312900,1659315000.0,1762.53,1760.91,1767.3899999999996,1762.53,Long
1659316500,1659320400.0,1764.0,1760.81,1760.81,1751.2399999999998,Short
1659322800,1659323100.0,1765.26,1763.11,1771.7100000000003,1765.26,Long
1659324300,1659325500.0,1762.44,1761.91,1761.91,1760.3200000000002,Short
1659326400,1659326700.0,1761.96,1761.65,1761.65,1760.7200000000003,Short
1659327000,1659327300.0,1761.7,1760.68,1764.76,1761.7,Long
1659327900,1659336900.0,1762.32,1761.44,1761.44,1758.8000000000004,Short
1659338400,1659362100.0,1767.19,1764.59,1774.9900000000005,1767.19,Long
1659363000,1659371700.0,1772.66,1768.1,1768.1,1754.4199999999994,Short
1659372900,1659373800.0,1772.72,1772.31,1773.9500000000003,1772.72,Long
1659375000,1659375300.0,1771.29,1769.2,1769.2,1762.9300000000003,Short
1659375900,1659378600.0,1770.89,1769.6,1769.6,1765.7299999999993,Short
1659378900,1659378930.0,1768.9,1767.01,1774.5700000000004,1768.9,Long
1659381000,1659387000.0,1769.64,1767.81,1775.1300000000006,1769.64,Long
1659390600,1659398400.0,1771.3,1771.2,1771.5999999999997,1771.3,Long
1659398700,1659398730.0,1772.09,1771.1,1771.1,1768.1299999999999,Short
1659400500,1659414300.0,1775.06,1773.8,1778.84,1775.06,Long
1659415200,1659430500.0,1774.07,1772.91,1772.91,1769.4300000000005,Short
1659430800,1659432000.0,1773.64,1772.61,1776.7300000000007,1773.64,Long
1659433200,1659436800.0,1774.47,1773.89,1776.2099999999998,1774.47,Long
1659438900,1659455100.0,1777.22,1775.11,1783.5500000000004,1777.22,Long
1659455400,1659489600.0,1781.04,1779.7,1779.7,1775.6800000000003,Short
1659489900,1659510600.0,1762.68,1760.88,1768.08,1762.68,Long
1659511500,1659512100.0,1767.45,1765.27,1765.27,1758.7299999999998,Short
1659512400,1659512430.0,1767.11,1765.9,1770.7399999999993,1767.11,Long
1659513000,1659525600.0,1768.2,1766.7,1766.7,1762.2,Short
1659527700,1659529200.0,1765.37,1763.84,1763.84,1759.25,Short
1659529500,1659534900.0,1768.13,1766.45,1773.1700000000003,1768.13,Long
1659535200,1659550200.0,1766.73,1765.73,1765.73,1762.73,Short
1659551700,1659568800.0,1763.4,1761.31,1769.6700000000005,1763.4,Long
1659570900,1659572700.0,1764.39,1762.8,1762.8,1758.0299999999995,Short
1659573000,1659618600.0,1764.58,1763.83,1766.83,1764.58,Long
1659620100,1659620400.0,1777.15,1774.92,1774.92,1768.23,Short
1659621300,1659646500.0,1781.43,1775.51,1799.1900000000003,1781.43,Long
1659649500,1659649800.0,1790.3,1790.2,1790.5999999999997,1790.3,Long
1659652200,1659656700.0,1790.43,1789.5,1789.5,1786.7099999999998,Short
1659658500,1659658800.0,1793.15,1792.18,1792.18,1789.27,Short
1659659400,1659663300.0,1793.84,1792.5,1797.8599999999997,1793.84,Long
1659663600,1659664800.0,1791.65,1790.85,1790.85,1788.4499999999994,Short
1659665100,1659665130.0,1789.77,1788.61,1793.2500000000002,1789.77,Long
1659666000,1659667200.0,1790.23,1789.0,1789.0,1785.31,Short
1659667500,1659669000.0,1790.3,1789.21,1793.5699999999997,1790.3,Long
1659670200,1659670800.0,1792.43,1790.7,1790.7,1785.51,Short
1659671100,1659671130.0,1792.33,1791.91,1793.5899999999995,1792.33,Long
1659672900,1659677700.0,1792.41,1790.85,1790.85,1786.1699999999994,Short
1659678000,1659679800.0,1791.31,1790.1,1794.94,1791.31,Long
1659681000,1659681030.0,1789.8,1788.76,1788.76,1785.64,Short
1659681900,1659681930.0,1789.66,1787.91,1787.91,1782.66,Short
1659683100,1659683130.0,1790.81,1789.3,1795.34,1790.81,Long
1659684900,1659702000.0,1792.01,1790.55,1790.55,1786.1699999999998,Short
1659702600,1659717900.0,1788.79,1787.21,1787.21,1782.4700000000003,Short
1659719400,1659722400.0,1775.22,1772.51,1783.3500000000001,1775.22,Long
1659722700,1659728700.0,1775.93,1774.84,1774.84,1771.5699999999995,Short
1659729000,1659729600.0,1775.31,1774.2,1778.6399999999996,1775.31,Long
1659730200,1659732900.0,1773.89,1772.91,1776.8300000000002,1773.89,Long
1659733200,1659733230.0,1775.63,1774.64,1774.64,1771.67,Short
1659909900,1659912900.0,1774.98,1770.21,1770.21,1755.9,Short
1659914100,1659914130.0,1774.74,1773.59,1778.1900000000003,1774.74,Long
1659914700,1659914730.0,1774.28,1774.07,1774.91,1774.28,Long
1659915300,1659915330.0,1774.51,1773.8,1773.8,1771.6699999999998,Short
1659916800,1659917100.0,1774.81,1774.1,1776.94,1774.81,Long
1659917400,1659919200.0,1773.43,1772.93,1772.93,1771.43,Short
1659921600,1659922200.0,1774.95,1773.21,1773.21,1767.99,Short
1659923400,1659923430.0,1775.18,1773.71,1779.5900000000001,1775.18,Long
1659927600,1659931800.0,1774.53,1773.56,1773.56,1770.6499999999999,Short
1659932400,1659932430.0,1773.09,1772.2,1775.7599999999995,1773.09,Long
1659934200,1659937800.0,1772.57,1771.41,1771.41,1767.9300000000005,Short
1659938400,1659938430.0,1776.11,1774.6,1780.6399999999999,1776.11,Long
1659939000,1659939300.0,1774.04,1773.33,1773.33,1771.1999999999998,Short
1659940200,1659940500.0,1774.88,1773.83,1773.83,1770.6799999999994,Short
1659941100,1659941130.0,1774.74,1774.03,1774.03,1771.8999999999999,Short
1659942300,1659984000.0,1775.62,1774.5,1778.9799999999996,1775.62,Long
1659987300,1659988800.0,1788.11,1786.98,1786.98,1783.5900000000004,Short
1659989100,1659996000.0,1788.97,1788.1,1791.5800000000004,1788.97,Long
1659997500,1660000200.0,1788.82,1787.5,1792.7799999999997,1788.82,Long
1660000800,1660006500.0,1788.96,1788.21,1791.21,1788.96,Long
1660007100,1660022700.0,1789.8,1787.99,1787.99,1782.5600000000002,Short
1660023600,1660029000.0,1786.92,1784.7,1793.5800000000002,1786.92,Long
1660029600,1660031400.0,1785.54,1784.3,1784.3,1780.58,Short
1660031700,1660047000.0,1784.82,1783.91,1787.5499999999995,1784.82,Long
1660047300,1660047330.0,1790.57,1789.68,1789.68,1787.0100000000004,Short
1660048500,1660056600.0,1792.34,1790.29,1798.4899999999998,1792.34,Long
1660057500,1660057530.0,1792.47,1789.77,1789.77,1781.6699999999998,Short
1660058400,1660065000.0,1792.68,1791.82,1795.2600000000004,1792.68,Long
1660066500,1660071300.0,1795.9,1794.7,1794.7,1791.1,Short
1660072500,1660074600.0,1794.79,1793.6,1798.3600000000001,1794.79,Long
1660075500,1660083600.0,1794.9,1793.4,1793.4,1788.9,Short
1660085100,1660087200.0,1794.25,1793.3,1793.3,1790.4499999999998,Short
1660089600,1660096500.0,1794.44,1793.1,1793.1,1789.0799999999995,Short
1660097700,1660098000.0,1793.95,1792.6,1798.0000000000005,1793.95,Long
1660100700,1660100730.0,1793.73,1793.46,1794.54,1793.73,Long
1660101600,1660119900.0,1793.69,1793.39,1793.39,1792.4900000000002,Short
1660121400,1660129500.0,1792.78,1789.29,1803.25,1792.78,Long
1660130100,1660130130.0,1790.71,1789.84,1789.84,1787.2299999999996,Short
1660131600,1660138200.0,1790.75,1789.1,1795.7000000000003,1790.75,Long
1660139700,1660149300.0,1797.45,1792.23,1813.1100000000001,1797.45,Long
1660150800,1660151100.0,1798.47,1797.72,1797.72,1795.47,Short
1660152300,1660152330.0,1797.88,1796.8,1796.8,1793.5599999999995,Short
1660153200,1660153800.0,1797.73,1796.3,1802.0200000000002,1797.73,Long
1660155300,1660171500.0,1795.01,1793.2,1793.2,1787.7700000000002,Short
1660172100,1660172130.0,1791.18,1790.21,1794.0900000000001,1791.18,Long
1660173000,1660176900.0,1790.89,1789.8,1794.1600000000005,1790.89,Long
1660177200,1660177230.0,1790.68,1790.17,1790.17,1788.64,Short
1660178400,1660198500.0,1790.58,1788.7,1788.7,1783.0600000000004,Short
1660199700,1660200300.0,1787.39,1785.37,1785.37,1779.3099999999993,Short
1660200600,1660202400.0,1785.44,1783.4,1791.56,1785.44,Long
1660202700,1660202730.0,1787.91,1785.42,1785.42,1777.95,Short
1660204500,1660230000.0,1787.86,1785.9,1793.7399999999993,1787.86,Long
1660230300,1660245600.0,1793.59,1791.61,1791.61,1785.6699999999998,Short
1660246500,1660250400.0,1788.35,1787.5,1787.5,1784.9500000000003,Short
1660251000,1660251300.0,1789.32,1788.11,1792.95,1789.32,Long
1660254600,1660256700.0,1788.9,1788.7,1788.7,1788.1,Short
1660257600,1660257630.0,1788.68,1786.3,1786.3,1779.1599999999996,Short
1660258500,1660258530.0,1788.52,1787.3,1787.3,1783.6399999999999,Short
1660259100,1660260300.0,1787.94,1787.63,1787.63,1786.7000000000003,Short
1660262700,1660264200.0,1789.34,1785.5,1800.8599999999997,1789.34,Long
1660265400,1660272000.0,1787.36,1786.2,1786.2,1782.7200000000005,Short
1660277700,1660289400.0,1791.63,1786.6,1806.7200000000007,1791.63,Long
1660293000,1660305900.0,1789.61,1786.9,1786.9,1778.7700000000007,Short
1660306200,1660514400.0,1786.7,1785.45,1790.45,1786.7,Long
1660515300,1660517700.0,1801.49,1799.7,1806.86,1801.49,Long
1660518300,1660524600.0,1800.09,1799.0,1799.0,1795.7300000000002,Short
1660525200,1660573500.0,1801.48,1799.31,1799.31,1792.7999999999997,Short
1660573800,1660575600.0,1776.58,1775.76,1779.0399999999997,1776.58,Long
1660575900,1660575930.0,1779.84,1778.84,1778.84,1775.84,Short
1660577100,1660580700.0,1779.55,1778.1,1783.9,1779.55,Long
1660581600,1660581630.0,1780.63,1779.3,1779.3,1775.3099999999995,Short
1660582800,1660584600.0,1782.92,1780.82,1789.2200000000005,1782.92,Long
1660585800,1660589400.0,1782.03,1780.87,1785.5100000000002,1782.03,Long
1660591200,1660592400.0,1779.57,1778.1,1783.98,1779.57,Long
1660593600,1660593630.0,1779.41,1778.66,1781.66,1779.41,Long
1660596600,1660602300.0,1779.14,1778.2,1778.2,1775.3799999999999,Short
1660602900,1660603800.0,1779.43,1778.5,1782.2200000000003,1779.43,Long
1660604700,1660605000.0,1778.6,1777.8,1780.9999999999998,1778.6,Long
1660605600,1660605900.0,1779.45,1778.77,1781.4900000000002,1779.45,Long
1660606800,1660613700.0,1779.21,1778.3,1778.3,1775.5699999999997,Short
1660614300,1660614330.0,1780.52,1777.61,1789.2500000000002,1780.52,Long
1660615500,1660630200.0,1780.77,1778.1,1788.7800000000002,1780.77,Long
1660630500,1660651200.0,1781.82,1781.47,1781.47,1780.4200000000003,Short
1660651500,1660652100.0,1776.33,1775.55,1778.6699999999998,1776.33,Long
1660652400,1660652430.0,1778.56,1777.82,1777.82,1775.6,Short
1660653600,1660653630.0,1775.49,1773.97,1780.05,1775.49,Long
1660654800,1660654830.0,1773.44,1772.27,1776.9500000000003,1773.44,Long
1660656000,1660656030.0,1776.37,1774.12,1783.12,1776.37,Long
1660661100,1660662000.0,1777.84,1773.96,1789.4799999999996,1777.84,Long
1660662900,1660662930.0,1776.98,1776.12,1779.5600000000004,1776.98,Long
1660665000,1660667100.0,1775.79,1773.6,1773.6,1767.0299999999997,Short
1660667400,1660667430.0,1776.09,1774.42,1781.0999999999995,1776.09,Long
1660668600,1660669500.0,1776.89,1774.81,1783.1300000000006,1776.89,Long
1660669800,1660669830.0,1776.8,1775.61,1775.61,1772.0399999999997,Short
1660671000,1660671030.0,1775.72,1774.55,1774.55,1771.0399999999997,Short
1660674900,1660676400.0,1777.01,1775.8,1775.8,1772.1699999999998,Short
1660677000,1660677030.0,1777.01,1775.71,1775.71,1771.8100000000002,Short
1660680000,1660681500.0,1777.52,1775.8,1782.68,1777.52,Long
1660683600,1660686900.0,1775.86,1774.5,1774.5,1770.4200000000003,Short
1660687500,1660687530.0,1775.91,1775.12,1778.2800000000007,1775.91,Long
1660688100,1660690800.0,1775.36,1774.7,1774.7,1772.7200000000005,Short
1660691100,1660691700.0,1775.28,1774.5,1777.62,1775.28,Long
1660693800,1660698600.0,1775.79,1774.18,1774.18,1769.3500000000004,Short
1660699800,1660700400.0,1775.9,1774.7,1779.5000000000002,1775.9,Long
1660702200,1660705800.0,1775.93,1773.81,1782.2900000000004,1775.93,Long
1660707300,1660707900.0,1775.32,1774.87,1774.87,1773.5199999999998,Short
1660708200,1660708230.0,1775.66,1775.0,1777.6400000000003,1775.66,Long
1660711500,1660719900.0,1778.81,1774.71,1791.1099999999997,1778.81,Long
1660720200,1660720800.0,1776.99,1775.71,1775.71,1771.8700000000001,Short
1660721100,1660721400.0,1775.33,1773.81,1779.8899999999999,1775.33,Long
1660722000,1660759500.0,1775.48,1774.95,1774.95,1773.3600000000001,Short
1660759800,1660759830.0,1767.52,1762.91,1781.3499999999997,1767.52,Long
1660761300,1660769400.0,1769.21,1767.3,1774.9400000000003,1769.21,Long
1660769700,1660774500.0,1762.66,1761.71,1761.71,1758.86,Short
1660776600,1660782000.0,1763.77,1762.7,1762.7,1759.4900000000002,Short
1660782600,1660793400.0,1765.33,1764.1,1769.02,1765.33,Long
1660794000,1660809000.0,1764.53,1763.1,1763.1,1758.8099999999997,Short
1660811100,1660827600.0,1764.81,1762.71,1771.1099999999997,1764.81,Long
1660828800,1660828830.0,1765.03,1762.94,1762.94,1756.6700000000003,Short
1660830300,1660849800.0,1769.2,1767.5,1767.5,1762.3999999999999,Short
1660850700,1660851900.0,1761.19,1759.9,1759.9,1756.0300000000002,Short
1660853100,1660853130.0,1759.8,1758.5,1758.5,1754.6000000000001,Short
1660854000,1660862400.0,1759.67,1758.6,1762.8800000000006,1759.67,Long
1660863900,1660865700.0,1760.2,1757.04,1757.04,1747.5599999999997,Short
1660867200,1660887300.0,1760.7,1758.35,1758.35,1751.2999999999995,Short
1660887600,1660889700.0,1753.94,1753.26,1755.9800000000002,1753.94,Long
1660890300,1660891200.0,1756.24,1755.1,1759.6600000000003,1756.24,Long
1660892100,1660892130.0,1756.5,1755.7,1758.8999999999999,1756.5,Long
1660893000,1660896900.0,1755.25,1753.41,1753.41,1747.8900000000003,Short
1660897800,1660901100.0,1753.94,1751.31,1761.8300000000004,1753.94,Long
1660901400,1660901430.0,1753.69,1753.2,1753.2,1751.73,Short
1660902000,1660902300.0,1754.18,1752.8,1758.3200000000004,1754.18,Long
1660903200,1660911600.0,1754.05,1752.84,1752.84,1749.2099999999998,Short
1660911900,1660916100.0,1751.85,1749.89,1757.7299999999993,1751.85,Long
1660919100,1660934400.0,1751.89,1750.51,1750.51,1746.3699999999997,Short
1660936800,1661173500.0,1746.55,1744.7,1744.7,1739.1500000000003,Short
1661174100,1661176200.0,1734.27,1732.01,1741.05,1734.27,Long
1661176500,1661177100.0,1735.87,1734.01,1734.01,1728.4300000000003,Short
1661181900,1661181930.0,1736.67,1735.0,1735.0,1729.9899999999998,Short
1661183100,1661189700.0,1736.95,1735.11,1742.4700000000005,1736.95,Long
1661190600,1661190630.0,1737.55,1736.41,1736.41,1732.9900000000005,Short
1661191500,1661192100.0,1736.31,1735.2,1739.6399999999996,1736.31,Long
1661192400,1661193000.0,1737.37,1736.38,1736.38,1733.4100000000008,Short
1661193300,1661193330.0,1736.53,1735.6,1739.3200000000002,1736.53,Long
1661194200,1661195400.0,1736.23,1735.1,1735.1,1731.7099999999996,Short
1661196300,1661196330.0,1737.47,1736.0,1741.88,1737.47,Long
1661197200,1661201100.0,1735.74,1733.8,1733.8,1727.9799999999998,Short
1661201400,1661202000.0,1734.96,1734.64,1735.9199999999998,1734.96,Long
1661205600,1661205630.0,1735.3,1734.8,1736.8,1735.3,Long
1661206200,1661207100.0,1735.81,1735.1,1735.1,1732.9699999999998,Short
1661207700,1661213100.0,1735.96,1734.61,1734.61,1730.5599999999995,Short
1661214000,1661229300.0,1735.95,1734.21,1741.17,1735.95,Long
1661230500,1661240100.0,1738.09,1736.31,1736.31,1730.97,Short
1661240400,1661240430.0,1736.38,1734.5,1742.0200000000004,1736.38,Long
1661242200,1661248800.0,1739.56,1736.71,1748.1099999999997,1739.56,Long
1661250000,1661250300.0,1736.52,1735.97,1735.97,1734.3200000000002,Short
1661251200,1661251800.0,1736.38,1734.6,1741.7200000000007,1736.38,Long
1661253000,1661253300.0,1737.88,1735.7,1744.4200000000003,1737.88,Long
1661254200,1661254230.0,1736.82,1735.7,1735.7,1732.3400000000004,Short
1661255100,1661255700.0,1737.25,1735.31,1743.0700000000002,1737.25,Long
1661256000,1661261100.0,1738.56,1737.57,1737.57,1734.6,Short
1661261400,1661277000.0,1738.86,1737.71,1742.3099999999995,1738.86,Long
1661277300,1661277330.0,1747.86,1746.7,1746.7,1743.2200000000005,Short
1661277900,1661277930.0,1746.77,1746.47,1747.6699999999998,1746.77,Long
1661278800,1661298600.0,1747.39,1747.04,1747.04,1745.9899999999996,Short
1661299200,1661299500.0,1746.46,1745.81,1748.4100000000003,1746.46,Long
1661304000,1661306100.0,1746.92,1744.5,1744.5,1737.2399999999998,Short
1661306700,1661314800.0,1747.17,1745.6,1745.6,1740.8899999999994,Short
1661315100,1661320500.0,1746.09,1745.1,1749.06,1746.09,Long
1661321700,1661321730.0,1746.6,1743.91,1743.91,1735.8400000000006,Short
1661322300,1661323200.0,1746.27,1744.87,1744.87,1740.6699999999996,Short
1661323800,1661336700.0,1745.17,1744.72,1746.5200000000002,1745.17,Long
1661337000,1661337300.0,1746.91,1745.79,1745.79,1742.4299999999996,Short
1661339400,1661350200.0,1744.67,1742.87,1742.87,1737.4699999999993,Short
1661351700,1661365500.0,1750.77,1748.18,1758.5399999999997,1750.77,Long
1661366100,1661367000.0,1749.67,1748.6,1752.8800000000006,1749.67,Long
1661367600,1661370600.0,1750.35,1749.67,1749.67,1747.6300000000006,Short
1661371200,1661371800.0,1752.52,1751.74,1754.86,1752.52,Long
1661373000,1661428500.0,1752.14,1751.1,1755.2600000000007,1752.14,Long
1661429400,1661449200.0,1761.82,1760.83,1760.83,1757.86,Short
1661449500,1661452500.0,1757.8,1757.54,1758.58,1757.8,Long
1661453400,1661453430.0,1756.14,1755.73,1757.3700000000003,1756.14,Long
1661454900,1661454930.0,1756.46,1755.38,1759.6999999999998,1756.46,Long
1661455800,1661456100.0,1755.82,1754.7,1754.7,1751.3400000000004,Short
1661457000,1661461200.0,1756.9,1754.71,1763.4700000000003,1756.9,Long
1661465700,1661466000.0,1758.77,1756.6,1756.6,1750.0899999999997,Short
1661466300,1661466330.0,1757.93,1756.7,1761.6200000000001,1757.93,Long
1661466900,1661467500.0,1757.89,1757.0,1757.0,1754.3299999999997,Short
1661468700,1661469300.0,1757.21,1756.41,1756.41,1754.0100000000002,Short
1661470200,1661473200.0,1756.53,1756.36,1757.0400000000002,1756.53,Long
1661474400,1661485800.0,1755.82,1754.6,1754.6,1750.9399999999998,Short
1661486100,1661489100.0,1756.52,1755.5,1759.58,1756.52,Long
1661490600,1661490630.0,1755.91,1754.8,1759.2400000000005,1755.91,Long
1661492100,1661493000.0,1755.56,1754.42,1758.9799999999996,1755.56,Long
1661503500,1661519100.0,1755.11,1749.8,1749.8,1733.8700000000001,Short
1661520300,1661520330.0,1753.62,1752.59,1752.59,1749.5,Short
1661521200,1661521230.0,1753.44,1751.3,1751.3,1744.8799999999997,Short
1661521800,1661522100.0,1752.33,1750.21,1758.6899999999996,1752.33,Long
1661522700,1661523600.0,1751.58,1742.04,1780.1999999999998,1751.58,Long
1661525400,1661541600.0,1746.2,1743.89,1743.89,1736.9600000000003,Short
1661541900,1661543700.0,1736.43,1735.4,1739.52,1736.43,Long
1661544900,1661720700.0,1737.76,1736.1,1742.7400000000002,1737.76,Long
1661724300,1661724600.0,1736.59,1734.72,1742.1999999999996,1736.59,Long
1661726100,1661762700.0,1737.78,1736.0,1736.0,1730.66,Short
1661763300,1661763330.0,1722.35,1720.67,1727.3899999999994,1722.35,Long
1661764200,1661765400.0,1722.36,1722.15,1722.9899999999993,1722.36,Long
1661765700,1661767800.0,1723.06,1722.6,1722.6,1721.2199999999998,Short
1661768100,1661793000.0,1722.6,1721.81,1724.9699999999998,1722.6,Long
1661793300,1661808000.0,1738.56,1737.77,1737.77,1735.4,Short
1661810400,1661810430.0,1737.3,1737.3,1737.3,1737.3,Long
1661812200,1661815800.0,1737.74,1736.4,1736.4,1732.3800000000003,Short
1661818200,1661822700.0,1740.46,1736.7,1751.74,1740.46,Long
1661823900,1661846400.0,1737.39,1735.86,1735.86,1731.2699999999993,Short
1661847600,1661848500.0,1737.0,1733.81,1746.5700000000002,1737.0,Long
1661848800,1661850900.0,1737.03,1736.15,1736.15,1733.5100000000004,Short
1661851200,1661852100.0,1734.45,1732.3,1740.9000000000003,1734.45,Long
1661852400,1661853000.0,1734.35,1733.76,1733.76,1731.9900000000002,Short
1661853600,1661854800.0,1734.89,1734.17,1734.17,1732.01,Short
1661855700,1661856600.0,1735.14,1732.85,1742.0100000000007,1735.14,Long
1661857200,1661857230.0,1734.56,1732.67,1732.67,1727.0000000000005,Short
1661857800,1661859600.0,1734.31,1733.21,1737.6099999999997,1734.31,Long
1661860200,1661860230.0,1732.93,1731.8,1731.8,1728.4099999999996,Short
1661861400,1661884500.0,1731.95,1731.4,1731.4,1729.7500000000002,Short
1661885700,1661887200.0,1724.09,1723.0,1727.3599999999997,1724.09,Long
1661889000,1661892000.0,1725.2,1723.0,1723.0,1716.3999999999999,Short
1661893200,1661906100.0,1724.52,1723.4,1723.4,1720.0400000000004,Short
1661906400,1661907000.0,1724.12,1723.73,1725.2899999999995,1724.12,Long
1661908200,1661908230.0,1723.75,1723.19,1725.4299999999998,1723.75,Long
1661910000,1661911800.0,1722.47,1720.77,1720.77,1715.6699999999998,Short
1661912700,1661913000.0,1722.95,1722.28,1722.28,1720.2699999999998,Short
1661914200,1661914500.0,1723.17,1721.7,1727.5800000000002,1723.17,Long
1661915400,1661915430.0,1722.81,1721.69,1726.1699999999996,1722.81,Long
1661916000,1661916600.0,1722.84,1721.79,1725.9899999999998,1722.84,Long
1661917500,1661917530.0,1723.3,1722.3,1726.3,1723.3,Long
1661918100,1661926800.0,1723.26,1722.94,1724.2199999999998,1723.26,Long
1661928300,1661952900.0,1723.27,1721.2,1721.2,1714.9900000000002,Short
1661953500,1661967900.0,1714.66,1710.38,1727.5,1714.66,Long
1661969100,1662009900.0,1713.32,1712.59,1712.59,1710.3999999999999,Short
1662011400,1662013200.0,1707.3,1705.59,1712.43,1707.3,Long
1662014100,1662017400.0,1704.31,1703.5,1706.7399999999998,1704.31,Long
1662018600,1662018630.0,1706.12,1704.7,1704.7,1700.4400000000005,Short
1662019800,1662022500.0,1704.17,1703.69,1703.69,1702.25,Short
1662022800,1662025200.0,1702.28,1701.93,1703.3299999999997,1702.28,Long
1662025800,1662025830.0,1708.51,1706.37,1714.9300000000003,1708.51,Long
1662027000,1662034800.0,1704.61,1704.02,1704.02,1702.2500000000002,Short
1662035400,1662052800.0,1703.49,1701.01,1701.01,1693.57,Short
1662055500,1662055530.0,1697.87,1696.76,1696.76,1693.4300000000003,Short
1662056400,1662059700.0,1696.93,1695.5,1701.2200000000003,1696.93,Long
1662061200,1662061800.0,1696.43,1695.38,1699.58,1696.43,Long
1662062700,1662064800.0,1695.66,1693.87,1693.87,1688.4999999999993,Short
1662065400,1662067500.0,1696.45,1695.5,1699.3000000000002,1696.45,Long
1662068400,1662073200.0,1695.5,1695.3,1695.3,1694.6999999999998,Short
1662073500,1662074700.0,1695.45,1694.5,1698.3000000000002,1695.45,Long
1662076800,1662080700.0,1697.74,1695.19,1705.3899999999999,1697.74,Long
1662081000,1662081300.0,1698.65,1697.71,1697.71,1694.8899999999999,Short
1662081600,1662084300.0,1698.56,1696.94,1703.4199999999996,1698.56,Long
1662084900,1662093000.0,1697.2,1695.6,1702.0000000000005,1697.2,Long
1662093600,1662139500.0,1699.28,1698.5,1701.62,1699.28,Long
1662139800,1662140700.0,1711.72,1711.21,1711.21,1709.68,Short
1662141300,1662141330.0,1711.16,1709.91,1709.91,1706.16,Short
1662142200,1662142230.0,1713.66,1710.28,1710.28,1700.1399999999996,Short
1662142800,1662144000.0,1713.8,1712.4,1717.9999999999995,1713.8,Long
1662144600,1662329700.0,1714.3,1712.8,1712.8,1708.3,Short
1662330900,1662330930.0,1711.5,1709.8,1716.6000000000001,1711.5,Long
1662332700,1662339300.0,1710.44,1709.76,1709.76,1707.7199999999998,Short
1662339600,1662341700.0,1709.17,1708.01,1712.6500000000003,1709.17,Long
1662344100,1662345900.0,1712.03,1708.86,1708.86,1699.3499999999997,Short
1662349500,1662354900.0,1712.76,1708.03,1726.95,1712.76,Long
1662355800,1662355830.0,1711.54,1710.4,1710.4,1706.9800000000005,Short
1662356400,1662360900.0,1713.52,1711.94,1718.2599999999998,1713.52,Long
1662363000,1662365700.0,1711.67,1707.99,1707.99,1696.9499999999998,Short
1662366300,1662366330.0,1713.14,1711.8,1711.8,1707.7799999999995,Short
1662368100,1662369600.0,1713.98,1711.2,1711.2,1702.8600000000001,Short
1662370500,1662382500.0,1712.14,1710.6,1716.7600000000007,1712.14,Long
1662382800,1662382830.0,1712.78,1711.81,1711.81,1708.8999999999999,Short
1662384300,1662384600.0,1713.4,1711.1,1720.3000000000006,1713.4,Long
1662385800,1662399300.0,1711.96,1710.3,1710.3,1705.3199999999997,Short
1662400500,1662413100.0,1711.67,1710.5,1710.5,1706.9899999999998,Short
1662415200,1662415230.0,1709.6,1709.5,1709.5,1709.2000000000003,Short
1662418800,1662438900.0,1713.23,1710.31,1721.9900000000002,1713.23,Long
1662439800,1662442200.0,1717.66,1716.49,1716.49,1712.9799999999998,Short
1662443700,1662443730.0,1719.12,1716.02,1728.4199999999996,1719.12,Long
1662445500,1662447300.0,1717.21,1715.72,1721.68,1717.21,Long
1662447600,1662501600.0,1720.58,1718.3,1718.3,1711.46,Short
1662502500,1662502530.0,1702.08,1701.4,1701.4,1699.3600000000006,Short
1662503100,1662503400.0,1701.69,1700.51,1705.2300000000002,1701.69,Long
1662506400,1662509700.0,1700.3,1699.31,1703.27,1700.3,Long
1662512700,1662530700.0,1697.06,1693.27,1693.27,1681.9,Short
1662532500,1662551400.0,1697.82,1694.31,1708.35,1697.82,Long
1662552300,1662553200.0,1702.44,1700.31,1700.31,1693.9199999999996,Short
1662553800,1662559800.0,1703.86,1702.46,1702.46,1698.2600000000004,Short
1662560100,1662560130.0,1704.37,1702.86,1708.8999999999999,1704.37,Long
1662561600,1662589800.0,1712.27,1710.7,1716.9799999999998,1712.27,Long
1662590400,1662590700.0,1718.01,1717.01,1717.01,1714.01,Short
1662591300,1662595200.0,1717.94,1716.91,1721.03,1717.94,Long
1662595800,1662599700.0,1716.84,1715.3,1715.3,1710.68,Short
1662600000,1662600300.0,1716.94,1715.38,1721.62,1716.94,Long
1662600600,1662609900.0,1718.67,1717.13,1717.13,1712.5100000000002,Short
1662610200,1662610230.0,1715.39,1714.41,1718.3300000000002,1715.39,Long
1662611100,1662615900.0,1716.32,1715.11,1715.11,1711.4799999999998,Short
1662616500,1662616800.0,1716.79,1716.21,1716.21,1714.4700000000003,Short
1662617700,1662639900.0,1718.32,1714.61,1729.45,1718.32,Long
1662642000,1662660300.0,1719.24,1713.0,1713.0,1694.28,Short
1662660900,1662663600.0,1709.49,1708.0,1713.96,1709.49,Long
1662666600,1662666630.0,1707.67,1705.91,1712.95,1707.67,Long
1662667200,1662667230.0,1707.57,1706.5,1706.5,1703.2900000000002,Short
1662668100,1662672300.0,1708.01,1706.51,1712.51,1708.01,Long
1662674400,1662676200.0,1706.6,1706.5,1706.5,1706.2000000000003,Short
1662680700,1662722700.0,1710.36,1708.4,1716.2399999999993,1710.36,Long
1662723000,1662742500.0,1728.3,1726.8,1726.8,1722.3,Short
1662742800,1662743100.0,1720.22,1718.81,1724.4500000000003,1720.22,Long
1662743700,1662744000.0,1719.26,1717.6,1724.2400000000002,1719.26,Long
1662744300,1662744330.0,1718.52,1717.5,1717.5,1714.44,Short
1662745200,1662746700.0,1717.45,1716.3,1720.9000000000003,1717.45,Long
1662747300,1662747900.0,1715.74,1714.4,1714.4,1710.3800000000003,Short
1662748800,1662749100.0,1715.33,1714.3,1718.4199999999998,1715.33,Long
1662750000,1662750030.0,1715.64,1714.11,1714.11,1709.5199999999993,Short
1662750900,1662751500.0,1716.3,1714.6,1721.4,1716.3,Long
1662751800,1662754800.0,1715.64,1714.41,1714.41,1710.72,Short
1662923100,1662930000.0,1716.6,1716.6,1716.6,1716.6,Long
1662933600,1662933630.0,1717.5,1717.5,1717.5,1717.5,Long
1662935100,1662946800.0,1718.0,1716.67,1721.9899999999998,1718.0,Long
1662948000,1662963900.0,1718.59,1715.42,1715.42,1705.9100000000005,Short
1662964800,1662989400.0,1715.74,1714.6,1719.1600000000003,1715.74,Long
1662990900,1662999300.0,1725.83,1724.47,1729.9099999999996,1725.83,Long
1662999600,1662999630.0,1734.49,1732.8,1732.8,1727.7299999999998,Short
1663002000,1663002030.0,1731.81,1729.6,1729.6,1722.9699999999998,Short
1663002600,1663002630.0,1731.31,1729.58,1736.5,1731.31,Long
1663003800,1663006200.0,1729.77,1728.21,1734.4499999999998,1729.77,Long
1663007100,1663024800.0,1726.35,1725.31,1725.31,1722.19,Short
1663026000,1663026300.0,1725.52,1724.3,1729.18,1725.52,Long
1663026600,1663027200.0,1726.28,1725.04,1725.04,1721.32,Short
1663030200,1663030500.0,1727.36,1724.29,1736.5699999999997,1727.36,Long
1663031400,1663046700.0,1725.23,1722.9,1722.9,1715.9100000000003,Short
1663047000,1663047030.0,1722.4,1720.8,1727.2000000000005,1722.4,Long
1663048200,1663050000.0,1721.81,1720.8,1724.84,1721.81,Long
1663050600,1663071900.0,1723.23,1722.1,1726.6200000000003,1723.23,Long
1663072500,1663088100.0,1731.24,1712.24,1712.24,1655.24,Short
1663089900,1663091100.0,1707.11,1703.87,1716.83,1707.11,Long
1663094700,1663098900.0,1705.48,1702.38,1702.38,1693.0800000000004,Short
1663099800,1663100100.0,1703.3,1701.6,1708.4,1703.3,Long
1663100400,1663112100.0,1703.03,1701.7,1701.7,1697.7100000000003,Short
1663112400,1663112430.0,1702.66,1701.4,1706.44,1702.66,Long
1663114500,1663114530.0,1702.93,1701.1,1701.1,1695.6099999999994,Short
1663115700,1663120500.0,1702.26,1699.37,1699.37,1690.6999999999996,Short
1663120800,1663122300.0,1700.51,1699.0,1705.04,1700.51,Long
1663122600,1663125900.0,1703.45,1702.2,1702.2,1698.45,Short
1663126800,1663129500.0,1702.34,1701.3,1701.3,1698.18,Short
1663130400,1663135800.0,1704.81,1700.24,1718.5199999999998,1704.81,Long
1663136100,1663138500.0,1702.4,1701.3,1701.3,1697.9999999999995,Short
1663139400,1663139700.0,1704.07,1699.4,1718.0799999999995,1704.07,Long
1663140000,1663140300.0,1702.14,1700.22,1700.22,1694.4599999999998,Short
1663140600,1663140630.0,1699.7,1698.4,1703.6,1699.7,Long
1663141200,1663141230.0,1700.53,1695.87,1695.87,1681.8899999999996,Short
1663143000,1663146300.0,1705.76,1700.9,1720.3399999999997,1705.76,Long
1663151400,1663156200.0,1705.93,1701.8,1718.3200000000004,1705.93,Long
1663156800,1663156830.0,1702.26,1701.28,1705.2,1702.26,Long
1663158900,1663158930.0,1703.77,1700.57,1713.3700000000001,1703.77,Long
1663159500,1663159800.0,1705.42,1703.8,1703.8,1698.9399999999996,Short
1663160100,1663160130.0,1706.44,1703.8,1714.3600000000004,1706.44,Long
1663161000,1663161300.0,1706.69,1704.0,1714.7600000000002,1706.69,Long
1663163100,1663166100.0,1704.89,1702.41,1702.41,1694.97,Short
1663166700,1663168800.0,1704.77,1703.4,1708.8799999999997,1704.77,Long
1663169100,1663169700.0,1705.53,1703.9,1703.9,1699.0100000000004,Short
1663171200,1663171500.0,1703.55,1701.6,1709.4,1703.55,Long
1663174500,1663196100.0,1703.31,1700.5,1700.5,1692.0700000000002,Short
1663196700,1663202700.0,1697.35,1696.1,1701.1,1697.35,Long
1663203900,1663207200.0,1696.24,1692.48,1692.48,1681.2,Short
1663207500,1663207530.0,1696.45,1695.31,1699.8700000000003,1696.45,Long
1663208100,1663232400.0,1695.46,1694.61,1694.61,1692.0599999999995,Short
1663232700,1663232730.0,1687.5,1685.61,1693.1700000000003,1687.5,Long
1663233300,1663233330.0,1688.01,1686.2,1686.2,1680.7700000000002,Short
1663234500,1663235100.0,1689.65,1687.1,1697.3000000000006,1689.65,Long
1663235400,1663235430.0,1689.31,1688.1,1688.1,1684.4699999999998,Short
1663236600,1663238100.0,1690.68,1689.34,1694.7000000000005,1690.68,Long
1663238400,1663238700.0,1688.2,1686.81,1686.81,1682.6399999999996,Short
1663239300,1663240500.0,1686.89,1685.11,1685.11,1679.7699999999993,Short
1663243800,1663245300.0,1687.24,1684.6,1684.6,1676.6799999999996,Short
1663245600,1663246500.0,1685.4,1683.44,1691.2800000000002,1685.4,Long
1663248300,1663249800.0,1687.58,1683.6,1683.6,1671.6599999999999,Short
1663250100,1663250400.0,1688.17,1684.56,1699.0000000000005,1688.17,Long
1663251300,1663272000.0,1688.38,1685.6,1685.6,1677.2599999999993,Short
1663274100,1663286400.0,1664.99,1664.0,1664.0,1661.03,Short
1663287900,1663290900.0,1664.81,1662.56,1671.56,1664.81,Long
1663293600,1663295400.0,1664.08,1660.6,1660.6,1650.1599999999999,Short
1663296300,1663296330.0,1663.36,1661.99,1661.99,1657.8800000000003,Short
1663298700,1663301700.0,1662.97,1661.7,1666.78,1662.97,Long
1663303800,1663307400.0,1664.62,1663.21,1663.21,1658.9800000000005,Short
1663309200,1663319700.0,1663.96,1661.76,1661.76,1655.1599999999999,Short
1663321200,1663324200.0,1664.58,1662.8,1662.8,1657.46,Short
1663324800,1663332900.0,1662.47,1661.22,1666.22,1662.47,Long
1663333200,1663335900.0,1660.83,1659.51,1659.51,1655.5500000000002,Short
1663337100,1663352100.0,1667.4,1663.3,1679.7000000000005,1667.4,Long
1663354200,1663357500.0,1675.38,1674.33,1674.33,1671.1799999999994,Short
1663358100,1663358700.0,1674.74,1673.7,1673.7,1670.5800000000002,Short
1663359900,1663535100.0,1674.41,1673.5,1677.1400000000003,1674.41,Long
1663538400,1663538430.0,1675.23,1675.23,1675.23,1675.23,Long
1663539000,1663549800.0,1675.44,1673.7,1680.66,1675.44,Long
1663551000,1663585800.0,1673.13,1672.2,1672.2,1669.4099999999999,Short
1663586700,1663586730.0,1663.82,1663.1,1663.1,1660.9399999999998,Short
1663588200,1663591200.0,1662.35,1661.43,1665.1099999999994,1662.35,Long
1663591500,1663591530.0,1667.01,1665.18,1665.18,1659.6900000000003,Short
1663592400,1663593300.0,1666.95,1664.68,1673.76,1666.95,Long
1663593900,1663595700.0,1664.98,1663.81,1668.4900000000002,1664.98,Long
1663597500,1663613400.0,1665.9,1664.3,1670.7000000000005,1665.9,Long
1663615800,1663615830.0,1673.89,1672.2,1672.2,1667.1299999999999,Short
1663616700,1663637100.0,1674.21,1672.4,1679.6399999999999,1674.21,Long
1663637400,1663640100.0,1675.83,1674.9,1674.9,1672.1100000000006,Short
1663640700,1663641600.0,1675.64,1674.6,1678.7600000000007,1675.64,Long
1663644300,1663646700.0,1676.52,1675.4,1679.8799999999997,1676.52,Long
1663647900,1663695300.0,1675.0,1674.0,1674.0,1671.0,Short
1663695600,1663697400.0,1664.75,1662.1,1672.7000000000003,1664.75,Long
1663698600,1663698630.0,1665.44,1663.3,1671.8600000000004,1665.44,Long
1663701300,1663702200.0,1664.74,1662.5,1662.5,1655.78,Short
1663702800,1663704300.0,1666.26,1665.0,1665.0,1661.22,Short
1663707000,1663707300.0,1665.54,1663.5,1671.6599999999999,1665.54,Long
1663709100,1663711200.0,1662.8,1662.6,1662.6,1661.9999999999998,Short
1663712100,1663712400.0,1664.49,1663.33,1667.9700000000003,1664.49,Long
1663714200,1663714230.0,1664.84,1663.21,1663.21,1658.3200000000004,Short
1663717500,1663719300.0,1666.56,1664.3,1673.34,1666.56,Long
1663720200,1663720230.0,1665.48,1663.95,1670.07,1665.48,Long
1663722000,1663722300.0,1664.58,1662.7,1662.7,1657.0600000000004,Short
1663723200,1663723230.0,1664.92,1663.6,1663.6,1659.6399999999994,Short
1663723800,1663724100.0,1664.69,1663.1,1663.1,1658.3299999999995,Short
1663725600,1663727100.0,1665.18,1663.41,1670.49,1665.18,Long
1663729200,1663737900.0,1665.44,1664.06,1664.06,1659.9199999999996,Short
1663738500,1663738530.0,1664.66,1663.01,1663.01,1658.0599999999997,Short
1663739400,1663765800.0,1664.94,1662.93,1670.97,1664.94,Long
1663766700,1663767600.0,1674.5,1673.56,1673.56,1670.7399999999998,Short
1663768500,1663784700.0,1673.8,1672.83,1672.83,1669.9199999999998,Short
1663785000,1663801800.0,1666.25,1664.2,1672.3999999999999,1666.25,Long
1663802400,1663821900.0,1670.31,1668.8,1668.8,1664.27,Short
1663822800,1663827600.0,1661.22,1659.37,1666.7700000000004,1661.22,Long
1663827900,1663828200.0,1660.24,1658.97,1658.97,1655.16,Short
1663828800,1663833300.0,1659.37,1658.05,1658.05,1654.0900000000001,Short
1663835100,1663862100.0,1676.62,1670.0,1696.4799999999996,1676.62,Long
1663863000,1663868700.0,1672.45,1669.9,1669.9,1662.2500000000002,Short
1663869000,1663869030.0,1672.6,1671.51,1675.8699999999997,1672.6,Long
1663869600,1663873200.0,1673.41,1672.11,1672.11,1668.2099999999994,Short
1663873500,1663877100.0,1671.39,1669.16,1678.0800000000002,1671.39,Long
1663880400,1663887600.0,1671.66,1670.41,1670.41,1666.66,Short
1663890600,1663891800.0,1672.57,1670.4,1679.0799999999995,1672.57,Long
1663892700,1663892730.0,1673.31,1672.2,1672.2,1668.8700000000003,Short
1663893300,1663893330.0,1673.35,1672.2,1672.2,1668.7500000000005,Short
1663894200,1663894500.0,1674.41,1672.46,1680.2600000000002,1674.41,Long
1663894800,1663894830.0,1674.65,1673.22,1673.22,1668.9299999999998,Short
1663895700,1663898700.0,1674.57,1672.3,1681.3799999999999,1674.57,Long
1663899300,1663899600.0,1671.8,1670.5,1670.5,1666.6000000000001,Short
1663900800,1663912200.0,1670.9,1669.41,1669.41,1664.94,Short
1663915800,1663915830.0,1672.47,1670.41,1670.41,1664.2300000000002,Short
1663917000,1663945200.0,1670.47,1667.9,1667.9,1660.1900000000003,Short
1663945800,1663945830.0,1646.57,1644.6,1644.6,1638.6899999999998,Short
1663947000,1663947030.0,1646.82,1644.7,1653.1799999999996,1646.82,Long
1663948500,1663950900.0,1648.52,1646.6,1646.6,1640.8399999999997,Short
1663954200,1663959600.0,1648.06,1645.3,1645.3,1637.02,Short
1663960200,1664144700.0,1644.34,1641.5,1641.5,1632.9800000000002,Short
1664145600,1664146500.0,1644.84,1643.98,1643.98,1641.4000000000003,Short
1664148300,1664151000.0,1643.74,1642.6,1647.1600000000003,1643.74,Long
1664151600,1664157300.0,1645.43,1642.35,1642.35,1633.1099999999994,Short
1664160300,1664168400.0,1641.8,1639.34,1639.34,1631.9599999999998,Short
1664169900,1664175300.0,1637.77,1635.77,1635.77,1629.77,Short
1664177700,1664186700.0,1649.22,1647.54,1654.2600000000002,1649.22,Long
1664187000,1664187030.0,1641.94,1641.0,1641.0,1638.1799999999998,Short
1664187600,1664187900.0,1639.71,1636.6,1649.0400000000004,1639.71,Long
1664188800,1664190300.0,1640.2,1638.47,1645.39,1640.2,Long
1664190600,1664196300.0,1640.84,1639.24,1639.24,1634.4400000000003,Short
1664197500,1664198700.0,1647.16,1645.0,1645.0,1638.5199999999998,Short
1664199000,1664199030.0,1645.57,1644.32,1649.32,1645.57,Long
1664199900,1664205900.0,1644.18,1642.41,1649.49,1644.18,Long
1664206800,1664231100.0,1639.24,1637.71,1637.71,1633.1200000000001,Short
1664232600,1664235900.0,1625.48,1623.8,1630.5200000000002,1625.48,Long
1664240400,1664255100.0,1630.83,1627.0,1642.3199999999997,1630.83,Long
1664257200,1664271900.0,1632.32,1630.4,1638.0799999999995,1632.32,Long
1664273700,1664273730.0,1634.62,1632.1,1632.1,1624.54,Short
1664275200,1664275230.0,1638.0,1636.65,1636.65,1632.6000000000004,Short
1664275800,1664276100.0,1637.27,1635.45,1642.7299999999998,1637.27,Long
1664277300,1664277330.0,1638.48,1636.41,1636.41,1630.2000000000003,Short
1664278200,1664279400.0,1639.79,1638.14,1644.7399999999996,1639.79,Long
1664281800,1664283300.0,1639.49,1635.6,1651.1600000000003,1639.49,Long
1664284200,1664289900.0,1637.01,1633.9,1646.3399999999997,1637.01,Long
1664290200,1664290800.0,1637.65,1636.15,1636.15,1631.65,Short
1664291400,1664313000.0,1636.78,1635.21,1635.21,1630.5000000000002,Short
1664316000,1664316600.0,1628.5,1628.0,1630.0,1628.5,Long
1664319600,1664323200.0,1630.34,1628.3,1628.3,1622.18,Short
1664323500,1664325300.0,1629.43,1627.81,1634.2900000000004,1629.43,Long
1664325600,1664359500.0,1628.15,1626.9,1626.9,1623.15,Short
1664361300,1664395500.0,1627.72,1625.9,1633.1799999999998,1627.72,Long
1664398500,1664398800.0,1660.11,1657.97,1666.5299999999995,1660.11,Long
1664402400,1664444100.0,1658.7,1658.7,1658.7,1658.7,Long
1664444400,1664460600.0,1648.52,1647.01,1653.05,1648.52,Long
1664462100,1664462130.0,1649.21,1646.85,1646.85,1639.7699999999995,Short
1664463600,1664482800.0,1653.49,1649.15,1666.5099999999998,1653.49,Long
1664483700,1664483730.0,1660.48,1659.11,1664.5900000000004,1660.48,Long
1664484300,1664485200.0,1660.09,1659.1,1659.1,1656.1299999999999,Short
1664491200,1664503800.0,1664.01,1661.3,1672.14,1664.01,Long
1664505900,1664506200.0,1661.56,1660.4,1665.0399999999995,1661.56,Long
1664506800,1664509200.0,1663.68,1662.51,1667.1900000000003,1663.68,Long
1664509500,1664512200.0,1663.11,1662.73,1662.73,1661.5900000000004,Short
1664516100,1664532300.0,1665.66,1661.6,1677.8400000000006,1665.66,Long
1664534100,1664535000.0,1666.12,1664.9,1669.7799999999993,1666.12,Long
1664535900,1664545200.0,1666.58,1664.61,1664.61,1658.6999999999998,Short
1664546100,1664555100.0,1670.25,1667.57,1678.2900000000002,1670.25,Long
1664556000,1664744700.0,1666.64,1664.81,1664.81,1659.3199999999995,Short
1664748000,1664765400.0,1660.72,1660.72,1660.72,1660.72,Long
1664765700,1664766300.0,1665.9,1664.7,1664.7,1661.1,Short
1664770200,1664780400.0,1664.84,1662.4,1662.4,1655.0800000000006,Short
1664781300,1664781330.0,1665.73,1662.1,1676.6200000000003,1665.73,Long
1664783400,1664784900.0,1664.22,1661.0,1661.0,1651.34,Short
1664787900,1664787930.0,1663.16,1661.2,1669.0400000000002,1663.16,Long
1664788800,1664793000.0,1663.08,1661.1,1661.1,1655.1599999999999,Short
1664793900,1664795400.0,1664.7,1663.61,1667.9700000000005,1664.7,Long
1664797200,1664843700.0,1666.41,1663.82,1674.1800000000005,1666.41,Long
1664845800,1664857500.0,1699.26,1695.71,1695.71,1685.0600000000002,Short
1664858100,1664880900.0,1700.16,1697.41,1708.41,1700.16,Long
1664884500,1664886000.0,1705.21,1702.71,1702.71,1695.21,Short
1664887200,1664890500.0,1709.7,1707.62,1715.9400000000005,1709.7,Long
1664890800,1664890830.0,1710.2,1708.01,1708.01,1701.4399999999998,Short
1664892000,1664910600.0,1710.75,1708.87,1716.3900000000003,1710.75,Long
1664912400,1664913000.0,1725.74,1723.25,1723.25,1715.78,Short
1664914500,1664917200.0,1725.81,1724.21,1724.21,1719.4100000000003,Short
1664920800,1664926500.0,1725.4,1725.4,1725.4,1725.4,Long
1664926800,1664926830.0,1724.89,1723.71,1723.71,1720.1699999999998,Short
1664928000,1664928030.0,1725.54,1724.21,1724.21,1720.2200000000003,Short
1664929200,1664948700.0,1725.01,1724.47,1724.47,1722.8500000000001,Short
1664949300,1664950200.0,1720.14,1718.9,1718.9,1715.18,Short
1664950500,1664954100.0,1719.79,1717.8,1725.76,1719.79,Long
1664955300,1664972700.0,1719.42,1717.4,1717.4,1711.3400000000001,Short
1664974500,1664977800.0,1713.39,1709.14,1709.14,1696.39,Short
1664978400,1664979900.0,1709.6,1708.04,1708.04,1703.3600000000001,Short
1664981400,1664983800.0,1708.79,1707.67,1707.67,1704.3100000000004,Short
1664984100,1664984130.0,1709.19,1707.63,1713.87,1709.19,Long
1664986200,1664987100.0,1710.2,1706.11,1722.4700000000005,1710.2,Long
1664988000,1664989800.0,1711.33,1708.7,1708.7,1700.8100000000004,Short
1664991300,1665030600.0,1712.42,1707.9,1725.98,1712.42,Long
1665031200,1665039000.0,1722.82,1721.8,1725.8799999999999,1722.82,Long
1665039900,1665040500.0,1721.44,1719.61,1726.9300000000005,1721.44,Long
1665042600,1665043500.0,1724.7,1722.71,1730.67,1724.7,Long
1665043800,1665059100.0,1724.59,1723.09,1723.09,1718.59,Short
1665060900,1665069900.0,1716.76,1714.71,1714.71,1708.5600000000002,Short
1665070500,1665075900.0,1713.06,1711.6,1711.6,1707.2199999999998,Short
1665076200,1665076500.0,1711.73,1710.56,1715.2400000000002,1711.73,Long
1665077700,1665078600.0,1713.13,1710.7,1710.7,1703.4099999999999,Short
1665078900,1665078930.0,1712.5,1711.3,1716.1000000000001,1712.5,Long
1665079800,1665079830.0,1711.32,1710.01,1710.01,1706.0800000000002,Short
1665080700,1665089700.0,1713.13,1711.21,1718.8900000000003,1713.13,Long
1665093600,1665096300.0,1710.2,1710.2,1710.2,1710.2,Long
1665097200,1665097230.0,1711.72,1710.61,1715.0500000000004,1711.72,Long
1665098400,1665107400.0,1711.98,1710.58,1710.58,1706.3799999999997,Short
1665107700,1665107730.0,1710.82,1709.86,1713.7,1710.82,Long
1665108600,1665110100.0,1710.48,1709.0,1709.0,1704.56,Short
1665112200,1665116100.0,1712.36,1711.21,1711.21,1707.7600000000004,Short
1665118500,1665119100.0,1711.43,1709.31,1709.31,1702.9499999999996,Short
1665122400,1665123600.0,1713.58,1709.91,1724.5899999999995,1713.58,Long
1665124500,1665127800.0,1711.5,1709.41,1709.41,1703.1400000000003,Short
1665129300,1665135600.0,1712.64,1709.69,1721.4900000000002,1712.64,Long
1665135900,1665139200.0,1712.69,1711.59,1711.59,1708.2899999999995,Short
1665140400,1665161400.0,1709.29,1708.67,1708.67,1706.8100000000004,Short
1665161700,1665162900.0,1700.51,1699.2,1704.4399999999998,1700.51,Long
1665163200,1665164700.0,1701.7,1699.78,1699.78,1694.0199999999998,Short
1665165300,1665167100.0,1702.1,1700.29,1707.5299999999997,1702.1,Long
1665167400,1665354600.0,1699.24,1698.2,1698.2,1695.0800000000002,Short
1665355500,1665356100.0,1699.48,1698.94,1698.94,1697.3200000000002,Short
1665356700,1665360300.0,1697.81,1696.7,1701.1399999999996,1697.81,Long
1665361200,1665361230.0,1696.93,1695.2,1702.1200000000001,1696.93,Long
1665364200,1665365100.0,1696.0,1692.1,1692.1,1680.3999999999996,Short
1665366000,1665366600.0,1696.03,1694.2,1701.5199999999998,1696.03,Long
1665366900,1665427800.0,1695.87,1694.37,1694.37,1689.87,Short
1665428700,1665435900.0,1670.62,1668.2,1677.8799999999994,1670.62,Long
1665436200,1665436230.0,1667.4,1667.4,1667.4,1667.4,Long
1665436800,1665436830.0,1667.5,1667.5,1667.5,1667.5,Long
1665439800,1665439830.0,1668.2,1667.2,1671.2,1668.2,Long
1665446400,1665452400.0,1670.17,1668.5,1675.1800000000003,1670.17,Long
1665453600,1665453630.0,1668.47,1666.53,1674.2900000000002,1668.47,Long
1665454800,1665468600.0,1664.15,1661.72,1661.72,1654.4299999999998,Short
1665470400,1665472800.0,1669.35,1665.73,1680.2099999999996,1669.35,Long
1665476100,1665480000.0,1669.51,1663.5,1687.54,1669.51,Long
1665480300,1665480330.0,1665.55,1664.2,1664.2,1660.1500000000003,Short
1665480900,1665486000.0,1664.86,1663.06,1663.06,1657.66,Short
1665486300,1665514200.0,1668.15,1666.4,1673.4,1668.15,Long
1665515100,1665536100.0,1673.82,1664.24,1664.24,1635.5000000000002,Short
1665536700,1665546600.0,1666.14,1664.78,1664.78,1660.6999999999996,Short
1665547200,1665561900.0,1665.53,1663.2,1672.5199999999998,1665.53,Long
1665564600,1665568500.0,1673.04,1668.5,1686.6599999999999,1673.04,Long
1665570000,1665573300.0,1671.41,1669.7,1669.7,1664.57,Short
1665575100,1665575130.0,1671.26,1668.84,1678.5200000000002,1671.26,Long
1665577200,1665580500.0,1669.15,1666.32,1666.32,1657.8299999999995,Short
1665581100,1665582000.0,1670.92,1668.93,1668.93,1662.96,Short
1665582600,1665582630.0,1672.92,1670.26,1670.26,1662.2799999999997,Short
1665583800,1665584100.0,1672.03,1669.3,1680.22,1672.03,Long
1665585000,1665586800.0,1670.27,1668.11,1676.7500000000002,1670.27,Long
1665587400,1665587430.0,1670.13,1668.52,1668.52,1663.6899999999996,Short
1665590400,1665590430.0,1669.57,1667.71,1667.71,1662.1300000000003,Short
1665591000,1665591900.0,1669.8,1667.84,1675.68,1669.8,Long
1665592200,1665592500.0,1669.47,1667.59,1667.59,1661.9499999999996,Short
1665596100,1665597000.0,1671.5,1668.85,1679.4500000000003,1671.5,Long
1665597300,1665597330.0,1671.98,1670.3,1670.3,1665.2599999999998,Short
1665597900,1665615900.0,1672.73,1670.77,1678.6100000000001,1672.73,Long
1665616200,1665617700.0,1673.75,1673.37,1673.37,1672.2299999999996,Short
1665618000,1665620100.0,1674.54,1673.8,1676.76,1674.54,Long
1665620400,1665620430.0,1673.5,1672.4,1672.4,1669.1000000000004,Short
1665624600,1665625800.0,1675.29,1670.78,1670.78,1657.25,Short
1665629700,1665646800.0,1673.13,1669.21,1669.21,1657.4499999999998,Short
1665647100,1665663900.0,1670.33,1667.7,1678.2199999999996,1670.33,Long
1665664800,1665678900.0,1675.89,1654.45,1654.45,1590.1299999999999,Short
1665680400,1665690000.0,1667.28,1663.44,1678.7999999999997,1667.28,Long
1665691800,1665692100.0,1665.43,1662.8,1662.8,1654.9099999999996,Short
1665694500,1665711600.0,1666.3,1665.01,1665.01,1661.14,Short
1665712800,1665729900.0,1667.73,1666.51,1671.39,1667.73,Long
1665731700,1665751800.0,1669.63,1667.78,1667.78,1662.2299999999996,Short
1665753000,1665753030.0,1662.57,1659.7,1671.1799999999996,1662.57,Long
1665753600,1665778200.0,1659.51,1657.1,1657.1,1649.8699999999997,Short
1665780300,1665954000.0,1643.6,1642.31,1642.31,1638.44,Short
1665957600,1665986400.0,1643.76,1642.3,1648.14,1643.76,Long
1665987000,1665987030.0,1652.15,1650.21,1657.9700000000003,1652.15,Long
1665988500,1665988530.0,1650.9,1649.31,1649.31,1644.5399999999995,Short
1665990000,1666023900.0,1650.26,1648.91,1654.3099999999997,1650.26,Long
1666025700,1666050600.0,1658.92,1657.9,1657.9,1654.8400000000001,Short
1666052100,1666057800.0,1651.49,1648.91,1659.2299999999998,1651.49,Long
1666058700,1666058730.0,1651.09,1650.0,1654.3599999999997,1651.09,Long
1666059600,1666060200.0,1649.77,1648.3,1648.3,1643.8899999999999,Short
1666061100,1666061400.0,1651.02,1649.61,1655.2500000000002,1651.02,Long
1666062000,1666062030.0,1651.02,1648.94,1648.94,1642.7000000000003,Short
1666063800,1666081200.0,1651.12,1649.2,1656.8799999999994,1651.12,Long
1666082100,1666092300.0,1656.35,1653.8,1653.8,1646.15,Short
1666092900,1666093200.0,1653.39,1651.91,1657.8300000000002,1653.39,Long
1666095000,1666095900.0,1653.97,1651.83,1651.83,1645.4099999999996,Short
1666098000,1666102800.0,1656.97,1653.0,1668.88,1656.97,Long
1666103100,1666104000.0,1652.25,1650.34,1650.34,1644.6099999999997,Short
1666106100,1666117200.0,1652.18,1650.95,1650.95,1647.26,Short
1666119000,1666120800.0,1650.26,1648.71,1648.71,1644.0600000000002,Short
1666121700,1666122900.0,1651.1,1649.0,1657.3999999999996,1651.1,Long
1666124100,1666125900.0,1651.43,1650.41,1654.49,1651.43,Long
1666126800,1666142100.0,1651.91,1650.51,1656.1100000000004,1651.91,Long
1666142400,1666142700.0,1652.36,1649.92,1649.92,1642.6000000000006,Short
1666143300,1666145100.0,1651.97,1650.09,1657.6100000000004,1651.97,Long
1666147200,1666190700.0,1651.89,1648.87,1648.87,1639.8099999999993,Short
1666191900,1666193100.0,1634.3,1633.11,1637.8700000000001,1634.3,Long
1666194900,1666211700.0,1632.82,1630.31,1630.31,1622.78,Short
1666212900,1666217100.0,1629.01,1627.6,1627.6,1623.3699999999997,Short
1666218300,1666218900.0,1630.02,1629.11,1629.11,1626.3799999999997,Short
1666220400,1666224600.0,1629.4,1627.1,1627.1,1620.1999999999994,Short
1666225500,1666239000.0,1629.17,1626.91,1626.91,1620.13,Short
1666239900,1666239930.0,1630.52,1627.37,1639.9700000000003,1630.52,Long
1666241400,1666254000.0,1630.87,1628.0,1639.4799999999996,1630.87,Long
1666255200,1666255800.0,1630.36,1628.3,1636.5399999999997,1630.36,Long
1666256400,1666256700.0,1629.82,1628.51,1628.51,1624.5800000000002,Short
1666258500,1666258530.0,1633.07,1631.73,1631.73,1627.7100000000003,Short
1666260300,1666272000.0,1635.86,1632.81,1645.0099999999998,1635.86,Long
1666278000,1666281600.0,1644.98,1639.61,1661.0900000000004,1644.98,Long
1666282500,1666282800.0,1639.18,1637.61,1637.61,1632.8999999999994,Short
1666284900,1666311300.0,1637.19,1634.51,1634.51,1626.4699999999998,Short
1666311900,1666312200.0,1626.59,1626.16,1626.16,1624.8700000000006,Short
1666312800,1666312830.0,1626.76,1624.8,1624.8,1618.9199999999998,Short
1666313700,1666314900.0,1627.6,1625.7,1625.7,1620.0000000000005,Short
1666315500,1666321500.0,1628.09,1626.8,1626.8,1622.93,Short
1666322700,1666322730.0,1626.07,1624.89,1629.6099999999994,1626.07,Long
1666326000,1666337700.0,1622.36,1619.5,1619.5,1610.9200000000003,Short
1666338300,1666340700.0,1625.93,1623.66,1632.74,1625.93,Long
1666343700,1666351800.0,1622.65,1618.8,1634.2000000000005,1622.65,Long
1666352100,1666355700.0,1626.72,1625.2,1625.2,1620.64,Short
1666356000,1666573800.0,1620.4,1618.25,1626.8500000000004,1620.4,Long
1666575900,1666587000.0,1656.82,1653.65,1653.65,1644.1400000000006,Short
1666590000,1666590600.0,1655.55,1653.9,1653.9,1648.9500000000005,Short
1666593300,1666593600.0,1656.78,1653.21,1667.4899999999998,1656.78,Long
1666594200,1666594230.0,1655.22,1653.21,1653.21,1647.18,Short
1666595700,1666612200.0,1658.09,1651.23,1651.23,1630.6500000000003,Short
1666612800,1666613100.0,1650.19,1648.16,1648.16,1642.0700000000002,Short
1666613700,1666613730.0,1650.98,1647.81,1660.4900000000002,1650.98,Long
1666614300,1666616700.0,1649.02,1647.3,1654.18,1649.02,Long
1666617300,1666617330.0,1648.9,1647.2,1654.0000000000002,1648.9,Long
1666618800,1666618830.0,1648.35,1646.1,1646.1,1639.35,Short
1666619700,1666619730.0,1652.88,1645.35,1675.4700000000007,1652.88,Long
1666620600,1666621800.0,1649.38,1647.31,1647.31,1641.0999999999995,Short
1666622700,1666623000.0,1649.72,1646.84,1646.84,1638.1999999999996,Short
1666623600,1666624500.0,1648.22,1645.9,1645.9,1638.9400000000003,Short
1666625100,1666625400.0,1648.94,1646.81,1646.81,1640.4199999999996,Short
1666627800,1666629900.0,1652.41,1647.33,1667.6500000000005,1652.41,Long
1666630500,1666630530.0,1651.43,1649.7,1656.6200000000001,1651.43,Long
1666632900,1666634400.0,1650.33,1647.76,1658.0399999999997,1650.33,Long
1666635600,1666635630.0,1648.95,1647.55,1647.55,1643.3499999999997,Short
1666636500,1666641600.0,1648.61,1647.1,1653.1399999999999,1648.61,Long
1666645200,1666648500.0,1649.7,1648.4,1648.4,1644.5000000000002,Short
1666648800,1666660800.0,1648.8,1648.8,1648.8,1648.8,Long
1666662300,1666663500.0,1650.22,1647.1,1659.5800000000004,1650.22,Long
1666664100,1666668600.0,1650.26,1647.1,1647.1,1637.6199999999997,Short
1666670100,1666671000.0,1652.14,1650.21,1657.9300000000003,1652.14,Long
1666671600,1666678200.0,1651.99,1650.28,1650.28,1645.1499999999999,Short
1666679700,1666681200.0,1651.63,1647.9,1662.8200000000002,1651.63,Long
1666682700,1666702800.0,1650.11,1647.18,1647.18,1638.3900000000006,Short
1666703100,1666719300.0,1643.8,1640.71,1653.0699999999997,1643.8,Long
1666722900,1666746600.0,1656.9,1656.29,1656.29,1654.4599999999996,Short
1666749300,1666749600.0,1654.07,1651.61,1661.45,1654.07,Long
1666749900,1666749930.0,1653.2,1651.39,1651.39,1645.9600000000003,Short
1666751700,1666784700.0,1654.87,1652.12,1663.12,1654.87,Long
1666785000,1666785300.0,1669.98,1667.7,1667.7,1660.8600000000001,Short
1666785600,1666785630.0,1668.88,1667.21,1673.8900000000003,1668.88,Long
1666787700,1666795200.0,1669.56,1664.5,1664.5,1649.3200000000002,Short
1666796700,1666798200.0,1668.56,1665.81,1676.81,1668.56,Long
1666798800,1666802100.0,1671.41,1669.96,1669.96,1665.61,Short
1666802700,1666808700.0,1668.1,1665.33,1676.4099999999999,1668.1,Long
1666810800,1666823100.0,1666.54,1664.7,1664.7,1659.1800000000003,Short
1666824000,1666827600.0,1666.03,1664.81,1664.81,1661.1499999999999,Short
1666828800,1666836900.0,1667.22,1664.2,1676.28,1667.22,Long
1666837200,1666839600.0,1665.2,1663.66,1663.66,1659.0400000000002,Short
1666839900,1666840800.0,1665.12,1663.4,1670.2799999999993,1665.12,Long
1666843200,1666848900.0,1665.61,1662.91,1662.91,1654.8100000000006,Short
1666849500,1666850100.0,1668.85,1667.4,1673.1999999999994,1668.85,Long
1666850400,1666851900.0,1669.31,1668.01,1668.01,1664.1100000000001,Short
1666852500,1666857900.0,1665.13,1663.04,1663.04,1656.7699999999995,Short
1666858200,1666860000.0,1664.03,1662.8,1667.72,1664.03,Long
1666860600,1666860630.0,1663.79,1662.6,1667.3600000000001,1663.79,Long
1666862100,1666868400.0,1664.04,1661.41,1661.41,1653.5200000000004,Short
1666869300,1666871100.0,1662.12,1659.91,1668.7499999999993,1662.12,Long
1666872300,1666877400.0,1662.28,1660.51,1660.51,1655.2,Short
1666878300,1666879500.0,1662.43,1659.84,1659.84,1652.0699999999995,Short
1666881000,1666881300.0,1665.03,1660.69,1678.0499999999997,1665.03,Long
1666882200,1666884600.0,1661.65,1659.6,1667.8000000000006,1661.65,Long
1666884900,1666888200.0,1665.26,1663.04,1663.04,1656.3799999999999,Short
1666890300,1666890330.0,1658.21,1656.0,1656.0,1649.37,Short
1666893000,1666893030.0,1661.53,1659.95,1659.95,1655.2100000000003,Short
1666894200,1666899600.0,1660.4,1659.1,1659.1,1655.1999999999994,Short
1666902600,1666914900.0,1662.55,1660.08,1669.96,1662.55,Long
1666915200,1666917900.0,1662.16,1660.7,1660.7,1656.32,Short
1666918500,1666918800.0,1662.55,1660.99,1660.99,1656.3100000000002,Short
1666919400,1666919430.0,1663.54,1661.71,1669.0299999999997,1663.54,Long
1666920600,1666920630.0,1663.17,1662.58,1662.58,1660.8099999999995,Short
1666921200,1666935000.0,1663.23,1661.72,1667.76,1663.23,Long
1666935300,1666975800.0,1663.67,1662.1,1662.1,1657.3899999999994,Short
1666977300,1666982700.0,1644.19,1640.81,1640.81,1630.6699999999996,Short
1666983300,1666983330.0,1643.11,1641.4,1641.4,1636.2700000000007,Short
1666985100,1667152800.0,1643.89,1641.9,1649.8600000000001,1643.89,Long
1667163600,1667163630.0,1643.21,1643.21,1643.21,1643.21,Long
1667167800,1667175300.0,1644.09,1641.92,1650.5999999999995,1644.09,Long
1667175600,1667181300.0,1643.8,1642.9,1642.9,1640.2000000000005,Short
1667181900,1667188200.0,1642.01,1640.7,1640.7,1636.7700000000002,Short
1667190600,1667194200.0,1645.38,1642.38,1654.38,1645.38,Long
1667194500,1667194530.0,1643.8,1643.08,1643.08,1640.9199999999998,Short
1667196900,1667196930.0,1642.49,1640.01,1640.01,1632.57,Short
1667199600,1667200200.0,1643.62,1641.4,1650.2799999999993,1643.62,Long
1667202300,1667215500.0,1643.11,1639.6,1639.6,1629.07,Short
1667217000,1667217900.0,1641.72,1639.5,1639.5,1632.84,Short
1667218500,1667218530.0,1640.68,1638.51,1647.1900000000003,1640.68,Long
1667219100,1667219400.0,1640.55,1638.02,1648.1399999999999,1640.55,Long
1667219700,1667219730.0,1638.9,1637.51,1637.51,1633.3399999999997,Short
1667221800,1667225100.0,1637.56,1635.8,1635.8,1630.52,Short
1667225400,1667228400.0,1638.45,1636.8,1643.4000000000003,1638.45,Long
1667230200,1667232300.0,1638.76,1636.8,1636.8,1630.9199999999998,Short
1667232900,1667234400.0,1640.05,1638.67,1638.67,1634.5300000000004,Short
1667236200,1667236500.0,1637.72,1635.74,1635.74,1629.8,Short
1667237100,1667238000.0,1637.72,1635.91,1643.1499999999999,1637.72,Long
1667238300,1667262000.0,1636.13,1634.71,1634.71,1630.4499999999998,Short
1667262600,1667262900.0,1632.76,1630.47,1639.6299999999999,1632.76,Long
1667265600,1667310900.0,1635.27,1632.31,1644.15,1635.27,Long
1667311500,1667325300.0,1651.39,1645.04,1645.04,1625.9899999999996,Short
1667326800,1667339400.0,1651.08,1647.11,1662.99,1651.08,Long
1667339700,1667344500.0,1646.5,1646.5,1646.5,1646.5,Long
1667344800,1667344830.0,1647.64,1646.2,1651.9600000000003,1647.64,Long
1667351700,1667364000.0,1650.33,1645.55,1664.6699999999998,1650.33,Long
1667364300,1667364330.0,1651.46,1649.61,1649.61,1644.0599999999995,Short
1667365200,1667372700.0,1650.33,1648.48,1655.8799999999997,1650.33,Long
1667373300,1667374200.0,1652.46,1651.0,1651.0,1646.62,Short
1667376900,1667395500.0,1653.51,1649.87,1664.4300000000003,1653.51,Long
1667396700,1667411700.0,1655.16,1653.71,1653.71,1649.36,Short
1667412000,1667414700.0,1649.8,1647.91,1655.4699999999996,1649.8,Long
1667415600,1667415630.0,1650.32,1646.64,1646.64,1635.6000000000006,Short
1667416500,1667436300.0,1651.74,1648.47,1648.47,1638.66,Short
1667438700,1667451600.0,1640.54,1634.2,1659.5599999999997,1640.54,Long
1667454300,1667482800.0,1638.3,1636.15,1636.15,1629.7000000000005,Short
1667483100,1667483400.0,1623.0,1619.29,1634.13,1623.0,Long
1667483700,1667483730.0,1621.14,1619.7,1619.7,1615.3799999999999,Short
1667485500,1667513700.0,1624.39,1622.2,1630.9600000000003,1624.39,Long
1667517600,1667520000.0,1630.22,1628.9,1628.9,1624.9400000000003,Short
1667523000,1667523900.0,1631.98,1630.3,1630.3,1625.2599999999998,Short
1667524500,1667524530.0,1631.03,1629.61,1629.61,1625.3499999999997,Short
1667525700,1667554800.0,1630.53,1628.6,1636.3200000000002,1630.53,Long
1667556300,1667557200.0,1646.6,1644.2,1644.2,1637.0000000000005,Short
1667557800,1667564700.0,1648.81,1645.81,1657.81,1648.81,Long
1667565600,1667757600.0,1656.02,1644.1,1691.7800000000002,1656.02,Long
1667772000,1667772030.0,1671.91,1671.91,1671.91,1671.91,Long
1667776500,1667777700.0,1679.62,1673.35,1698.4299999999998,1679.62,Long
1667778000,1667778030.0,1675.9,1674.63,1674.63,1670.8200000000002,Short
1667778600,1667779200.0,1674.92,1673.4,1673.4,1668.8400000000001,Short
1667780700,1667789700.0,1672.94,1671.45,1671.45,1666.98,Short
1667790900,1667792100.0,1672.57,1670.61,1670.61,1664.7299999999998,Short
1667792700,1667793600.0,1674.58,1673.2,1673.2,1669.0600000000004,Short
1667794200,1667795100.0,1673.42,1672.1,1672.1,1668.1399999999994,Short
1667797200,1667797800.0,1673.21,1671.6,1671.6,1666.7699999999995,Short
1667799300,1667799600.0,1674.56,1671.01,1685.2099999999998,1674.56,Long
1667800200,1667808900.0,1674.19,1671.75,1671.75,1664.4299999999998,Short
1667809200,1667809230.0,1673.52,1670.01,1684.05,1673.52,Long
1667811000,1667826000.0,1675.04,1671.11,1686.8300000000002,1675.04,Long
1667827500,1667829600.0,1676.87,1673.36,1673.36,1662.83,Short
1667829900,1667830500.0,1678.8,1676.74,1684.9799999999998,1678.8,Long
1667830800,1667831100.0,1680.27,1679.11,1679.11,1675.6299999999997,Short
1667833200,1667834100.0,1681.64,1678.1,1692.2600000000007,1681.64,Long
1667835600,1667835630.0,1677.85,1676.01,1676.01,1670.4900000000002,Short
1667836200,1667840700.0,1677.72,1676.4,1681.6799999999998,1677.72,Long
1667842200,1667842800.0,1677.39,1675.5,1683.0600000000004,1677.39,Long
1667843700,1667844000.0,1676.19,1674.39,1681.59,1676.19,Long
1667845500,1667849100.0,1677.21,1675.8,1675.8,1671.5699999999997,Short
1667849400,1667849700.0,1675.96,1674.6,1680.0400000000004,1675.96,Long
1667858400,1667868900.0,1676.78,1673.32,1673.32,1662.9399999999998,Short
1667869500,1667880300.0,1676.52,1674.71,1674.71,1669.2800000000002,Short
1667883900,1667899500.0,1672.69,1668.7,1668.7,1656.73,Short
1667900100,1667902200.0,1669.6,1667.7,1675.2999999999995,1669.6,Long
1667902500,1667905200.0,1671.83,1670.2,1670.2,1665.3100000000004,Short
1667906400,1667909400.0,1671.93,1669.61,1678.8900000000006,1671.93,Long
1667910000,1667937000.0,1670.71,1669.3,1674.9400000000003,1670.71,Long
1667937300,1667942100.0,1712.61,1710.61,1710.61,1704.61,Short
1667944800,1667950200.0,1712.62,1711.1,1711.1,1706.54,Short
1667952300,1667952330.0,1712.08,1710.3,1710.3,1704.96,Short
1667955300,1667972400.0,1711.21,1708.93,1708.93,1702.0900000000001,Short
1667973900,1667978100.0,1709.74,1707.86,1715.3800000000003,1709.74,Long
1667978400,1667978430.0,1712.28,1710.51,1710.51,1705.2,Short
1667979300,1667987400.0,1712.17,1709.4,1720.48,1712.17,Long
1667987700,1668001800.0,1710.02,1708.6,1708.6,1704.3399999999997,Short
1668003000,1668017100.0,1711.45,1709.95,1715.95,1711.45,Long
1668018600,1668036000.0,1711.15,1708.89,1708.89,1702.1100000000001,Short
1668037500,1668038100.0,1705.54,1704.3,1709.26,1705.54,Long
1668041400,1668041700.0,1706.92,1705.2,1705.2,1700.04,Short
1668053700,1668064800.0,1709.64,1704.91,1723.8300000000002,1709.64,Long
1668066900,1668067200.0,1706.82,1704.61,1704.61,1697.9799999999998,Short
1668069300,1668069330.0,1709.64,1707.22,1707.22,1699.9599999999998,Short
1668070200,1668079800.0,1709.68,1707.76,1707.76,1701.9999999999998,Short
1668081000,1668081900.0,1709.16,1706.3,1717.7400000000005,1709.16,Long
1668087300,1668108300.0,1732.81,1707.41,1809.0099999999995,1732.81,Long
1668108900,1668125100.0,1751.53,1749.8,1756.72,1751.53,Long
1668125400,1668141600.0,1753.21,1751.8,1751.8,1747.5699999999997,Short
1668142500,1668159300.0,1752.28,1749.87,1759.5100000000002,1752.28,Long
1668159900,1668164100.0,1762.04,1760.28,1767.32,1762.04,Long
1668165000,1668165030.0,1756.55,1754.81,1754.81,1749.59,Short
1668166200,1668168600.0,1758.23,1754.1,1754.1,1741.7099999999996,Short
1668170100,1668172500.0,1760.13,1757.67,1757.67,1750.29,Short
1668173100,1668173400.0,1762.67,1759.11,1759.11,1748.4299999999994,Short
1668175800,1668175830.0,1765.48,1764.37,1764.37,1761.0399999999995,Short
1668176400,1668178800.0,1763.7,1762.01,1762.01,1756.9399999999998,Short
1668179400,1668189000.0,1761.87,1758.43,1772.1899999999994,1761.87,Long
1668189300,1668189900.0,1765.15,1763.81,1763.81,1759.7899999999995,Short
1668190800,1668376800.0,1766.89,1764.1,1775.2600000000007,1766.89,Long
1668381300,1668381600.0,1763.89,1761.32,1761.32,1753.6099999999994,Short
1668382800,1668382830.0,1764.63,1763.0,1769.5200000000004,1764.63,Long
1668383700,1668395100.0,1764.24,1763.1,1763.1,1759.6799999999996,Short
1668395400,1668397200.0,1763.72,1763.24,1765.16,1763.72,Long
1668398400,1668406200.0,1763.58,1763.11,1763.11,1761.6999999999998,Short
1668406500,1668406530.0,1762.57,1761.2,1766.6799999999996,1762.57,Long
1668409500,1668412500.0,1762.64,1761.1,1761.1,1756.4799999999993,Short
1668412800,1668416100.0,1762.25,1759.91,1769.2699999999998,1762.25,Long
1668417600,1668418200.0,1761.43,1757.08,1757.08,1744.0299999999995,Short
1668419700,1668431400.0,1760.58,1757.85,1757.85,1749.6599999999999,Short
1668433500,1668453600.0,1763.38,1757.86,1779.9400000000007,1763.38,Long
1668453900,1668453930.0,1773.05,1771.56,1771.56,1767.09,Short
1668456900,1668460800.0,1774.41,1769.96,1787.7600000000002,1774.41,Long
1668463200,1668478800.0,1771.66,1770.46,1770.46,1766.86,Short
1668481200,1668492900.0,1771.37,1769.4,1777.2799999999993,1771.37,Long
1668494100,1668495300.0,1771.22,1769.44,1769.44,1764.1000000000001,Short
1668496800,1668511800.0,1772.5,1768.9,1783.2999999999997,1772.5,Long
1668513600,1668516000.0,1777.18,1773.9,1773.9,1764.0600000000002,Short
1668516900,1668518700.0,1776.22,1774.11,1774.11,1767.7799999999995,Short
1668519000,1668522300.0,1776.11,1774.5,1780.9399999999996,1776.11,Long
1668525000,1668536700.0,1773.29,1768.36,1768.36,1753.5699999999997,Short
1668538800,1668553800.0,1778.11,1775.76,1785.1599999999996,1778.11,Long
1668556800,1668558900.0,1781.05,1777.9,1790.4999999999995,1781.05,Long
1668559800,1668577800.0,1780.11,1777.31,1777.31,1768.91,Short
1668578700,1668583800.0,1774.74,1772.94,1772.94,1767.5400000000002,Short
1668585000,1668603600.0,1776.05,1772.5,1786.6999999999998,1776.05,Long
1668606000,1668631200.0,1781.21,1775.4,1775.4,1757.9700000000003,Short
1668635700,1668640200.0,1774.58,1772.48,1772.48,1766.1800000000003,Short
1668641100,1668642000.0,1774.45,1773.4,1777.6,1774.45,Long
1668642600,1668644400.0,1773.54,1772.5,1776.6599999999999,1773.54,Long
1668647700,1668647730.0,1774.27,1772.0,1781.08,1774.27,Long
1668649500,1668667800.0,1773.89,1771.57,1771.57,1764.6099999999994,Short
1668668100,1668668400.0,1767.56,1766.0,1772.2399999999998,1767.56,Long
1668668700,1668669000.0,1767.91,1766.71,1766.71,1763.11,Short
1668669900,1668680700.0,1766.68,1765.11,1771.3900000000006,1766.68,Long
1668681900,1668706800.0,1765.47,1762.16,1762.16,1752.2300000000002,Short
1668708000,1668713400.0,1760.66,1759.16,1765.16,1760.66,Long
1668714300,1668722100.0,1761.61,1759.6,1767.6399999999999,1761.61,Long
1668724500,1668730200.0,1759.5,1759.2,1759.2,1758.3000000000002,Short
1668732300,1668746400.0,1763.33,1759.71,1774.1899999999996,1763.33,Long
1668747900,1668750000.0,1762.83,1761.3,1761.3,1756.71,Short
1668752700,1668752730.0,1764.3,1762.39,1770.0299999999995,1764.3,Long
1668756000,1668758100.0,1766.08,1761.81,1778.8899999999999,1766.08,Long
1668758400,1668758430.0,1766.34,1764.9,1764.9,1760.5800000000006,Short
1668759300,1668762600.0,1765.43,1760.97,1760.97,1747.59,Short
1668764100,1668765600.0,1766.37,1760.8,1783.0799999999997,1766.37,Long
1668765900,1668767400.0,1764.38,1763.19,1763.19,1759.62,Short
1668771300,1668774000.0,1765.08,1760.8,1760.8,1747.96,Short
1668774600,1668776700.0,1762.33,1760.91,1760.91,1756.6500000000005,Short
1668777300,1668777900.0,1761.42,1759.42,1767.42,1761.42,Long
1668778200,1668985200.0,1764.07,1762.44,1762.44,1757.5500000000004,Short
1668986700,1668986730.0,1751.77,1750.4,1750.4,1746.2900000000004,Short
1668987600,1668992400.0,1751.32,1750.4,1754.0799999999995,1751.32,Long
1668992700,1669008000.0,1750.27,1748.5,1748.5,1743.19,Short
1669009200,1669009800.0,1746.27,1744.61,1744.61,1739.6299999999997,Short
1669013100,1669015200.0,1745.96,1744.35,1750.7900000000004,1745.96,Long
1669015800,1669035900.0,1745.6,1743.9,1743.9,1738.8000000000006,Short
1669036500,1669042200.0,1742.55,1739.9,1750.4999999999995,1742.55,Long
1669042500,1669057800.0,1742.66,1741.2,1741.2,1736.82,Short
1669059600,1669060200.0,1739.19,1737.27,1744.9500000000003,1739.19,Long
1669066800,1669068300.0,1739.32,1735.8,1749.8799999999999,1739.32,Long
1669071600,1669071900.0,1736.6,1736.6,1736.6,1736.6,Long
1669072200,1669072500.0,1738.69,1737.51,1737.51,1733.9699999999998,Short
1669075800,1669094100.0,1739.17,1737.4,1744.48,1739.17,Long
1669095300,1669096500.0,1743.92,1741.98,1741.98,1736.1599999999999,Short
1669098000,1669103100.0,1742.7,1740.9,1740.9,1735.5000000000002,Short
1669103700,1669104600.0,1744.37,1742.11,1742.11,1735.33,Short
1669104900,1669105500.0,1743.71,1742.34,1747.8200000000004,1743.71,Long
1669105800,1669107600.0,1745.87,1743.61,1743.61,1736.83,Short
1669108200,1669108500.0,1745.56,1744.25,1744.25,1740.3200000000002,Short
1669110000,1669124100.0,1747.79,1743.18,1761.6199999999997,1747.79,Long
1669124700,1669152600.0,1744.99,1741.73,1741.73,1731.95,Short
1669153800,1669154100.0,1740.25,1739.2,1743.3999999999999,1740.25,Long
1669157100,1669157700.0,1739.22,1738.8,1738.8,1737.5399999999997,Short
1669159200,1669166100.0,1740.33,1738.59,1745.55,1740.33,Long
1669167600,1669169400.0,1740.12,1738.71,1738.71,1734.4800000000005,Short
1669170600,1669172700.0,1740.16,1739.01,1743.6100000000004,1740.16,Long
1669173900,1669185900.0,1740.31,1738.61,1738.61,1733.5099999999998,Short
1669186500,1669187400.0,1740.05,1737.61,1737.61,1730.2899999999997,Short
1669188300,1669197900.0,1741.88,1737.91,1753.7900000000002,1741.88,Long
1669198200,1669212600.0,1738.48,1737.14,1737.14,1733.1200000000003,Short
1669214100,1669214130.0,1738.27,1735.21,1747.4499999999998,1738.27,Long
1669215300,1669245900.0,1746.68,1742.56,1759.0400000000004,1746.68,Long
1669246500,1669266600.0,1751.09,1750.66,1752.3799999999994,1751.09,Long
1669268400,1669268700.0,1755.05,1753.1,1760.9,1755.05,Long
1669272000,1669272030.0,1754.07,1751.8,1751.8,1744.99,Short
1669273500,1669273800.0,1756.63,1754.94,1761.7000000000003,1756.63,Long
1669274100,1669274130.0,1757.12,1756.22,1756.22,1753.5200000000004,Short
1669275000,1669275300.0,1756.88,1755.2,1755.2,1750.1599999999999,Short
1669275600,1669275900.0,1756.26,1754.5,1761.54,1756.26,Long
1669277400,1669278300.0,1755.38,1752.48,1752.48,1743.7799999999997,Short
1669281000,1669295100.0,1757.5,1755.81,1762.5700000000002,1757.5,Long
1669295700,1669297800.0,1757.16,1755.9,1755.9,1752.1200000000001,Short
1669298700,1669300500.0,1757.31,1755.6,1755.6,1750.4699999999998,Short
1669301100,1669303800.0,1756.38,1754.9,1754.9,1750.46,Short
1669304100,1669304400.0,1757.49,1755.5,1763.46,1757.49,Long
1669305900,1669310400.0,1756.99,1755.8,1755.8,1752.2299999999998,Short
1669313400,1669316700.0,1756.0,1753.81,1753.81,1747.2399999999998,Short
1669318200,1669331400.0,1755.16,1754.1,1754.1,1750.9199999999994,Short
1669334100,1669338600.0,1755.91,1754.5,1754.5,1750.2699999999998,Short
1669338900,1669355100.0,1754.45,1752.7,1759.7,1754.45,Long
1669355400,1669355430.0,1757.81,1756.5,1756.5,1752.5700000000002,Short
1669356000,1669377900.0,1756.88,1755.35,1755.35,1750.7599999999993,Short
1669381200,1669394700.0,1751.94,1749.31,1749.31,1741.4199999999996,Short
1669395900,1669573200.0,1751.66,1749.61,1757.8100000000006,1751.66,Long
1669586400,1669590000.0,1757.39,1757.39,1757.39,1757.39,Long
1669590900,1669596900.0,1752.12,1751.72,1753.3199999999995,1752.12,Long
1669599000,1669613100.0,1752.1,1748.11,1748.11,1736.1399999999999,Short
1669614300,1669614900.0,1750.48,1748.7,1748.7,1743.3600000000001,Short
1669615800,1669638900.0,1750.43,1747.91,1757.99,1750.43,Long
1669639500,1669677600.0,1758.04,1756.0,1756.0,1749.88,Short
1669678200,1669678230.0,1741.92,1740.7,1740.7,1737.04,Short
1669680600,1669683300.0,1741.78,1739.31,1749.19,1741.78,Long
1669684800,1669684830.0,1741.83,1739.5,1739.5,1732.5100000000002,Short
1669685700,1669714500.0,1744.08,1740.8,1753.9199999999998,1744.08,Long
1669714800,1669716300.0,1755.57,1753.9,1753.9,1748.8900000000006,Short
1669718400,1669724400.0,1755.7,1753.29,1762.9300000000003,1755.7,Long
1669725000,1669730100.0,1754.97,1753.6,1753.6,1749.4899999999996,Short
1669731000,1669734900.0,1753.21,1750.8,1750.8,1743.5699999999997,Short
1669737000,1669737030.0,1757.73,1752.99,1771.95,1757.73,Long
1669737900,1669746300.0,1755.56,1753.71,1753.71,1748.1600000000003,Short
1669748100,1669748400.0,1750.24,1748.4,1748.4,1742.8800000000003,Short
1669752000,1669767900.0,1752.33,1748.7,1748.7,1737.8100000000004,Short
1669768200,1669787400.0,1749.8,1748.2,1754.5999999999997,1749.8,Long
1669788000,1669788030.0,1754.92,1753.7,1753.7,1750.04,Short
1669790700,1669814700.0,1754.7,1752.61,1760.9700000000005,1754.7,Long
1669815600,1669818900.0,1759.07,1755.51,1755.51,1744.8300000000002,Short
1669821600,1669834200.0,1753.47,1750.96,1750.96,1743.43,Short
1669834500,1669871400.0,1757.98,1755.9,1764.2199999999998,1757.98,Long
1669873200,1669920900.0,1780.04,1778.25,1785.4099999999999,1780.04,Long
1669921200,1669921800.0,1801.44,1799.5,1799.5,1793.6799999999998,Short
1669932000,1669938600.0,1803.47,1800.27,1813.0700000000002,1803.47,Long
1669939200,1669958100.0,1802.5,1801.11,1801.11,1796.9399999999996,Short
1669958400,1669958430.0,1798.37,1796.9,1802.7799999999993,1798.37,Long
1669962000,1669979400.0,1799.97,1796.0,1811.88,1799.97,Long
1669980000,1669983600.0,1800.22,1798.7,1798.7,1794.14,Short
1669984800,1670002500.0,1798.84,1797.0,1797.0,1791.4800000000002,Short
1670003100,1670015700.0,1796.56,1794.7,1802.1399999999996,1796.56,Long
1670016900,1670191200.0,1797.95,1796.81,1801.3700000000003,1797.95,Long
1670195400,1670219700.0,1795.07,1794.15,1797.8299999999995,1795.07,Long
1670220900,1670221200.0,1806.58,1805.11,1805.11,1800.6999999999998,Short
1670222400,1670244600.0,1806.87,1804.21,1804.21,1796.2300000000005,Short
1670245200,1670281800.0,1797.78,1795.6,1795.6,1789.0599999999997,Short
1670283600,1670304000.0,1770.2,1767.5,1778.3000000000002,1770.2,Long
1670304300,1670313300.0,1773.1,1771.7,1771.7,1767.5000000000005,Short
1670313600,1670314200.0,1772.69,1771.21,1777.13,1772.69,Long
1670314800,1670319000.0,1772.67,1770.46,1770.46,1763.83,Short
1670319600,1670338800.0,1773.31,1771.52,1778.6799999999998,1773.31,Long
1670340600,1670356800.0,1773.65,1770.4,1770.4,1760.65,Short
1670357400,1670360400.0,1772.4,1771.41,1771.41,1768.44,Short
1670362200,1670362230.0,1771.67,1771.21,1771.21,1769.83,Short
1670364000,1670367600.0,1771.24,1770.1,1770.1,1766.6799999999996,Short
1670373600,1670373630.0,1771.54,1768.36,1781.0800000000002,1771.54,Long
1670374800,1670376900.0,1770.18,1768.11,1768.11,1761.8999999999994,Short
1670377200,1670382600.0,1770.59,1769.06,1775.1799999999998,1770.59,Long
1670387700,1670387730.0,1773.22,1770.31,1781.9500000000003,1773.22,Long
1670388600,1670392500.0,1771.05,1769.31,1776.27,1771.05,Long
1670393100,1670393700.0,1773.32,1771.7,1771.7,1766.8400000000004,Short
1670394300,1670397300.0,1772.9,1770.5,1770.5,1763.2999999999997,Short
1670397900,1670399700.0,1772.7,1770.86,1778.2200000000005,1772.7,Long
1670402400,1670404500.0,1773.03,1770.31,1781.19,1773.03,Long
1670405700,1670407500.0,1773.78,1771.7,1771.7,1765.4600000000003,Short
1670408400,1670408700.0,1774.96,1771.3,1785.9400000000003,1774.96,Long
1670409600,1670409900.0,1772.61,1771.11,1777.11,1772.61,Long
1670410200,1670410230.0,1773.56,1772.01,1772.01,1767.3600000000001,Short
1670413500,1670415300.0,1774.47,1772.3,1772.3,1765.7899999999997,Short
1670415900,1670416800.0,1772.2,1770.2,1770.2,1764.2,Short
1670418300,1670418330.0,1775.42,1772.67,1772.67,1764.42,Short
1670419500,1670455500.0,1776.09,1773.8,1782.9599999999998,1776.09,Long
1670455800,1670457300.0,1787.33,1786.01,1786.01,1782.0500000000002,Short
1670458200,1670477100.0,1787.87,1786.18,1786.18,1781.1100000000006,Short
1670477400,1670488800.0,1782.28,1781.09,1785.8500000000001,1782.28,Long
1670489100,1670490000.0,1783.37,1781.8,1781.8,1777.0900000000001,Short
1670490300,1670492100.0,1783.3,1781.77,1787.8899999999999,1783.3,Long
1670493900,1670494200.0,1783.29,1782.11,1782.11,1778.5699999999997,Short
1670497500,1670501100.0,1784.43,1781.21,1781.21,1771.55,Short
1670503200,1670520300.0,1786.91,1783.31,1797.7100000000005,1786.91,Long
1670521200,1670521500.0,1789.4,1788.15,1788.15,1784.4,Short
1670522400,1670523600.0,1788.33,1786.39,1786.39,1780.5700000000006,Short
1670525100,1670525700.0,1791.44,1790.1,1795.4600000000005,1791.44,Long
1670530200,1670530230.0,1790.15,1786.07,1786.07,1773.8299999999995,Short
1670532300,1670533500.0,1788.24,1787.51,1787.51,1785.32,Short
1670534400,1670534430.0,1788.89,1787.5,1787.5,1783.3299999999997,Short
1670536800,1670540400.0,1789.54,1787.79,1794.79,1789.54,Long
1670540700,1670541900.0,1789.78,1788.41,1788.41,1784.3000000000004,Short
1670542500,1670544000.0,1789.77,1789.1,1791.7800000000002,1789.77,Long
1670544300,1670547000.0,1789.44,1788.54,1788.54,1785.8399999999997,Short
1670548500,1670570100.0,1793.85,1787.9,1811.6999999999994,1793.85,Long
1670570400,1670570430.0,1795.7,1794.71,1794.71,1791.74,Short
1670571300,1670583300.0,1794.69,1793.21,1793.21,1788.77,Short
1670584500,1670584800.0,1795.23,1792.7,1792.7,1785.1100000000001,Short
1670586300,1670598300.0,1799.67,1797.21,1807.0500000000002,1799.67,Long
1670600100,1670602500.0,1793.39,1789.5,1789.5,1777.8299999999997,Short
1670603100,1670606400.0,1802.35,1797.81,1815.9699999999998,1802.35,Long
1670607600,1670608200.0,1800.58,1799.2,1804.7199999999996,1800.58,Long
1670610600,1670610630.0,1798.78,1797.1,1803.8200000000002,1798.78,Long
1670612100,1670612130.0,1798.61,1797.31,1797.31,1793.41,Short
1670612700,1670613000.0,1798.64,1798.23,1798.23,1796.9999999999998,Short
1670613600,1670616900.0,1798.56,1796.01,1806.2099999999998,1798.56,Long
1670619000,1670781600.0,1798.57,1794.87,1794.87,1783.7699999999998,Short
1670796000,1670827200.0,1798.89,1798.89,1798.89,1798.89,Long
1670829600,1670849400.0,1789.47,1787.2,1796.28,1789.47,Long
1670852100,1670852130.0,1789.39,1787.59,1794.7900000000006,1789.39,Long
1670853000,1670881500.0,1789.85,1787.6,1787.6,1780.85,Short
1670882400,1670885700.0,1781.58,1779.9,1779.9,1774.8600000000006,Short
1670886600,1670904000.0,1781.23,1780.0,1784.92,1781.23,Long
1670905500,1670905530.0,1781.8,1780.2,1780.2,1775.4000000000003,Short
1670906100,1670906130.0,1782.24,1780.59,1787.1900000000003,1782.24,Long
1670911500,1670924100.0,1785.56,1780.7,1800.1399999999996,1785.56,Long
1670925300,1670927400.0,1784.75,1782.31,1782.31,1774.9899999999998,Short
1670928000,1670928600.0,1786.32,1784.91,1784.91,1780.6800000000005,Short
1670929200,1670929800.0,1787.28,1785.0,1794.12,1787.28,Long
1670933700,1670953500.0,1788.29,1786.32,1794.2,1788.29,Long
1670954400,1670954430.0,1808.92,1807.11,1814.3500000000006,1808.92,Long
1670955300,1670961600.0,1810.06,1808.1,1808.1,1802.2199999999998,Short
1670962500,1670964600.0,1810.43,1809.0,1809.0,1804.7099999999998,Short
1670964900,1670965500.0,1811.21,1809.3,1816.9400000000003,1811.21,Long
1670966700,1670971800.0,1810.2,1809.18,1813.26,1810.2,Long
1670979300,1670979900.0,1809.86,1808.29,1814.5699999999997,1809.86,Long
1670981400,1670981700.0,1811.3,1809.59,1816.43,1811.3,Long
1670982900,1670983500.0,1810.93,1808.47,1818.3100000000002,1810.93,Long
1670983800,1670984100.0,1811.26,1809.11,1809.11,1802.6599999999996,Short
1670986800,1670987400.0,1811.22,1809.01,1817.8500000000001,1811.22,Long
1670989800,1670990400.0,1812.0,1809.07,1820.7900000000002,1812.0,Long
1670994300,1670997600.0,1810.08,1807.35,1807.35,1799.1599999999999,Short
1671002700,1671005400.0,1812.2,1809.07,1809.07,1799.6799999999996,Short
1671006000,1671023700.0,1809.91,1808.11,1808.11,1802.7099999999994,Short
1671024300,1671024330.0,1809.39,1807.83,1807.83,1803.1499999999994,Short
1671025500,1671025530.0,1808.6,1807.0,1807.0,1802.2000000000003,Short
1671026400,1671040500.0,1809.33,1807.61,1814.49,1809.33,Long
1671041400,1671042600.0,1809.11,1807.3,1807.3,1801.8700000000001,Short
1671042900,1671042930.0,1807.84,1806.11,1813.03,1807.84,Long
1671044700,1671048300.0,1809.77,1801.0,1801.0,1774.69,Short
1671048600,1671048630.0,1808.48,1805.4,1817.7199999999998,1808.48,Long
1671049500,1671060600.0,1811.81,1808.6,1808.6,1798.9699999999998,Short
1671061200,1671064200.0,1808.48,1807.5,1811.42,1808.48,Long
1671066000,1671088200.0,1806.64,1804.91,1804.91,1799.72,Short
1671088800,1671107400.0,1793.68,1791.2,1791.2,1783.76,Short
1671108300,1671108600.0,1779.89,1777.1,1788.2600000000007,1779.89,Long
1671109200,1671109500.0,1778.26,1776.6,1776.6,1771.6199999999997,Short
1671111600,1671111630.0,1777.84,1775.5,1784.8599999999997,1777.84,Long
1671112800,1671112830.0,1776.67,1775.4,1775.4,1771.5900000000001,Short
1671114600,1671117300.0,1784.46,1780.4,1796.6399999999999,1784.46,Long
1671118800,1671118830.0,1777.87,1773.44,1773.44,1760.1500000000005,Short
1671119700,1671123300.0,1779.53,1776.89,1776.89,1768.9700000000005,Short
1671126600,1671126900.0,1779.04,1777.39,1777.39,1772.4400000000005,Short
1671127800,1671127830.0,1776.78,1775.31,1781.19,1776.78,Long
1671128700,1671132300.0,1779.1,1777.4,1777.4,1772.3000000000006,Short
1671133800,1671133830.0,1778.5,1776.84,1783.4800000000002,1778.5,Long
1671135000,1671135300.0,1778.85,1777.7,1777.7,1774.2500000000005,Short
1671141300,1671154500.0,1777.72,1775.39,1775.39,1768.4000000000003,Short
1671155100,1671175800.0,1777.54,1776.4,1780.9599999999996,1777.54,Long
1671176100,1671184200.0,1781.37,1780.11,1780.11,1776.33,Short
1671185700,1671185730.0,1779.69,1777.61,1785.9300000000005,1779.69,Long
1671186600,1671189000.0,1780.02,1778.5,1778.5,1773.94,Short
1671190200,1671217200.0,1784.61,1782.6,1790.6399999999999,1784.61,Long
1671217800,1671218100.0,1791.75,1790.51,1790.51,1786.79,Short
1671218400,1671407100.0,1791.26,1789.6,1796.2400000000002,1791.26,Long
1671407400,1671407700.0,1792.07,1791.38,1791.38,1789.3100000000006,Short
1671412200,1671412230.0,1794.0,1792.15,1799.5499999999997,1794.0,Long
1671414900,1671424200.0,1795.18,1791.41,1806.49,1795.18,Long
1671428700,1671436500.0,1793.5,1788.62,1788.62,1773.9799999999996,Short
1671438300,1671452400.0,1797.85,1793.6,1810.6,1797.85,Long
1671452700,1671480000.0,1795.5,1794.21,1794.21,1790.3400000000001,Short
1671487200,1671499500.0,1787.6,1786.0,1786.0,1781.2000000000003,Short
1671500100,1671504600.0,1787.6,1784.91,1784.91,1776.8400000000006,Short
1671504900,1671540300.0,1785.83,1784.56,1789.6399999999999,1785.83,Long
1671540900,1671542700.0,1803.8,1798.55,1798.55,1782.8,Short
1671543000,1671543900.0,1801.65,1798.3,1811.7000000000005,1801.65,Long
1671546000,1671546030.0,1806.28,1802.13,1802.13,1789.6800000000005,Short
1671547500,1671563400.0,1808.67,1803.91,1822.95,1808.67,Long
1671564900,1671565500.0,1816.83,1815.0,1815.0,1809.5100000000002,Short
1671565800,1671569400.0,1818.39,1815.8,1826.1600000000005,1818.39,Long
1671570000,1671570300.0,1818.52,1817.0,1823.08,1818.52,Long
1671570900,1671573000.0,1818.39,1817.03,1817.03,1812.9499999999996,Short
1671573600,1671574800.0,1817.91,1817.31,1817.31,1815.5099999999995,Short
1671575400,1671583200.0,1816.7,1816.7,1816.7,1816.7,Long
1671586800,1671590700.0,1818.78,1815.9,1815.9,1807.2600000000004,Short
1671596700,1671608400.0,1816.97,1813.1,1813.1,1801.4899999999996,Short
1671609900,1671609930.0,1816.49,1814.79,1814.79,1809.6899999999998,Short
1671612300,1671615300.0,1815.45,1813.41,1821.57,1815.45,Long
1671615600,1671617400.0,1814.96,1813.76,1813.76,1810.1599999999999,Short
1671618600,1671619200.0,1814.7,1813.01,1813.01,1807.9399999999998,Short
1671619500,1671619530.0,1813.44,1811.5,1819.2600000000002,1813.44,Long
1671620400,1671620430.0,1813.38,1812.12,1817.1600000000008,1813.38,Long
1671621000,1671621030.0,1813.95,1812.6,1818.0000000000005,1813.95,Long
1671624600,1671627900.0,1814.76,1811.21,1811.21,1800.5600000000002,Short
1671628500,1671644100.0,1817.11,1815.69,1821.3699999999994,1817.11,Long
1671646200,1671647400.0,1817.19,1815.71,1815.71,1811.27,Short
1671650100,1671669000.0,1818.25,1814.84,1814.84,1804.6099999999997,Short
1671672600,1671688800.0,1819.71,1815.11,1833.5100000000004,1819.71,Long
1671689700,1671706200.0,1819.5,1818.11,1818.11,1813.9399999999996,Short
1671709800,1671710400.0,1814.64,1812.76,1820.2800000000004,1814.64,Long
1671713700,1671714300.0,1816.8,1815.11,1821.8700000000001,1816.8,Long
1671714900,1671715500.0,1817.79,1816.5,1821.6599999999999,1817.79,Long
1671715800,1671747300.0,1819.17,1817.23,1817.23,1811.4099999999999,Short
1671749100,1671756900.0,1790.4,1790.4,1790.4,1790.4,Long
1671757200,1671758700.0,1791.91,1790.0,1790.0,1784.2699999999998,Short
1671759900,1671765300.0,1793.96,1792.41,1798.61,1793.96,Long
1671770400,1671775800.0,1794.63,1791.9,1802.8200000000002,1794.63,Long
1671778800,1671795300.0,1795.9,1793.5,1803.1000000000004,1795.9,Long
1671795600,1671795630.0,1797.53,1796.1,1796.1,1791.8099999999997,Short
1671798000,1671799200.0,1798.3,1796.3,1804.3,1798.3,Long
1671799500,1671799530.0,1797.0,1794.25,1794.25,1786.0,Short
1671800100,1671800400.0,1797.09,1794.15,1805.9099999999994,1797.09,Long
1671802200,1671802230.0,1799.5,1797.8,1797.8,1792.6999999999998,Short
1671803100,1671808800.0,1800.0,1797.03,1797.03,1788.12,Short
1671809700,1671817200.0,1799.86,1796.7,1809.3399999999995,1799.86,Long
1671819000,1671823200.0,1797.56,1795.71,1803.1099999999997,1797.56,Long
1671823500,1671832500.0,1796.8,1795.6,1795.6,1791.9999999999998,Short
1671991200,1672109100.0,1798.53,1797.99,1800.1499999999999,1798.53,Long
1672110900,1672122900.0,1806.0,1804.6,1810.2000000000003,1806.0,Long
1672123500,1672147200.0,1806.44,1804.41,1812.53,1806.44,Long
1672147500,1672151400.0,1809.07,1807.63,1807.63,1803.3100000000006,Short
1672152900,1672168200.0,1809.83,1805.3,1823.4199999999998,1809.83,Long
1672169700,1672190100.0,1814.63,1812.46,1812.46,1805.9499999999998,Short
1672191300,1672191600.0,1814.23,1811.9,1821.2199999999998,1814.23,Long
1672194900,1672195500.0,1813.59,1809.5,1809.5,1797.2300000000002,Short
1672195800,1672195830.0,1812.01,1810.01,1818.01,1812.01,Long
1672196400,1672201200.0,1811.21,1809.76,1809.76,1805.4099999999999,Short
1672204200,1672208100.0,1811.92,1810.6,1810.6,1806.6399999999994,Short
1672208400,1672209600.0,1810.81,1809.53,1814.6499999999999,1810.81,Long
1672210200,1672231800.0,1811.2,1809.7,1809.7,1805.2,Short
1672234200,1672240500.0,1807.3,1804.68,1815.1599999999996,1807.3,Long
1672240800,1672248000.0,1805.33,1803.4,1803.4,1797.6100000000006,Short
1672248900,1672249500.0,1805.71,1803.9,1803.9,1798.4700000000003,Short
1672250400,1672252200.0,1806.07,1803.98,1812.3399999999997,1806.07,Long
1672252500,1672254300.0,1807.87,1805.91,1805.91,1800.0300000000007,Short
1672254600,1672254900.0,1804.31,1802.21,1810.6099999999997,1804.31,Long
1672258200,1672263000.0,1805.79,1803.5,1812.6599999999999,1805.79,Long
1672263600,1672269000.0,1804.6,1803.69,1803.69,1800.9600000000005,Short
1672271400,1672295100.0,1805.23,1804.24,1808.2,1805.23,Long
1672296600,1672300800.0,1808.2,1806.4,1806.4,1801.0000000000002,Short
1672302600,1672308000.0,1810.14,1807.61,1817.7300000000007,1810.14,Long
1672308600,1672313400.0,1809.27,1807.9,1807.9,1803.7900000000004,Short
1672317000,1672320600.0,1807.55,1805.3,1805.3,1798.55,Short
1672321500,1672321800.0,1811.8,1809.88,1809.88,1804.1200000000006,Short
1672322100,1672339500.0,1811.86,1807.43,1825.1499999999994,1811.86,Long
1672339800,1672339830.0,1817.07,1814.95,1814.95,1808.5900000000004,Short
1672340700,1672347000.0,1817.69,1815.62,1823.9000000000005,1817.69,Long
1672349700,1672362000.0,1815.6,1813.4,1813.4,1806.8000000000006,Short
1672362900,1672385400.0,1816.87,1815.11,1822.1499999999999,1816.87,Long
1672386600,1672386900.0,1816.66,1814.95,1814.95,1809.82,Short
1672389600,1672391400.0,1816.98,1815.8,1820.5200000000002,1816.98,Long
1672392900,1672399800.0,1816.5,1814.4,1814.4,1808.1000000000004,Short
1672401000,1672412400.0,1820.14,1817.94,1826.7400000000002,1820.14,Long
1672413300,1672414200.0,1816.39,1813.9,1823.8600000000001,1816.39,Long
1672414500,1672415400.0,1818.26,1816.51,1816.51,1811.26,Short
1672416300,1672421100.0,1818.72,1816.91,1816.91,1811.4800000000002,Short
1672421400,1672422000.0,1819.97,1817.5,1827.38,1819.97,Long
1672422300,1672422900.0,1821.25,1819.09,1819.09,1812.6099999999997,Short
1672423500,1672423530.0,1825.69,1819.5,1844.2600000000002,1825.69,Long
1672425300,1672427100.0,1821.09,1818.7,1818.7,1811.5300000000004,Short
1672428300,1672733700.0,1820.31,1818.11,1826.91,1820.31,Long
1672734600,1672737600.0,1840.29,1838.3,1838.3,1832.33,Short
1672738200,1672738230.0,1841.21,1838.51,1849.3100000000002,1841.21,Long
1672739100,1672750500.0,1840.19,1837.2,1837.2,1828.23,Short
1672750800,1672752600.0,1834.52,1833.85,1836.5300000000002,1834.52,Long
1672753200,1672753230.0,1839.32,1835.76,1835.76,1825.0800000000002,Short
1672754100,1672754130.0,1840.76,1837.9,1849.3399999999997,1840.76,Long
1672756200,1672759200.0,1841.03,1835.81,1856.69,1841.03,Long
1672759500,1672760400.0,1837.82,1835.55,1835.55,1828.74,Short
1672760700,1672761600.0,1830.29,1827.91,1837.4299999999996,1830.29,Long
1672761900,1672764900.0,1833.78,1832.49,1832.49,1828.6200000000001,Short
1672766700,1672769100.0,1837.14,1834.25,1834.25,1825.5799999999997,Short
1672770300,1672770330.0,1838.18,1836.8,1842.3200000000004,1838.18,Long
1672772400,1672774200.0,1839.76,1837.52,1837.52,1830.8,Short
1672774500,1672783200.0,1837.03,1835.7,1841.0199999999998,1837.03,Long
1672787400,1672787430.0,1838.45,1837.2,1842.2,1838.45,Long
1672788300,1672790700.0,1838.63,1836.9,1836.9,1831.71,Short
1672791300,1672791600.0,1838.01,1836.21,1843.4099999999999,1838.01,Long
1672792500,1672833900.0,1838.03,1837.0,1841.12,1838.03,Long
1672834500,1672839000.0,1859.42,1858.41,1858.41,1855.38,Short
1672839300,1672839330.0,1861.79,1858.31,1872.23,1861.79,Long
1672840800,1672842600.0,1862.42,1859.1,1859.1,1849.1399999999994,Short
1672842900,1672842930.0,1857.84,1856.4,1862.1599999999994,1857.84,Long
1672844100,1672848300.0,1859.2,1855.7,1855.7,1845.2,Short
1672848900,1672849500.0,1859.62,1857.72,1857.72,1852.0200000000004,Short
1672849800,1672853400.0,1857.44,1855.7,1862.66,1857.44,Long
1672854300,1672859700.0,1855.28,1854.39,1854.39,1851.7200000000005,Short
1672860900,1672869000.0,1851.87,1850.36,1850.36,1845.83,Short
1672869300,1672884000.0,1854.48,1854.18,1855.3799999999999,1854.48,Long
1672885200,1672886100.0,1856.28,1854.3,1854.3,1848.36,Short
1672886400,1672888800.0,1854.9,1854.57,1855.8900000000006,1854.9,Long
1672889400,1672889430.0,1855.05,1854.47,1856.7899999999997,1855.05,Long
1672890300,1672920600.0,1855.94,1854.5,1854.5,1850.1799999999998,Short
1672921200,1672921230.0,1848.41,1846.13,1846.13,1839.2900000000002,Short
1672922700,1672922730.0,1846.99,1846.22,1846.22,1843.91,Short
1672924200,1672924230.0,1848.17,1844.7,1858.5800000000002,1848.17,Long
1672924800,1672942500.0,1845.65,1842.04,1842.04,1831.2099999999996,Short
1672943700,1672943730.0,1837.09,1834.6,1844.56,1837.09,Long
1672944600,1672953900.0,1837.0,1836.18,1839.4599999999998,1837.0,Long
1672954800,1672954830.0,1833.04,1832.84,1833.64,1833.04,Long
1672955400,1672960500.0,1833.23,1832.3,1832.3,1829.5099999999998,Short
1672961400,1672964700.0,1832.79,1832.54,1832.54,1831.79,Short
1672965300,1672965900.0,1833.22,1832.2,1836.28,1833.22,Long
1672968300,1672968330.0,1833.74,1833.02,1833.02,1830.86,Short
1672969200,1672985700.0,1834.11,1833.1,1837.1399999999999,1834.11,Long
1672987200,1672988700.0,1838.92,1838.37,1840.5700000000006,1838.92,Long
1672989900,1672992600.0,1838.46,1837.42,1837.42,1834.3000000000002,Short
1672992900,1672992930.0,1839.05,1838.57,1840.49,1839.05,Long
1672994400,1673004000.0,1838.13,1836.73,1836.73,1832.5299999999997,Short
1673005500,1673010300.0,1837.62,1836.55,1836.55,1833.3400000000001,Short
1673010600,1673010630.0,1836.1,1835.2,1838.7999999999995,1836.1,Long
1673012400,1673221200.0,1840.75,1835.16,1857.5199999999998,1840.75,Long
1673221800,1673222400.0,1868.98,1868.36,1870.8400000000004,1868.98,Long
1673222700,1673223000.0,1870.8,1869.4,1869.4,1865.2000000000005,Short
1673223600,1673223630.0,1869.32,1867.72,1874.1199999999997,1869.32,Long
1673224800,1673225700.0,1869.02,1868.47,1868.47,1866.8200000000002,Short
1673226900,1673246400.0,1870.34,1868.4,1876.1599999999994,1870.34,Long
1673247600,1673247630.0,1878.13,1877.58,1877.58,1875.9299999999994,Short
1673248500,1673249400.0,1879.55,1878.61,1882.3700000000001,1879.55,Long
1673250900,1673266800.0,1875.59,1873.78,1873.78,1868.3500000000001,Short
1673267400,1673267700.0,1874.94,1874.18,1877.22,1874.94,Long
1673268300,1673269500.0,1875.45,1874.63,1874.63,1872.1700000000003,Short
1673270400,1673283600.0,1875.77,1874.18,1880.5399999999997,1875.77,Long
1673284200,1673293500.0,1875.86,1872.54,1872.54,1862.5800000000002,Short
1673295600,1673299200.0,1871.28,1870.0,1870.0,1866.16,Short
1673300100,1673301600.0,1871.44,1870.2,1875.16,1871.44,Long
1673306100,1673313000.0,1871.0,1869.8,1869.8,1866.1999999999998,Short
1673313300,1673329500.0,1871.28,1870.4,1873.9199999999996,1871.28,Long
1673329800,1673333100.0,1875.02,1874.6,1874.6,1873.3399999999997,Short
1673333700,1673334900.0,1873.25,1872.42,1875.7399999999998,1873.25,Long
1673336400,1673337600.0,1872.43,1870.6,1870.6,1865.1099999999994,Short
1673340000,1673353200.0,1874.69,1873.76,1877.4800000000002,1874.69,Long
1673354100,1673359500.0,1873.58,1872.5,1872.5,1869.2600000000002,Short
1673361300,1673364900.0,1879.75,1874.66,1895.0199999999998,1879.75,Long
1673365200,1673365230.0,1877.19,1875.8,1875.8,1871.6299999999997,Short
1673366400,1673369700.0,1876.74,1875.72,1879.8,1876.74,Long
1673370300,1673371500.0,1872.5,1871.37,1875.8900000000003,1872.5,Long
1673371800,1673371830.0,1873.9,1873.41,1873.41,1871.94,Short
1673373300,1673373900.0,1875.68,1874.64,1878.8,1875.68,Long
1673374500,1673379900.0,1874.24,1873.47,1873.47,1871.16,Short
1673380800,1673381100.0,1876.86,1875.8,1880.0399999999997,1876.86,Long
1673381700,1673396100.0,1876.86,1876.28,1878.5999999999997,1876.86,Long
1673399100,1673399130.0,1878.36,1876.7,1883.3399999999995,1878.36,Long
1673400000,1673408100.0,1876.62,1875.5,1875.5,1872.1400000000003,Short
1673408400,1673409600.0,1876.84,1876.32,1878.3999999999999,1876.84,Long
1673410200,1673412600.0,1877.38,1876.84,1879.0000000000007,1877.38,Long
1673412900,1673413200.0,1877.59,1877.0,1877.0,1875.2300000000002,Short
1673414400,1673433300.0,1880.45,1879.77,1882.4900000000002,1880.45,Long
1673433900,1673436600.0,1883.87,1882.56,1887.7999999999997,1883.87,Long
1673437200,1673438700.0,1883.84,1883.29,1885.4899999999998,1883.84,Long
1673439000,1673462100.0,1882.69,1881.97,1881.97,1879.81,Short
1673462700,1673480100.0,1877.71,1876.83,1880.3500000000004,1877.71,Long
1673480700,1673482800.0,1877.55,1876.4,1876.4,1872.9500000000005,Short
1673483100,1673483700.0,1876.92,1876.01,1879.6500000000003,1876.92,Long
1673484900,1673505300.0,1877.74,1877.14,1879.5399999999997,1877.74,Long
1673506200,1673516100.0,1883.38,1882.78,1882.78,1880.9799999999996,Short
1673516400,1673516430.0,1884.63,1883.79,1887.1500000000005,1884.63,Long
1673517600,1673517630.0,1884.84,1884.5,1885.8599999999997,1884.84,Long
1673518200,1673519100.0,1883.96,1883.41,1883.41,1881.7600000000002,Short
1673519400,1673519430.0,1883.67,1882.57,1886.9700000000005,1883.67,Long
1673520900,1673534700.0,1884.24,1883.03,1887.8700000000001,1884.24,Long
1673535000,1673535900.0,1887.03,1884.6,1884.6,1877.3099999999997,Short
1673536500,1673546100.0,1888.85,1880.98,1912.4599999999996,1888.85,Long
1673547300,1673559300.0,1898.37,1897.2,1901.8799999999994,1898.37,Long
1673559600,1673559900.0,1897.29,1896.4,1896.4,1893.7300000000005,Short
1673560500,1673565900.0,1897.64,1897.0,1897.0,1895.0799999999997,Short
1673566500,1673567400.0,1896.81,1895.6,1900.44,1896.81,Long
1673568000,1673568300.0,1898.47,1897.5,1897.5,1894.59,Short
1673569200,1673570700.0,1898.61,1897.96,1900.5599999999995,1898.61,Long
1673572500,1673574900.0,1898.3,1896.88,1902.5599999999995,1898.3,Long
1673575500,1673576400.0,1899.21,1898.24,1898.24,1895.33,Short
1673578200,1673581500.0,1898.5,1897.3,1902.1000000000001,1898.5,Long
1673584500,1673595900.0,1898.25,1896.4,1896.4,1890.8500000000004,Short
1673596200,1673611800.0,1898.82,1896.75,1905.0299999999997,1898.82,Long
1673612400,1673619900.0,1901.37,1899.74,1899.74,1894.8500000000004,Short
1673620200,1673824800.0,1902.97,1901.15,1908.4299999999998,1902.97,Long
1673825100,1673880900.0,1920.22,1919.2,1919.2,1916.14,Short
1673881200,1673881500.0,1915.73,1915.32,1916.9600000000003,1915.73,Long
1673883000,1673887200.0,1916.45,1914.7,1914.7,1909.45,Short
1673887500,1673887530.0,1914.48,1913.3,1918.0200000000002,1914.48,Long
1673888700,1673889000.0,1914.46,1913.0,1913.0,1908.62,Short
1673889600,1673889630.0,1913.11,1912.89,1912.89,1912.2300000000007,Short
1673890200,1673890800.0,1913.28,1912.91,1914.3899999999996,1913.28,Long
1673891400,1673891430.0,1913.5,1912.3,1912.3,1908.6999999999998,Short
1673894100,1673895000.0,1914.14,1913.3,1916.6600000000005,1914.14,Long
1673895600,1673906400.0,1914.49,1914.37,1914.37,1914.0099999999995,Short
1673910000,1673913300.0,1915.5,1915.5,1915.5,1915.5,Long
1673921700,1673942400.0,1918.3,1917.92,1917.92,1916.7800000000004,Short
1673942700,1673943900.0,1910.59,1909.6,1913.56,1910.59,Long
1673944800,1673944830.0,1910.29,1909.03,1914.07,1910.29,Long
1673946300,1673956200.0,1910.13,1908.88,1908.88,1905.13,Short
1673957100,1673959200.0,1913.48,1910.81,1921.4900000000002,1913.48,Long
1673960100,1673961300.0,1908.82,1908.16,1908.16,1906.1800000000005,Short
1673964000,1673971200.0,1914.26,1910.47,1925.6299999999999,1914.26,Long
1673972100,1673972400.0,1911.1,1909.5,1909.5,1904.7000000000003,Short
1673972700,1673973000.0,1911.57,1910.12,1915.92,1911.57,Long
1673974500,1673976000.0,1913.1,1911.09,1919.1299999999999,1913.1,Long
1673977500,1673990700.0,1907.42,1906.35,1906.35,1903.1399999999994,Short
1673991000,1674002100.0,1908.86,1907.7,1912.3399999999995,1908.86,Long
1674002400,1674003300.0,1908.75,1907.5,1907.5,1903.75,Short
1674003600,1674003630.0,1907.33,1906.4,1910.1199999999994,1907.33,Long
1674005100,1674006600.0,1908.81,1907.8,1907.8,1904.77,Short
1674008400,1674008430.0,1910.26,1908.72,1914.8799999999999,1910.26,Long
1674010200,1674024900.0,1908.67,1902.05,1902.05,1882.1899999999996,Short
1674026700,1674056700.0,1905.72,1903.91,1911.1499999999999,1905.72,Long
1674057600,1674078300.0,1913.6,1911.46,1911.46,1905.0400000000004,Short
1674083100,1674083400.0,1903.86,1902.98,1902.98,1900.3400000000004,Short
1674084000,1674084300.0,1904.3,1903.4,1903.4,1900.7000000000005,Short
1674085500,1674090900.0,1905.69,1904.8,1908.3600000000004,1905.69,Long
1674091800,1674091830.0,1902.75,1902.19,1902.19,1900.5100000000002,Short
1674092700,1674095700.0,1903.53,1902.2,1902.2,1898.2100000000003,Short
1674096000,1674112500.0,1904.57,1903.81,1906.85,1904.57,Long
1674114300,1674122700.0,1910.62,1906.51,1922.9499999999996,1910.62,Long
1674123300,1674126000.0,1909.71,1908.5,1908.5,1904.87,Short
1674126300,1674127800.0,1910.07,1909.29,1912.4099999999999,1910.07,Long
1674128400,1674134400.0,1908.63,1907.73,1907.73,1905.0299999999997,Short
1674135900,1674135930.0,1912.87,1909.66,1909.66,1900.0300000000007,Short
1674137700,1674185400.0,1915.58,1912.92,1923.5599999999995,1915.58,Long
1674185700,1674199200.0,1928.87,1928.49,1928.49,1927.3500000000004,Short
1674199800,1674213900.0,1929.99,1928.5,1934.46,1929.99,Long
1674214500,1674219300.0,1929.44,1928.37,1928.37,1925.1599999999994,Short
1674219900,1674219930.0,1928.96,1927.78,1927.78,1924.2399999999998,Short
1674221100,1674228000.0,1928.87,1926.8,1926.8,1920.5900000000001,Short
1674229200,1674230400.0,1928.99,1927.52,1927.52,1923.11,Short
1674230700,1674231000.0,1927.52,1925.87,1932.4700000000003,1927.52,Long
1674231300,1674237300.0,1928.82,1927.81,1927.81,1924.78,Short
1674239400,1674424800.0,1927.09,1924.88,1933.7199999999993,1927.09,Long
1674429300,1674429330.0,1925.4,1924.4,1928.4,1925.4,Long
1674430200,1674467400.0,1926.42,1924.8,1924.8,1919.9399999999996,Short
1674468000,1674468030.0,1925.92,1923.79,1932.3100000000004,1925.92,Long
1674469500,1674471000.0,1929.26,1927.4,1934.8399999999997,1929.26,Long
1674473400,1674480600.0,1925.96,1924.3,1930.9400000000003,1925.96,Long
1674480900,1674489900.0,1926.11,1923.1,1923.1,1914.07,Short
1674490500,1674490530.0,1926.2,1924.61,1924.61,1919.8399999999995,Short
1674491100,1674495600.0,1924.66,1923.11,1923.11,1918.4599999999994,Short
1674496500,1674567900.0,1923.21,1922.2,1926.24,1923.21,Long
1674571800,1674582300.0,1932.52,1926.7,1926.7,1909.2400000000002,Short
1674583500,1674604500.0,1934.58,1933.85,1936.77,1934.58,Long
1674653700,1674666300.0,1927.37,1924.22,1924.22,1914.7700000000004,Short
1674667200,1674697800.0,1937.57,1936.68,1940.2399999999996,1937.57,Long
1674699000,1674699900.0,1946.59,1945.15,1950.9099999999994,1946.59,Long
1674700500,1674701700.0,1945.93,1945.09,1945.09,1942.5699999999995,Short
1674702900,1674703200.0,1945.92,1945.16,1945.16,1942.88,Short
1674703800,1674705600.0,1946.35,1946.08,1947.1599999999999,1946.35,Long
1674706500,1674708900.0,1948.49,1946.7,1946.7,1941.3300000000002,Short
1674709200,1674715200.0,1946.76,1945.9,1949.3399999999997,1946.76,Long
1674715500,1674715530.0,1946.29,1945.0,1945.0,1941.13,Short
1674717000,1674739200.0,1943.85,1942.6,1942.6,1938.85,Short
1674739500,1674739530.0,1936.93,1935.93,1939.93,1936.93,Long
1674740400,1674740700.0,1937.41,1932.05,1932.05,1915.9699999999996,Short
1674742800,1674743100.0,1942.05,1936.87,1957.5900000000001,1942.05,Long
1674744000,1674762000.0,1936.83,1935.25,1935.25,1930.5100000000002,Short
1674762900,1674767400.0,1930.9,1929.7,1934.5000000000002,1930.9,Long
1674768000,1674775800.0,1929.45,1928.98,1930.8600000000001,1929.45,Long
1674789300,1674804600.0,1931.04,1926.8,1926.8,1914.08,Short
1674805200,1674805230.0,1925.56,1924.4,1924.4,1920.9200000000005,Short
1674805800,1674806100.0,1924.9,1923.76,1923.76,1920.3399999999997,Short
1674806400,1674807000.0,1924.31,1923.12,1927.88,1924.31,Long
1674807600,1674812400.0,1924.26,1922.95,1928.1899999999998,1924.26,Long
1674813900,1674829200.0,1926.73,1924.7,1932.82,1926.73,Long
1674829800,1674837300.0,1928.41,1927.22,1927.22,1923.6499999999999,Short
1674838200,1674838500.0,1931.66,1931.03,1933.5500000000004,1931.66,Long
1674839100,1674843000.0,1930.77,1929.37,1929.37,1925.1699999999996,Short
1674843600,1674850800.0,1930.52,1929.14,1934.6599999999996,1930.52,Long
1674851100,1674854700.0,1930.21,1929.49,1929.49,1927.33,Short
1675034700,1675051500.0,1928.84,1924.8,1924.8,1912.68,Short
1675052700,1675064400.0,1930.59,1929.2,1934.7599999999995,1930.59,Long
1675065000,1675075800.0,1925.03,1924.09,1924.09,1921.2699999999998,Short
1675076100,1675076130.0,1929.58,1927.8,1934.9199999999998,1929.58,Long
1675076700,1675080000.0,1930.57,1929.5,1929.5,1926.2900000000002,Short
1675080300,1675089300.0,1923.32,1922.51,1925.7499999999998,1923.32,Long
1675090500,1675092000.0,1926.92,1925.26,1925.26,1920.2799999999997,Short
1675092300,1675095000.0,1928.25,1927.36,1930.9200000000003,1928.25,Long
1675095600,1675114200.0,1925.08,1923.2,1923.2,1917.5600000000004,Short
1675116000,1675123500.0,1923.18,1921.9,1921.9,1918.0600000000002,Short
1675124400,1675126500.0,1921.88,1921.62,1921.62,1920.8399999999992,Short
1675126800,1675135800.0,1923.08,1922.55,1924.6699999999998,1923.08,Long
1675136100,1675168800.0,1923.78,1922.9,1922.9,1920.2600000000004,Short
1675170900,1675195500.0,1909.91,1906.76,1919.3600000000004,1909.91,Long
1675199400,1675199430.0,1928.51,1926.5,1934.54,1928.51,Long
1675201500,1675234500.0,1928.58,1927.6,1927.6,1924.6599999999999,Short
1675234800,1675234830.0,1926.92,1926.1,1929.3800000000006,1926.92,Long
1675236300,1675241100.0,1927.81,1926.13,1926.13,1921.0900000000006,Short
1675241400,1675241700.0,1926.66,1925.3,1930.7400000000005,1926.66,Long
1675242600,1675248900.0,1926.03,1924.71,1924.71,1920.7500000000002,Short
1675249500,1675249800.0,1927.24,1925.88,1925.88,1921.8000000000004,Short
1675250700,1675263300.0,1927.82,1927.23,1929.5899999999997,1927.82,Long
1675263600,1675264200.0,1927.84,1926.93,1926.93,1924.2000000000005,Short
1675265700,1675265730.0,1929.62,1927.28,1927.28,1920.2600000000002,Short
1675266300,1675266600.0,1930.35,1927.98,1937.4599999999996,1930.35,Long
1675270800,1675279800.0,1931.45,1924.55,1924.55,1903.8499999999997,Short
1675282200,1675302000.0,1946.08,1935.16,1978.8399999999995,1946.08,Long
1675303200,1675307400.0,1952.79,1951.0,1958.1599999999999,1952.79,Long
1675308000,1675311600.0,1953.19,1952.55,1952.55,1950.6299999999997,Short
1675312200,1675313100.0,1952.72,1951.1,1957.5800000000004,1952.72,Long
1675314000,1675314300.0,1953.9,1952.98,1956.6600000000003,1953.9,Long
1675314900,1675316700.0,1953.74,1952.69,1952.69,1949.5400000000002,Short
1675317300,1675317900.0,1953.59,1953.26,1954.5799999999997,1953.59,Long
1675318200,1675318230.0,1953.57,1952.4,1952.4,1948.8900000000006,Short
1675319400,1675320900.0,1953.4,1951.95,1951.95,1947.6,Short
1675321200,1675335900.0,1952.21,1951.86,1953.2600000000004,1952.21,Long
1675336200,1675375200.0,1952.84,1952.54,1952.54,1951.64,Short
1675378800,1675378830.0,1912.37,1912.37,1912.37,1912.37,Long
1675380000,1675383600.0,1912.48,1911.5,1911.5,1908.56,Short
1675383900,1675396500.0,1915.6,1914.3,1919.4999999999998,1915.6,Long
1675396800,1675397100.0,1916.55,1916.04,1916.04,1914.51,Short
1675397700,1675397730.0,1914.83,1913.8,1917.9199999999998,1914.83,Long
1675399800,1675400700.0,1915.63,1915.34,1916.5000000000007,1915.63,Long
1675402200,1675405800.0,1915.2,1913.9,1913.9,1910.0000000000002,Short
1675407900,1675408500.0,1916.31,1915.6,1918.44,1916.31,Long
1675408800,1675416300.0,1917.32,1916.84,1916.84,1915.3999999999999,Short
1675416600,1675416630.0,1915.4,1914.24,1918.8800000000003,1915.4,Long
1675417200,1675424400.0,1914.66,1913.73,1913.73,1910.9399999999998,Short
1675425600,1675430400.0,1914.26,1913.82,1915.5800000000002,1914.26,Long
1675431900,1675458900.0,1916.15,1886.84,1886.84,1798.9099999999994,Short
1675459800,1675461000.0,1866.05,1864.7,1870.0999999999997,1866.05,Long
1675620000,1675621200.0,1865.69,1864.6,1868.9600000000005,1865.69,Long
1675634400,1675634430.0,1870.09,1870.09,1870.09,1870.09,Long
1675639800,1675640400.0,1868.99,1867.5,1873.46,1868.99,Long
1675640700,1675641300.0,1866.04,1865.14,1865.14,1862.4400000000005,Short
1675642200,1675642500.0,1866.69,1864.74,1864.74,1858.8899999999999,Short
1675642800,1675644900.0,1864.59,1863.79,1866.9899999999998,1864.59,Long
1675646400,1675669200.0,1868.8,1867.41,1872.9699999999996,1868.8,Long
1675670400,1675674000.0,1877.33,1874.57,1885.61,1877.33,Long
1675674300,1675692900.0,1878.55,1877.64,1877.64,1874.9100000000005,Short
1675693500,1675693530.0,1874.3,1872.64,1872.64,1867.6600000000005,Short
1675694700,1675695600.0,1871.84,1870.31,1876.4299999999998,1871.84,Long
1675698000,1675710900.0,1873.86,1866.3,1866.3,1843.6200000000001,Short
1675711500,1675711800.0,1871.11,1869.9,1869.9,1866.2700000000007,Short
1675713000,1675713030.0,1867.95,1866.0,1866.0,1860.1499999999999,Short
1675714500,1675716300.0,1866.63,1865.76,1865.76,1863.1499999999996,Short
1675717500,1675726200.0,1869.54,1868.37,1873.0500000000002,1869.54,Long
1675727400,1675728000.0,1867.85,1866.7,1871.2999999999995,1867.85,Long
1675728600,1675729500.0,1869.23,1868.1,1868.1,1864.7099999999996,Short
1675730400,1675752900.0,1870.49,1868.9,1875.2599999999998,1870.49,Long
1675753800,1675754400.0,1875.9,1874.26,1874.26,1869.3399999999997,Short
1675754700,1675757100.0,1873.9,1873.1,1876.3000000000006,1873.9,Long
1675758000,1675760100.0,1874.32,1873.01,1878.2499999999998,1874.32,Long
1675761300,1675764300.0,1875.18,1872.04,1884.6000000000004,1875.18,Long
1675764900,1675764930.0,1875.16,1874.55,1876.9900000000005,1875.16,Long
1675766100,1675783200.0,1874.12,1873.06,1873.06,1869.88,Short
1675784700,1675794900.0,1873.91,1872.75,1877.3900000000003,1873.91,Long
1675795800,1675796700.0,1871.27,1865.06,1865.06,1846.4299999999998,Short
1675797600,1675798800.0,1873.0,1869.84,1882.4800000000002,1873.0,Long
1675799700,1675805700.0,1874.48,1871.6,1871.6,1862.9599999999996,Short
1675806300,1675812600.0,1871.67,1870.5,1870.5,1866.9899999999998,Short
1675813200,1675832400.0,1871.64,1870.9,1873.8600000000001,1871.64,Long
1675833300,1675835400.0,1876.88,1875.5,1875.5,1871.3599999999997,Short
1675837200,1675839300.0,1878.38,1877.37,1881.4100000000008,1878.38,Long
1675839900,1675840500.0,1876.44,1875.36,1875.36,1872.1199999999994,Short
1675841100,1675856700.0,1877.74,1873.98,1889.02,1877.74,Long
1675857000,1675858200.0,1881.8,1880.48,1880.48,1876.5200000000002,Short
1675858500,1675858800.0,1883.21,1882.79,1884.4700000000003,1883.21,Long
1675859700,1675877100.0,1883.2,1881.76,1881.76,1877.4399999999998,Short
1675877400,1675877700.0,1876.77,1876.41,1877.8499999999997,1876.77,Long
1675879200,1675879230.0,1875.68,1874.91,1877.99,1875.68,Long
1675880400,1675881300.0,1879.15,1878.2,1878.2,1875.35,Short
1675882800,1675887000.0,1879.48,1877.2,1886.32,1879.48,Long
1675887300,1675888500.0,1875.01,1874.36,1874.36,1872.4099999999996,Short
1675890000,1675890030.0,1875.33,1873.8,1879.9199999999998,1875.33,Long
1675890600,1675890630.0,1875.99,1875.34,1877.9400000000003,1875.99,Long
1675892100,1675892130.0,1875.89,1874.6,1874.6,1870.7299999999993,Short
1675898400,1675905900.0,1875.81,1874.4,1874.4,1870.1700000000005,Short
1675906500,1675926000.0,1874.63,1873.34,1878.5000000000007,1874.63,Long
1675927800,1675942800.0,1881.16,1877.16,1893.16,1881.16,Long
1675943100,1675943130.0,1882.39,1881.51,1881.51,1878.8699999999997,Short
1675944300,1675944330.0,1882.66,1881.7,1885.5400000000002,1882.66,Long
1675945200,1675945500.0,1883.12,1882.41,1885.2499999999993,1883.12,Long
1675946100,1675949100.0,1883.99,1881.96,1881.96,1875.8700000000001,Short
1675949700,1675953000.0,1881.78,1879.85,1887.5700000000002,1881.78,Long
1675954500,1675989300.0,1884.19,1880.35,1880.35,1868.8299999999995,Short
1675992300,1675994400.0,1865.25,1860.5,1879.5,1865.25,Long
1675994700,1675994730.0,1862.34,1861.45,1861.45,1858.7800000000004,Short
1675997400,1676012400.0,1863.06,1861.94,1861.94,1858.5800000000004,Short
1676013000,1676013030.0,1862.04,1857.8,1874.76,1862.04,Long
1676014800,1676027700.0,1862.13,1861.18,1864.9800000000002,1862.13,Long
1676028600,1676029800.0,1862.75,1861.38,1866.8599999999997,1862.75,Long
1676032200,1676035200.0,1864.56,1863.01,1863.01,1858.3600000000001,Short
1676036100,1676036130.0,1864.56,1862.05,1862.05,1854.52,Short
1676036700,1676039400.0,1864.01,1862.39,1868.8699999999997,1864.01,Long
1676040600,1676041200.0,1867.14,1862.51,1862.51,1848.6199999999997,Short
1676042400,1676043300.0,1866.4,1860.02,1885.5400000000004,1866.4,Long
1676045100,1676049900.0,1861.1,1859.24,1859.24,1853.6600000000003,Short
1676053800,1676054400.0,1864.2,1860.4,1860.4,1849.0000000000002,Short
1676055600,1676055900.0,1862.65,1860.3,1860.3,1853.2499999999995,Short
1676056200,1676056230.0,1861.83,1860.8,1864.9199999999998,1861.83,Long
1676056800,1676057100.0,1862.77,1862.07,1862.07,1859.9699999999998,Short
1676059800,1676066400.0,1864.66,1863.1,1869.3400000000006,1864.66,Long
1676265300,1676268900.0,1865.28,1858.85,1858.85,1839.5599999999997,Short
1676269800,1676270400.0,1863.57,1860.68,1872.2399999999996,1863.57,Long
1676270700,1676271600.0,1866.15,1864.84,1864.84,1860.9099999999994,Short
1676272500,1676273100.0,1864.41,1863.23,1867.9500000000003,1864.41,Long
1676274300,1676274600.0,1863.87,1862.9,1866.7799999999993,1863.87,Long
1676274900,1676291100.0,1863.76,1862.96,1862.96,1860.5600000000002,Short
1676291700,1676292300.0,1862.67,1861.5,1861.5,1857.9899999999998,Short
1676294700,1676295600.0,1859.92,1857.48,1857.48,1850.1599999999999,Short
1676297400,1676298300.0,1858.78,1855.68,1868.0799999999997,1858.78,Long
1676300100,1676313300.0,1858.92,1856.21,1856.21,1848.08,Short
1676313600,1676313630.0,1854.86,1854.2,1856.8399999999995,1854.86,Long
1676315400,1676320200.0,1855.7,1854.98,1854.98,1852.82,Short
1676321700,1676331000.0,1853.78,1852.8,1856.72,1853.78,Long
1676331900,1676332800.0,1854.22,1853.1,1853.1,1849.7399999999996,Short
1676333700,1676370900.0,1855.5,1855.08,1856.7600000000002,1855.5,Long
1676371500,1676378400.0,1861.14,1859.92,1859.92,1856.26,Short
1676379600,1676379630.0,1861.42,1859.5,1867.1800000000003,1861.42,Long
1676381400,1676381430.0,1859.57,1857.39,1866.1099999999994,1859.57,Long
1676383500,1676386500.0,1865.98,1861.71,1861.71,1848.9,Short
1676387700,1676389200.0,1865.47,1860.79,1879.5100000000002,1865.47,Long
1676389800,1676399100.0,1857.11,1853.64,1853.64,1843.2300000000007,Short
1676400600,1676401200.0,1856.14,1854.0,1862.5600000000004,1856.14,Long
1676403600,1676404500.0,1855.85,1851.82,1851.82,1839.73,Short
1676405100,1676416500.0,1855.99,1854.92,1859.1999999999998,1855.99,Long
1676416800,1676418600.0,1854.19,1853.66,1853.66,1852.0700000000002,Short
1676418900,1676421600.0,1854.77,1854.0,1857.08,1854.77,Long
1676422200,1676428500.0,1855.33,1854.9,1856.6199999999994,1855.33,Long
1676428800,1676462700.0,1856.81,1855.85,1855.85,1852.9699999999998,Short
1676463000,1676464200.0,1835.43,1834.74,1837.5000000000002,1835.43,Long
1676465400,1676465430.0,1836.29,1835.03,1835.03,1831.25,Short
1676466900,1676468400.0,1835.84,1835.16,1835.16,1833.1200000000006,Short
1676469000,1676469030.0,1836.9,1834.65,1843.65,1836.9,Long
1676470800,1676471100.0,1836.32,1834.8,1834.8,1830.24,Short
1676472600,1676473800.0,1838.25,1836.63,1836.63,1831.7700000000004,Short
1676474100,1676474130.0,1834.88,1833.58,1838.7800000000007,1834.88,Long
1676475300,1676476200.0,1835.78,1832.76,1832.76,1823.7,Short
1676476800,1676477100.0,1834.16,1832.87,1838.0300000000007,1834.16,Long
1676477400,1676479200.0,1836.48,1834.21,1834.21,1827.4,Short
1676480400,1676480700.0,1837.34,1835.9,1841.6599999999994,1837.34,Long
1676481300,1676482500.0,1836.0,1834.86,1834.86,1831.4399999999996,Short
1676482800,1676483100.0,1833.54,1832.58,1836.42,1833.54,Long
1676483400,1676484000.0,1834.72,1833.31,1833.31,1829.0799999999997,Short
1676485800,1676486100.0,1835.43,1834.26,1838.9400000000003,1835.43,Long
1676487900,1676491500.0,1836.89,1835.5,1841.0600000000004,1836.89,Long
1676492400,1676505900.0,1835.37,1835.04,1836.3599999999997,1835.37,Long
1676507400,1676507430.0,1836.97,1836.3,1836.3,1834.2899999999997,Short
1676509800,1676525100.0,1836.18,1834.54,1841.1000000000004,1836.18,Long
1676525400,1676533500.0,1838.08,1837.49,1837.49,1835.7200000000003,Short
1676533800,1676536200.0,1839.84,1839.34,1841.34,1839.84,Long
1676537700,1676541300.0,1838.17,1836.83,1836.83,1832.8099999999995,Short
1676542500,1676545800.0,1836.93,1836.52,1838.1600000000003,1836.93,Long
1676546100,1676551500.0,1838.4,1837.74,1837.74,1835.7599999999998,Short
1676551800,1676553000.0,1838.78,1838.27,1840.31,1838.78,Long
1676554500,1676565000.0,1839.46,1833.2,1833.2,1814.42,Short
1676565600,1676566500.0,1838.71,1835.76,1847.5600000000002,1838.71,Long
1676566800,1676567100.0,1841.61,1840.0,1840.0,1835.1700000000003,Short
1676567700,1676580300.0,1839.72,1838.65,1842.9299999999998,1839.72,Long
1676581800,1676631900.0,1838.25,1836.0,1836.0,1829.25,Short
1676632200,1676634000.0,1822.83,1822.01,1825.2899999999997,1822.83,Long
1676635200,1676669700.0,1824.8,1823.74,1827.9799999999998,1824.8,Long
1676670300,1676670600.0,1841.97,1840.8,1840.8,1837.2899999999997,Short
1676829600,1676830800.0,1842.37,1841.38,1845.3399999999992,1842.37,Long
1676844000,1676859600.0,1846.09,1846.09,1846.09,1846.09,Long
1676860500,1676860800.0,1842.89,1841.52,1847.0000000000005,1842.89,Long
1676861100,1676861130.0,1842.99,1841.9,1841.9,1838.6300000000003,Short
1676862000,1676862030.0,1842.68,1842.4,1842.4,1841.5600000000002,Short
1676865900,1676881500.0,1842.97,1840.9,1849.1799999999998,1842.97,Long
1676882100,1676883300.0,1845.26,1844.25,1844.25,1841.22,Short
1676884800,1676886600.0,1845.56,1844.59,1848.47,1845.56,Long
1676887200,1676887500.0,1844.67,1843.46,1843.46,1839.83,Short
1676887800,1676888100.0,1844.14,1842.9,1847.8600000000001,1844.14,Long
1676888400,1676889300.0,1844.67,1843.76,1843.76,1841.0299999999997,Short
1676889600,1676889630.0,1843.81,1843.52,1844.6799999999998,1843.81,Long
1676890200,1676891100.0,1844.41,1843.0,1843.0,1838.7699999999998,Short
1676894400,1676897100.0,1845.76,1844.32,1844.32,1839.9999999999998,Short
1676897700,1676898000.0,1843.49,1842.96,1845.08,1843.49,Long
1676898900,1676899200.0,1843.45,1842.96,1842.96,1841.49,Short
1676899500,1676899530.0,1844.05,1843.6,1845.4,1844.05,Long
1676900100,1676900130.0,1846.5,1844.61,1844.61,1838.9399999999996,Short
1676901000,1676906100.0,1845.59,1844.6,1848.56,1845.59,Long
1676906700,1676910000.0,1844.24,1843.61,1843.61,1841.7199999999996,Short
1676911800,1676911830.0,1843.55,1843.33,1844.21,1843.55,Long
1676912400,1676939100.0,1843.06,1842.59,1842.59,1841.1799999999998,Short
1676939400,1676941200.0,1842.5,1841.95,1844.1499999999999,1842.5,Long
1676942100,1676942700.0,1841.58,1840.92,1843.5599999999995,1841.58,Long
1676944200,1676948400.0,1842.66,1841.64,1845.72,1842.66,Long
1676948700,1676982300.0,1841.62,1841.22,1841.22,1840.0200000000004,Short
1676984100,1676984400.0,1832.7,1832.13,1834.4099999999999,1832.7,Long
1676985300,1676985330.0,1834.42,1833.1,1838.3800000000006,1834.42,Long
1676985900,1676998800.0,1835.59,1834.25,1839.6099999999997,1835.59,Long
1676999700,1677000300.0,1833.75,1831.4,1831.4,1824.3500000000004,Short
1677001500,1677002100.0,1836.32,1835.17,1839.7699999999995,1836.32,Long
1677003000,1677010800.0,1837.27,1836.1,1836.1,1832.5899999999997,Short
1677011400,1677012000.0,1835.32,1834.91,1834.91,1833.6800000000005,Short
1677013800,1677015300.0,1836.06,1834.6,1840.44,1836.06,Long
1677015600,1677021600.0,1834.72,1833.9,1833.9,1831.4400000000003,Short
1677021900,1677030000.0,1835.13,1834.4,1837.3200000000002,1835.13,Long
1677030600,1677037200.0,1836.55,1835.63,1839.3099999999995,1836.55,Long
1677037500,1677037800.0,1835.85,1834.5,1834.5,1830.4500000000003,Short
1677038100,1677039000.0,1835.58,1834.5,1838.8199999999997,1835.58,Long
1677039300,1677041700.0,1836.32,1835.1,1835.1,1831.4399999999998,Short
1677042900,1677042930.0,1836.68,1835.3,1835.3,1831.1599999999996,Short
1677043800,1677044700.0,1835.8,1834.7,1834.7,1831.4000000000003,Short
1677046500,1677046530.0,1836.85,1836.31,1836.31,1834.69,Short
1677048000,1677051000.0,1836.7,1835.22,1835.22,1830.78,Short
1677051300,1677054600.0,1836.54,1835.55,1839.51,1836.54,Long
1677054900,1677058800.0,1836.8,1835.89,1835.89,1833.1600000000005,Short
1677059100,1677059130.0,1834.63,1833.59,1837.7500000000007,1834.63,Long
1677061200,1677063600.0,1834.29,1833.5,1833.5,1831.13,Short
1677064500,1677066900.0,1837.78,1834.31,1848.19,1837.78,Long
1677067200,1677067230.0,1839.46,1838.45,1838.45,1835.42,Short
1677068100,1677078300.0,1839.86,1839.13,1842.0499999999993,1839.86,Long
1677079800,1677080400.0,1837.83,1833.89,1833.89,1822.0700000000006,Short
1677081300,1677113700.0,1837.33,1835.9,1835.9,1831.6100000000006,Short
1677114000,1677114600.0,1824.58,1823.67,1827.3099999999995,1824.58,Long
1677115200,1677115500.0,1826.06,1824.98,1824.98,1821.7400000000002,Short
1677115800,1677136500.0,1826.15,1825.5,1828.1000000000004,1826.15,Long
1677136800,1677136830.0,1831.7,1830.82,1830.82,1828.1799999999996,Short
1677137700,1677139500.0,1830.4,1828.82,1835.1400000000006,1830.4,Long
1677140400,1677140430.0,1827.82,1827.23,1829.5899999999997,1827.82,Long
1677141600,1677155400.0,1828.91,1828.21,1828.21,1826.11,Short
1677156000,1677156300.0,1827.61,1826.2,1826.2,1821.9700000000005,Short
1677156600,1677156630.0,1827.32,1826.22,1830.6199999999997,1827.32,Long
1677158700,1677161400.0,1826.22,1824.55,1824.55,1819.5399999999997,Short
1677161700,1677162300.0,1826.68,1824.67,1832.71,1826.68,Long
1677162600,1677163200.0,1827.7,1826.0,1826.0,1820.8999999999999,Short
1677164400,1677174300.0,1828.72,1828.05,1828.05,1826.0399999999997,Short
1677175500,1677180900.0,1821.72,1820.1,1820.1,1815.2399999999996,Short
1677181800,1677214500.0,1823.88,1823.02,1826.4600000000005,1823.88,Long
1677214800,1677217200.0,1825.81,1824.9,1824.9,1822.1700000000005,Short
1677219300,1677221700.0,1825.47,1824.6,1824.6,1821.9899999999996,Short
1677222000,1677222300.0,1824.38,1823.1,1828.2200000000007,1824.38,Long
1677223200,1677264300.0,1825.42,1824.22,1824.22,1820.62,Short
1677265200,1677267600.0,1810.43,1809.2,1809.2,1805.51,Short
1677267900,1677268200.0,1810.17,1809.4,1812.48,1810.17,Long
1677268800,1677270600.0,1811.17,1810.59,1812.9100000000005,1811.17,Long
1677270900,1677273600.0,1812.78,1811.7,1811.7,1808.4600000000003,Short
1677274800,1677275400.0,1811.25,1810.9,1810.9,1809.8500000000004,Short
1677434400,1677459900.0,1811.21,1810.59,1813.0700000000004,1811.21,Long
1677462600,1677466500.0,1813.64,1811.6,1819.7600000000007,1813.64,Long
1677467100,1677483300.0,1812.01,1811.0,1811.0,1807.97,Short
1677483600,1677488400.0,1809.18,1808.72,1810.5600000000002,1809.18,Long
1677488700,1677488730.0,1810.9,1809.7,1809.7,1806.1,Short
1677490500,1677491400.0,1810.05,1809.03,1813.11,1810.05,Long
1677493200,1677493230.0,1809.03,1808.38,1810.9799999999996,1809.03,Long
1677494100,1677500100.0,1809.8,1808.92,1812.4399999999996,1809.8,Long
1677500400,1677502800.0,1813.21,1812.05,1812.05,1808.5699999999997,Short
1677503700,1677522300.0,1812.19,1810.2,1818.16,1812.19,Long
1677522600,1677522630.0,1818.54,1817.2,1817.2,1813.1800000000003,Short
1677523500,1677524400.0,1817.78,1816.75,1820.87,1817.78,Long
1677526200,1677526230.0,1818.66,1817.1,1823.3400000000006,1818.66,Long
1677528600,1677531300.0,1817.9,1816.2,1823.0000000000002,1817.9,Long
1677531600,1677531630.0,1817.39,1816.6,1816.6,1814.2299999999993,Short
1677532200,1677532230.0,1816.85,1816.4,1816.4,1815.0500000000006,Short
1677533100,1677540600.0,1817.19,1816.3,1816.3,1813.6299999999997,Short
1677541800,1677547200.0,1817.59,1816.5,1816.5,1813.2300000000002,Short
1677547800,1677548100.0,1817.42,1816.6,1819.8800000000006,1817.42,Long
1677549000,1677549900.0,1817.09,1816.0,1820.3599999999997,1817.09,Long
1677552300,1677553200.0,1818.92,1818.23,1820.9900000000002,1818.92,Long
1677554400,1677586500.0,1816.78,1816.2,1816.2,1814.4600000000003,Short
1677587100,1677587130.0,1809.23,1807.95,1813.07,1809.23,Long
1677588000,1677588900.0,1808.5,1807.4,1811.7999999999997,1808.5,Long
1677590400,1677591600.0,1809.53,1808.44,1808.44,1805.1700000000003,Short
1677593100,1677617400.0,1813.73,1812.11,1818.5900000000004,1813.73,Long
1677617700,1677617730.0,1827.62,1827.12,1827.12,1825.62,Short
1677618600,1677635100.0,1827.24,1826.67,1826.67,1824.9600000000003,Short
1677636000,1677662100.0,1829.18,1828.88,1830.08,1829.18,Long
1677663000,1677663600.0,1831.96,1830.51,1836.3100000000002,1831.96,Long
1677665700,1677665730.0,1833.01,1830.85,1839.4900000000002,1833.01,Long
1677666300,1677666330.0,1832.76,1832.29,1834.17,1832.76,Long
1677667800,1677668400.0,1833.09,1832.14,1832.14,1829.2900000000006,Short
1677669000,1677675900.0,1835.91,1835.48,1837.2000000000003,1835.91,Long
1677676500,1677683100.0,1837.49,1836.43,1840.6699999999998,1837.49,Long
1677684600,1677688200.0,1840.17,1836.24,1851.9600000000003,1840.17,Long
1677689100,1677690300.0,1838.93,1837.19,1844.15,1838.93,Long
1677692400,1677693900.0,1837.74,1836.69,1840.8899999999999,1837.74,Long
1677694800,1677694830.0,1838.17,1836.82,1836.82,1832.7699999999995,Short
1677695700,1677695730.0,1838.35,1836.91,1842.6699999999994,1838.35,Long
1677697200,1677697800.0,1838.48,1837.95,1837.95,1836.3600000000001,Short
1677699000,1677702900.0,1838.46,1837.5,1837.5,1834.62,Short
1677703500,1677708000.0,1837.89,1836.6,1836.6,1832.7299999999993,Short
1677711900,1677712500.0,1837.47,1836.41,1840.6499999999999,1837.47,Long
1677713100,1677713130.0,1837.97,1837.6,1839.0800000000004,1837.97,Long
1677714600,1677735900.0,1838.08,1836.6,1836.6,1832.1599999999999,Short
1677737700,1677747600.0,1832.68,1832.17,1832.17,1830.64,Short
1677751500,1677754500.0,1832.58,1830.58,1830.58,1824.58,Short
1677757500,1677760500.0,1836.77,1835.5,1840.58,1836.77,Long
1677760800,1677763200.0,1832.83,1831.6,1831.6,1827.9099999999999,Short
1677763500,1677763530.0,1833.99,1831.48,1841.52,1833.99,Long
1677764700,1677765300.0,1834.28,1830.51,1830.51,1819.2,Short
1677765600,1677771600.0,1832.42,1830.26,1838.9000000000003,1832.42,Long
1677772500,1677772530.0,1837.04,1836.03,1836.03,1833.0,Short
1677773100,1677778200.0,1836.95,1836.54,1838.1800000000003,1836.95,Long
1677779700,1677780300.0,1833.85,1833.0,1836.3999999999996,1833.85,Long
1677781200,1677781230.0,1833.38,1832.3,1832.3,1829.0599999999995,Short
1677782700,1677782730.0,1836.86,1834.56,1834.56,1827.66,Short
1677783900,1677784800.0,1836.62,1835.48,1835.48,1832.0600000000004,Short
1677785400,1677786600.0,1836.81,1836.41,1836.41,1835.2100000000005,Short
1677788400,1677789000.0,1836.34,1835.5,1835.5,1832.9800000000002,Short
1677789300,1677789330.0,1836.73,1836.49,1837.45,1836.73,Long
1677789900,1677790800.0,1837.62,1836.52,1836.52,1833.2200000000003,Short
1677792000,1677816300.0,1836.62,1835.4,1840.2799999999993,1836.62,Long
1677816600,1677818400.0,1838.98,1838.77,1838.77,1838.1399999999999,Short
1677820500,1677821700.0,1838.9,1837.8,1837.8,1834.4999999999995,Short
1677822900,1677847500.0,1839.67,1839.1,1841.3800000000006,1839.67,Long
1677848100,1677849900.0,1845.22,1844.63,1846.9899999999998,1845.22,Long
1677852000,1677852600.0,1847.78,1846.4,1851.9199999999996,1847.78,Long
1677852900,1677861600.0,1847.62,1846.3,1846.3,1842.3400000000001,Short
1677861900,1677864000.0,1845.9,1845.14,1848.18,1845.9,Long
1677864600,1677864630.0,1846.76,1845.6,1845.6,1842.1199999999997,Short
1677865500,1677866400.0,1847.63,1846.7,1846.7,1843.9099999999999,Short
1677869100,1678061400.0,1848.78,1846.5,1855.62,1848.78,Long
1678064100,1678071600.0,1853.59,1852.4,1852.4,1848.8300000000006,Short
1678071900,1678085400.0,1853.96,1853.28,1856.0000000000002,1853.96,Long
1678086600,1678090500.0,1853.84,1852.93,1856.5699999999995,1853.84,Long
1678091100,1678092000.0,1856.35,1855.58,1855.58,1853.27,Short
1678092300,1678092330.0,1853.74,1853.05,1855.8100000000002,1853.74,Long
1678092900,1678093200.0,1855.07,1854.08,1854.08,1851.11,Short
1678094100,1678111200.0,1854.69,1853.61,1853.61,1850.3699999999994,Short
1678112400,1678113000.0,1852.92,1851.59,1856.9100000000005,1852.92,Long
1678114500,1678120800.0,1853.47,1851.2,1860.28,1853.47,Long
1678121100,1678121130.0,1850.8,1850.24,1850.24,1848.5600000000002,Short
1678121700,1678121730.0,1851.16,1850.29,1853.7700000000004,1851.16,Long
1678122900,1678122930.0,1851.91,1850.85,1855.0900000000006,1851.91,Long
1678124100,1678149600.0,1850.15,1849.62,1849.62,1848.0299999999993,Short
1678149900,1678149930.0,1845.66,1845.18,1847.1000000000001,1845.66,Long
1678150800,1678150830.0,1845.85,1844.9,1844.9,1842.0500000000006,Short
1678152300,1678152600.0,1846.0,1844.9,1844.9,1841.6000000000004,Short
1678153200,1678160400.0,1847.62,1845.8,1853.0799999999997,1847.62,Long
1678162800,1678168800.0,1847.52,1846.6,1850.2800000000002,1847.52,Long
1678169100,1678173300.0,1847.99,1847.05,1847.05,1844.2299999999998,Short
1678174200,1678176300.0,1851.36,1849.71,1856.3099999999995,1851.36,Long
1678177500,1678177530.0,1846.93,1845.99,1845.99,1843.1699999999998,Short
1678178400,1678233000.0,1848.15,1846.52,1846.52,1841.6299999999997,Short
1678233600,1678255200.0,1814.13,1813.73,1813.73,1812.5299999999997,Short
1678256400,1678256430.0,1813.05,1812.0,1816.1999999999998,1813.05,Long
1678257000,1678277400.0,1812.63,1811.51,1815.9900000000005,1812.63,Long
1678277700,1678277730.0,1815.78,1815.04,1815.04,1812.82,Short
1678278600,1678278900.0,1814.76,1813.98,1817.1,1814.76,Long
1678279800,1678281000.0,1814.32,1813.1,1817.98,1814.32,Long
1678281600,1678282500.0,1814.22,1812.48,1812.48,1807.26,Short
1678283700,1678283730.0,1812.97,1812.48,1812.48,1811.01,Short
1678284900,1678285200.0,1813.73,1813.03,1815.8300000000002,1813.73,Long
1678286400,1678299600.0,1816.58,1815.42,1820.0599999999995,1816.58,Long
1678300500,1678300530.0,1815.61,1813.9,1820.7399999999993,1815.61,Long
1678301400,1678316700.0,1814.13,1813.53,1813.53,1811.7299999999996,Short
1678317300,1678317330.0,1815.29,1813.9,1813.9,1809.7300000000005,Short
1678319100,1678320600.0,1815.05,1813.8,1818.8,1815.05,Long
1678323300,1678324800.0,1816.15,1814.8,1814.8,1810.7499999999995,Short
1678325100,1678325130.0,1814.97,1813.9,1818.1799999999998,1814.97,Long
1678326000,1678329900.0,1814.39,1813.52,1813.52,1810.9099999999996,Short
1678331100,1678338300.0,1812.93,1811.9,1811.9,1808.8100000000002,Short
1678340100,1678344000.0,1815.92,1814.3,1820.7800000000004,1815.92,Long
1678346100,1678365900.0,1813.88,1812.84,1817.0000000000007,1813.88,Long
1678366200,1678366800.0,1818.01,1817.19,1817.19,1814.7300000000002,Short
1678368300,1678388700.0,1817.35,1815.47,1822.9899999999996,1817.35,Long
1678389000,1678389030.0,1834.4,1833.11,1833.11,1829.2399999999993,Short
1678389600,1678390500.0,1833.48,1832.73,1835.73,1833.48,Long
1678391700,1678392000.0,1831.96,1830.3,1830.3,1825.3199999999997,Short
1678392300,1678404900.0,1831.04,1829.8,1834.76,1831.04,Long
1678405200,1678407600.0,1832.24,1831.4,1831.4,1828.8800000000003,Short
1678407900,1678412100.0,1833.26,1832.76,1834.76,1833.26,Long
1678412400,1678412430.0,1831.71,1830.99,1830.99,1828.83,Short
1678413600,1678414800.0,1831.47,1830.81,1833.4500000000003,1831.47,Long
1678415100,1678427700.0,1832.03,1831.02,1831.02,1827.99,Short
1678428000,1678428300.0,1830.98,1829.5,1835.42,1830.98,Long
1678429200,1678429230.0,1831.84,1831.2,1831.2,1829.2800000000004,Short
1678430700,1678449900.0,1831.26,1829.8,1835.64,1831.26,Long
1678450200,1678450230.0,1834.69,1833.95,1833.95,1831.73,Short
1678451100,1678452900.0,1835.17,1834.31,1837.7500000000005,1835.17,Long
1678453200,1678454700.0,1837.0,1836.55,1836.55,1835.1999999999998,Short
1678455600,1678476300.0,1840.85,1831.99,1867.4299999999996,1840.85,Long
1678476600,1678478100.0,1863.72,1862.5,1862.5,1858.84,Short
1678478700,1678673100.0,1864.21,1863.29,1866.9700000000003,1864.21,Long
1678673700,1678674300.0,1875.91,1873.92,1873.92,1867.95,Short
1678676400,1678676700.0,1888.48,1885.8,1896.5200000000002,1888.48,Long
1678677000,1678678200.0,1886.21,1884.95,1884.95,1881.17,Short
1678679100,1678688700.0,1884.2,1882.54,1889.1800000000003,1884.2,Long
1678689000,1678697100.0,1879.38,1878.72,1878.72,1876.7399999999998,Short
1678699200,1678733400.0,1885.84,1884.6,1889.56,1885.84,Long
1678734300,1678734330.0,1911.48,1909.59,1909.59,1903.9199999999996,Short
1678735200,1678745400.0,1909.41,1907.92,1913.88,1909.41,Long
1678746000,1678747800.0,1911.77,1910.55,1910.55,1906.8899999999999,Short
1678748100,1678748400.0,1910.53,1910.28,1911.28,1910.53,Long
1678749600,1678749630.0,1910.3,1909.2,1913.5999999999997,1910.3,Long
1678750200,1678750230.0,1910.62,1909.2,1914.8799999999994,1910.62,Long
1678751700,1678751730.0,1912.28,1910.54,1917.5,1912.28,Long
1678753200,1678753500.0,1911.18,1910.32,1913.7600000000004,1911.18,Long
1678754100,1678773600.0,1912.05,1910.86,1910.86,1907.2899999999997,Short
1678775100,1678783200.0,1913.19,1906.23,1934.0700000000002,1913.19,Long
1678784100,1678784400.0,1903.62,1901.51,1909.9499999999996,1903.62,Long
1678785600,1678785630.0,1903.39,1902.16,1907.0800000000002,1903.39,Long
1678786500,1678786530.0,1903.53,1902.4,1906.9199999999996,1903.53,Long
1678787400,1678797300.0,1902.29,1901.12,1901.12,1897.6099999999997,Short
1678797600,1678800600.0,1908.48,1903.55,1923.2700000000002,1908.48,Long
1678801200,1678801800.0,1905.1,1902.51,1902.51,1894.7400000000002,Short
1678802700,1678803600.0,1902.56,1899.5,1911.7399999999998,1902.56,Long
1678803900,1678803930.0,1905.77,1903.61,1903.61,1897.1299999999997,Short
1678805100,1678809300.0,1905.51,1903.08,1912.8000000000002,1905.51,Long
1678810200,1678813500.0,1904.31,1902.93,1902.93,1898.7900000000004,Short
1678813800,1678814400.0,1909.0,1908.32,1911.0400000000002,1909.0,Long
1678815300,1678815330.0,1906.58,1905.81,1905.81,1903.5,Short
1678816500,1678820100.0,1907.23,1906.28,1910.0800000000002,1907.23,Long
1678820700,1678824600.0,1907.15,1905.8,1905.8,1901.7499999999995,Short
1678825500,1678825800.0,1904.1,1903.62,1905.54,1904.1,Long
1678826700,1678841700.0,1903.67,1903.37,1903.37,1902.4699999999993,Short
1678842000,1678842030.0,1901.73,1901.52,1902.3600000000001,1901.73,Long
1678844100,1678847100.0,1903.52,1901.5,1909.58,1903.52,Long
1678847400,1678848300.0,1904.81,1904.34,1904.34,1902.9299999999998,Short
1678849200,1678849230.0,1905.35,1904.42,1908.1399999999994,1905.35,Long
1678849800,1678852800.0,1904.54,1903.9,1903.9,1901.9800000000005,Short
1678853400,1678854900.0,1903.31,1902.2,1906.6399999999996,1903.31,Long
1678856100,1678856700.0,1901.62,1901.33,1902.4899999999998,1901.62,Long
1678857000,1678874400.0,1902.0,1901.0,1901.0,1898.0,Short
1678875000,1678900200.0,1904.34,1898.64,1921.4399999999994,1904.34,Long
1678900800,1678901100.0,1927.17,1924.79,1924.79,1917.6499999999996,Short
1678902600,1678904100.0,1926.59,1923.56,1935.6799999999998,1926.59,Long
1678904700,1678922700.0,1924.14,1922.38,1922.38,1917.1000000000001,Short
1678923900,1678927500.0,1921.99,1921.36,1923.8800000000003,1921.99,Long
1678929000,1678943100.0,1915.13,1907.66,1907.66,1885.25,Short
1678943400,1678978500.0,1913.68,1912.2,1918.1200000000001,1913.68,Long
1678979100,1678979130.0,1923.92,1921.69,1930.6100000000001,1923.92,Long
1678979700,1678994400.0,1923.76,1921.4,1921.4,1914.3200000000004,Short
1678995300,1678996800.0,1920.99,1919.3,1926.0600000000002,1920.99,Long
1678999500,1679013000.0,1919.39,1918.4,1922.3600000000001,1919.39,Long
1679013900,1679015100.0,1919.6,1919.22,1919.22,1918.0800000000004,Short
1679015400,1679040600.0,1919.48,1918.56,1922.2400000000002,1919.48,Long
1679043000,1679043900.0,1929.72,1927.7,1927.7,1921.64,Short
1679045100,1679045700.0,1931.37,1930.48,1934.0399999999995,1931.37,Long
1679047200,1679048700.0,1932.78,1930.95,1938.2699999999998,1932.78,Long
1679049900,1679051400.0,1930.99,1929.69,1929.69,1925.7900000000002,Short
1679052600,1679266800.0,1936.9,1935.18,1942.0600000000002,1936.9,Long
1679268000,1679270400.0,1978.73,1977.1,1977.1,1972.2099999999996,Short
1679271000,1679271600.0,1978.24,1977.44,1977.44,1975.0400000000002,Short
1679272500,1679287500.0,1976.67,1976.02,1976.02,1974.0699999999997,Short
1679287800,1679306400.0,1974.31,1973.3,1977.34,1974.31,Long
1679307600,1679331300.0,1987.31,1981.6,1981.6,1964.4699999999998,Short
1679332200,1679332800.0,1976.6,1974.15,1974.15,1966.8000000000006,Short
1679333700,1679335200.0,1978.12,1976.33,1976.33,1970.96,Short
1679335500,1679344200.0,1977.39,1975.6,1982.7600000000007,1977.39,Long
1679344800,1679353500.0,1978.98,1977.7,1982.82,1978.98,Long
1679354700,1679360100.0,1978.9,1977.4,1977.4,1972.9,Short
1679360400,1679375400.0,1982.06,1980.14,1987.8199999999995,1982.06,Long
1679375700,1679376600.0,1982.23,1981.77,1981.77,1980.3899999999999,Short
1679376900,1679377200.0,1981.47,1979.6,1987.0800000000004,1981.47,Long
1679378400,1679379000.0,1982.8,1982.0,1985.1999999999998,1982.8,Long
1679379900,1679436600.0,1979.15,1977.49,1977.49,1972.5099999999998,Short
1679437200,1679451900.0,1940.82,1939.9,1943.5799999999995,1940.82,Long
1679452500,1679452530.0,1941.43,1939.75,1939.75,1934.7099999999998,Short
1679453100,1679466000.0,1942.68,1940.78,1940.78,1935.0799999999997,Short
1679466900,1679467500.0,1941.75,1940.5,1945.5,1941.75,Long
1679468100,1679468130.0,1942.18,1941.19,1945.15,1942.18,Long
1679469000,1679471700.0,1940.89,1939.32,1939.32,1934.6099999999994,Short
1679474400,1679481300.0,1945.19,1942.75,1952.5100000000002,1945.19,Long
1679481600,1679481900.0,1942.61,1941.8,1941.8,1939.3700000000001,Short
1679482200,1679482800.0,1942.01,1940.15,1947.5899999999997,1942.01,Long
1679483400,1679487300.0,1942.48,1941.66,1944.9399999999998,1942.48,Long
1679487900,1679491800.0,1942.56,1940.2,1940.2,1933.1200000000003,Short
1679492400,1679493900.0,1944.25,1942.21,1942.21,1936.0900000000001,Short
1679494200,1679528400.0,1943.94,1943.07,1946.5500000000004,1943.94,Long
1679529300,1679529330.0,1969.55,1968.6,1968.6,1965.7499999999998,Short
1679530500,1679532600.0,1972.61,1970.54,1978.8199999999997,1972.61,Long
1679533200,1679534100.0,1972.61,1971.6,1971.6,1968.57,Short
1679535300,1679535330.0,1969.63,1968.22,1973.8600000000004,1969.63,Long
1679536200,1679559600.0,1968.01,1966.7,1971.9399999999998,1968.01,Long
1679560200,1679560230.0,1976.0,1974.68,1979.9599999999998,1976.0,Long
1679561400,1679562000.0,1977.34,1975.1,1984.06,1977.34,Long
1679562900,1679563200.0,1977.64,1976.68,1976.68,1973.8,Short
1679563500,1679563530.0,1976.2,1975.13,1979.4099999999999,1976.2,Long
1679564100,1679565000.0,1978.03,1976.91,1976.91,1973.5500000000004,Short
1679565600,1679565900.0,1978.34,1975.87,1985.75,1978.34,Long
1679567400,1679568000.0,1980.18,1978.89,1978.89,1975.0200000000002,Short
1679568300,1679568330.0,1980.27,1978.99,1984.11,1980.27,Long
1679569500,1679570100.0,1978.58,1976.5,1976.5,1970.2600000000002,Short
1679570400,1679570430.0,1976.6,1975.8,1978.9999999999998,1976.6,Long
1679572200,1679573100.0,1978.01,1976.91,1981.3099999999997,1978.01,Long
1679573400,1679573430.0,1978.1,1977.14,1977.14,1974.2600000000007,Short
1679575800,1679577300.0,1968.64,1966.58,1966.58,1960.3999999999994,Short
1679578500,1679578530.0,1978.77,1975.41,1988.8499999999997,1978.77,Long
1679582100,1679583300.0,1984.25,1978.8,2000.6000000000001,1984.25,Long
1679584200,1679603700.0,1979.15,1977.65,1983.65,1979.15,Long
1679604600,1679604630.0,1993.79,1992.55,1992.55,1988.83,Short
1679610300,1679625000.0,1992.24,1991.0,1991.0,1987.28,Short
1679625600,1679626500.0,1992.13,1991.18,1994.9800000000002,1992.13,Long
1679627400,1679628600.0,1990.82,1989.8,1989.8,1986.74,Short
1679628900,1679628930.0,1990.84,1989.5,1994.8599999999997,1990.84,Long
1679630400,1679631900.0,1993.11,1991.0,1999.4399999999996,1993.11,Long
1679632800,1679633400.0,1992.77,1992.25,1992.25,1990.69,Short
1679633700,1679633730.0,1991.88,1991.46,1993.1400000000003,1991.88,Long
1679634600,1679635800.0,1992.49,1990.6,1990.6,1984.9299999999996,Short
1679636100,1679636130.0,1991.23,1990.1,1994.6200000000003,1991.23,Long
1679637300,1679649900.0,1991.61,1990.3,1990.3,1986.3700000000001,Short
1679652600,1679665800.0,1997.5,1989.8,2020.6000000000001,1997.5,Long
1679666700,1679666730.0,1990.32,1986.12,2002.92,1990.32,Long
1679667300,1679667330.0,1995.1,1992.72,2002.2399999999996,1995.1,Long
1679667900,1679669400.0,1997.86,1995.39,1995.39,1987.9800000000007,Short
1679669700,1679670600.0,1997.41,1995.89,2001.97,1997.41,Long
1679671500,1679671530.0,1994.6,1990.2,2007.7999999999995,1994.6,Long
1679673000,1679878800.0,1990.19,1987.8,1987.8,1980.6299999999997,Short
1679879700,1679879730.0,1977.56,1975.58,1983.5,1977.56,Long
1679881200,1679883000.0,1973.9,1972.42,1972.42,1967.98,Short
1679883300,1679886900.0,1974.85,1974.1,1977.1,1974.85,Long
1679887200,1679887500.0,1975.63,1975.12,1975.12,1973.5899999999992,Short
1679889000,1679890200.0,1976.18,1974.6,1974.6,1969.8599999999994,Short
1679891400,1679891700.0,1975.24,1974.89,1974.89,1973.8400000000004,Short
1679892300,1679926800.0,1974.79,1973.6,1973.6,1970.0299999999997,Short
1679927100,1679934600.0,1954.03,1950.57,1964.41,1954.03,Long
1679936100,1679941800.0,1958.46,1956.15,1965.3899999999999,1958.46,Long
1679943900,1679944800.0,1956.54,1954.7,1962.0599999999997,1956.54,Long
1679945100,1679945400.0,1957.41,1956.72,1956.72,1954.6499999999999,Short
1679945700,1679946300.0,1957.19,1956.07,1960.5500000000004,1957.19,Long
1679946900,1679947200.0,1957.48,1956.2,1956.2,1952.3600000000001,Short
1679947800,1679948700.0,1957.23,1956.96,1956.96,1956.15,Short
1679949600,1679950800.0,1957.46,1956.2,1956.2,1952.42,Short
1679956500,1679976600.0,1957.58,1956.6,1960.52,1957.58,Long
1679978100,1679978400.0,1958.37,1956.9,1956.9,1952.4900000000007,Short
1679979300,1679998500.0,1958.69,1957.4,1957.4,1953.5300000000002,Short
1680000600,1680043500.0,1957.16,1954.8,1964.2400000000005,1957.16,Long
1680044700,1680045300.0,1973.58,1972.6,1972.6,1969.6599999999999,Short
1680047100,1680080700.0,1972.7,1971.0,1971.0,1965.8999999999999,Short
1680081000,1680081600.0,1965.66,1964.5,1969.1400000000003,1965.66,Long
1680083700,1680094500.0,1967.37,1966.41,1970.2499999999993,1967.37,Long
1680095400,1680097200.0,1963.33,1962.49,1962.49,1959.9700000000003,Short
1680097800,1680097830.0,1966.61,1963.82,1974.9799999999998,1966.61,Long
1680098700,1680098730.0,1966.84,1963.72,1963.72,1954.3600000000004,Short
1680099600,1680100200.0,1967.27,1965.89,1965.89,1961.7500000000005,Short
1680100800,1680102000.0,1969.78,1967.96,1975.2399999999998,1969.78,Long
1680102300,1680103500.0,1969.01,1967.44,1967.44,1962.7300000000002,Short
1680104700,1680105000.0,1967.33,1965.9,1971.6199999999994,1967.33,Long
1680105600,1680108300.0,1964.46,1959.9,1959.9,1946.2200000000003,Short
1680110100,1680110130.0,1965.09,1964.26,1967.5799999999997,1965.09,Long
1680112200,1680114900.0,1968.14,1964.71,1978.4300000000003,1968.14,Long
1680117300,1680117330.0,1966.14,1965.3,1968.6600000000005,1966.14,Long
1680118800,1680120000.0,1963.23,1962.69,1962.69,1961.0700000000002,Short
1680120300,1680120330.0,1963.7,1963.32,1964.8400000000004,1963.7,Long
1680122100,1680122130.0,1963.75,1962.6,1967.2000000000003,1963.75,Long
1680123300,1680128400.0,1964.47,1963.39,1963.39,1960.1500000000003,Short
1680129000,1680153000.0,1964.32,1964.04,1964.04,1963.2,Short
1680154200,1680173700.0,1963.09,1962.13,1965.9699999999993,1963.09,Long
1680174300,1680174330.0,1968.9,1968.31,1970.6700000000005,1968.9,Long
1680176400,1680182400.0,1970.32,1968.88,1974.6399999999994,1970.32,Long
1680183600,1680183900.0,1968.12,1966.11,1966.11,1960.08,Short
1680184200,1680184230.0,1966.16,1965.2,1969.0400000000002,1966.16,Long
1680185100,1680185400.0,1967.12,1965.7,1965.7,1961.4400000000005,Short
1680188100,1680208500.0,1971.01,1969.88,1974.3999999999996,1971.01,Long
1680209700,1680214800.0,1980.93,1979.5,1979.5,1975.2099999999998,Short
1680216000,1680217200.0,1980.36,1979.2,1979.2,1975.7200000000005,Short
1680218400,1680225300.0,1979.91,1979.01,1979.01,1976.3099999999997,Short
1680226500,1680239100.0,1982.74,1980.3,1990.0600000000002,1982.74,Long
1680240000,1680243000.0,1979.71,1979.28,1979.28,1977.9899999999998,Short
1680243300,1680243600.0,1980.48,1979.54,1983.3000000000002,1980.48,Long
1680246900,1680254700.0,1983.29,1982.16,1982.16,1978.7700000000004,Short
1680255600,1680255630.0,1980.07,1978.3,1978.3,1972.99,Short
1680256500,1680261600.0,1980.35,1978.62,1978.62,1973.4299999999998,Short
1680261900,1680264900.0,1981.39,1980.57,1983.8500000000006,1981.39,Long
1680267000,1680271500.0,1982.79,1980.3,1990.26,1982.79,Long
1680271800,1680272400.0,1980.21,1979.26,1979.26,1976.4099999999999,Short
1680272700,1680273000.0,1977.77,1976.55,1981.43,1977.77,Long
1680273900,1680279600.0,1979.1,1977.0,1977.0,1970.7000000000003,Short
1680282000,1680505200.0,1977.4,1975.31,1975.31,1969.0399999999995,Short
1680505500,1680546300.0,1955.69,1953.44,1962.44,1955.69,Long
1680548100,1680549000.0,1983.83,1982.43,1982.43,1978.2300000000005,Short
1680550200,1680559200.0,1985.5,1983.12,1983.12,1975.9799999999996,Short
1680560100,1680560130.0,1985.31,1984.3,1988.34,1985.31,Long
1680561000,1680561300.0,1984.45,1984.11,1985.4700000000005,1984.45,Long
1680562800,1680563100.0,1984.18,1982.9,1982.9,1979.0600000000002,Short
1680563700,1680563730.0,1984.36,1984.1,1984.1,1983.32,Short
1680564900,1680567000.0,1985.12,1984.66,1986.4999999999993,1985.12,Long
1680567900,1680588000.0,1983.83,1983.0,1983.0,1980.5100000000002,Short
1680591900,1680591930.0,1981.73,1980.5,1980.5,1976.81,Short
1680593700,1680594000.0,1981.2,1979.99,1979.99,1976.36,Short
1680594900,1680605700.0,1983.39,1981.05,1990.4100000000005,1983.39,Long
1680606600,1680607500.0,1981.94,1981.38,1981.38,1979.7000000000003,Short
1680608700,1680609300.0,1981.39,1980.7,1983.4600000000003,1981.39,Long
1680610200,1680610800.0,1983.76,1981.15,1991.5899999999997,1983.76,Long
1680611100,1680611130.0,1985.1,1983.26,1983.26,1977.7400000000002,Short
1680612000,1680632400.0,1985.13,1983.65,1989.5700000000002,1985.13,Long
1680633300,1680633330.0,2020.42,2019.2,2019.2,2015.54,Short
1680635400,1680635430.0,2022.0,2020.9,2025.2999999999997,2022.0,Long
1680636300,1680638700.0,2021.03,2020.37,2023.0100000000002,2021.03,Long
1680639900,1680640500.0,2021.64,2020.4,2020.4,2016.68,Short
1680642000,1680642030.0,2021.06,2019.5,2019.5,2014.8200000000002,Short
1680646800,1680653100.0,2021.07,2019.0,2027.2799999999997,2021.07,Long
1680653400,1680653430.0,2022.11,2021.46,2021.46,2019.5100000000004,Short
1680654000,1680654300.0,2022.15,2020.7,2026.5000000000002,2022.15,Long
1680655200,1680657600.0,2021.2,2020.78,2020.78,2019.5199999999998,Short
1680658200,1680659100.0,2021.31,2019.6,2019.6,2014.4699999999998,Short
1680659700,1680660300.0,2020.98,2019.7,2024.82,2020.98,Long
1680660900,1680664800.0,2020.49,2019.6,2023.1600000000003,2020.49,Long
1680665700,1680666300.0,2022.94,2021.2,2021.2,2015.98,Short
1680666900,1680677100.0,2022.34,2021.3,2025.4599999999998,2022.34,Long
1680677400,1680677430.0,2023.66,2022.92,2022.92,2020.7,Short
1680678900,1680684900.0,2026.16,2023.06,2035.4600000000005,2026.16,Long
1680685200,1680685230.0,2024.6,2022.5,2022.5,2016.2000000000003,Short
1680687900,1680689400.0,2022.9,2021.9,2025.9,2022.9,Long
1680690300,1680696600.0,2024.66,2023.05,2023.05,2018.2199999999996,Short
1680697200,1680702600.0,2027.79,2022.81,2042.73,2027.79,Long
1680703200,1680703230.0,2024.11,2022.71,2028.3099999999995,2024.11,Long
1680704100,1680704130.0,2023.79,2019.11,2037.8300000000002,2023.79,Long
1680705900,1680710700.0,2019.87,2016.63,2016.63,2006.9100000000008,Short
1680711300,1680719100.0,2023.84,2020.86,2020.86,2011.9199999999998,Short
1680719700,1680724200.0,2022.79,2021.3,2027.26,2022.79,Long
1680725100,1680726600.0,2022.05,2020.0,2020.0,2013.8500000000001,Short
1680727200,1680732300.0,2021.0,2019.9,2019.9,2016.6000000000004,Short
1680732900,1680733500.0,2020.85,2019.7,2019.7,2016.2500000000005,Short
1680734100,1680759000.0,2019.74,2018.2,2018.2,2013.5800000000002,Short
1680759300,1680781500.0,2015.24,2012.62,2023.1000000000004,2015.24,Long
1680781800,1680781830.0,2018.59,2017.68,2017.68,2014.9500000000005,Short
1680783300,1680784200.0,2018.72,2017.6,2022.0800000000004,2018.72,Long
1680786000,1680800700.0,2016.37,2011.38,2011.38,1996.4100000000008,Short
1680802200,1680803100.0,2011.14,2009.68,2009.68,2005.3,Short
1680804900,1680806400.0,2011.39,2010.88,2012.92,2011.39,Long
1680806700,1681074000.0,2009.96,2009.44,2009.44,2007.88,Short
1681077900,1681092300.0,2019.65,1994.3,1994.3,1918.2499999999995,Short
1681093800,1681107900.0,1995.88,1993.3,1993.3,1985.5599999999995,Short
1681108200,1681128600.0,1994.7,1994.33,1995.8100000000004,1994.7,Long
1681130100,1681130130.0,2000.91,1997.87,2010.0300000000007,2000.91,Long
1681131600,1681146000.0,1993.09,1989.25,1989.25,1977.7300000000002,Short
1681146300,1681147200.0,1990.57,1989.69,1993.2099999999996,1990.57,Long
1681149000,1681149030.0,1989.22,1988.04,1992.7600000000002,1989.22,Long
1681150200,1681150230.0,1989.22,1987.9,1987.9,1983.9400000000003,Short
1681151700,1681165200.0,1988.78,1987.3,1993.22,1988.78,Long
1681165500,1681165530.0,1991.06,1990.8,1990.8,1990.02,Short
1681166400,1681175700.0,1991.16,1990.62,1992.7800000000007,1991.16,Long
1681176000,1681176900.0,1991.53,1991.0,1991.0,1989.41,Short
1681177500,1681178100.0,1991.69,1990.01,1990.01,1984.9699999999998,Short
1681179600,1681212000.0,1996.29,1991.16,2011.6799999999996,1996.29,Long
1681212300,1681214700.0,2001.65,2000.74,2000.74,1998.0099999999998,Short
1681215900,1681222800.0,2002.36,2000.71,2000.71,1995.7600000000004,Short
1681223400,1681223700.0,2003.51,2000.3,2013.14,2003.51,Long
1681224300,1681225500.0,2004.53,2002.01,2002.01,1994.45,Short
1681225800,1681242600.0,2002.9,2001.93,2005.8100000000002,2002.9,Long
1681242900,1681242930.0,2004.3,2003.8,2003.8,2002.3,Short
1681245000,1681251000.0,2004.34,2002.7,2002.7,1997.7800000000004,Short
1681251300,1681252200.0,2003.62,2002.8,2006.0799999999997,2003.62,Long
1681252500,1681256400.0,2003.75,2003.52,2003.52,2002.83,Short
1681257300,1681257600.0,2004.89,2003.6,2008.7600000000007,2004.89,Long
1681258800,1681260000.0,2005.02,2004.1,2004.1,2001.3399999999997,Short
1681261200,1681261230.0,2005.43,2004.93,2006.93,2005.43,Long
1681262100,1681280700.0,2005.28,2002.8,2012.72,2005.28,Long
1681281300,1681281900.0,2015.51,2013.51,2013.51,2007.51,Short
1681282500,1681283400.0,2016.32,2015.57,2018.57,2016.32,Long
1681284000,1681302300.0,2016.23,2014.5,2014.5,2009.31,Short
1681304700,1681306500.0,2027.23,2007.56,2086.2400000000002,2027.23,Long
1681306800,1681308300.0,2018.05,2015.35,2015.35,2007.2499999999998,Short
1681309800,1681312200.0,2012.61,2010.84,2010.84,2005.53,Short
1681312500,1681312800.0,2008.28,2006.33,2014.13,2008.28,Long
1681313400,1681315500.0,2009.36,2006.61,2006.61,1998.36,Short
1681316400,1681316700.0,2008.47,2007.31,2011.9500000000003,2008.47,Long
1681317000,1681317030.0,2009.24,2007.5,2007.5,2002.28,Short
1681320000,1681321500.0,2008.9,2006.8,2006.8,2000.4999999999995,Short
1681322100,1681344600.0,2012.43,2011.59,2014.9500000000005,2012.43,Long
1681344900,1681344930.0,2017.5,2016.84,2016.84,2014.8599999999997,Short
1681346700,1681356900.0,2019.39,2018.7,2021.4600000000003,2019.39,Long
1681357500,1681357530.0,2017.48,2016.6,2016.6,2013.9599999999996,Short
1681358400,1681358430.0,2017.29,2016.5,2016.5,2014.13,Short
1681359900,1681360500.0,2019.17,2018.47,2021.2700000000002,2019.17,Long
1681361100,1681361700.0,2019.0,2017.7,2017.7,2013.8000000000002,Short
1681362300,1681362330.0,2018.74,2018.23,2020.27,2018.74,Long
1681364100,1681365900.0,2018.22,2016.6,2016.6,2011.7399999999996,Short
1681366500,1681366530.0,2018.36,2016.31,2024.5099999999998,2018.36,Long
1681367100,1681404900.0,2019.02,2018.03,2021.99,2019.02,Long
1681405200,1681407000.0,2040.48,2039.27,2039.27,2035.6399999999999,Short
1681409100,1681411200.0,2043.93,2042.6,2042.6,2038.6099999999994,Short
1681411500,1681413600.0,2039.98,2038.58,2044.1800000000003,2039.98,Long
1681414200,1681416000.0,2039.72,2038.66,2038.66,2035.4800000000002,Short
1681416300,1681423200.0,2040.62,2039.5,2043.9799999999996,2040.62,Long
1681425000,1681429200.0,2040.67,2039.7,2039.7,2036.79,Short
1681429800,1681448100.0,2039.87,2039.09,2042.2099999999998,2039.87,Long
1681448400,1681448430.0,2043.82,2043.13,2043.13,2041.0600000000006,Short
1681449600,1681449630.0,2042.02,2041.51,2043.55,2042.02,Long
1681451700,1681474200.0,2041.3,2039.54,2039.54,2034.26,Short
1681474500,1681475100.0,2033.68,2032.56,2037.0400000000004,2033.68,Long
1681476000,1681497900.0,2034.95,2031.54,2031.54,2021.3099999999997,Short
1681499700,1681679100.0,2006.6,2005.0,2011.3999999999996,2006.6,Long
1681682700,1681683300.0,2000.73,1998.3,2008.0200000000002,2000.73,Long
1681684500,1681685700.0,2003.2,2002.3,2002.3,1999.5999999999997,Short
1681686300,1681696500.0,2004.9,2003.4,2003.4,1998.9,Short
1681696800,1681696830.0,2003.94,2002.3,2008.8600000000004,2003.94,Long
1681697700,1681700700.0,2005.94,2003.9,2012.06,2005.94,Long
1681701300,1681725000.0,2004.53,2003.3,2008.22,2004.53,Long
1681725600,1681754700.0,2010.98,2009.94,2009.94,2006.8200000000002,Short
1681755600,1681769400.0,1995.75,1994.2,2000.3999999999999,1995.75,Long
1681770600,1681771500.0,1994.66,1993.3,1993.3,1989.2199999999996,Short
1681772100,1681772400.0,1994.48,1993.4,1993.4,1990.1600000000003,Short
1681773300,1681773600.0,1995.21,1994.3,1994.3,1991.5699999999997,Short
1681773900,1681774200.0,1994.5,1993.6,1997.2000000000003,1994.5,Long
1681775700,1681778100.0,1994.69,1993.5,1993.5,1989.9299999999998,Short
1681779000,1681779600.0,1995.92,1994.5,1994.5,1990.2399999999998,Short
1681781700,1681801200.0,1996.83,1995.5,2000.8199999999997,1996.83,Long
1681801800,1681802100.0,1999.96,1998.71,1998.71,1994.96,Short
1681802700,1681810800.0,2001.51,1999.5,2007.54,2001.51,Long
1681812000,1681812600.0,2001.32,2000.34,2000.34,1997.3999999999999,Short
1681812900,1681819800.0,2000.6,1999.93,2002.6099999999994,2000.6,Long
1681820100,1681820400.0,2004.39,2003.73,2003.73,2001.7499999999998,Short
1681821000,1681821600.0,2005.0,2002.8,2011.6000000000001,2005.0,Long
1681822800,1681826400.0,2002.1,2000.79,2000.79,1996.8600000000001,Short
1681826700,1681841400.0,1999.95,1996.91,2009.07,1999.95,Long
1681842900,1681857600.0,2004.88,2003.3,2003.3,1998.5599999999995,Short
1681857900,1681863600.0,2005.46,2004.9,2007.1399999999999,2005.46,Long
1681863900,1681864500.0,2006.62,2005.75,2005.75,2003.1400000000003,Short
1681864800,1681866900.0,2005.24,2004.94,2006.1399999999999,2005.24,Long
1681867200,1681871400.0,2005.86,2004.62,2004.62,2000.8999999999999,Short
1681871700,1681872000.0,2005.22,2004.62,2007.0200000000004,2005.22,Long
1681874400,1681908300.0,2004.3,2002.7,2002.7,1997.9000000000003,Short
1681908600,1681936800.0,1979.05,1978.28,1981.36,1979.05,Long
1681942500,1681945500.0,1994.83,1994.66,1995.3399999999995,1994.83,Long
1681946400,1681950300.0,1994.66,1993.92,1993.92,1991.7,Short
1681952400,1681952430.0,1996.51,1994.4,2002.8399999999997,1996.51,Long
1681953600,1681953630.0,1994.53,1992.26,1992.26,1985.45,Short
1681954200,1681956600.0,1995.12,1993.0,2001.4799999999996,1995.12,Long
1681957500,1681970400.0,1994.9,1993.96,1993.96,1991.1399999999999,Short
1681971900,1682002500.0,1998.43,1995.8,2006.3200000000004,1998.43,Long
1682004000,1682004030.0,2001.57,1998.9,1998.9,1990.8900000000006,Short
1682004600,1682008500.0,2003.21,2001.21,2009.21,2003.21,Long
1682008800,1682010000.0,2005.63,2004.2,2004.2,1999.9099999999999,Short
1682010300,1682013900.0,2006.56,2004.71,2012.1099999999997,2006.56,Long
1682014800,1682015400.0,2004.78,2003.9,2003.9,2001.2600000000004,Short
1682016000,1682016030.0,2006.17,2005.0,2005.0,2001.4899999999998,Short
1682016600,1682016630.0,2006.13,2004.8,2004.8,2000.8099999999995,Short
1682017800,1682019300.0,2005.88,2004.19,2010.9500000000003,2005.88,Long
1682020800,1682022300.0,2003.47,2002.3,2006.9800000000002,2003.47,Long
1682022900,1682037600.0,2005.32,2004.2,2004.2,2000.8400000000004,Short
1682038500,1682039100.0,2004.26,2002.6,2009.2400000000002,2004.26,Long
1682039400,1682073000.0,2005.09,2003.84,2003.84,2000.09,Short
1682073300,1682075100.0,1989.16,1988.25,1991.8900000000003,1989.16,Long
1682075400,1682075430.0,1987.93,1986.58,1986.58,1982.5299999999995,Short
1682076600,1682078400.0,1986.8,1984.9,1992.4999999999995,1986.8,Long
1682079600,1682079630.0,1985.2,1982.79,1982.79,1975.5599999999997,Short
1682082600,1682084400.0,1991.77,1986.42,2007.8199999999997,1991.77,Long
1682085900,1682099700.0,1986.84,1972.01,1972.01,1927.5200000000002,Short
1682100900,1682101200.0,1981.72,1979.8,1987.4800000000002,1981.72,Long
1682103900,1682296500.0,1979.69,1978.1,1984.4600000000005,1979.69,Long
1682296800,1682297100.0,1983.32,1982.2,1982.2,1978.8400000000004,Short
1682297700,1682298000.0,1982.44,1981.5,1985.2600000000002,1982.44,Long
1682298600,1682298630.0,1984.24,1981.9,1991.2599999999998,1984.24,Long
1682300400,1682303700.0,1984.24,1983.32,1983.32,1980.5599999999997,Short
1682304300,1682316000.0,1982.62,1982.13,1982.13,1980.6600000000008,Short
1682316600,1682316630.0,1980.96,1978.33,1988.8500000000004,1980.96,Long
1682317800,1682317830.0,1981.39,1980.58,1980.58,1978.1499999999994,Short
1682319300,1682320800.0,1979.66,1977.69,1977.69,1971.78,Short
1682321100,1682337300.0,1980.06,1979.12,1982.88,1980.06,Long
1682339700,1682340900.0,1984.47,1981.15,1994.4299999999998,1984.47,Long
1682341200,1682346900.0,1984.07,1983.01,1983.01,1979.8300000000002,Short
1682347800,1682349000.0,1986.83,1985.18,1985.18,1980.2300000000005,Short
1682349300,1682349330.0,1984.21,1983.14,1987.4199999999998,1984.21,Long
1682349900,1682351100.0,1983.73,1982.49,1982.49,1978.77,Short
1682351400,1682394300.0,1983.01,1981.6,1987.2400000000002,1983.01,Long
1682395500,1682405100.0,1993.43,1991.9,1991.9,1987.3100000000002,Short
1682405400,1682405430.0,1994.4,1993.5,1997.1000000000004,1994.4,Long
1682406300,1682406330.0,1994.29,1993.18,1993.18,1989.8500000000004,Short
1682406900,1682407800.0,1995.5,1994.37,1998.8900000000003,1995.5,Long
1682408400,1682426400.0,1995.72,1994.5,1994.5,1990.84,Short
1682428200,1682428230.0,1993.34,1991.23,1999.6699999999996,1993.34,Long
1682430000,1682430900.0,1988.12,1984.4,1984.4,1973.2400000000007,Short
1682432400,1682432700.0,1988.35,1983.68,1983.68,1969.6700000000005,Short
1682433900,1682441400.0,1987.19,1983.3,1998.8600000000004,1987.19,Long
1682442300,1682442900.0,1990.78,1989.97,1989.97,1987.5400000000002,Short
1682443200,1682463900.0,1992.47,1991.0,1996.88,1992.47,Long
1682465100,1682465130.0,1999.84,1998.4,1998.4,1994.0800000000006,Short
1682465700,1682469900.0,1999.9,1999.61,2000.7700000000007,1999.9,Long
1682470200,1682471400.0,1999.84,1998.45,1998.45,1994.2800000000004,Short
1682472900,1682477700.0,1997.35,1995.68,2002.3599999999994,1997.35,Long
1682479500,1682486700.0,1996.0,1995.1,1995.1,1992.3999999999996,Short
1682487000,1682487030.0,1996.15,1994.9,1999.9,1996.15,Long
1682488800,1682490900.0,1997.9,1995.4,1995.4,1987.9,Short
1682491500,1682492400.0,1998.91,1997.28,2003.8000000000004,1998.91,Long
1682492700,1682493300.0,1998.53,1997.44,1997.44,1994.1700000000003,Short
1682494200,1682508900.0,1998.7,1997.79,2001.4300000000003,1998.7,Long
1682511300,1682511330.0,1996.43,1994.78,1994.78,1989.8299999999997,Short
1682512200,1682512230.0,1998.24,1995.14,2007.5399999999997,1998.24,Long
1682513100,1682513130.0,1998.14,1996.68,1996.68,1992.3,Short
1682513700,1682517600.0,1996.99,1996.3,1999.0600000000002,1996.99,Long
1682517900,1682517930.0,2003.63,1998.34,1998.34,1982.4699999999993,Short
1682518800,1682519700.0,2000.9,1998.49,2008.1300000000003,2000.9,Long
1682520300,1682520330.0,2000.92,1999.41,2005.45,2000.92,Long
1682521500,1682523900.0,1999.37,1997.53,1997.53,1992.0100000000002,Short
1682524500,1682540400.0,1995.5,1993.2,1993.2,1986.3000000000002,Short
1682541000,1682554800.0,1989.41,1988.1,1993.3400000000006,1989.41,Long
1682555100,1682555130.0,1991.02,1990.28,1990.28,1988.06,Short
1682557800,1682581500.0,1991.67,1989.6,1997.8800000000006,1991.67,Long
1682581800,1682583000.0,2000.78,1999.95,1999.95,1997.4600000000003,Short
1682583300,1682583330.0,1999.63,1998.2,2003.9200000000003,1999.63,Long
1682585100,1682590200.0,1999.71,1999.12,1999.12,1997.3499999999995,Short
1682590500,1682592000.0,1998.8,1997.91,2001.4699999999996,1998.8,Long
1682593800,1682613900.0,2001.07,1999.9,1999.9,1996.3900000000006,Short
1682614500,1682614530.0,1983.42,1982.58,1982.58,1980.0599999999995,Short
1682615100,1682633400.0,1984.71,1984.11,1986.5100000000004,1984.71,Long
1682634600,1682645400.0,1987.86,1986.8,1986.8,1983.6200000000001,Short
1682646000,1682660400.0,1991.17,1986.8,2004.2800000000004,1991.17,Long
1682662200,1682679900.0,1985.42,1982.8,1982.8,1974.9399999999996,Short
1682680500,1682681100.0,1983.84,1983.45,1985.0099999999995,1983.84,Long
1682682300,1682683200.0,1983.7,1982.71,1986.67,1983.7,Long
1682683500,1682683530.0,1983.67,1983.1,1983.1,1981.3899999999994,Short
1682684400,1682685000.0,1981.98,1981.05,1984.7700000000002,1981.98,Long
1682686200,1682686800.0,1981.27,1979.4,1986.8799999999997,1981.27,Long
1682687100,1682687130.0,1986.08,1983.35,1983.35,1975.1599999999999,Short
1682688300,1682691600.0,1986.75,1985.44,1990.6799999999998,1986.75,Long
1682692200,1682708100.0,1984.51,1982.14,1991.6199999999997,1984.51,Long
1682708400,1682709600.0,1989.26,1988.6,1988.6,1986.6199999999997,Short
1682710200,1682888400.0,1989.03,1988.65,1988.65,1987.5100000000004,Short
1682892300,1682893500.0,1990.26,1989.35,1992.9900000000002,1990.26,Long
1682893800,1682920200.0,1990.46,1989.6,1989.6,1987.0199999999995,Short
1682920800,1682933100.0,1982.0,1981.81,1981.81,1981.2399999999998,Short
1682933400,1682950500.0,1981.91,1981.44,1983.3200000000002,1981.91,Long
1682951400,1682951430.0,1988.6,1986.29,1995.5299999999997,1988.6,Long
1682952000,1682972100.0,1987.91,1985.23,1985.23,1977.1899999999998,Short
1682973900,1682978400.0,1982.52,1980.6,1980.6,1974.8399999999997,Short
1682979000,1682979300.0,1981.9,1980.8,1985.2000000000005,1981.9,Long
1682979900,1682980200.0,1981.39,1980.6,1980.6,1978.2299999999993,Short
1682980500,1682982600.0,1981.82,1980.5,1985.7799999999997,1981.82,Long
1682983500,1682983800.0,1982.4,1982.14,1983.18,1982.4,Long
1682984100,1682984400.0,1982.65,1982.35,1982.35,1981.4499999999994,Short
1682985000,1682985300.0,1982.03,1981.72,1981.72,1980.7900000000002,Short
1682985900,1682995800.0,1982.08,1980.98,1985.3799999999997,1982.08,Long
1682997000,1682997030.0,1982.93,1981.82,1981.82,1978.4899999999996,Short
1682998500,1682999100.0,1982.27,1981.56,1981.56,1979.4299999999998,Short
1683000300,1683000330.0,1982.29,1981.1,1985.8600000000001,1982.29,Long
1683001500,1683002100.0,1982.15,1981.2,1981.2,1978.35,Short
1683002700,1683003900.0,1982.12,1981.4,1981.4,1979.2400000000007,Short
1683004800,1683005100.0,1982.68,1982.18,1984.18,1982.68,Long
1683006000,1683006900.0,1984.17,1982.9,1982.9,1979.0900000000001,Short
1683007200,1683011400.0,1982.87,1982.52,1983.9199999999996,1982.87,Long
1683012300,1683013200.0,1982.43,1981.69,1984.65,1982.43,Long
1683013800,1683017400.0,1982.13,1980.53,1980.53,1975.7299999999996,Short
1683025800,1683058200.0,1989.97,1981.06,2016.7000000000003,1989.97,Long
1683058800,1683058830.0,2017.07,2016.0,2020.2799999999997,2017.07,Long
1683060600,1683060630.0,2016.82,2015.2,2021.6799999999996,2016.82,Long
1683066300,1683072000.0,2016.46,2014.8,2021.4400000000003,2016.46,Long
1683072300,1683072600.0,2016.28,2015.1,2015.1,2011.5599999999997,Short
1683072900,1683072930.0,2015.02,2013.9,2018.3799999999997,2015.02,Long
1683073500,1683073800.0,2015.57,2014.92,2017.5199999999995,2015.57,Long
1683074700,1683076500.0,2016.23,2015.0,2015.0,2011.31,Short
1683076800,1683077100.0,2017.37,2016.5,2019.9799999999996,2017.37,Long
1683077400,1683077700.0,2017.83,2016.6,2016.6,2012.9099999999999,Short
1683078300,1683089700.0,2017.15,2015.6,2021.8000000000006,2017.15,Long
1683090600,1683092100.0,2016.57,2014.99,2014.99,2010.2500000000002,Short
1683092700,1683096300.0,2016.26,2015.1,2015.1,2011.6199999999997,Short
1683097500,1683105000.0,2018.47,2017.12,2017.12,2013.0699999999995,Short
1683105300,1683110700.0,2015.82,2015.3,2017.3799999999999,2015.82,Long
1683111900,1683113700.0,2016.78,2014.9,2014.9,2009.2600000000004,Short
1683114000,1683115500.0,2015.38,2014.4,2018.3200000000002,2015.38,Long
1683116400,1683119700.0,2013.62,2008.9,2008.9,1994.7400000000007,Short
1683120000,1683121200.0,2015.33,2014.85,2016.77,2015.33,Long
1683121500,1683121530.0,2017.85,2016.3,2016.3,2011.65,Short
1683123300,1683123900.0,2016.52,2014.23,2014.23,2007.3600000000001,Short
1683126600,1683140400.0,2021.95,2020.41,2026.57,2021.95,Long
1683141300,1683141900.0,2021.22,2019.53,2026.2900000000002,2021.22,Long
1683142800,1683165900.0,2023.29,2021.56,2028.48,2023.29,Long
1683166200,1683195600.0,2045.95,2044.84,2044.84,2041.5099999999995,Short
1683198300,1683206100.0,2040.66,2038.6,2046.8400000000006,2040.66,Long
1683206400,1683207000.0,2035.94,2034.06,2034.06,2028.4199999999996,Short
1683207300,1683223500.0,2034.11,2032.22,2039.7799999999995,2034.11,Long
1683225300,1683227400.0,2048.2,2046.45,2046.45,2041.2000000000007,Short
1683228300,1683229200.0,2049.75,2048.2,2054.4000000000005,2049.75,Long
1683230400,1683231600.0,2049.75,2048.52,2048.52,2044.83,Short
1683232200,1683233100.0,2050.79,2050.51,2051.629999999999,2050.79,Long
1683233700,1683238800.0,2050.8,2049.5,2049.5,2045.5999999999995,Short
1683240000,1683243600.0,2049.07,2047.2,2054.6800000000003,2049.07,Long
1683244800,1683245100.0,2049.98,2048.8,2048.8,2045.2600000000007,Short
1683246300,1683246330.0,2048.95,2047.7,2052.699999999999,2048.95,Long
1683249600,1683249630.0,2050.36,2049.11,2054.11,2050.36,Long
1683250200,1683252300.0,2050.75,2050.2,2052.4000000000005,2050.75,Long
1683253200,1683253230.0,2049.08,2047.1,2055.02,2049.08,Long
1683254100,1683256500.0,2046.41,2045.46,2045.46,2042.61,Short
1683257700,1683261900.0,2050.16,2049.63,2051.749999999999,2050.16,Long
1683262200,1683268500.0,2049.98,2048.8,2048.8,2045.2600000000007,Short
1683270600,1683304800.0,2047.23,2046.19,2046.19,2043.0700000000002,Short
1683305700,1683319200.0,2018.24,2016.76,2022.68,2018.24,Long
1683319800,1683320400.0,2016.55,2015.4,2015.4,2011.9500000000005,Short
1683493200,1683493500.0,2016.67,2016.58,2016.9400000000005,2016.67,Long
1683497100,1683498000.0,2050.25,2015.8,2015.8,1912.4499999999998,Short
1683499200,1683499800.0,2014.8,2014.5,2014.5,2013.6000000000001,Short
1683501900,1683502800.0,2016.32,2014.8,2020.8799999999999,2016.32,Long
1683504300,1683505200.0,2016.29,2015.57,2015.57,2013.4099999999999,Short
1683507000,1683507030.0,2018.17,2017.1,2017.1,2013.8899999999994,Short
1683507600,1683507900.0,2018.56,2017.23,2017.23,2013.2400000000002,Short
1683508200,1683508230.0,2016.39,2015.23,2019.8700000000003,2016.39,Long
1683509100,1683510000.0,2016.96,2015.6,2021.0400000000004,2016.96,Long
1683510600,1683511200.0,2017.19,2015.8,2021.3600000000004,2017.19,Long
1683512100,1683531900.0,2017.15,2016.0,2020.6000000000004,2017.15,Long
1683532200,1683537600.0,2021.85,2021.26,2021.26,2019.4900000000002,Short
1683539700,1683551100.0,2023.45,2022.39,2026.6299999999999,2023.45,Long
1683552000,1683552300.0,2022.74,2021.3,2021.3,2016.9799999999998,Short
1683554100,1683555300.0,2024.16,2022.0,2030.6400000000003,2024.16,Long
1683556200,1683558300.0,2024.69,2023.01,2029.7300000000002,2024.69,Long
1683558600,1683558900.0,2024.68,2023.95,2023.95,2021.76,Short
1683559200,1683568500.0,2024.01,2022.5,2028.54,2024.01,Long
1683570000,1683586800.0,2022.64,2020.2,2020.2,2012.8799999999999,Short
1683587700,1683588900.0,2021.94,2021.32,2021.32,2019.4599999999996,Short
1683589200,1683589800.0,2021.0,2019.7,2024.8999999999999,2021.0,Long
1683590400,1683593700.0,2021.55,2021.14,2021.14,2019.9100000000005,Short
1683594600,1683615300.0,2021.25,2019.2,2027.3999999999999,2021.25,Long
1683615600,1683616500.0,2024.87,2023.81,2023.81,2020.63,Short
1683616800,1683619200.0,2022.88,2022.26,2024.7400000000005,2022.88,Long
1683620100,1683622800.0,2025.37,2023.3,2023.3,2017.0900000000001,Short
1683623400,1683623430.0,2025.9,2024.7,2029.5000000000002,2025.9,Long
1683624600,1683624900.0,2026.81,2025.78,2025.78,2022.69,Short
1683626100,1683636900.0,2028.2,2026.9,2032.1,2028.2,Long
1683637200,1683637800.0,2028.09,2026.78,2026.78,2022.8500000000001,Short
1683638400,1683639300.0,2025.63,2024.36,2024.36,2020.5499999999993,Short
1683640500,1683641100.0,2030.07,2028.15,2035.8299999999995,2030.07,Long
1683641400,1683648900.0,2029.81,2027.93,2027.93,2022.2900000000004,Short
1683649800,1683649830.0,2031.97,2030.78,2030.78,2027.2099999999998,Short
1683650400,1683670500.0,2030.86,2029.4,2035.2399999999993,2030.86,Long
1683671100,1683671130.0,2035.12,2034.68,2034.68,2033.3600000000006,Short
1683672000,1683672300.0,2036.33,2035.29,2035.29,2032.17,Short
1683674400,1683675600.0,2036.81,2035.1,2041.94,2036.81,Long
1683675900,1683676200.0,2036.9,2036.67,2036.67,2035.98,Short
1683676800,1683681900.0,2036.43,2035.4,2039.52,2036.43,Long
1683682200,1683700800.0,2035.4,2034.7,2034.7,2032.6,Short
1683702000,1683705000.0,2032.61,2031.14,2031.14,2026.7300000000007,Short
1683706200,1683711600.0,2031.02,2030.21,2030.21,2027.7800000000002,Short
1683713700,1683715800.0,2030.74,2029.97,2033.05,2030.74,Long
1683716100,1683716700.0,2032.04,2031.69,2031.69,2030.6400000000003,Short
1683717000,1683718800.0,2029.87,2029.36,2031.3999999999999,2029.87,Long
1683719100,1683721500.0,2030.84,2030.16,2030.16,2028.1200000000006,Short
1683722100,1683729000.0,2044.77,2026.09,2100.8100000000004,2044.77,Long
1683730200,1683735900.0,2030.88,2028.67,2028.67,2022.04,Short
1683737400,1683744000.0,2027.19,2025.6,2025.6,2020.8299999999995,Short
1683744600,1683757800.0,2034.04,2032.38,2039.0199999999995,2034.04,Long
1683758100,1683758130.0,2030.97,2030.47,2030.47,2028.97,Short
1683759600,1683761400.0,2030.87,2030.59,2031.7099999999998,2030.87,Long
1683762300,1683763200.0,2031.57,2029.9,2029.9,2024.8900000000006,Short
1683764100,1683777900.0,2032.38,2031.74,2034.3000000000004,2032.38,Long
1683779100,1683785700.0,2031.73,2030.4,2030.4,2026.4100000000003,Short
1683786600,1683802200.0,2032.61,2031.78,2031.78,2029.2900000000002,Short
1683803100,1683812400.0,2029.38,2028.0,2033.5200000000004,2029.38,Long
1683813600,1683827700.0,2014.05,2011.07,2011.07,2002.1299999999999,Short
1683828300,1683828330.0,2014.3,2013.2,2017.5999999999997,2014.3,Long
1683828900,1683835200.0,2014.19,2012.7,2012.7,2008.23,Short
1683836100,1683838200.0,2014.53,2013.2,2013.2,2009.2100000000003,Short
1683838800,1683843000.0,2015.0,2014.0,2014.0,2011.0,Short
1683844500,1683851700.0,2015.94,2014.6,2019.9600000000005,2015.94,Long
1683852000,1683852030.0,2017.42,2016.3,2016.3,2012.9399999999996,Short
1683852900,1683854400.0,2015.95,2014.7,2019.7,2015.95,Long
1683854700,1683873600.0,2015.78,2015.15,2015.15,2013.2600000000004,Short
1683873900,1683873930.0,2009.76,2008.2,2014.4399999999998,2009.76,Long
1683874800,1683876600.0,2009.89,2009.28,2009.28,2007.4499999999996,Short
1683877200,1683877230.0,2011.6,2011.23,2012.7099999999996,2011.6,Long
1683878700,1683893700.0,2009.66,2007.7,2007.7,2001.82,Short
1683894000,1683894030.0,2005.57,2004.53,2008.6899999999998,2005.57,Long
1683894600,1683909900.0,2008.88,2005.38,2019.38,2008.88,Long
1683910200,1683910500.0,2012.2,2011.49,2011.49,2009.36,Short
1683912000,1683915600.0,2015.53,2014.98,2014.98,2013.3300000000002,Short
1683915900,1683920700.0,2015.04,2014.72,2015.9999999999998,2015.04,Long
1683921000,1683921030.0,2012.23,2011.8,2011.8,2010.5099999999998,Short
1683922500,1683922530.0,2011.43,2009.8,2016.3200000000004,2011.43,Long
1683923700,1683924000.0,2011.02,2009.6,2015.2800000000002,2011.02,Long
1683924900,1684098000.0,2011.23,2010.1,2010.1,2006.7099999999996,Short
1684101900,1684111800.0,2026.59,2007.21,2007.21,1949.0700000000004,Short
1684112100,1684116000.0,2010.88,2009.2,2015.9200000000003,2010.88,Long
1684117500,1684128900.0,2014.58,2014.0,2016.3199999999997,2014.58,Long
1684129800,1684131000.0,2016.33,2015.83,2015.83,2014.33,Short
1684131600,1684142400.0,2016.94,2016.06,2019.5800000000004,2016.94,Long
1684144200,1684144800.0,2016.2,2015.76,2017.5200000000002,2016.2,Long
1684146000,1684146300.0,2016.41,2015.1,2015.1,2011.1699999999994,Short
1684147200,1684147500.0,2016.35,2015.84,2017.8799999999999,2016.35,Long
1684148400,1684157100.0,2015.49,2014.59,2014.59,2011.8899999999996,Short
1684157400,1684160100.0,2016.68,2015.88,2019.08,2016.68,Long
1684161000,1684161030.0,2016.66,2015.13,2021.25,2016.66,Long
1684162200,1684162800.0,2016.85,2014.29,2014.29,2006.6100000000001,Short
1684163700,1684173000.0,2015.5,2014.37,2018.8900000000003,2015.5,Long
1684173900,1684174800.0,2018.25,2016.7,2016.7,2012.0500000000002,Short
1684175400,1684175700.0,2017.28,2016.1,2020.8200000000002,2017.28,Long
1684176000,1684176900.0,2016.58,2015.5,2015.5,2012.2600000000002,Short
1684177800,1684178700.0,2015.15,2014.72,2016.4400000000003,2015.15,Long
1684179600,1684198200.0,2015.32,2014.1,2014.1,2010.4399999999998,Short
1684198500,1684202100.0,2015.13,2014.55,2016.8700000000006,2015.13,Long
1684202400,1684203300.0,2017.34,2017.04,2017.04,2016.14,Short
1684204200,1684213500.0,2016.2,2015.8,2017.4000000000003,2016.2,Long
1684214100,1684232400.0,2016.19,2014.9,2014.9,2011.0300000000002,Short
1684235100,1684236300.0,2009.19,2006.7,2016.66,2009.19,Long
1684236600,1684240500.0,2007.8,2007.17,2007.17,2005.2800000000004,Short
1684242000,1684242030.0,2012.73,2010.58,2010.58,2004.1299999999997,Short
1684242900,1684243500.0,2012.13,2010.3,2010.3,2004.8099999999995,Short
1684243800,1684243830.0,2009.71,2007.87,2015.2300000000005,2009.71,Long
1684245300,1684270800.0,2010.51,2007.51,2007.51,1998.51,Short
1684274700,1684275900.0,1988.88,1987.93,1991.7300000000002,1988.88,Long
1684277700,1684279500.0,1989.72,1988.4,1993.6799999999998,1989.72,Long
1684280700,1684280730.0,1989.43,1988.1,1988.1,1984.1099999999994,Short
1684281600,1684281630.0,1989.63,1989.41,1989.41,1988.75,Short
1684284000,1684297800.0,1992.85,1990.5,1999.8999999999996,1992.85,Long
1684298400,1684299900.0,1992.03,1991.73,1991.73,1990.8300000000002,Short
1684300200,1684300230.0,1991.57,1991.04,1993.1599999999999,1991.57,Long
1684300800,1684319100.0,1991.49,1990.97,1990.97,1989.41,Short
1684319400,1684320000.0,1987.63,1986.81,1990.0900000000006,1987.63,Long
1684321200,1684328400.0,1988.61,1987.22,1987.22,1983.0500000000004,Short
1684329000,1684341900.0,1987.37,1985.49,1985.49,1979.8500000000004,Short
1684343400,1684345500.0,1984.3,1982.48,1982.48,1977.0200000000002,Short
1684347300,1684347600.0,1982.08,1980.6,1986.52,1982.08,Long
1684348200,1684349400.0,1983.54,1982.1,1982.1,1977.7799999999997,Short
1684351200,1684351500.0,1984.42,1982.5,1990.1800000000003,1984.42,Long
1684351800,1684351830.0,1983.25,1982.72,1982.72,1981.13,Short
1684352400,1684355700.0,1982.57,1981.4,1986.0799999999995,1982.57,Long
1684356000,1684361100.0,1982.48,1981.6,1981.6,1978.9599999999996,Short
1684361700,1684365600.0,1983.06,1981.9,1986.5399999999995,1983.06,Long
1684366200,1684366500.0,1983.35,1982.5,1982.5,1979.9500000000003,Short
1684367400,1684370100.0,1982.85,1982.1,1982.1,1979.85,Short
1684371900,1684379400.0,1983.46,1982.86,1985.2600000000004,1983.46,Long
1684380600,1684404300.0,1982.31,1981.4,1981.4,1978.6700000000005,Short
1684404600,1684404630.0,1977.91,1977.1,1980.3400000000006,1977.91,Long
1684405500,1684412100.0,1978.45,1977.3,1977.3,1973.8499999999997,Short
1684412700,1684412730.0,1974.05,1973.24,1976.4799999999998,1974.05,Long
1684413300,1684431600.0,1973.81,1967.48,1967.48,1948.4900000000002,Short
1684432500,1684432530.0,1958.16,1957.26,1957.26,1954.5599999999997,Short
1684433100,1684435500.0,1958.83,1957.72,1957.72,1954.3900000000003,Short
1684436100,1684436130.0,1957.4,1955.9,1955.9,1951.4,Short
1684437300,1684440600.0,1956.78,1955.8,1959.72,1956.78,Long
1684441200,1684458900.0,1957.47,1956.6,1960.0800000000004,1957.47,Long
1684460400,1684463100.0,1955.33,1954.03,1954.03,1950.13,Short
1684463400,1684491000.0,1957.41,1956.0,1961.6400000000003,1957.41,Long
1684491300,1684492800.0,1965.86,1965.3,1965.3,1963.6200000000001,Short
1684493100,1684493400.0,1965.5,1964.6,1968.2000000000003,1965.5,Long
1684494300,1684508700.0,1965.88,1964.1,1964.1,1958.7599999999993,Short
1684509000,1684524600.0,1961.19,1958.67,1968.75,1961.19,Long
1684525800,1684525830.0,1974.89,1974.38,1974.38,1972.8500000000001,Short
1684527000,1684528800.0,1976.43,1975.6,1978.9200000000005,1976.43,Long
1684529400,1684695600.0,1977.2,1976.1,1976.1,1972.7999999999995,Short
1684706700,1684706730.0,1980.1,1977.51,1987.8699999999997,1980.1,Long
1684707600,1684710600.0,1980.59,1978.8,1978.8,1973.43,Short
1684711200,1684719900.0,1981.06,1979.9,1984.5399999999995,1981.06,Long
1684720500,1684720800.0,1980.06,1979.4,1982.0399999999995,1980.06,Long
1684722000,1684744500.0,1977.8,1976.7,1976.7,1973.4000000000003,Short
1684747800,1684753800.0,1980.68,1980.0,1982.7200000000003,1980.68,Long
1684754100,1684754130.0,1978.18,1976.49,1976.49,1971.4199999999998,Short
1684755000,1684757700.0,1976.97,1975.5,1975.5,1971.09,Short
1684758000,1684758900.0,1974.66,1972.2,1982.0400000000002,1974.66,Long
1684759200,1684770300.0,1978.38,1977.6,1977.6,1975.2599999999993,Short
1684773000,1684775100.0,1975.36,1974.93,1974.93,1973.6400000000006,Short
1684776300,1684779000.0,1978.35,1975.44,1987.0799999999995,1978.35,Long
1684779900,1684780500.0,1975.08,1974.72,1976.1599999999996,1975.08,Long
1684781700,1684782900.0,1973.17,1972.0,1972.0,1968.4899999999998,Short
1684783200,1684784100.0,1973.17,1971.9,1976.98,1973.17,Long
1684786500,1684821600.0,1972.39,1971.2,1971.2,1967.6299999999999,Short
1684821900,1684823400.0,1961.19,1960.32,1963.8000000000004,1961.19,Long
1684823700,1684824000.0,1963.0,1962.19,1962.19,1959.7600000000002,Short
1684824300,1684824330.0,1962.35,1960.7,1967.2999999999995,1962.35,Long
1684827000,1684840500.0,1957.97,1954.7,1954.7,1944.89,Short
1684840800,1684845000.0,1958.76,1957.25,1963.29,1958.76,Long
1684845900,1684846500.0,1960.77,1957.83,1957.83,1949.0099999999998,Short
1684846800,1684884300.0,1959.06,1958.55,1960.59,1959.06,Long
1684887000,1684889400.0,1975.65,1974.91,1977.8700000000001,1975.65,Long
1684890000,1684890030.0,1975.05,1974.63,1976.3099999999995,1975.05,Long
1684890900,1684899600.0,1975.04,1973.5,1973.5,1968.88,Short
1684900200,1684909800.0,1975.61,1974.0,1980.4399999999996,1975.61,Long
1684910700,1684913400.0,1974.71,1971.36,1971.36,1961.3099999999995,Short
1684914000,1684914030.0,1974.53,1972.0,1982.12,1974.53,Long
1684915200,1684924500.0,1974.53,1973.69,1973.69,1971.1700000000003,Short
1684925400,1684934700.0,1976.08,1974.7,1980.2199999999996,1976.08,Long
1684935900,1684960200.0,1975.46,1971.58,1971.58,1959.9399999999996,Short
1684960500,1684960800.0,1958.47,1957.4,1961.6799999999998,1958.47,Long
1684966500,1684972500.0,1958.79,1956.4,1956.4,1949.2300000000005,Short
1684973100,1684981800.0,1960.03,1958.5,1958.5,1953.91,Short
1684982700,1684991400.0,1958.69,1957.81,1957.81,1955.1699999999996,Short
1684991700,1684991730.0,1958.38,1957.75,1960.2700000000004,1958.38,Long
1684993800,1684993830.0,1956.5,1955.3,1960.1000000000001,1956.5,Long
1684994400,1684995900.0,1955.83,1955.11,1955.11,1952.9499999999998,Short
1684996200,1685014500.0,1956.97,1956.5,1958.38,1956.97,Long
1685015400,1685016600.0,1962.2,1960.14,1968.3799999999999,1962.2,Long
1685016900,1685033100.0,1962.87,1962.02,1962.02,1959.4700000000003,Short
1685035800,1685058900.0,1944.63,1942.7,1942.7,1936.9099999999999,Short
1685109900,1685111700.0,1948.96,1939.4,1977.6399999999999,1948.96,Long
1685112600,1685114100.0,1941.7,1939.01,1949.7700000000002,1941.7,Long
1685115600,1685125200.0,1942.76,1941.17,1947.5299999999997,1942.76,Long
1685125800,1685126100.0,1946.1,1945.1,1945.1,1942.1,Short
1685126400,1685307900.0,1946.55,1946.11,1947.8700000000001,1946.55,Long
1685311500,1685311530.0,1945.95,1941.1,1941.1,1926.5499999999995,Short
1685312400,1685312700.0,1945.95,1943.6,1953.0000000000005,1945.95,Long
1685313300,1685313330.0,1944.26,1942.8,1942.8,1938.4199999999998,Short
1685314200,1685327400.0,1945.04,1943.8,1943.8,1940.08,Short
1685327700,1685328300.0,1944.72,1943.66,1947.8999999999999,1944.72,Long
1685328900,1685328930.0,1945.05,1944.28,1944.28,1941.97,Short
1685331300,1685345100.0,1945.73,1944.4,1949.7199999999998,1945.73,Long
1685345400,1685345430.0,1947.02,1945.67,1945.67,1941.6200000000003,Short
1685347200,1685352600.0,1944.27,1943.9,1943.9,1942.7900000000004,Short
1685353200,1685353230.0,1945.37,1945.01,1946.4499999999996,1945.37,Long
1685355000,1685360100.0,1946.15,1945.41,1945.41,1943.19,Short
1685360400,1685367900.0,1946.11,1945.92,1946.6799999999994,1946.11,Long
1685369100,1685375400.0,1946.83,1945.49,1950.8499999999997,1946.83,Long
1685375700,1685408100.0,1946.52,1946.15,1946.15,1945.0400000000004,Short
1685408400,1685408700.0,1942.79,1942.02,1945.1,1942.79,Long
1685409000,1685409030.0,1944.73,1943.92,1943.92,1941.4900000000002,Short
1685409900,1685409930.0,1943.89,1943.07,1943.07,1940.6099999999994,Short
1685411100,1685417400.0,1944.69,1943.0,1949.7600000000002,1944.69,Long
1685418000,1685433000.0,1942.16,1941.39,1941.39,1939.0800000000002,Short
1685434800,1685456100.0,1943.81,1941.87,1949.63,1943.81,Long
1685456700,1685463300.0,1956.1,1954.63,1960.5099999999993,1956.1,Long
1685464500,1685471700.0,1962.79,1962.0,1965.1599999999999,1962.79,Long
1685472300,1685472900.0,1958.58,1957.7,1961.2199999999996,1958.58,Long
1685473200,1685473230.0,1958.87,1957.4,1957.4,1952.9900000000007,Short
1685474100,1685474400.0,1958.88,1958.1,1961.2200000000007,1958.88,Long
1685474700,1685484000.0,1959.71,1958.5,1958.5,1954.87,Short
1685485500,1685485800.0,1959.28,1957.7,1964.0199999999998,1959.28,Long
1685489400,1685490300.0,1959.35,1957.6,1964.6,1959.35,Long
1685490900,1685490930.0,1958.89,1958.0,1958.0,1955.3299999999997,Short
1685494200,1685494800.0,1959.52,1958.2,1958.2,1954.2400000000002,Short
1685496300,1685496330.0,1960.36,1958.7,1965.3399999999995,1960.36,Long
1685498100,1685506200.0,1957.54,1955.66,1955.66,1950.0200000000004,Short
1685507100,1685509500.0,1959.32,1958.2,1962.6799999999996,1959.32,Long
1685510400,1685511000.0,1959.89,1958.2,1958.2,1953.1299999999999,Short
1685511300,1685518500.0,1959.48,1958.1,1963.6200000000003,1959.48,Long
1685518800,1685520600.0,1957.98,1957.19,1957.19,1954.8200000000002,Short
1685520900,1685521200.0,1958.07,1956.75,1962.0299999999997,1958.07,Long
1685522400,1685525100.0,1959.23,1957.89,1957.89,1953.8700000000003,Short
1685526900,1685531700.0,1958.27,1956.6,1956.6,1951.5899999999997,Short
1685533200,1685553300.0,1959.97,1959.01,1962.8500000000001,1959.97,Long
1685553900,1685555100.0,1964.71,1963.51,1968.3100000000002,1964.71,Long
1685555400,1685556300.0,1968.67,1967.74,1967.74,1964.9499999999998,Short
1685557500,1685557530.0,1967.48,1965.6,1973.1200000000003,1967.48,Long
1685558100,1685558130.0,1966.98,1965.77,1970.6100000000001,1966.98,Long
1685559600,1685571600.0,1964.75,1964.29,1964.29,1962.9099999999999,Short
1685572200,1685572800.0,1964.42,1963.83,1966.1900000000005,1964.42,Long
1685573100,1685576100.0,1965.57,1964.2,1964.2,1960.0900000000004,Short
1685576700,1685583000.0,1966.31,1965.5,1968.7399999999998,1966.31,Long
1685584200,1685586900.0,1964.54,1962.17,1971.6499999999996,1964.54,Long
1685588100,1685597700.0,1964.74,1963.66,1963.66,1960.4200000000003,Short
1685598600,1685598630.0,1964.34,1962.8,1968.9599999999998,1964.34,Long
1685599800,1685614500.0,1962.54,1962.01,1962.01,1960.42,Short
1685615100,1685646900.0,1961.95,1961.2,1964.2,1961.95,Long
1685647500,1685657700.0,1978.09,1976.9,1976.9,1973.3300000000006,Short
1685658300,1685663100.0,1977.15,1976.5,1976.5,1974.5499999999997,Short
1685663700,1685664000.0,1977.31,1975.7,1982.1399999999996,1977.31,Long
1685664900,1685670900.0,1977.36,1975.9,1975.9,1971.5200000000007,Short
1685671500,1685686200.0,1978.36,1976.96,1982.5599999999995,1978.36,Long
1685687100,1685687400.0,1979.4,1978.3,1978.3,1974.9999999999995,Short
1685688000,1685697900.0,1978.46,1977.1,1977.1,1973.0199999999995,Short
1685698200,1685699100.0,1979.12,1977.5,1983.9799999999996,1979.12,Long
1685701200,1685703000.0,1980.87,1979.8,1984.0799999999997,1980.87,Long
1685703900,1685704200.0,1978.75,1978.16,1980.5199999999998,1978.75,Long
1685704500,1685704530.0,1979.7,1978.6,1978.6,1975.2999999999995,Short
1685707500,1685708700.0,1980.76,1978.45,1987.6899999999998,1980.76,Long
1685709000,1685930100.0,1980.0,1978.26,1978.26,1973.04,Short
1685930400,1685930430.0,1948.19,1947.15,1951.31,1948.19,Long
1685931300,1685957400.0,1947.04,1946.53,1946.53,1945.0,Short
1685958600,1685960100.0,1945.64,1943.42,1943.42,1936.76,Short
1685961000,1685961900.0,1943.91,1942.92,1946.88,1943.91,Long
1685962200,1685962230.0,1943.87,1943.53,1943.53,1942.5100000000002,Short
1685963100,1685965500.0,1943.95,1942.92,1942.92,1939.8300000000002,Short
1685965800,1685967300.0,1939.88,1939.39,1941.3500000000001,1939.88,Long
1685967900,1685969100.0,1942.11,1940.6,1940.6,1936.07,Short
1685971500,1686006900.0,1945.99,1942.38,1956.8199999999997,1945.99,Long
1686007800,1686007830.0,1962.55,1961.2,1966.5999999999997,1962.55,Long
1686009300,1686009330.0,1961.92,1961.1,1961.1,1958.6399999999994,Short
1686009900,1686016800.0,1961.48,1961.01,1961.01,1959.6,Short
1686017100,1686018600.0,1960.69,1959.93,1962.97,1960.69,Long
1686019500,1686027000.0,1961.35,1959.66,1959.66,1954.5900000000006,Short
1686027300,1686029100.0,1961.14,1960.81,1962.1300000000006,1961.14,Long
1686030300,1686030900.0,1959.55,1959.09,1959.09,1957.7099999999998,Short
1686032100,1686035100.0,1960.38,1958.91,1958.91,1954.5,Short
1686035700,1686038700.0,1960.8,1959.58,1959.58,1955.9199999999998,Short
1686039000,1686039030.0,1958.89,1957.5,1963.0600000000004,1958.89,Long
1686039900,1686041100.0,1957.93,1957.42,1957.42,1955.89,Short
1686042300,1686043500.0,1961.12,1960.17,1960.17,1957.3200000000006,Short
1686044100,1686058200.0,1963.38,1961.24,1969.8000000000004,1963.38,Long
1686058500,1686066900.0,1964.61,1962.71,1962.71,1957.0100000000004,Short
1686067200,1686067500.0,1964.07,1962.9,1967.5799999999995,1964.07,Long
1686068700,1686069300.0,1963.25,1962.0,1962.0,1958.25,Short
1686070500,1686080700.0,1963.0,1962.49,1964.53,1963.0,Long
1686081000,1686081030.0,1962.66,1961.7,1961.7,1958.82,Short
1686082200,1686082800.0,1963.42,1962.4,1962.4,1959.3400000000001,Short
1686084000,1686084600.0,1963.18,1962.0,1966.7200000000003,1963.18,Long
1686084900,1686084930.0,1963.07,1962.2,1962.2,1959.5900000000004,Short
1686089400,1686089700.0,1963.44,1962.3,1962.3,1958.8799999999997,Short
1686090600,1686095700.0,1964.38,1963.4,1963.4,1960.46,Short
1686096300,1686104700.0,1963.69,1963.15,1965.31,1963.69,Long
1686106500,1686106800.0,1964.5,1963.4,1967.7999999999997,1964.5,Long
1686107400,1686109800.0,1964.13,1963.57,1963.57,1961.8899999999994,Short
1686110400,1686111900.0,1963.49,1962.3,1967.0600000000002,1963.49,Long
1686113700,1686129900.0,1964.23,1963.1,1963.1,1959.7099999999996,Short
1686130500,1686130800.0,1963.92,1962.82,1962.82,1959.5199999999995,Short
1686131100,1686131130.0,1962.62,1961.89,1964.8099999999993,1962.62,Long
1686132000,1686140100.0,1964.35,1963.44,1967.0799999999995,1964.35,Long
1686141300,1686145200.0,1960.15,1958.39,1958.39,1953.1100000000001,Short
1686147600,1686175200.0,1967.2,1963.01,1963.01,1950.4399999999998,Short
1686176700,1686180900.0,1942.64,1942.12,1942.12,1940.5599999999993,Short
1686181800,1686204000.0,1944.31,1942.6,1949.44,1944.31,Long
1686204900,1686206100.0,1945.3,1944.32,1944.32,1941.3799999999999,Short
1686206700,1686206730.0,1946.19,1945.27,1948.9500000000003,1946.19,Long
1686208500,1686210600.0,1946.44,1945.08,1945.08,1940.9999999999995,Short
1686211500,1686216300.0,1948.0,1946.66,1952.0199999999998,1948.0,Long
1686216900,1686218100.0,1947.23,1945.92,1945.92,1941.9900000000002,Short
1686219300,1686221400.0,1946.94,1945.6,1950.9600000000005,1946.94,Long
1686222000,1686222900.0,1946.68,1945.8,1949.3200000000004,1946.68,Long
1686223200,1686223800.0,1945.9,1945.47,1945.47,1944.1799999999998,Short
1686224400,1686225300.0,1946.09,1945.03,1949.2699999999998,1946.09,Long
1686225900,1686225930.0,1946.92,1946.28,1948.8400000000004,1946.92,Long
1686226500,1686226800.0,1947.33,1946.36,1946.36,1943.4499999999998,Short
1686227100,1686245700.0,1947.4,1946.26,1950.8200000000004,1947.4,Long
1686246900,1686261600.0,1963.4,1961.97,1961.97,1957.6799999999998,Short
1686262200,1686268500.0,1966.22,1965.1,1969.5800000000004,1966.22,Long
1686269100,1686269130.0,1965.27,1964.56,1964.56,1962.4299999999998,Short
1686269700,1686269730.0,1965.02,1964.29,1964.29,1962.1,Short
1686270300,1686271500.0,1964.95,1963.9,1968.1,1964.95,Long
1686272100,1686286800.0,1964.65,1964.13,1964.13,1962.5700000000002,Short
1686289200,1686289800.0,1964.37,1962.8,1969.0799999999997,1964.37,Long
1686291000,1686293700.0,1965.15,1964.09,1968.3300000000006,1965.15,Long
1686294000,1686294030.0,1965.72,1963.8,1963.8,1958.0399999999997,Short
1686294900,1686295200.0,1965.22,1963.9,1963.9,1959.9400000000003,Short
1686295500,1686295530.0,1964.18,1963.0,1967.7200000000003,1964.18,Long
1686297300,1686303000.0,1964.79,1963.5,1963.5,1959.63,Short
1686303300,1686303330.0,1963.4,1962.65,1965.65,1963.4,Long
1686303900,1686305700.0,1963.7,1962.9,1962.9,1960.5000000000002,Short
1686306600,1686308700.0,1964.9,1963.92,1963.92,1960.98,Short
1686309000,1686309030.0,1963.81,1963.05,1966.09,1963.81,Long
1686309900,1686317400.0,1965.29,1964.04,1969.04,1965.29,Long
1686317700,1686319500.0,1963.74,1961.53,1961.53,1954.8999999999999,Short
1686320400,1686323100.0,1964.63,1962.7,1970.4200000000003,1964.63,Long
1686323400,1686323430.0,1965.22,1964.33,1964.33,1961.6599999999996,Short
1686324300,1686332400.0,1964.29,1962.76,1962.76,1958.17,Short
1686333600,1686334500.0,1961.6,1960.5,1964.8999999999996,1961.6,Long
1686335100,1686517200.0,1962.51,1962.03,1962.03,1960.59,Short
1686520800,1686546000.0,1962.45,1962.45,1962.45,1962.45,Long
1686547800,1686572700.0,1959.5,1958.17,1963.4899999999998,1959.5,Long
1686574200,1686592200.0,1964.13,1961.25,1961.25,1952.6099999999997,Short
1686593700,1686597000.0,1956.55,1955.92,1958.4399999999996,1956.55,Long
1686597600,1686597900.0,1956.23,1955.85,1957.3700000000003,1956.23,Long
1686598200,1686598800.0,1957.63,1956.63,1956.63,1953.63,Short
1686599700,1686617400.0,1958.54,1957.3,1962.26,1958.54,Long
1686618300,1686618900.0,1958.74,1957.69,1961.8899999999999,1958.74,Long
1686619200,1686619230.0,1959.5,1958.6,1958.6,1955.8999999999996,Short
1686620100,1686620130.0,1958.74,1957.2,1963.36,1958.74,Long
1686620700,1686620730.0,1957.48,1956.79,1959.5500000000002,1957.48,Long
1686622200,1686622230.0,1957.22,1955.6,1955.6,1950.7399999999996,Short
1686623700,1686625500.0,1957.53,1956.95,1959.2699999999998,1957.53,Long
1686626400,1686626700.0,1959.63,1958.45,1958.45,1954.9099999999999,Short
1686627600,1686627630.0,1960.88,1959.9,1959.9,1956.96,Short
1686629100,1686657900.0,1962.04,1960.6,1966.3600000000001,1962.04,Long
1686658800,1686659100.0,1960.21,1958.33,1958.33,1952.6899999999996,Short
1686659400,1686659700.0,1961.58,1958.14,1971.8999999999994,1961.58,Long
1686661200,1686661230.0,1960.66,1958.91,1965.91,1960.66,Long
1686663000,1686663030.0,1960.94,1958.32,1968.8000000000004,1960.94,Long
1686664200,1686686100.0,1957.63,1954.3,1954.3,1944.3099999999995,Short
1686686700,1686686730.0,1943.73,1942.64,1946.9999999999998,1943.73,Long
1686688200,1686695400.0,1943.41,1942.6,1942.6,1940.1699999999994,Short
1686696000,1686697800.0,1944.97,1943.9,1948.1799999999998,1944.97,Long
1686698100,1686698130.0,1943.31,1942.1,1942.1,1938.4699999999998,Short
1686699300,1686721800.0,1943.28,1942.3,1946.22,1943.28,Long
1686722400,1686722430.0,1946.45,1946.05,1946.05,1944.8499999999997,Short
1686723600,1686723630.0,1947.63,1946.04,1952.4000000000005,1947.63,Long
1686725100,1686726900.0,1946.14,1945.66,1945.66,1944.22,Short
1686727200,1686741900.0,1946.24,1944.8,1950.5600000000002,1946.24,Long
1686742800,1686745500.0,1946.56,1945.83,1945.83,1943.6399999999999,Short
1686746400,1686761100.0,1954.28,1948.67,1971.1099999999997,1954.28,Long
1686761700,1686762600.0,1955.72,1955.2,1955.2,1953.64,Short
1686762900,1686762930.0,1955.53,1954.66,1958.1399999999996,1955.53,Long
1686763800,1686807300.0,1955.61,1954.4,1954.4,1950.7700000000007,Short
1686807600,1686810600.0,1935.61,1934.86,1937.86,1935.61,Long
1686810900,1686810930.0,1935.02,1933.16,1933.16,1927.5800000000004,Short
1686811500,1686816300.0,1934.75,1933.93,1933.93,1931.4700000000003,Short
1686816600,1686816630.0,1934.45,1933.17,1938.29,1934.45,Long
1686817200,1686820200.0,1934.15,1932.58,1932.58,1927.8699999999994,Short
1686824700,1686825600.0,1936.41,1932.8,1932.8,1921.9699999999996,Short
1686826800,1686828300.0,1934.75,1933.41,1938.7699999999998,1934.75,Long
1686828600,1686832800.0,1931.98,1931.22,1931.22,1928.94,Short
1686834300,1686853800.0,1935.74,1930.14,1952.5399999999997,1935.74,Long
1686855300,1686859800.0,1957.6,1956.7,1960.2999999999995,1957.6,Long
1686862200,1686870300.0,1957.94,1956.9,1956.9,1953.7800000000002,Short
1686873000,1686874500.0,1959.18,1957.2,1965.1200000000001,1959.18,Long
1686877200,1686879000.0,1957.72,1955.8,1955.8,1950.0399999999997,Short
1686880500,1686880800.0,1961.7,1960.56,1965.1200000000003,1961.7,Long
1686882300,1686882900.0,1958.92,1957.64,1962.76,1958.92,Long
1686883200,1686893100.0,1958.53,1957.92,1957.92,1956.0900000000004,Short
1686893400,1686893430.0,1956.71,1955.58,1960.1000000000004,1956.71,Long
1686894000,1686895200.0,1957.48,1956.63,1956.63,1954.0800000000004,Short
1686896100,1686919800.0,1960.05,1958.3,1965.3,1960.05,Long
1686921000,1686923700.0,1963.27,1962.08,1962.08,1958.5099999999998,Short
1686924300,1686936900.0,1965.3,1959.37,1959.37,1941.5799999999997,Short
1686937200,1686937230.0,1958.66,1958.22,1959.9800000000002,1958.66,Long
1686938100,1686939600.0,1959.38,1957.94,1957.94,1953.62,Short
1686940800,1686941700.0,1958.81,1957.94,1961.4199999999996,1958.81,Long
1686942600,1686945900.0,1957.55,1956.8,1956.8,1954.55,Short
1686946800,1687125900.0,1956.33,1955.99,1957.3499999999997,1956.33,Long
1687127700,1687132800.0,1961.0,1957.26,1957.26,1946.04,Short
1687133100,1687133130.0,1957.47,1956.5,1960.38,1957.47,Long
1687133700,1687136400.0,1958.02,1957.1,1960.7800000000002,1958.02,Long
1687137300,1687137600.0,1956.85,1956.2,1958.7999999999995,1956.85,Long
1687140600,1687150500.0,1957.86,1955.0,1955.0,1946.4200000000003,Short
1687151700,1687151730.0,1957.29,1956.2,1956.2,1952.9300000000003,Short
1687152900,1687161000.0,1957.16,1955.8,1955.8,1951.7199999999996,Short
1687162800,1687164600.0,1957.75,1955.1,1965.7000000000003,1957.75,Long
1687164900,1687182300.0,1957.69,1956.98,1956.98,1954.85,Short
1687182900,1687182930.0,1953.07,1952.78,1952.78,1951.91,Short
1687184400,1687191900.0,1951.46,1950.82,1953.3800000000003,1951.46,Long
1687192200,1687192230.0,1951.34,1950.84,1950.84,1949.34,Short
1687195500,1687212000.0,1950.54,1949.2,1949.2,1945.1800000000003,Short
1687213200,1687216500.0,1953.77,1952.58,1952.58,1949.0099999999998,Short
1687216800,1687223400.0,1951.51,1951.42,1951.7799999999997,1951.51,Long
1687224300,1687235400.0,1949.51,1948.56,1948.56,1945.7099999999998,Short
1687236600,1687239000.0,1951.05,1949.5,1949.5,1944.8500000000001,Short
1687239300,1687239330.0,1948.15,1947.33,1950.6100000000006,1948.15,Long
1687241700,1687256400.0,1949.44,1948.43,1952.47,1949.44,Long
1687256700,1687257000.0,1952.66,1951.27,1951.27,1947.0999999999997,Short
1687258800,1687260000.0,1951.94,1951.6,1952.9600000000005,1951.94,Long
1687260600,1687263300.0,1952.07,1951.36,1951.36,1949.2299999999998,Short
1687263900,1687282800.0,1954.36,1952.5,1952.5,1946.9200000000003,Short
1687283400,1687291800.0,1936.94,1936.34,1938.7400000000005,1936.94,Long
1687292400,1687299000.0,1936.34,1935.4,1935.4,1932.5800000000006,Short
1687299300,1687300500.0,1936.92,1936.49,1938.2100000000003,1936.92,Long
1687301400,1687301430.0,1936.94,1936.0,1939.7600000000002,1936.94,Long
1687303800,1687304700.0,1938.77,1935.9,1947.3799999999997,1938.77,Long
1687305600,1687306500.0,1937.71,1936.86,1936.86,1934.3099999999995,Short
1687306800,1687308000.0,1937.32,1936.75,1939.0299999999997,1937.32,Long
1687308900,1687309200.0,1937.8,1936.6,1936.6,1932.9999999999998,Short
1687310100,1687314000.0,1937.38,1936.0,1941.5200000000004,1937.38,Long
1687314600,1687316100.0,1937.81,1937.0,1940.2399999999998,1937.81,Long
1687316400,1687316430.0,1937.57,1936.75,1936.75,1934.2900000000002,Short
1687317300,1687319700.0,1937.61,1937.2,1937.2,1935.9700000000005,Short
1687320000,1687320030.0,1937.4,1936.3,1940.7000000000005,1937.4,Long
1687322700,1687332600.0,1936.77,1935.0,1935.0,1929.69,Short
1687333200,1687339500.0,1937.33,1936.0,1936.0,1932.0100000000002,Short
1687340700,1687341900.0,1935.67,1934.32,1934.32,1930.2699999999995,Short
1687342800,1687344900.0,1933.6,1932.91,1935.6699999999994,1933.6,Long
1687346700,1687347900.0,1934.97,1933.68,1933.68,1929.8100000000002,Short
1687348200,1687348230.0,1934.79,1934.08,1936.92,1934.79,Long
1687349400,1687364700.0,1935.17,1934.03,1934.03,1930.6099999999997,Short
1687365300,1687378500.0,1933.64,1932.95,1935.7100000000003,1933.64,Long
1687379100,1687379400.0,1933.14,1932.51,1935.0300000000004,1933.14,Long
1687380300,1687386900.0,1932.39,1932.09,1932.09,1931.1899999999994,Short
1687387200,1687387230.0,1933.92,1933.1,1936.3800000000006,1933.92,Long
1687389900,1687396200.0,1934.25,1932.2,1932.2,1926.0500000000002,Short
1687396800,1687397400.0,1933.22,1931.9,1931.9,1927.9400000000003,Short
1687398600,1687399500.0,1933.92,1931.7,1940.5800000000002,1933.92,Long
1687399800,1687402800.0,1932.98,1932.54,1932.54,1931.2199999999998,Short
1687404900,1687427400.0,1933.49,1932.5,1932.5,1929.53,Short
1687428300,1687431600.0,1929.03,1928.28,1928.28,1926.03,Short
1687432800,1687432830.0,1929.52,1928.3,1933.18,1929.52,Long
1687433400,1687436700.0,1928.13,1926.2,1926.2,1920.4099999999999,Short
1687437300,1687437330.0,1930.21,1926.25,1942.0900000000001,1930.21,Long
1687438500,1687462200.0,1926.64,1925.22,1925.22,1920.9599999999998,Short
1687462500,1687463100.0,1914.69,1913.6,1917.9600000000005,1914.69,Long
1687463700,1687463730.0,1914.42,1913.61,1913.61,1911.1799999999994,Short
1687465200,1687471500.0,1913.84,1913.54,1913.54,1912.64,Short
1687471800,1687471830.0,1914.14,1913.3,1916.6600000000005,1914.14,Long
1687472400,1687476600.0,1913.82,1912.9,1912.9,1910.1400000000006,Short
1687479300,1687484700.0,1914.72,1913.6,1918.0800000000004,1914.72,Long
1687485000,1687494900.0,1913.14,1912.0,1912.0,1908.5799999999997,Short
1687495200,1687511100.0,1915.49,1914.1,1919.6600000000003,1915.49,Long
1687512000,1687537200.0,1917.84,1916.3,1922.4599999999998,1917.84,Long
1687537800,1687553100.0,1921.2,1920.3,1920.3,1917.5999999999997,Short
1687719600,1687743900.0,1920.79,1920.79,1920.79,1920.79,Long
1687744500,1687744800.0,1927.93,1926.44,1932.4,1927.93,Long
1687745100,1687745130.0,1925.72,1924.33,1924.33,1920.1599999999996,Short
1687746300,1687752000.0,1926.0,1925.11,1928.6700000000003,1926.0,Long
1687752600,1687758900.0,1925.31,1924.4,1924.4,1921.6700000000005,Short
1687759200,1687760100.0,1926.75,1926.0,1929.0,1926.75,Long
1687761900,1687763100.0,1923.54,1922.2,1922.2,1918.1800000000003,Short
1687763400,1687783800.0,1924.36,1923.01,1928.4099999999996,1924.36,Long
1687785000,1687801500.0,1931.92,1930.1,1930.1,1924.6399999999994,Short
1687802100,1687803000.0,1925.2,1923.9,1929.1,1925.2,Long
1687803600,1687804500.0,1924.68,1924.04,1924.04,1922.1199999999997,Short
1687806300,1687806330.0,1923.33,1922.5,1925.8199999999997,1923.33,Long
1687807800,1687817400.0,1923.25,1921.6,1921.6,1916.6499999999996,Short
1687817700,1687818300.0,1923.87,1923.57,1924.7699999999998,1923.87,Long
1687818900,1687818930.0,1923.63,1923.2,1924.9200000000003,1923.63,Long
1687820100,1687825200.0,1924.49,1923.78,1923.78,1921.6499999999999,Short
1687825500,1687826700.0,1922.74,1922.39,1923.7899999999997,1922.74,Long
1687827000,1687827300.0,1923.08,1922.34,1922.34,1920.12,Short
1687828800,1687844700.0,1924.61,1923.61,1927.61,1924.61,Long
1687845300,1687848900.0,1926.44,1925.53,1925.53,1922.7999999999997,Short
1687850700,1687868100.0,1928.98,1928.3,1928.3,1926.2599999999998,Short
1687869300,1687869900.0,1928.96,1925.75,1938.5900000000001,1928.96,Long
1687873500,1687873530.0,1926.22,1924.68,1930.84,1926.22,Long
1687875000,1687893300.0,1923.12,1916.08,1916.08,1894.96,Short
1687894800,1687894830.0,1915.74,1915.36,1916.8800000000003,1915.74,Long
1687896900,1687896930.0,1913.26,1912.4,1915.8399999999997,1913.26,Long
1687897800,1687903500.0,1913.77,1912.6,1912.6,1909.0899999999997,Short
1687904700,1687904730.0,1914.8,1913.9,1913.9,1911.2000000000005,Short
1687906800,1687912200.0,1914.9,1913.8,1918.2000000000005,1914.9,Long
1687913700,1687918500.0,1915.68,1914.9,1918.02,1915.68,Long
1687918800,1687920000.0,1915.85,1914.7,1914.7,1911.2500000000005,Short
1687920900,1687924200.0,1915.89,1914.7,1919.4600000000003,1915.89,Long
1687924800,1687929300.0,1915.48,1914.86,1914.86,1912.9999999999995,Short
1687930200,1687930800.0,1915.7,1915.24,1917.0800000000002,1915.7,Long
1687931400,1687931430.0,1915.73,1914.6,1919.1200000000003,1915.73,Long
1687932300,1687932600.0,1915.73,1915.2,1917.32,1915.73,Long
1687933500,1687958700.0,1915.19,1912.3,1912.3,1903.6299999999997,Short
1687960200,1687960230.0,1909.59,1903.46,1903.46,1885.0700000000004,Short
1687961100,1687963500.0,1910.69,1908.12,1918.4000000000005,1910.69,Long
1687964400,1687980300.0,1907.11,1905.54,1911.8199999999997,1907.11,Long
1687980600,1687999800.0,1909.91,1909.65,1909.65,1908.8700000000001,Short
1688001300,1688004000.0,1911.01,1910.35,1912.9900000000002,1911.01,Long
1688005500,1688022600.0,1906.29,1905.1,1905.1,1901.5299999999997,Short
1688023500,1688025600.0,1905.52,1903.9,1910.3799999999997,1905.52,Long
1688026500,1688029800.0,1905.35,1904.45,1908.0499999999995,1905.35,Long
1688030700,1688031300.0,1905.25,1904.41,1907.7699999999998,1905.25,Long
1688031900,1688041500.0,1904.55,1904.21,1905.5699999999997,1904.55,Long
1688043000,1688047500.0,1911.51,1898.23,1898.23,1858.39,Short
1688047800,1688048700.0,1903.94,1900.17,1915.25,1903.94,Long
1688050500,1688052600.0,1913.0,1908.7,1925.8999999999999,1913.0,Long
1688052900,1688056500.0,1911.62,1910.59,1910.59,1907.5,Short
1688057700,1688062500.0,1909.86,1908.59,1913.6699999999998,1909.86,Long
1688062800,1688063100.0,1908.03,1907.31,1907.31,1905.1499999999999,Short
1688064600,1688079900.0,1907.99,1907.58,1907.58,1906.3499999999997,Short
1688081100,1688088300.0,1908.57,1907.5,1911.7799999999997,1908.57,Long
1688089500,1688090100.0,1908.22,1906.7,1906.7,1902.14,Short
1688092200,1688093100.0,1909.04,1908.39,1910.9899999999996,1909.04,Long
1688093700,1688094300.0,1909.54,1908.32,1908.32,1904.6599999999999,Short
1688094600,1688095200.0,1908.26,1907.96,1909.1599999999999,1908.26,Long
1688096700,1688096730.0,1909.15,1908.2,1912.0000000000002,1909.15,Long
1688098200,1688100900.0,1908.6,1907.1,1907.1,1902.6,Short
1688101200,1688101230.0,1908.32,1908.07,1909.07,1908.32,Long
1688103000,1688103900.0,1908.98,1908.0,1911.92,1908.98,Long
1688104200,1688119500.0,1909.03,1908.7,1908.7,1907.7100000000003,Short
1688120100,1688120400.0,1905.66,1904.66,1904.66,1901.66,Short
1688121000,1688121900.0,1905.68,1904.0,1910.7200000000003,1905.68,Long
1688124300,1688126100.0,1906.5,1905.6,1905.6,1902.8999999999996,Short
1688127000,1688155500.0,1905.39,1904.94,1906.7400000000002,1905.39,Long
1688156400,1688157300.0,1918.85,1917.7,1917.7,1914.2500000000005,Short
1688157600,1688158800.0,1918.61,1917.8,1921.0399999999997,1918.61,Long
1688324400,1688337000.0,1919.2,1919.2,1919.2,1919.2,Long
1688340600,1688355900.0,1919.28,1917.5,1917.5,1912.16,Short
1688357100,1688363400.0,1918.97,1917.89,1922.2099999999998,1918.97,Long
1688364600,1688367300.0,1917.5,1916.3,1916.3,1912.6999999999998,Short
1688369100,1688369130.0,1915.13,1914.46,1917.1400000000003,1915.13,Long
1688371500,1688381100.0,1913.19,1911.5,1911.5,1906.4299999999998,Short
1688383500,1688384700.0,1912.44,1912.1,1912.1,1911.0799999999995,Short
1688385000,1688385030.0,1912.97,1911.7,1916.78,1912.97,Long
1688385900,1688385930.0,1913.16,1912.28,1912.28,1909.6399999999996,Short
1688386800,1688403600.0,1913.17,1912.26,1915.9000000000003,1913.17,Long
1688405100,1688421900.0,1921.95,1920.8,1920.8,1917.3499999999997,Short
1688423700,1688424900.0,1921.36,1921.17,1921.9299999999994,1921.36,Long
1688425500,1688425530.0,1921.17,1919.97,1924.7700000000002,1921.17,Long
1688426700,1688428200.0,1920.95,1920.0,1920.0,1917.1499999999999,Short
1688428500,1688428530.0,1921.27,1921.02,1922.02,1921.27,Long
1688430000,1688430600.0,1921.56,1920.6,1920.6,1917.7199999999998,Short
1688431200,1688431230.0,1921.39,1920.5,1924.0600000000004,1921.39,Long
1688433300,1688434200.0,1920.96,1920.16,1923.36,1920.96,Long
1688434800,1688436000.0,1921.96,1921.32,1923.8800000000003,1921.96,Long
1688437200,1688437500.0,1921.24,1920.95,1922.11,1921.24,Long
1688437800,1688438100.0,1921.75,1921.29,1921.29,1919.9099999999999,Short
1688438400,1688473500.0,1921.39,1921.22,1921.9000000000003,1921.39,Long
1688476500,1688513400.0,1927.42,1926.0,1926.0,1921.7399999999998,Short
1688514600,1688521200.0,1926.02,1925.3,1928.18,1926.02,Long
1688521800,1688533800.0,1925.14,1923.7,1923.7,1919.3799999999999,Short
1688534400,1688535000.0,1925.95,1924.5,1930.3000000000002,1925.95,Long
1688536800,1688537400.0,1925.76,1925.24,1927.32,1925.76,Long
1688538300,1688542200.0,1923.17,1922.55,1922.55,1920.6899999999996,Short
1688542800,1688564400.0,1924.74,1923.4,1928.7599999999998,1924.74,Long
1688565600,1688565630.0,1924.53,1922.5,1930.62,1924.53,Long
1688566200,1688567400.0,1924.87,1922.96,1930.5999999999995,1924.87,Long
1688568900,1688569200.0,1920.72,1918.7,1918.7,1912.64,Short
1688569500,1688569530.0,1923.1,1922.28,1925.5599999999997,1923.1,Long
1688570100,1688570400.0,1923.69,1922.0,1928.7600000000002,1923.69,Long
1688571600,1688598900.0,1924.57,1923.88,1923.88,1921.8100000000006,Short
1688600100,1688602500.0,1917.11,1916.1,1920.1399999999999,1917.11,Long
1688602800,1688603100.0,1917.34,1916.4,1916.4,1913.5800000000006,Short
1688603700,1688604600.0,1916.8,1916.44,1916.44,1915.3600000000004,Short
1688605200,1688645400.0,1917.27,1915.8,1921.68,1917.27,Long
1688646300,1688660700.0,1925.42,1909.31,1909.31,1860.9799999999996,Short
1688661600,1688664000.0,1909.63,1909.0,1911.5200000000004,1909.63,Long
1688664600,1688666700.0,1910.12,1909.3,1909.3,1906.8400000000001,Short
1688667000,1688672400.0,1910.45,1909.75,1912.5500000000002,1910.45,Long
1688672700,1688672730.0,1911.12,1910.4,1910.4,1908.2400000000007,Short
1688675700,1688676900.0,1910.33,1909.2,1913.7199999999996,1910.33,Long
1688677200,1688677230.0,1910.8,1910.2,1910.2,1908.4000000000003,Short
1688681100,1688681130.0,1910.71,1909.7,1909.7,1906.67,Short
1688682900,1688689800.0,1910.31,1909.0,1914.2399999999998,1910.31,Long
1688690400,1688691000.0,1911.03,1909.8,1909.8,1906.11,Short
1688691600,1688694300.0,1910.62,1909.83,1912.9899999999998,1910.62,Long
1688694600,1688695200.0,1911.63,1911.3,1911.3,1910.3099999999995,Short
1688695500,1688697600.0,1910.53,1910.21,1911.4899999999998,1910.53,Long
1688698800,1688699700.0,1910.77,1909.8,1913.68,1910.77,Long
1688701200,1688704500.0,1911.1,1910.68,1910.68,1909.4200000000005,Short
1688704800,1688753400.0,1911.92,1910.9,1914.98,1911.92,Long
1688754600,1688940300.0,1926.06,1925.45,1925.45,1923.6200000000003,Short
1688941200,1688941230.0,1927.58,1926.3,1926.3,1922.46,Short
1688944500,1688950500.0,1927.16,1923.2,1923.2,1911.32,Short
1688950800,1688952300.0,1924.39,1923.4,1927.3600000000001,1924.39,Long
1688953200,1688953230.0,1924.75,1924.25,1924.25,1922.75,Short
1688954100,1688962500.0,1925.32,1924.85,1924.85,1923.4399999999998,Short
1688963700,1688973600.0,1923.38,1922.79,1922.79,1921.0199999999995,Short
1688974200,1688976900.0,1924.81,1923.99,1927.2699999999998,1924.81,Long
1688977800,1688977830.0,1924.23,1923.53,1926.3300000000002,1924.23,Long
1688979300,1688985300.0,1924.66,1924.13,1926.25,1924.66,Long
1688986200,1688986230.0,1923.1,1922.75,1924.1499999999996,1923.1,Long
1688987700,1688988000.0,1924.04,1923.47,1923.47,1921.7600000000002,Short
1688988600,1688988630.0,1924.61,1924.32,1925.4799999999998,1924.61,Long
1688989500,1688997600.0,1924.36,1923.79,1923.79,1922.0800000000002,Short
1688998200,1688998500.0,1924.22,1921.8,1931.4800000000002,1924.22,Long
1688998800,1689005700.0,1924.9,1923.94,1923.94,1921.06,Short
1689006300,1689022500.0,1924.28,1923.52,1926.56,1924.28,Long
1689027300,1689030300.0,1925.26,1924.4,1924.4,1921.8200000000004,Short
1689030600,1689031200.0,1925.27,1924.3,1928.18,1925.27,Long
1689032400,1689033900.0,1925.47,1923.7,1923.7,1918.39,Short
1689035400,1689035430.0,1926.99,1926.4,1928.7599999999998,1926.99,Long
1689036600,1689041100.0,1926.09,1924.9,1929.6599999999994,1926.09,Long
1689042600,1689072600.0,1925.92,1924.3,1930.7800000000004,1925.92,Long
1689072900,1689073500.0,1935.82,1935.16,1935.16,1933.1800000000005,Short
1689074100,1689077700.0,1935.91,1935.08,1938.4000000000005,1935.91,Long
1689078300,1689093600.0,1934.51,1932.98,1932.98,1928.39,Short
1689093900,1689094800.0,1932.15,1931.2,1935.0000000000002,1932.15,Long
1689095700,1689096300.0,1932.32,1931.1,1931.1,1927.4399999999998,Short
1689096600,1689096630.0,1932.32,1931.0,1936.2799999999997,1932.32,Long
1689097800,1689097830.0,1932.31,1931.67,1934.2299999999996,1932.31,Long
1689099000,1689101700.0,1932.23,1931.83,1931.83,1930.6299999999997,Short
1689102900,1689104100.0,1931.94,1931.64,1932.84,1931.94,Long
1689104700,1689105000.0,1932.07,1930.9,1930.9,1927.3900000000006,Short
1689108000,1689108600.0,1932.43,1930.9,1937.02,1932.43,Long
1689109200,1689112800.0,1932.29,1931.3,1931.3,1928.33,Short
1689113700,1689142800.0,1932.35,1931.4,1935.1999999999994,1932.35,Long
1689143700,1689161100.0,1938.28,1936.86,1936.86,1932.5999999999997,Short
1689161400,1689162300.0,1934.21,1933.78,1935.5000000000002,1934.21,Long
1689162600,1689162630.0,1935.59,1935.13,1935.13,1933.7500000000007,Short
1689164400,1689164430.0,1934.45,1933.7,1936.7,1934.45,Long
1689165300,1689193800.0,1946.22,1933.53,1984.2900000000002,1946.22,Long
1689194700,1689200100.0,1957.91,1957.0,1957.0,1954.2699999999998,Short
1689201300,1689204900.0,1957.98,1956.6,1962.1200000000003,1957.98,Long
1689205200,1689205230.0,1957.76,1956.7,1956.7,1953.5200000000002,Short
1689207600,1689207900.0,1958.79,1957.86,1961.5800000000002,1958.79,Long
1689208800,1689210300.0,1957.67,1956.5,1956.5,1952.9899999999998,Short
1689210900,1689211800.0,1958.95,1957.94,1957.94,1954.91,Short
1689213300,1689224100.0,1959.81,1957.09,1967.97,1959.81,Long
1689225000,1689225600.0,1956.38,1955.45,1955.45,1952.6599999999999,Short
1689226800,1689228900.0,1958.26,1957.09,1957.09,1953.5799999999997,Short
1689229200,1689232500.0,1959.08,1958.15,1961.8699999999994,1959.08,Long
1689234000,1689237900.0,1961.54,1959.54,1967.54,1961.54,Long
1689239700,1689243600.0,1961.24,1959.1,1967.6600000000003,1961.24,Long
1689243900,1689253500.0,1959.66,1959.29,1959.29,1958.1799999999996,Short
1689254700,1689256800.0,1960.53,1959.47,1959.47,1956.2900000000002,Short
1689257100,1689257400.0,1958.76,1957.0,1964.04,1958.76,Long
1689257700,1689258600.0,1961.29,1959.1,1959.1,1952.5299999999997,Short
1689259800,1689260100.0,1960.55,1958.29,1967.33,1960.55,Long
1689261300,1689263100.0,1960.0,1959.46,1961.62,1960.0,Long
1689263400,1689266100.0,1959.58,1958.88,1958.88,1956.7800000000007,Short
1689267000,1689267900.0,1958.97,1957.6,1963.0800000000004,1958.97,Long
1689268500,1689268530.0,1958.58,1956.9,1963.6199999999994,1958.58,Long
1689269700,1689269730.0,1959.37,1957.74,1957.74,1952.8500000000004,Short
1689271200,1689271800.0,1960.36,1958.4,1966.2399999999993,1960.36,Long
1689273000,1689273600.0,1959.91,1958.97,1962.7300000000002,1959.91,Long
1689274800,1689275100.0,1960.05,1959.57,1959.57,1958.1299999999999,Short
1689275400,1689276000.0,1960.36,1959.3,1963.5399999999997,1960.36,Long
1689276300,1689277500.0,1960.31,1959.1,1959.1,1955.4699999999998,Short
1689281100,1689288600.0,1960.51,1959.2,1964.4399999999998,1960.51,Long
1689289200,1689292800.0,1960.06,1959.2,1962.6399999999996,1960.06,Long
1689293400,1689293430.0,1960.36,1958.8,1958.8,1954.1200000000001,Short
1689294300,1689297600.0,1960.31,1959.44,1959.44,1956.8300000000004,Short
1689298800,1689312600.0,1961.64,1960.31,1965.6300000000006,1961.64,Long
1689313500,1689332400.0,1960.91,1958.09,1958.09,1949.6299999999994,Short
1689333000,1689337800.0,1957.22,1956.25,1960.13,1957.22,Long
1689338700,1689338730.0,1958.41,1957.45,1957.45,1954.57,Short
1689340800,1689340830.0,1957.13,1954.82,1954.82,1947.8899999999994,Short
1689341400,1689342900.0,1956.7,1955.27,1960.9900000000002,1956.7,Long
1689344100,1689345000.0,1960.39,1951.1,1951.1,1923.2299999999993,Short
1689345600,1689348600.0,1957.07,1953.82,1966.82,1957.07,Long
1689349500,1689350100.0,1959.12,1956.7,1956.7,1949.4400000000005,Short
1689350400,1689350430.0,1958.6,1957.3,1962.4999999999998,1958.6,Long
1689351900,1689352800.0,1958.84,1957.4,1957.4,1953.0800000000006,Short
1689353400,1689360600.0,1958.56,1958.06,1960.06,1958.56,Long
1689362400,1689556500.0,1959.28,1957.4,1957.4,1951.7600000000004,Short
1689557400,1689562200.0,1955.75,1954.36,1954.36,1950.1899999999996,Short
1689562500,1689562800.0,1953.08,1952.2,1955.7199999999996,1953.08,Long
1689563100,1689563130.0,1953.67,1953.01,1953.01,1951.0299999999997,Short
1689564300,1689564600.0,1952.67,1951.7,1951.7,1948.79,Short
1689564900,1689564930.0,1952.35,1951.59,1954.6299999999999,1952.35,Long
1689565800,1689565830.0,1952.19,1951.0,1955.7600000000002,1952.19,Long
1689566700,1689570600.0,1952.22,1951.3,1951.3,1948.5399999999997,Short
1689571200,1689577500.0,1954.79,1954.2,1956.5599999999997,1954.79,Long
1689577800,1689579000.0,1954.86,1953.64,1953.64,1949.9800000000007,Short
1689579600,1689580500.0,1952.87,1951.55,1951.55,1947.5900000000001,Short
1689582000,1689585300.0,1954.47,1952.64,1959.9599999999998,1954.47,Long
1689586200,1689596700.0,1955.14,1954.31,1957.6300000000006,1955.14,Long
1689597000,1689611100.0,1954.97,1953.3,1953.3,1948.2899999999997,Short
1689612000,1689624300.0,1955.39,1954.92,1956.8000000000002,1955.39,Long
1689624900,1689624930.0,1954.93,1953.7,1953.7,1950.01,Short
1689627300,1689631200.0,1954.91,1953.8,1953.8,1950.4699999999996,Short
1689633000,1689635100.0,1954.72,1953.8,1957.4800000000002,1954.72,Long
1689636300,1689637200.0,1955.48,1955.36,1955.8400000000004,1955.48,Long
1689638400,1689639300.0,1955.94,1954.5,1954.5,1950.1799999999998,Short
1689640200,1689680100.0,1955.55,1954.7,1958.0999999999997,1955.55,Long
1689681000,1689704400.0,1963.2,1961.23,1969.1100000000001,1963.2,Long
1689704700,1689710700.0,1977.37,1976.73,1976.73,1974.8100000000004,Short
1689711300,1689713100.0,1978.15,1977.66,1977.66,1976.19,Short
1689713400,1689725100.0,1978.59,1978.27,1979.5499999999997,1978.59,Long
1689727200,1689728700.0,1978.3,1976.5,1983.6999999999998,1978.3,Long
1689729000,1689745800.0,1978.33,1977.25,1977.25,1974.0100000000002,Short
1689746100,1689747900.0,1977.3,1976.28,1980.36,1977.3,Long
1689751200,1689760500.0,1980.27,1979.26,1983.3,1980.27,Long
1689761100,1689762000.0,1977.33,1976.2,1976.2,1972.8100000000004,Short
1689765900,1689769500.0,1972.74,1972.27,1972.27,1970.86,Short
1689770400,1689771000.0,1978.47,1975.9,1975.9,1968.1900000000003,Short
1689773400,1689773430.0,1978.14,1975.73,1975.73,1968.4999999999998,Short
1689774900,1689774930.0,1979.68,1976.9,1976.9,1968.5600000000002,Short
1689775800,1689778200.0,1977.78,1975.94,1975.94,1970.4200000000003,Short
1689778800,1689779100.0,1975.37,1974.14,1974.14,1970.4500000000007,Short
1689780300,1689782400.0,1975.74,1975.05,1977.8100000000002,1975.74,Long
1689782700,1689784800.0,1974.6,1973.1,1973.1,1968.6,Short
1689786300,1689787200.0,1977.69,1976.4,1981.56,1977.69,Long
1689787800,1689788400.0,1977.38,1976.39,1980.3500000000001,1977.38,Long
1689789000,1689789600.0,1977.69,1977.48,1977.48,1976.85,Short
1689790200,1689799800.0,1978.04,1977.67,1979.1499999999996,1978.04,Long
1689805800,1689805830.0,1977.81,1977.59,1978.47,1977.81,Long
1689806400,1689806430.0,1977.52,1977.11,1978.7500000000002,1977.52,Long
1689807900,1689808500.0,1977.43,1976.7,1976.7,1974.51,Short
1689808800,1689810900.0,1977.08,1976.91,1977.5899999999995,1977.08,Long
1689811500,1689831300.0,1978.15,1977.32,1980.6400000000006,1978.15,Long
1689832800,1689846300.0,1981.55,1980.21,1980.21,1976.1900000000003,Short
1689847500,1689849600.0,1981.78,1980.8,1984.72,1981.78,Long
1689849900,1689850200.0,1982.95,1981.95,1981.95,1978.95,Short
1689851100,1689851130.0,1981.01,1980.11,1983.7100000000003,1981.01,Long
1689852300,1689855300.0,1981.12,1979.9,1984.7799999999993,1981.12,Long
1689855600,1689878100.0,1981.35,1980.6,1980.6,1978.35,Short
1689878700,1689879300.0,1971.15,1969.9,1974.9,1971.15,Long
1689879900,1689880200.0,1969.85,1968.55,1968.55,1964.65,Short
1689881100,1689893400.0,1970.89,1969.3,1975.6600000000005,1970.89,Long
1689896400,1689908400.0,1972.32,1970.7,1977.1799999999996,1972.32,Long
1689910200,1689920400.0,1970.93,1969.6,1969.6,1965.6099999999994,Short
1689923100,1689923130.0,1971.11,1969.61,1969.61,1965.11,Short
1689924300,1689940200.0,1970.73,1970.11,1970.11,1968.2499999999995,Short
1689940500,1689942900.0,1966.72,1965.62,1970.0200000000004,1966.72,Long
1689943800,1689944100.0,1964.03,1962.67,1968.1099999999997,1964.03,Long
1689944400,1689944430.0,1963.45,1962.1,1962.1,1958.0499999999995,Short
1689945000,1689949800.0,1962.37,1961.71,1961.71,1959.7300000000005,Short
1689950400,1689958200.0,1964.92,1962.36,1962.36,1954.6799999999994,Short
1689958500,1689964800.0,1963.28,1962.75,1964.87,1963.28,Long
1689966900,1689968700.0,1962.63,1961.92,1964.7600000000002,1962.63,Long
1689969000,1689969030.0,1962.9,1962.49,1962.49,1961.2599999999998,Short
1689969600,1689971400.0,1962.54,1962.17,1963.6499999999996,1962.54,Long
1689972000,1689972030.0,1961.95,1961.0,1964.8000000000002,1961.95,Long
1690138800,1690159800.0,1961.9,1961.2,1961.2,1959.1,Short
1690160100,1690160400.0,1961.37,1960.04,1965.3599999999997,1961.37,Long
1690161600,1690162800.0,1962.17,1961.32,1961.32,1958.7699999999995,Short
1690166100,1690174500.0,1961.99,1960.5,1960.5,1956.03,Short
1690175100,1690176300.0,1960.97,1960.37,1960.37,1958.5699999999995,Short
1690177200,1690181100.0,1960.38,1959.73,1959.73,1957.7799999999997,Short
1690181400,1690188600.0,1960.7,1960.33,1961.8100000000004,1960.7,Long
1690189500,1690204800.0,1959.77,1959.47,1960.6699999999998,1959.77,Long
1690205100,1690243800.0,1964.9,1962.47,1962.47,1955.1799999999998,Short
1690244100,1690264500.0,1954.53,1954.06,1955.94,1954.53,Long
1690264800,1690265700.0,1962.75,1961.78,1961.78,1958.87,Short
1690268400,1690273200.0,1963.04,1961.2,1961.2,1955.6800000000003,Short
1690274100,1690274130.0,1962.03,1959.8,1959.8,1953.11,Short
1690275000,1690278000.0,1962.51,1961.84,1964.5200000000002,1962.51,Long
1690279500,1690279530.0,1962.52,1961.0,1961.0,1956.44,Short
1690280100,1690280130.0,1962.06,1961.98,1961.98,1961.7400000000002,Short
1690280700,1690286700.0,1961.57,1960.4,1960.4,1956.8900000000006,Short
1690287000,1690287030.0,1961.85,1960.5,1965.8999999999996,1961.85,Long
1690288200,1690296600.0,1958.94,1958.14,1958.14,1955.7400000000002,Short
1690298100,1690314000.0,1964.77,1961.0,1976.08,1964.77,Long
1690315200,1690315800.0,1964.38,1963.0,1968.5200000000004,1964.38,Long
1690316700,1690316730.0,1964.9,1963.8,1963.8,1960.4999999999995,Short
1690317600,1690333200.0,1964.83,1964.49,1965.8499999999997,1964.83,Long
1690334100,1690334130.0,1964.7,1964.3,1965.9000000000003,1964.7,Long
1690335300,1690349400.0,1963.45,1962.17,1962.17,1958.3300000000002,Short
1690350900,1690376100.0,1964.33,1963.2,1967.7199999999996,1964.33,Long
1690377900,1690384500.0,1973.08,1967.53,1967.53,1950.88,Short
1690384800,1690384830.0,1973.62,1970.21,1983.8499999999995,1973.62,Long
1690386900,1690388100.0,1974.78,1971.93,1983.3299999999997,1974.78,Long
1690388700,1690392600.0,1972.33,1970.6,1970.6,1965.4099999999999,Short
1690393200,1690399500.0,1970.0,1968.5,1974.5,1970.0,Long
1690400100,1690400130.0,1973.51,1972.49,1972.49,1969.43,Short
1690401600,1690414500.0,1975.19,1974.02,1978.7000000000003,1975.19,Long
1690414800,1690419900.0,1972.34,1971.97,1971.97,1970.8600000000004,Short
1690420200,1690436100.0,1974.21,1972.8,1978.4400000000003,1974.21,Long
1690437000,1690441800.0,1976.39,1975.59,1975.59,1973.1899999999994,Short
1690443000,1690446300.0,1979.17,1977.74,1983.4600000000003,1979.17,Long
1690446600,1690448700.0,1978.12,1977.36,1977.36,1975.08,Short
1690449300,1690449330.0,1976.98,1976.18,1979.3799999999999,1976.98,Long
1690450200,1690452900.0,1976.63,1975.32,1975.32,1971.3899999999994,Short
1690454700,1690455000.0,1976.47,1975.85,1975.85,1973.9899999999996,Short
1690456200,1690456800.0,1976.35,1975.66,1978.4199999999994,1976.35,Long
1690458000,1690479900.0,1978.06,1976.21,1976.21,1970.6600000000003,Short
1690480200,1690481700.0,1947.98,1947.32,1949.9600000000003,1947.98,Long
1690482000,1690482030.0,1946.68,1945.74,1945.74,1942.9199999999998,Short
1690484700,1690484730.0,1945.63,1944.1,1950.2200000000007,1945.63,Long
1690487100,1690487130.0,1945.32,1944.5,1947.7799999999997,1945.32,Long
1690488900,1690489200.0,1943.96,1942.9,1942.9,1939.7200000000003,Short
1690490100,1690495200.0,1944.77,1943.8,1947.68,1944.77,Long
1690495800,1690495830.0,1946.66,1945.5,1950.1400000000003,1946.66,Long
1690498500,1690499700.0,1947.02,1945.4,1945.4,1940.5400000000004,Short
1690501200,1690503600.0,1946.63,1945.7,1949.4200000000003,1946.63,Long
1690504200,1690526700.0,1946.91,1946.06,1949.4600000000005,1946.91,Long
1690527000,1690527030.0,1952.24,1950.84,1950.84,1946.6399999999996,Short
1690527900,1690527930.0,1952.45,1951.22,1956.14,1952.45,Long
1690528800,1690537500.0,1953.06,1951.76,1951.76,1947.8600000000001,Short
1690538100,1690539000.0,1953.36,1951.4,1951.4,1945.5200000000007,Short
1690540500,1690570200.0,1954.52,1953.57,1957.3700000000001,1954.52,Long
1690572000,1690578000.0,1958.37,1957.4,1957.4,1954.4900000000007,Short
1690743600,1690743630.0,1959.0,1959.0,1959.0,1959.0,Long
1690756800,1690757700.0,1960.39,1959.2,1963.9600000000003,1960.39,Long
1690758000,1690760400.0,1960.15,1959.2,1959.2,1956.35,Short
1690762200,1690789800.0,1957.94,1957.4,1957.4,1955.7800000000002,Short
1690790400,1690792200.0,1954.82,1954.24,1956.5599999999997,1954.82,Long
1690792800,1690794300.0,1954.47,1953.1,1953.1,1948.9899999999996,Short
1690794600,1690799100.0,1955.36,1953.33,1961.4499999999998,1955.36,Long
1690800600,1690826100.0,1957.05,1956.33,1959.21,1957.05,Long
1690826400,1690827900.0,1971.08,1970.1,1970.1,1967.1599999999999,Short
1690829400,1690829700.0,1968.4,1967.1,1972.3000000000006,1968.4,Long
1690830900,1690888800.0,1966.67,1965.5,1965.5,1961.9899999999998,Short
1690889100,1690889130.0,1953.94,1953.32,1955.8000000000004,1953.94,Long
1690889700,1690890900.0,1955.27,1954.64,1954.64,1952.7500000000005,Short
1690891200,1690891230.0,1953.7,1953.18,1955.26,1953.7,Long
1690891800,1690914900.0,1955.79,1952.92,1952.92,1944.3100000000004,Short
1690915200,1690915230.0,1944.81,1944.3,1946.34,1944.81,Long
1690916700,1690916730.0,1944.95,1943.5,1943.5,1939.1499999999999,Short
1690918200,1690941900.0,1945.43,1944.45,1948.3700000000001,1945.43,Long
1690942800,1690953900.0,1949.68,1947.9,1947.9,1942.5600000000002,Short
1690954500,1690954530.0,1948.87,1947.8,1952.0799999999997,1948.87,Long
1690955100,1690956900.0,1949.4,1948.86,1951.0200000000007,1949.4,Long
1690959300,1690959600.0,1950.27,1948.53,1955.49,1950.27,Long
1690960200,1690962000.0,1948.89,1947.78,1952.2200000000005,1948.89,Long
1690962300,1690963500.0,1949.16,1948.39,1948.39,1946.0800000000002,Short
1690964400,1690969200.0,1950.19,1949.38,1952.62,1950.19,Long
1690971000,1690971300.0,1949.51,1949.22,1949.22,1948.3500000000001,Short
1690972200,1690978500.0,1950.63,1948.95,1955.6700000000003,1950.63,Long
1690979700,1691001000.0,1949.16,1945.94,1945.94,1936.28,Short
1691001600,1691001630.0,1936.07,1935.64,1937.3599999999994,1936.07,Long
1691002200,1691002230.0,1936.33,1935.82,1935.82,1934.29,Short
1691002800,1691002830.0,1936.37,1935.2,1939.8799999999994,1936.37,Long
1691003700,1691003730.0,1935.63,1934.6,1934.6,1931.5099999999993,Short
1691005800,1691005830.0,1936.25,1935.0,1940.0,1936.25,Long
1691006400,1691017500.0,1935.28,1935.02,1935.02,1934.24,Short
1691018400,1691019300.0,1936.01,1935.88,1935.88,1935.4900000000005,Short
1691019900,1691020500.0,1935.83,1934.8,1938.9199999999998,1935.83,Long
1691021100,1691021130.0,1936.48,1935.2,1935.2,1931.3600000000001,Short
1691023500,1691031000.0,1936.28,1934.8,1940.72,1936.28,Long
1691032200,1691032230.0,1936.84,1934.07,1934.07,1925.76,Short
1691034600,1691036700.0,1936.71,1935.68,1939.8,1936.71,Long
1691037600,1691047800.0,1936.79,1935.22,1935.22,1930.5100000000002,Short
1691049000,1691049600.0,1935.92,1935.37,1937.5700000000006,1935.92,Long
1691052000,1691058600.0,1936.11,1935.02,1939.3799999999997,1936.11,Long
1691058900,1691059800.0,1937.16,1934.42,1934.42,1926.2,Short
1691060100,1691063100.0,1933.72,1932.84,1936.3600000000004,1933.72,Long
1691064000,1691066100.0,1935.45,1934.36,1934.36,1931.0899999999995,Short
1691066700,1691069400.0,1938.12,1935.31,1935.31,1926.88,Short
1691069700,1691069730.0,1935.05,1932.69,1942.1299999999997,1935.05,Long
1691070300,1691071200.0,1937.58,1934.6,1934.6,1925.6599999999999,Short
1691071500,1691071530.0,1936.01,1932.12,1947.6800000000003,1936.01,Long
1691072700,1691072730.0,1935.01,1932.8,1941.64,1935.01,Long
1691074800,1691076900.0,1937.04,1934.1,1945.8600000000001,1937.04,Long
1691077200,1691078700.0,1937.64,1936.59,1936.59,1933.4399999999994,Short
1691079900,1691081100.0,1935.09,1933.46,1939.9799999999996,1935.09,Long
1691081400,1691081430.0,1935.62,1935.09,1935.09,1933.5,Short
1691082600,1691084400.0,1935.89,1934.9,1938.8600000000001,1935.89,Long
1691085600,1691085900.0,1934.89,1934.25,1936.8100000000004,1934.89,Long
1691087400,1691092500.0,1934.91,1934.37,1934.37,1932.7499999999993,Short
1691093400,1691094000.0,1934.66,1934.08,1936.4000000000005,1934.66,Long
1691094600,1691100900.0,1934.5,1934.28,1934.28,1933.62,Short
1691101200,1691102700.0,1934.8,1934.56,1935.52,1934.8,Long
1691103300,1691115900.0,1935.22,1934.78,1936.5400000000002,1935.22,Long
1691116500,1691116530.0,1935.18,1934.86,1934.86,1933.8999999999994,Short
1691117400,1691120700.0,1936.48,1935.83,1938.4300000000003,1936.48,Long
1691122500,1691126400.0,1935.3,1934.47,1934.47,1931.9800000000002,Short
1691127600,1691128500.0,1936.51,1935.3,1940.14,1936.51,Long
1691129700,1691137800.0,1934.49,1932.81,1932.81,1927.7699999999998,Short
1691139000,1691146500.0,1933.56,1931.9,1931.9,1926.9200000000005,Short
1691146800,1691146830.0,1932.39,1931.65,1934.6100000000001,1932.39,Long
1691147400,1691147430.0,1933.27,1932.0,1932.0,1928.19,Short
1691148600,1691151900.0,1933.21,1932.74,1932.74,1931.33,Short
1691152500,1691168700.0,1936.82,1932.02,1951.2199999999998,1936.82,Long
1691169000,1691170200.0,1941.75,1940.5,1940.5,1936.75,Short
1691170800,1691175000.0,1941.73,1940.99,1940.99,1938.77,Short
1691176200,1691178000.0,1941.67,1940.72,1944.5200000000002,1941.67,Long
1691178900,1691179800.0,1941.39,1940.86,1940.86,1939.2699999999993,Short
1691181300,1691182500.0,1941.87,1941.65,1941.65,1940.9900000000007,Short
1691367900,1691373900.0,1942.75,1942.1,1944.7000000000003,1942.75,Long
1691375400,1691377500.0,1941.38,1939.8,1939.8,1935.0599999999995,Short
1691379000,1691408400.0,1941.38,1940.2,1940.2,1936.6599999999999,Short
1691409600,1691410500.0,1936.21,1935.44,1935.44,1933.13,Short
1691412000,1691416200.0,1936.89,1935.28,1941.7200000000005,1936.89,Long
1691420100,1691420700.0,1934.8,1933.72,1933.72,1930.4800000000002,Short
1691422200,1691425200.0,1934.76,1933.16,1933.16,1928.3600000000004,Short
1691425800,1691430900.0,1934.4,1933.4,1933.4,1930.4,Short
1691431800,1691433000.0,1936.84,1936.56,1937.6799999999998,1936.84,Long
1691433300,1691433330.0,1936.95,1935.7,1935.7,1931.95,Short
1691434200,1691448600.0,1936.32,1935.3,1939.3799999999999,1936.32,Long
1691449200,1691449230.0,1935.91,1935.64,1936.72,1935.91,Long
1691450400,1691450700.0,1937.36,1935.8,1942.0399999999997,1937.36,Long
1691452500,1691452530.0,1937.34,1936.0,1941.3599999999997,1937.34,Long
1691453100,1691472600.0,1937.1,1936.43,1936.43,1934.4200000000005,Short
1691473200,1691475600.0,1933.44,1932.5,1936.2600000000002,1933.44,Long
1691476200,1691476230.0,1933.97,1933.14,1936.4599999999998,1933.97,Long
1691477100,1691484000.0,1933.79,1933.2,1933.2,1931.4300000000003,Short
1691484600,1691485500.0,1933.74,1932.3,1938.0600000000002,1933.74,Long
1691486100,1691486400.0,1934.91,1933.0,1933.0,1927.2699999999998,Short
1691486700,1691487600.0,1933.78,1932.79,1936.75,1933.78,Long
1691488800,1691488830.0,1934.92,1934.15,1937.23,1934.92,Long
1691489700,1691511000.0,1934.12,1933.3,1933.3,1930.8400000000001,Short
1691511300,1691512800.0,1925.43,1925.17,1926.21,1925.43,Long
1691513400,1691513430.0,1927.25,1926.1,1930.7000000000003,1927.25,Long
1691514600,1691515800.0,1925.7,1924.8,1924.8,1922.0999999999997,Short
1691516700,1691517000.0,1926.1,1925.0,1925.0,1921.7000000000003,Short
1691517600,1691532600.0,1925.67,1925.29,1925.29,1924.1499999999996,Short
1691533200,1691533500.0,1925.09,1923.9,1928.6599999999994,1925.09,Long
1691533800,1691535600.0,1925.31,1924.6,1924.6,1922.4699999999998,Short
1691535900,1691537100.0,1925.14,1924.1,1928.2600000000007,1925.14,Long
1691538000,1691538300.0,1925.47,1925.09,1926.6100000000004,1925.47,Long
1691538600,1691538900.0,1925.66,1925.18,1925.18,1923.74,Short
1691539200,1691540400.0,1925.56,1925.35,1926.19,1925.56,Long
1691541000,1691541600.0,1925.99,1925.0,1928.96,1925.99,Long
1691541900,1691542200.0,1926.47,1926.26,1926.26,1925.6299999999999,Short
1691543400,1691564100.0,1925.43,1924.3,1928.8200000000004,1925.43,Long
1691564700,1691564730.0,1931.04,1929.89,1934.4899999999996,1931.04,Long
1691565900,1691565930.0,1930.79,1929.95,1929.95,1927.4300000000003,Short
1691566800,1691566830.0,1930.39,1929.3,1933.6600000000005,1930.39,Long
1691567400,1691568300.0,1929.69,1929.38,1930.62,1929.69,Long
1691568900,1691609700.0,1930.1,1929.76,1929.76,1928.7400000000002,Short
1691610600,1691621700.0,1916.63,1916.38,1916.38,1915.63,Short
1691625000,1691625600.0,1916.86,1915.6,1920.6399999999999,1916.86,Long
1691625900,1691626200.0,1916.77,1916.35,1916.35,1915.0899999999997,Short
1691627400,1691628000.0,1916.25,1915.86,1915.86,1914.6899999999996,Short
1691628600,1691643300.0,1916.77,1915.6,1920.2800000000002,1916.77,Long
1691644200,1691644230.0,1916.81,1915.96,1915.96,1913.4100000000003,Short
1691644800,1691645700.0,1917.0,1916.59,1918.2300000000002,1917.0,Long
1691646300,1691646330.0,1917.71,1917.23,1919.15,1917.71,Long
1691646900,1691646930.0,1918.24,1917.75,1917.75,1916.28,Short
1691650200,1691652300.0,1918.52,1917.9,1920.3799999999997,1918.52,Long
1691654100,1691675700.0,1919.09,1918.28,1921.5199999999998,1919.09,Long
1691676000,1691693700.0,1922.63,1921.82,1921.82,1919.3899999999994,Short
1691694000,1691694030.0,1914.95,1914.59,1916.0300000000004,1914.95,Long
1691695500,1691714100.0,1914.59,1914.09,1914.09,1912.59,Short
1691715000,1691728200.0,1914.39,1913.24,1917.8400000000004,1914.39,Long
1691728500,1691731500.0,1913.61,1913.19,1913.19,1911.9300000000005,Short
1691731800,1691756700.0,1914.01,1913.2,1916.4399999999998,1914.01,Long
1691757600,1691762700.0,1920.83,1915.15,1915.15,1898.1100000000006,Short
1691764200,1691766600.0,1919.83,1916.39,1930.1499999999994,1919.83,Long
1691767500,1691772600.0,1918.42,1916.23,1916.23,1909.6599999999999,Short
1691773200,1691783400.0,1914.31,1913.97,1913.97,1912.9500000000003,Short
1691783700,1691783730.0,1913.5,1913.01,1914.97,1913.5,Long
1691784300,1691964300.0,1913.85,1913.51,1913.51,1912.4900000000002,Short
1691964900,1691967600.0,1914.28,1913.3,1917.22,1914.28,Long
1691967900,1691968200.0,1913.49,1911.6,1911.6,1905.9299999999996,Short
1691969400,1691970900.0,1914.25,1913.2,1917.3999999999999,1914.25,Long
1691971200,1691985900.0,1913.87,1913.6,1913.6,1912.79,Short
1691987100,1691995500.0,1912.99,1912.41,1914.7299999999998,1912.99,Long
1691996400,1691996430.0,1912.43,1911.77,1911.77,1909.7899999999997,Short
1691997300,1691997600.0,1912.41,1911.41,1915.41,1912.41,Long
1691997900,1691997930.0,1912.55,1912.25,1912.25,1911.3500000000001,Short
1691999100,1692005100.0,1915.08,1914.41,1917.0899999999995,1915.08,Long
1692006600,1692013200.0,1913.48,1912.1,1917.6200000000003,1913.48,Long
1692013500,1692029400.0,1914.8,1913.64,1913.64,1910.1600000000005,Short
1692029700,1692038400.0,1912.03,1911.65,1913.1699999999996,1912.03,Long
1692039300,1692063600.0,1908.38,1907.8,1907.8,1906.0599999999995,Short
1692064500,1692068700.0,1908.04,1907.23,1907.23,1904.8000000000002,Short
1692069300,1692072300.0,1906.02,1905.56,1905.56,1904.1799999999998,Short
1692072600,1692075600.0,1906.83,1906.43,1908.0299999999995,1906.83,Long
1692075900,1692075930.0,1906.51,1905.85,1905.85,1903.8699999999997,Short
1692076500,1692076800.0,1906.42,1905.99,1907.7100000000003,1906.42,Long
1692077100,1692078000.0,1907.33,1906.65,1906.65,1904.6100000000006,Short
1692078900,1692079800.0,1905.64,1904.35,1904.35,1900.4799999999993,Short
1692080100,1692081000.0,1905.93,1904.93,1908.93,1905.93,Long
1692081300,1692092400.0,1905.53,1905.04,1905.04,1903.57,Short
1692093900,1692103200.0,1904.81,1903.6,1903.6,1899.9699999999998,Short
1692104700,1692105900.0,1903.78,1902.01,1909.09,1903.78,Long
1692106200,1692108000.0,1905.61,1904.29,1904.29,1900.3300000000002,Short
1692108300,1692108330.0,1904.27,1902.8,1908.68,1904.27,Long
1692109200,1692117900.0,1905.15,1904.12,1908.2400000000007,1905.15,Long
1692119100,1692119400.0,1903.89,1903.59,1904.7900000000006,1903.89,Long
1692119700,1692120900.0,1903.95,1902.9,1902.9,1899.7500000000002,Short
1692122700,1692122730.0,1905.16,1904.27,1907.8300000000004,1905.16,Long
1692125400,1692148800.0,1903.56,1902.5,1902.5,1899.3200000000002,Short
1692149100,1692170100.0,1902.01,1900.99,1905.07,1902.01,Long
1692170400,1692171600.0,1905.06,1904.64,1904.64,1903.3800000000006,Short
1692174300,1692182100.0,1904.1,1903.59,1905.6299999999999,1904.1,Long
1692184200,1692184230.0,1906.28,1905.8,1905.8,1904.36,Short
1692185400,1692186300.0,1905.68,1904.6,1908.9200000000005,1905.68,Long
1692187800,1692233400.0,1903.94,1902.59,1902.59,1898.5399999999995,Short
1692233700,1692233730.0,1891.77,1891.14,1893.6599999999996,1891.77,Long
1692235500,1692237000.0,1892.17,1890.3,1890.3,1884.6899999999996,Short
1692237300,1692237900.0,1892.22,1891.77,1893.5700000000002,1892.22,Long
1692238500,1692242700.0,1893.21,1892.29,1892.29,1889.5299999999997,Short
1692243000,1692243300.0,1893.51,1893.04,1894.92,1893.51,Long
1692245100,1692245130.0,1892.81,1892.34,1892.34,1890.9299999999998,Short
1692246600,1692246630.0,1893.36,1892.4,1892.4,1889.5200000000007,Short
1692247200,1692281100.0,1893.16,1892.2,1896.0400000000002,1893.16,Long
1692282000,1692305400.0,1897.42,1895.33,1895.33,1889.0599999999995,Short
1692306000,1692333600.0,1889.22,1888.73,1890.69,1889.22,Long
1692333900,1692337800.0,1892.43,1891.95,1891.95,1890.51,Short
1692339000,1692341700.0,1893.71,1892.29,1892.29,1888.0299999999997,Short
1692343800,1692344700.0,1893.0,1892.24,1895.28,1893.0,Long
1692346800,1692346830.0,1893.25,1892.6,1892.6,1890.6499999999996,Short
1692347700,1692348600.0,1893.23,1892.51,1892.51,1890.35,Short
1692349200,1692349230.0,1892.24,1891.93,1893.1699999999998,1892.24,Long
1692351600,1692351630.0,1892.38,1891.89,1893.8500000000001,1892.38,Long
1692352200,1692352800.0,1892.31,1891.98,1891.98,1890.9900000000002,Short
1692353100,1692360900.0,1893.17,1891.9,1896.98,1893.17,Long
1692362400,1692363600.0,1890.82,1888.92,1888.92,1883.2200000000005,Short
1692363900,1692367500.0,1890.54,1889.8,1892.76,1890.54,Long
1692368400,1692376200.0,1892.78,1891.94,1891.94,1889.4200000000003,Short
1692376800,1692392100.0,1890.53,1890.33,1890.33,1889.7299999999998,Short
1692690000,1692706200.0,1900.13,1889.28,1932.6800000000005,1900.13,Long
1692706500,1692707100.0,1903.35,1902.47,1902.47,1899.8300000000004,Short
1692707700,1692723300.0,1900.99,1899.85,1899.85,1896.4299999999996,Short
1692724200,1692724230.0,1897.91,1896.2,1903.0400000000002,1897.91,Long
1692726600,1692731400.0,1897.94,1896.3,1902.8600000000004,1897.94,Long
1692734700,1692737400.0,1897.81,1896.5,1896.5,1892.5700000000002,Short
1692738000,1692740100.0,1897.47,1896.6,1900.0800000000004,1897.47,Long
1692742200,1692783300.0,1897.85,1897.49,1898.9299999999996,1897.85,Long
1692785100,1692788400.0,1903.01,1901.5,1901.5,1896.97,Short
1692790500,1692790530.0,1904.27,1902.95,1902.95,1898.9900000000002,Short
1692792000,1692792030.0,1904.46,1902.6,1910.0400000000004,1904.46,Long
1692792900,1692792930.0,1903.81,1903.02,1906.1799999999998,1903.81,Long
1692793500,1692795000.0,1904.16,1903.57,1905.9300000000005,1904.16,Long
1692796200,1692813600.0,1905.54,1904.41,1908.9299999999996,1905.54,Long
1692813900,1692813930.0,1917.91,1917.49,1917.49,1916.2299999999998,Short
1692816000,1692819900.0,1917.04,1915.9,1920.4599999999996,1917.04,Long
1692820800,1692832200.0,1916.77,1916.41,1916.41,1915.3300000000004,Short
1692833700,1692861900.0,1917.55,1916.3,1921.3,1917.55,Long
1692862200,1692862500.0,1922.02,1921.45,1921.45,1919.7400000000002,Short
1692863100,1692863700.0,1921.77,1920.77,1920.77,1917.77,Short
1692864000,1692864030.0,1920.36,1919.48,1922.9999999999995,1920.36,Long
1692864600,1692864630.0,1921.42,1920.53,1920.53,1917.8599999999997,Short
1692867000,1692867030.0,1921.59,1920.5,1924.8599999999997,1921.59,Long
1692867600,1692867900.0,1920.79,1919.68,1919.68,1916.3500000000004,Short
1692868500,1692886500.0,1920.91,1920.72,1920.72,1920.1499999999999,Short
1692887100,1692887700.0,1920.21,1919.24,1919.24,1916.33,Short
1692888000,1692900900.0,1919.85,1917.86,1925.82,1919.85,Long
1692902100,1692902130.0,1917.98,1916.96,1916.96,1913.9,Short
1692903000,1692927600.0,1917.88,1916.4,1916.4,1911.96,Short
1692928800,1692928830.0,1917.35,1916.96,1918.5199999999995,1917.35,Long
1692930000,1692948300.0,1917.05,1916.37,1916.37,1914.3299999999997,Short
1692948600,1692950700.0,1913.8,1913.55,1914.55,1913.8,Long
1692951600,1692951630.0,1914.93,1913.45,1919.3700000000001,1914.93,Long
1692953100,1692969000.0,1914.66,1913.74,1917.4200000000003,1914.66,Long
1692970200,1692971700.0,1914.5,1914.0,1914.0,1912.5,Short
1692972000,1692972900.0,1915.87,1914.3,1920.5799999999997,1915.87,Long
1692973800,1692987900.0,1913.71,1910.29,1910.29,1900.0299999999997,Short
1692988500,1693188600.0,1914.61,1912.6,1920.6399999999999,1914.61,Long
1693189800,1693196100.0,1915.95,1915.4,1917.6,1915.95,Long
1693198200,1693199700.0,1916.13,1914.2,1914.2,1908.4099999999999,Short
1693200000,1693200600.0,1916.27,1915.68,1918.0399999999997,1916.27,Long
1693201800,1693206000.0,1916.31,1916.02,1917.1799999999998,1916.31,Long
1693209300,1693213500.0,1915.76,1914.69,1914.69,1911.4800000000002,Short
1693214100,1693221900.0,1915.41,1915.01,1915.01,1913.8099999999997,Short
1693222800,1693223100.0,1915.08,1914.69,1914.69,1913.5200000000004,Short
1693224600,1693224630.0,1915.55,1914.1,1919.9,1915.55,Long
1693225500,1693228500.0,1915.58,1913.49,1921.8499999999997,1915.58,Long
1693228800,1693229400.0,1916.82,1916.22,1916.22,1914.4200000000003,Short
1693231500,1693250700.0,1918.2,1917.49,1920.3300000000002,1918.2,Long
1693251000,1693260000.0,1920.53,1919.5,1919.5,1916.41,Short
1693260900,1693292100.0,1920.58,1919.3,1924.4199999999998,1920.58,Long
1693292700,1693317300.0,1923.09,1922.25,1922.25,1919.7300000000002,Short
1693317900,1693339800.0,1929.64,1920.89,1955.89,1929.64,Long
1693341300,1693347000.0,1937.68,1936.7,1940.6200000000001,1937.68,Long
1693347900,1693348500.0,1937.06,1936.0,1936.0,1932.8200000000002,Short
1693349100,1693349400.0,1937.15,1936.2,1936.2,1933.35,Short
1693351800,1693353000.0,1936.38,1935.91,1937.7900000000002,1936.38,Long
1693355100,1693361700.0,1937.04,1936.34,1936.34,1934.2399999999998,Short
1693362000,1693362030.0,1936.56,1936.27,1937.4299999999998,1936.56,Long
1693363500,1693365600.0,1936.64,1936.28,1936.28,1935.1999999999996,Short
1693366200,1693367700.0,1936.52,1936.18,1937.5399999999997,1936.52,Long
1693376400,1693377300.0,1936.08,1935.73,1937.1299999999997,1936.08,Long
1693378200,1693378500.0,1936.56,1936.05,1936.05,1934.52,Short
1693378800,1693378830.0,1936.09,1935.48,1937.9199999999996,1936.09,Long
1693380000,1693381800.0,1936.65,1935.0,1935.0,1930.0499999999997,Short
1693385100,1693386300.0,1936.62,1935.72,1935.72,1933.0200000000004,Short
1693386900,1693413300.0,1936.73,1935.94,1939.1,1936.73,Long
1693413900,1693416300.0,1944.23,1943.74,1945.7,1944.23,Long
1693416900,1693437600.0,1944.94,1944.0,1944.0,1941.1799999999998,Short
1693438500,1693438800.0,1944.36,1943.0,1948.4399999999996,1944.36,Long
1693439100,1693439400.0,1944.43,1944.18,1944.18,1943.43,Short
1693440000,1693458600.0,1944.3,1943.3,1947.3,1944.3,Long
1693461600,1693476000.0,1945.14,1944.0,1944.0,1940.5799999999997,Short
1693477500,1693479900.0,1944.4,1943.6,1946.8000000000006,1944.4,Long
1693480500,1693482300.0,1944.57,1943.2,1943.2,1939.0900000000004,Short
1693482600,1693485000.0,1944.93,1944.66,1945.74,1944.93,Long
1693486800,1693486830.0,1945.78,1943.19,1953.5499999999997,1945.78,Long
1693488300,1693490100.0,1944.67,1943.66,1943.66,1940.63,Short
1693491000,1693510500.0,1944.76,1943.05,1943.05,1937.9199999999998,Short
1693511100,1693511700.0,1941.35,1940.95,1942.5499999999995,1941.35,Long
1693512900,1693521600.0,1940.19,1939.91,1939.91,1939.0700000000002,Short
1693524600,1693529700.0,1940.08,1938.4,1938.4,1933.3600000000006,Short
1693530900,1693537200.0,1943.08,1942.41,1945.0899999999995,1943.08,Long
1693537800,1693542600.0,1940.08,1939.7,1939.7,1938.5600000000004,Short
1693544700,1693544730.0,1940.12,1939.0,1943.4799999999996,1940.12,Long
1693545600,1693551000.0,1939.55,1938.5,1938.5,1935.3500000000001,Short
1693552800,1693575600.0,1941.77,1940.6,1945.2800000000002,1941.77,Long
1693575900,1693592400.0,1947.2,1944.19,1944.19,1935.16,Short
1693593600,1693790100.0,1940.83,1939.5,1944.8199999999997,1940.83,Long
1693790400,1693790430.0,1941.37,1940.51,1940.51,1937.9300000000003,Short
1693791900,1693815900.0,1942.5,1941.4,1945.7999999999997,1942.5,Long
1693816800,1693848300.0,1943.81,1943.41,1943.41,1942.2100000000005,Short
1693848900,1693848930.0,1938.37,1938.25,1938.25,1937.8900000000003,Short
1693850700,1693861200.0,1938.65,1937.8,1941.2000000000005,1938.65,Long
1693864800,1693864830.0,1938.34,1938.34,1938.34,1938.34,Long
1693869900,1693876800.0,1938.26,1937.0,1937.0,1933.22,Short
1693877100,1693877400.0,1937.88,1936.7,1941.4200000000003,1937.88,Long
1693878600,1693887300.0,1938.49,1935.3,1935.3,1925.7299999999998,Short
1693887900,1693891500.0,1937.31,1937.08,1938.0,1937.31,Long
1693893000,1693893030.0,1937.6,1936.4,1936.4,1932.8000000000006,Short
1693894800,1693894830.0,1936.16,1935.1,1939.3400000000006,1936.16,Long
1693896600,1693896630.0,1936.73,1935.14,1941.4999999999998,1936.73,Long
1693897800,1693898400.0,1937.64,1936.1,1942.2600000000007,1937.64,Long
1693899600,1693917900.0,1936.79,1935.64,1935.64,1932.1900000000005,Short
1693919100,1693920600.0,1933.96,1932.62,1932.62,1928.5999999999995,Short
1693921500,1693937400.0,1932.68,1930.9,1930.9,1925.5600000000002,Short
1693938000,1693938030.0,1927.26,1925.7,1931.9399999999998,1927.26,Long
1693938600,1693938630.0,1926.92,1926.0,1926.0,1923.2399999999998,Short
1693939800,1693941900.0,1926.32,1925.3,1925.3,1922.24,Short
1693942800,1693944000.0,1927.19,1925.8,1925.8,1921.6299999999997,Short
1693944600,1693954500.0,1926.23,1925.98,1925.98,1925.23,Short
1693957500,1693957800.0,1926.44,1926.44,1926.44,1926.44,Long
1693958700,1693959300.0,1926.81,1925.6,1925.6,1921.9699999999998,Short
1693960200,1693967100.0,1926.48,1925.4,1925.4,1922.1600000000003,Short
1693968000,1693968600.0,1925.88,1925.0,1928.5200000000004,1925.88,Long
1693969200,1693969500.0,1926.6,1926.01,1928.3699999999997,1926.6,Long
1693969800,1693970400.0,1925.99,1925.79,1925.79,1925.1899999999998,Short
1693970700,1693970730.0,1926.04,1925.1,1928.8600000000001,1926.04,Long
1693972200,1693972230.0,1926.35,1925.2,1929.7999999999995,1926.35,Long
1693984500,1693990200.0,1926.49,1924.5,1924.5,1918.53,Short
1693991100,1693994400.0,1924.81,1923.7,1923.7,1920.3700000000003,Short
1693995600,1693997100.0,1927.52,1925.4,1933.8799999999997,1927.52,Long
1693997400,1693997700.0,1926.85,1926.54,1926.54,1925.6100000000001,Short
1693998000,1693998300.0,1926.48,1925.4,1929.7199999999998,1926.48,Long
1693999800,1694004600.0,1926.44,1925.55,1929.1100000000004,1926.44,Long
1694005200,1694007000.0,1923.94,1923.17,1923.17,1920.8600000000001,Short
1694007900,1694008500.0,1925.58,1921.14,1938.8999999999994,1925.58,Long
1694008800,1694025600.0,1929.04,1927.29,1927.29,1922.04,Short
1694027400,1694027700.0,1917.87,1916.3,1916.3,1911.5900000000001,Short
1694028600,1694030100.0,1917.4,1916.2,1921.0000000000002,1917.4,Long
1694030700,1694031000.0,1916.87,1916.47,1916.47,1915.2700000000004,Short
1694031600,1694041200.0,1916.77,1915.7,1915.7,1912.4900000000002,Short
1694043000,1694043600.0,1917.68,1916.7,1920.6200000000001,1917.68,Long
1694045400,1694047800.0,1917.07,1915.7,1915.7,1911.5900000000004,Short
1694048100,1694077500.0,1916.59,1916.35,1917.31,1916.59,Long
1694078400,1694081700.0,1919.41,1918.0,1923.6400000000003,1919.41,Long
1694082000,1694082300.0,1920.67,1919.7,1919.7,1916.79,Short
1694083200,1694089500.0,1920.41,1919.58,1922.9000000000005,1920.41,Long
1694090400,1694090430.0,1921.39,1916.28,1916.28,1900.9499999999996,Short
1694091000,1694093100.0,1920.24,1917.71,1927.83,1920.24,Long
1694094300,1694094600.0,1922.15,1920.07,1920.07,1913.8299999999995,Short
1694094900,1694094930.0,1919.4,1918.26,1922.8200000000004,1919.4,Long
1694095800,1694097300.0,1919.49,1918.8,1918.8,1916.7299999999998,Short
1694099700,1694104500.0,1917.84,1917.37,1917.37,1915.9599999999998,Short
1694105400,1694105430.0,1919.79,1917.8,1925.76,1919.79,Long
1694106300,1694110200.0,1918.25,1917.78,1917.78,1916.37,Short
1694110800,1694112300.0,1919.39,1918.4,1922.3600000000001,1919.39,Long
1694112600,1694112630.0,1920.26,1919.1,1919.1,1915.6199999999997,Short
1694113200,1694115300.0,1920.66,1920.34,1921.6200000000006,1920.66,Long
1694116500,1694119500.0,1919.28,1918.94,1918.94,1917.9200000000003,Short
1694124300,1694157000.0,1919.6,1918.8,1921.9999999999998,1919.6,Long
1694158500,1694163900.0,1925.58,1924.05,1924.05,1919.46,Short
1694164500,1694164530.0,1925.05,1923.7,1929.0999999999997,1925.05,Long
1694165700,1694165730.0,1925.35,1924.63,1924.63,1922.4700000000007,Short
1694166600,1694166630.0,1925.25,1924.0,1924.0,1920.25,Short
1694167500,1694175300.0,1925.46,1924.97,1924.97,1923.5,Short
1694179200,1694180700.0,1920.89,1920.25,1920.25,1918.3299999999997,Short
1694181300,1694185200.0,1925.38,1922.87,1932.9100000000008,1925.38,Long
1694185500,1694203500.0,1924.11,1923.49,1923.49,1921.6300000000003,Short
1694205300,1694206800.0,1919.24,1918.0,1922.96,1919.24,Long
1694372400,1694379600.0,1918.95,1918.95,1918.95,1918.95,Long
1694383200,1694383230.0,1920.41,1920.41,1920.41,1920.41,Long
1694384100,1694388300.0,1919.19,1918.1,1918.1,1914.8299999999995,Short
1694388900,1694423700.0,1919.13,1918.33,1921.5300000000007,1919.13,Long
1694426100,1694434200.0,1925.86,1925.3,1925.3,1923.6200000000001,Short
1694435100,1694436000.0,1926.71,1924.95,1924.95,1919.67,Short
1694436900,1694439600.0,1926.47,1925.45,1929.53,1926.47,Long
1694439900,1694439930.0,1928.67,1927.89,1927.89,1925.5500000000002,Short
1694441100,1694441130.0,1925.76,1924.51,1929.51,1925.76,Long
1694442300,1694459700.0,1926.52,1925.27,1925.27,1921.52,Short
1694460600,1694475600.0,1922.38,1922.19,1922.19,1921.62,Short
1694476500,1694477400.0,1921.8,1920.9,1920.9,1918.2000000000005,Short
1694477700,1694477730.0,1921.77,1921.54,1922.46,1921.77,Long
1694478300,1694480700.0,1922.28,1921.65,1921.65,1919.7600000000004,Short
1694481000,1694481030.0,1921.76,1920.1,1926.7400000000002,1921.76,Long
1694482800,1694484300.0,1920.69,1919.5,1919.5,1915.9299999999998,Short
1694486100,1694487300.0,1922.52,1922.08,1923.8400000000001,1922.52,Long
1694489100,1694495400.0,1923.48,1921.4,1929.7199999999998,1923.48,Long
1694495700,1694496900.0,1921.95,1921.12,1921.12,1918.6299999999994,Short
1694497500,1694497530.0,1921.29,1920.79,1922.79,1921.29,Long
1694498700,1694533800.0,1920.26,1919.65,1919.65,1917.8200000000004,Short
1694534700,1694543700.0,1912.95,1912.52,1914.2400000000002,1912.95,Long
1694544000,1694544600.0,1912.98,1912.63,1912.63,1911.5800000000004,Short
1694547000,1694549400.0,1913.54,1912.4,1916.9599999999996,1913.54,Long
1694550600,1694551200.0,1913.08,1912.1,1912.1,1909.1599999999999,Short
1694551800,1694556000.0,1913.15,1912.2,1916.0000000000002,1913.15,Long
1694557800,1694562600.0,1913.53,1912.5,1916.62,1913.53,Long
1694564100,1694564130.0,1913.59,1913.37,1914.25,1913.59,Long
1694565000,1694565030.0,1912.85,1912.71,1912.71,1912.2900000000004,Short
1694565600,1694565900.0,1913.27,1912.2,1916.4799999999998,1913.27,Long
1694567100,1694567400.0,1912.93,1912.46,1912.46,1911.05,Short
1694567700,1694567730.0,1912.73,1912.41,1913.6899999999998,1912.73,Long
1694568900,1694586900.0,1912.21,1911.41,1911.41,1909.0100000000002,Short
1694588100,1694588400.0,1910.01,1908.8,1908.8,1905.1699999999998,Short
1694589600,1694595600.0,1910.42,1910.14,1911.26,1910.42,Long
1694599800,1694606700.0,1911.69,1910.4,1915.56,1911.69,Long
1694607000,1694608800.0,1911.09,1910.79,1910.79,1909.89,Short
1694609100,1694609400.0,1910.31,1908.56,1915.56,1910.31,Long
1694610000,1694610300.0,1913.26,1911.61,1918.2100000000003,1913.26,Long
1694610600,1694610900.0,1913.24,1911.5,1911.5,1906.28,Short
1694611800,1694613900.0,1913.68,1911.61,1919.8900000000006,1913.68,Long
1694614800,1694614830.0,1912.66,1911.62,1911.62,1908.4999999999993,Short
1694616300,1694618400.0,1914.46,1913.37,1917.7300000000005,1914.46,Long
1694619000,1694621400.0,1912.76,1912.35,1912.35,1911.1199999999997,Short
1694621700,1694621730.0,1909.72,1909.41,1910.6499999999999,1909.72,Long
1694622900,1694622930.0,1911.65,1910.5,1910.5,1907.0499999999997,Short
1694623500,1694623800.0,1910.85,1910.05,1913.2499999999998,1910.85,Long
1694624100,1694625300.0,1910.08,1909.44,1909.44,1907.5200000000004,Short
1694625600,1694625900.0,1910.36,1909.58,1912.6999999999998,1910.36,Long
1694626800,1694642400.0,1910.78,1909.9,1909.9,1907.2600000000004,Short
1694644800,1694648700.0,1909.68,1908.0,1908.0,1902.9599999999998,Short
1694649600,1694657700.0,1909.25,1908.1,1912.7000000000003,1909.25,Long
1694658000,1694658030.0,1909.76,1909.25,1909.25,1907.72,Short
1694658900,1694664900.0,1909.77,1908.94,1912.2599999999998,1909.77,Long
1694665500,1694665800.0,1909.94,1909.64,1910.84,1909.94,Long
1694666100,1694686800.0,1910.46,1909.89,1909.89,1908.1800000000003,Short
1694687700,1694694300.0,1907.67,1906.6,1910.8800000000006,1907.67,Long
1694695800,1694696700.0,1907.6,1901.16,1901.16,1881.8400000000006,Short
1694697000,1694697030.0,1907.16,1905.69,1911.5700000000002,1907.16,Long
1694698800,1694702400.0,1905.98,1902.28,1902.28,1891.1799999999998,Short
1694703300,1694705700.0,1910.22,1908.26,1916.1000000000001,1910.22,Long
1694706000,1694706600.0,1909.04,1907.29,1907.29,1902.04,Short
1694709300,1694717400.0,1911.7,1909.5,1918.3000000000002,1911.7,Long
1694717700,1694719800.0,1908.9,1907.8,1907.8,1904.4999999999995,Short
1694721900,1694722200.0,1909.39,1908.5,1912.0600000000004,1909.39,Long
1694723100,1694724600.0,1910.28,1909.0,1909.0,1905.16,Short
1694729100,1694729700.0,1910.7,1909.5,1914.3000000000002,1910.7,Long
1694731200,1694773200.0,1910.81,1909.6,1914.44,1910.81,Long
1694773500,1694775900.0,1917.89,1917.57,1917.57,1916.6099999999994,Short
1694776200,1694780100.0,1917.56,1917.03,1919.1499999999999,1917.56,Long
1694782200,1694782800.0,1918.38,1916.93,1916.93,1912.58,Short
1694784000,1694799000.0,1923.17,1921.73,1927.4900000000002,1923.17,Long
1694800500,1694801100.0,1924.82,1924.15,1926.8299999999995,1924.82,Long
1694803500,1694989200.0,1924.93,1923.5,1923.5,1919.2099999999998,Short
1694992800,1694995800.0,1924.31,1922.0,1922.0,1915.0700000000002,Short
1694996100,1695021300.0,1923.82,1923.39,1925.1099999999994,1923.82,Long
1695021600,1695038700.0,1928.89,1928.08,1928.08,1925.6499999999994,Short
1695039000,1695039300.0,1926.65,1925.77,1929.2900000000004,1926.65,Long
1695039600,1695039630.0,1927.32,1926.82,1926.82,1925.32,Short
1695040200,1695040500.0,1926.96,1925.64,1930.9199999999998,1926.96,Long
1695040800,1695042300.0,1926.88,1926.4,1926.4,1924.96,Short
1695042600,1695043500.0,1925.22,1924.53,1927.2900000000002,1925.22,Long
1695043800,1695044400.0,1928.23,1927.1,1927.1,1923.7099999999996,Short
1695046200,1695046500.0,1927.1,1922.2,1922.2,1907.5000000000005,Short
1695046800,1695046830.0,1926.72,1924.8,1932.4800000000002,1926.72,Long
1695048300,1695049800.0,1927.48,1925.9,1932.2199999999998,1927.48,Long
1695051000,1695051030.0,1927.77,1925.7,1925.7,1919.4900000000002,Short
1695053700,1695076500.0,1929.93,1927.91,1935.99,1929.93,Long
1695076800,1695076830.0,1933.66,1932.7,1932.7,1929.82,Short
1695077400,1695084600.0,1933.4,1932.6,1935.8000000000006,1933.4,Long
1695087300,1695108000.0,1933.3,1931.76,1931.76,1927.14,Short
1695108300,1695129900.0,1932.22,1931.92,1933.12,1932.22,Long
1695131400,1695131430.0,1935.79,1934.38,1940.0199999999995,1935.79,Long
1695132600,1695157200.0,1935.01,1932.73,1932.73,1925.89,Short
1695161700,1695162000.0,1932.21,1931.1,1935.5400000000004,1932.21,Long
1695162900,1695163200.0,1931.95,1931.73,1931.73,1931.07,Short
1695165000,1695168000.0,1932.0,1931.0,1935.0,1932.0,Long
1695169200,1695186300.0,1930.66,1930.34,1930.34,1929.3799999999994,Short
1695187800,1695192300.0,1930.68,1929.3,1934.8200000000004,1930.68,Long
1695193500,1695200100.0,1930.47,1929.93,1929.93,1928.3100000000002,Short
1695200400,1695201000.0,1929.25,1928.99,1930.03,1929.25,Long
1695201900,1695202200.0,1930.31,1929.85,1929.85,1928.4699999999998,Short
1695203400,1695232500.0,1930.25,1929.87,1931.3900000000003,1930.25,Long
1695233400,1695234000.0,1942.31,1940.63,1940.63,1935.5900000000006,Short
1695235800,1695270600.0,1943.51,1941.82,1941.82,1936.7499999999998,Short
1695271500,1695280500.0,1928.33,1928.01,1929.2899999999997,1928.33,Long
1695282000,1695312900.0,1927.7,1926.2,1926.2,1921.7,Short
1695314100,1695314130.0,1918.81,1918.07,1918.07,1915.85,Short
1695314700,1695320100.0,1918.44,1917.92,1920.0,1918.44,Long
1695321300,1695322200.0,1920.46,1920.26,1920.26,1919.6599999999999,Short
1695322500,1695322800.0,1920.53,1920.22,1921.4599999999998,1920.53,Long
1695323100,1695323130.0,1920.05,1919.66,1919.66,1918.4900000000005,Short
1695323700,1695330000.0,1920.66,1919.4,1924.44,1920.66,Long
1695333900,1695336600.0,1919.69,1918.5,1923.2600000000002,1919.69,Long
1695339000,1695358200.0,1920.86,1919.4,1925.2399999999993,1920.86,Long
1695358500,1695358530.0,1924.38,1923.2,1923.2,1919.6599999999999,Short
1695360300,1695363300.0,1924.51,1924.32,1925.0800000000002,1924.51,Long
1695363900,1695363930.0,1925.27,1923.8,1929.68,1925.27,Long
1695366600,1695377700.0,1926.04,1924.62,1930.3000000000002,1926.04,Long
1695378300,1695379200.0,1925.44,1925.05,1926.6100000000004,1925.44,Long
1695379500,1695380400.0,1925.47,1925.05,1925.05,1923.7899999999997,Short
1695380700,1695380730.0,1925.32,1924.53,1927.6899999999998,1925.32,Long
1695382500,1695387900.0,1925.95,1925.29,1925.29,1923.3099999999997,Short
1695388200,1695388230.0,1926.78,1926.01,1929.09,1926.78,Long
1695389100,1695389400.0,1927.41,1927.06,1927.06,1926.0099999999995,Short
1695390300,1695401400.0,1926.93,1925.2,1932.1200000000001,1926.93,Long
1695402900,1695582000.0,1925.68,1924.5,1924.5,1920.9599999999998,Short
1695585600,1695585630.0,1925.23,1925.23,1925.23,1925.23,Long
1695592800,1695593100.0,1927.85,1927.85,1927.85,1927.85,Long
1695595500,1695596100.0,1926.2,1924.9,1930.1,1926.2,Long
1695596400,1695597300.0,1925.87,1925.74,1925.74,1925.3500000000004,Short
1695597900,1695598800.0,1925.31,1924.4,1928.0399999999995,1925.31,Long
1695600000,1695624300.0,1924.75,1924.54,1924.54,1923.9099999999999,Short
1695624600,1695627600.0,1923.2,1921.7,1927.7,1923.2,Long
1695627900,1695630600.0,1924.18,1923.95,1923.95,1923.26,Short
1695631800,1695634500.0,1923.69,1923.09,1923.09,1921.2899999999995,Short
1695635400,1695639900.0,1922.42,1922.09,1923.4100000000005,1922.42,Long
1695640500,1695641700.0,1924.95,1924.29,1924.29,1922.3099999999997,Short
1695643200,1695650400.0,1924.67,1923.74,1927.4600000000003,1924.67,Long
1695651300,1695680400.0,1922.89,1922.05,1922.05,1919.5299999999995,Short
1695680700,1695680730.0,1916.51,1915.7,1918.9399999999998,1916.51,Long
1695681300,1695681600.0,1916.66,1916.54,1916.54,1916.1799999999996,Short
1695682200,1695684300.0,1916.61,1915.6,1919.6399999999999,1916.61,Long
1695685500,1695687300.0,1916.4,1915.3,1919.7000000000005,1916.4,Long
1695687600,1695690600.0,1916.12,1915.86,1915.86,1915.08,Short
1695691200,1695714900.0,1915.73,1914.6,1914.6,1911.2099999999996,Short
1695715200,1695717300.0,1913.63,1913.0,1915.5200000000004,1913.63,Long
1695717600,1695723600.0,1914.97,1914.07,1914.07,1911.3699999999997,Short
1695723900,1695725100.0,1912.33,1912.06,1913.1399999999999,1912.33,Long
1695726300,1695728400.0,1911.67,1911.03,1913.5900000000004,1911.67,Long
1695729600,1695767400.0,1911.68,1911.36,1911.36,1910.3999999999994,Short
1695768300,1695768330.0,1901.08,1900.0,1900.0,1896.7600000000002,Short
1695768900,1695769200.0,1901.05,1900.1,1903.9,1901.05,Long
1695771300,1695775500.0,1901.94,1900.3,1906.8600000000004,1901.94,Long
1695777300,1695781500.0,1900.36,1899.87,1901.83,1900.36,Long
1695782100,1695803700.0,1900.98,1900.58,1900.58,1899.3799999999997,Short
1695804300,1695848400.0,1896.53,1895.5,1895.5,1892.41,Short
1695854100,1695857700.0,1877.08,1875.7,1881.2199999999996,1877.08,Long
1695858600,1695858630.0,1877.21,1876.2,1876.2,1873.17,Short
1695859500,1695859800.0,1877.77,1877.37,1878.9700000000003,1877.77,Long
1695860100,1695860130.0,1877.28,1876.79,1876.79,1875.32,Short
1695861000,1695861300.0,1877.11,1876.0,1880.4399999999996,1877.11,Long
1695863700,1695878400.0,1876.91,1876.31,1876.31,1874.5099999999995,Short
1695879300,1695883200.0,1876.22,1875.74,1877.66,1876.22,Long
1695884400,1695890700.0,1874.7,1874.15,1876.35,1874.7,Long
1695891000,1695892500.0,1874.92,1874.58,1874.58,1873.5599999999995,Short
1695892800,1695892830.0,1874.36,1873.9,1875.7399999999993,1874.36,Long
1695894000,1695894030.0,1874.33,1874.04,1875.1999999999998,1874.33,Long
1695894600,1695896700.0,1876.62,1875.48,1875.48,1872.0600000000004,Short
1695897600,1695897630.0,1875.18,1874.57,1874.57,1872.7399999999996,Short
1695899100,1695899130.0,1875.32,1874.57,1877.57,1875.32,Long
1695899700,1695900000.0,1875.96,1875.32,1877.8800000000003,1875.96,Long
1695901800,1695902100.0,1876.65,1876.24,1876.24,1875.0099999999998,Short
1695903300,1695903330.0,1877.17,1875.99,1880.7100000000003,1877.17,Long
1695904200,1695904800.0,1877.52,1875.86,1882.5000000000002,1877.52,Long
1695906600,1695906900.0,1876.41,1873.48,1873.48,1864.6899999999998,Short
1695907800,1695908100.0,1874.94,1873.8,1878.3600000000004,1874.94,Long
1695909600,1695927900.0,1873.33,1871.4,1871.4,1865.6100000000006,Short
1695928500,1695933600.0,1865.56,1864.55,1868.59,1865.56,Long
1695934800,1695948000.0,1865.22,1864.1,1868.5800000000004,1865.22,Long
1695949200,1695951600.0,1865.44,1864.85,1864.85,1863.0799999999995,Short
1695953400,1695954000.0,1866.86,1866.52,1867.8799999999997,1866.86,Long
1695955500,1695956400.0,1865.82,1864.9,1868.5799999999995,1865.82,Long
1695957300,1695963900.0,1864.02,1863.34,1863.34,1861.2999999999997,Short
1695964200,1695964230.0,1864.76,1864.45,1865.6899999999998,1864.76,Long
1695965100,1695965400.0,1865.04,1864.51,1864.51,1862.92,Short
1695965700,1695965730.0,1865.2,1864.2,1868.2,1865.2,Long
1695966600,1695985500.0,1866.48,1865.53,1869.3300000000002,1866.48,Long
1695988200,1695990900.0,1869.12,1867.31,1867.31,1861.88,Short
1695992400,1695994800.0,1873.84,1870.21,1884.7299999999996,1873.84,Long
1695995100,1696227900.0,1873.89,1872.65,1872.65,1868.93,Short
1696228800,1696229400.0,1845.85,1844.9,1848.6999999999994,1845.85,Long
1696230000,1696230900.0,1844.31,1843.8,1845.84,1844.31,Long
1696232400,1696253700.0,1844.18,1842.11,1842.11,1835.8999999999994,Short
1696254000,1696255200.0,1834.93,1831.8,1844.3200000000004,1834.93,Long
1696255500,1696270200.0,1835.55,1832.98,1832.98,1825.2700000000002,Short
1696271100,1696271700.0,1832.3,1832.0,1833.1999999999998,1832.3,Long
1696273200,1696274100.0,1830.93,1830.61,1831.8900000000006,1830.93,Long
1696275300,1696313400.0,1830.09,1828.6,1828.6,1824.1299999999999,Short
1696315800,1696335300.0,1823.91,1820.31,1834.7100000000005,1823.91,Long
1696336200,1696338600.0,1828.0,1826.36,1826.36,1821.4399999999996,Short
1696339200,1696340100.0,1826.03,1824.29,1824.29,1819.07,Short
1696342200,1696342500.0,1828.55,1819.58,1819.58,1792.6699999999998,Short
1696343100,1696344600.0,1828.93,1822.41,1848.49,1828.93,Long
1696345500,1696346700.0,1826.79,1825.06,1831.98,1826.79,Long
1696348500,1696349400.0,1823.99,1822.26,1822.26,1817.07,Short
1696349700,1696349730.0,1825.63,1824.75,1828.2700000000004,1825.63,Long
1696351200,1696351230.0,1827.56,1826.0,1832.2399999999998,1827.56,Long
1696352700,1696353600.0,1824.66,1823.85,1823.85,1821.4199999999994,Short
1696353900,1696354800.0,1825.87,1825.04,1828.3599999999997,1825.87,Long
1696355700,1696356300.0,1824.94,1823.91,1823.91,1820.8200000000002,Short
1696357200,1696361700.0,1823.41,1822.41,1822.41,1819.41,Short
1696362000,1696362300.0,1824.6,1824.19,1825.8299999999995,1824.6,Long
1696363800,1696374300.0,1824.88,1824.21,1824.21,1822.1999999999998,Short
1696374600,1696376100.0,1822.5,1821.4,1825.7999999999997,1822.5,Long
1696376400,1696379700.0,1824.6,1823.85,1823.85,1821.6,Short
1696381800,1696384800.0,1823.65,1822.64,1822.64,1819.6100000000001,Short
1696386600,1696392600.0,1822.29,1821.67,1821.67,1819.8100000000004,Short
1696393500,1696398000.0,1822.76,1822.27,1822.27,1820.8,Short
1696398300,1696398330.0,1822.33,1821.31,1825.3899999999999,1822.33,Long
1696399500,1696404900.0,1821.33,1820.79,1820.79,1819.17,Short
1696405200,1696407600.0,1820.29,1819.58,1822.42,1820.29,Long
1696407900,1696408500.0,1822.9,1821.98,1821.98,1819.2199999999998,Short
1696408800,1696409400.0,1821.5,1820.28,1825.16,1821.5,Long
1696411800,1696412100.0,1824.3,1821.5,1832.6999999999998,1824.3,Long
1696413000,1696413030.0,1823.38,1822.27,1826.7100000000005,1823.38,Long
1696413900,1696426800.0,1822.25,1821.12,1825.6400000000003,1822.25,Long
1696427100,1696446000.0,1824.84,1822.53,1822.53,1815.6000000000001,Short
1696446900,1696453200.0,1818.75,1817.64,1817.64,1814.3100000000004,Short
1696457100,1696485000.0,1821.6,1821.07,1823.1899999999998,1821.6,Long
1696486200,1696501800.0,1825.15,1824.4,1824.4,1822.15,Short
1696502400,1696503900.0,1823.8,1823.13,1823.13,1821.1200000000006,Short
1696504800,1696504830.0,1822.4,1821.28,1821.28,1817.9199999999996,Short
1696506900,1696508100.0,1822.48,1822.13,1823.5299999999997,1822.48,Long
1696510500,1696524000.0,1816.26,1813.79,1813.79,1806.3799999999999,Short
1696524300,1696527000.0,1817.98,1817.36,1819.8400000000004,1817.98,Long
1696527900,1696528200.0,1818.93,1817.39,1817.39,1812.7700000000002,Short
1696530000,1696530030.0,1819.8,1819.34,1821.18,1819.8,Long
1696531800,1696554000.0,1820.34,1819.29,1823.4899999999998,1820.34,Long
1696554900,1696570800.0,1820.36,1819.86,1821.86,1820.36,Long
1696571700,1696584900.0,1821.22,1820.79,1820.79,1819.4999999999998,Short
1696585500,1696586100.0,1821.47,1821.05,1821.05,1819.7899999999997,Short
1696586400,1696593600.0,1820.62,1820.33,1821.4899999999998,1820.62,Long
1696594500,1696594530.0,1821.24,1820.56,1823.2800000000002,1821.24,Long
1696597200,1696598100.0,1821.44,1810.74,1810.74,1778.6399999999999,Short
1696598400,1696599000.0,1819.13,1817.7,1823.4200000000003,1819.13,Long
1696599300,1696600200.0,1825.66,1822.58,1822.58,1813.3399999999995,Short
1696600800,1696620300.0,1821.04,1819.13,1826.7699999999995,1821.04,Long
1696621200,1696624500.0,1831.16,1830.32,1830.32,1827.7999999999995,Short
1696624800,1696817100.0,1831.76,1831.0,1834.04,1831.76,Long
1696819200,1696821900.0,1852.28,1851.0,1856.12,1852.28,Long
1696822200,1696822230.0,1849.84,1849.3,1849.3,1847.68,Short
1696823100,1696827600.0,1850.6,1850.12,1852.04,1850.6,Long
1696829400,1696829430.0,1850.06,1849.3,1849.3,1847.02,Short
1696830900,1696832400.0,1852.27,1849.78,1859.74,1852.27,Long
1696833600,1696833900.0,1850.92,1850.27,1852.8700000000003,1850.92,Long
1696834500,1696835700.0,1851.75,1849.99,1849.99,1844.71,Short
1696836600,1696837800.0,1850.35,1849.82,1851.9399999999998,1850.35,Long
1696838100,1696841400.0,1851.48,1850.82,1850.82,1848.8399999999997,Short
1696842000,1696842030.0,1850.89,1850.31,1852.6300000000006,1850.89,Long
1696842600,1696842630.0,1850.53,1849.5,1849.5,1846.41,Short
1696843500,1696844700.0,1851.98,1851.48,1853.48,1851.98,Long
1696845300,1696845330.0,1850.82,1850.51,1850.51,1849.5800000000002,Short
1696847100,1696849500.0,1851.55,1850.6,1850.6,1847.7499999999998,Short
1696850100,1696850700.0,1850.03,1849.45,1851.7699999999998,1850.03,Long
1696851000,1696851030.0,1849.85,1849.28,1849.28,1847.5700000000002,Short
1696851600,1696861500.0,1850.09,1849.58,1849.58,1848.05,Short
1696862100,1696897500.0,1851.38,1849.2,1857.9200000000003,1851.38,Long
1696898700,1696909800.0,1863.41,1862.71,1865.5100000000002,1863.41,Long
1696911300,1696911900.0,1862.22,1861.0,1861.0,1857.34,Short
1696913100,1696934400.0,1862.07,1861.2,1861.2,1858.5900000000004,Short
1696935300,1696935330.0,1857.77,1857.2,1859.4799999999998,1857.77,Long
1696936500,1696937400.0,1855.81,1855.13,1855.13,1853.0900000000006,Short
1696938600,1696938630.0,1856.64,1855.46,1855.46,1851.9199999999998,Short
1696940100,1696946400.0,1857.51,1856.43,1856.43,1853.1900000000003,Short
1696948500,1696950000.0,1857.95,1856.84,1856.84,1853.5099999999995,Short
1696951500,1696966800.0,1858.74,1855.91,1867.2299999999998,1858.74,Long
1696967700,1696967730.0,1860.34,1859.3,1863.4599999999998,1860.34,Long
1696968600,1696968900.0,1860.29,1859.3,1859.3,1856.33,Short
1696971000,1696977300.0,1859.93,1859.63,1859.63,1858.7300000000002,Short
1696978200,1696978230.0,1859.59,1858.8,1858.8,1856.43,Short
1696982100,1696986900.0,1860.64,1859.2,1864.9600000000003,1860.64,Long
1696987200,1696987230.0,1861.61,1860.4,1860.4,1856.7700000000007,Short
1696988700,1696989900.0,1861.37,1860.42,1864.2199999999993,1861.37,Long
1696990500,1696995600.0,1860.26,1859.86,1861.4600000000003,1860.26,Long
1696995900,1696996200.0,1860.84,1860.4,1860.4,1859.0800000000006,Short
1696996500,1696996530.0,1860.01,1859.7,1860.9399999999998,1860.01,Long
1696997700,1697004900.0,1860.23,1860.05,1860.05,1859.5099999999998,Short
1697005200,1697005230.0,1860.58,1860.16,1861.8399999999995,1860.58,Long
1697005800,1697005830.0,1860.65,1860.07,1860.07,1858.3299999999995,Short
1697007000,1697030700.0,1863.22,1862.61,1865.0500000000004,1863.22,Long
1697031000,1697031030.0,1872.59,1871.5,1871.5,1868.2300000000002,Short
1697031600,1697031630.0,1870.740000000001,1868.74,1868.74,1862.7399999999973,Short
1697032500,1697033100.0,1871.02,1869.21,1876.4499999999998,1871.02,Long
1697033400,1697033700.0,1871.54,1870.53,1870.53,1867.5,Short
1697034000,1697034300.0,1870.04,1868.8,1873.76,1870.04,Long
1697034600,1697038200.0,1871.93,1870.67,1870.67,1866.89,Short
1697040000,1697044200.0,1873.61,1872.21,1877.8099999999995,1873.61,Long
1697044500,1697044530.0,1873.68,1872.88,1872.88,1870.4800000000002,Short
1697045400,1697045700.0,1873.67,1871.6,1871.6,1865.3899999999994,Short
1697046000,1697047200.0,1871.27,1870.86,1872.5000000000002,1871.27,Long
1697047800,1697054700.0,1872.42,1871.65,1874.73,1872.42,Long
1697055000,1697061600.0,1873.98,1873.79,1873.79,1873.2199999999998,Short
1697061900,1697107500.0,1874.46,1873.1,1878.5400000000004,1874.46,Long
1697107800,1697108100.0,1882.56,1882.23,1882.23,1881.2400000000002,Short
1697110500,1697113500.0,1882.73,1881.84,1885.4000000000003,1882.73,Long
1697114100,1697148300.0,1884.08,1879.22,1879.22,1864.6400000000003,Short
1697149500,1697149800.0,1869.64,1868.4,1868.4,1864.68,Short
1697151600,1697403900.0,1871.11,1869.1,1877.1399999999999,1871.11,Long
1697407200,1697450100.0,1932.62,1932.62,1932.62,1932.62,Long
1697450400,1697466300.0,1916.29,1915.51,1918.6299999999999,1916.29,Long
1697467500,1697473500.0,1919.23,1916.74,1926.7,1919.23,Long
1697475600,1697478600.0,1921.92,1920.43,1926.39,1921.92,Long
1697479800,1697480100.0,1919.55,1918.4,1922.9999999999995,1919.55,Long
1697480400,1697480430.0,1919.6,1919.19,1919.19,1917.9600000000005,Short
1697481300,1697483100.0,1919.39,1918.3,1922.6600000000005,1919.39,Long
1697483400,1697495700.0,1918.75,1917.4,1917.4,1913.3500000000004,Short
1697496300,1697496600.0,1920.82,1920.1,1922.98,1920.82,Long
1697497200,1697501400.0,1919.67,1918.81,1922.2500000000005,1919.67,Long
1697502600,1697517600.0,1918.67,1917.99,1917.99,1915.9499999999998,Short
1697518800,1697519400.0,1915.33,1914.6,1914.6,1912.4099999999999,Short
1697520300,1697521200.0,1916.27,1915.85,1915.85,1914.5899999999997,Short
1697521800,1697549100.0,1915.62,1914.9,1917.7799999999993,1915.62,Long
1697549700,1697553600.0,1923.06,1921.85,1926.69,1923.06,Long
1697554500,1697554530.0,1924.71,1923.44,1923.44,1919.63,Short
1697556300,1697559300.0,1925.27,1924.24,1928.36,1925.27,Long
1697560800,1697561400.0,1924.58,1923.65,1927.3699999999994,1924.58,Long
1697562000,1697562300.0,1924.61,1923.6,1923.6,1920.57,Short
1697562600,1697562900.0,1924.85,1923.4,1929.1999999999994,1924.85,Long
1697564100,1697569800.0,1923.22,1922.3,1922.3,1919.5399999999997,Short
1697570700,1697570730.0,1924.69,1924.1,1926.4600000000005,1924.69,Long
1697571600,1697580600.0,1924.41,1923.77,1923.77,1921.8499999999997,Short
1697581200,1697607900.0,1924.63,1922.8,1930.1200000000006,1924.63,Long
1697608800,1697612400.0,1937.22,1936.57,1936.57,1934.6199999999997,Short
1697613300,1697616000.0,1938.43,1936.6,1943.9200000000005,1938.43,Long
1697616300,1697616330.0,1939.77,1938.4,1938.4,1934.2900000000004,Short
1697617200,1697619900.0,1938.37,1936.7,1943.3799999999994,1938.37,Long
1697621100,1697641200.0,1939.83,1938.85,1942.77,1939.83,Long
1697642100,1697644200.0,1941.88,1939.39,1939.39,1931.92,Short
1697644500,1697644530.0,1945.01,1944.2,1947.4399999999998,1945.01,Long
1697645100,1697645700.0,1945.67,1944.9,1944.9,1942.5900000000001,Short
1697647800,1697650800.0,1950.29,1947.7,1958.0599999999997,1950.29,Long
1697651100,1697654400.0,1954.4,1953.89,1953.89,1952.3600000000001,Short
1697655600,1697661300.0,1951.3,1950.0,1955.1999999999998,1951.3,Long
1697661900,1697670600.0,1949.69,1948.0,1948.0,1942.9299999999998,Short
1697671500,1697672100.0,1951.0,1949.5,1949.5,1945.0,Short
1697672400,1697672700.0,1950.44,1950.17,1951.25,1950.44,Long
1697673600,1697675700.0,1950.95,1949.89,1954.1299999999999,1950.95,Long
1697678100,1697679000.0,1950.49,1949.54,1953.3400000000001,1950.49,Long
1697681700,1697681730.0,1948.8,1947.75,1951.9499999999998,1948.8,Long
1697682300,1697684100.0,1949.78,1948.89,1948.89,1946.2200000000005,Short
1697684700,1697684730.0,1950.59,1948.5,1956.8599999999997,1950.59,Long
1697686500,1697694000.0,1948.45,1946.7,1946.7,1941.45,Short
1697695500,1697699400.0,1947.04,1946.03,1946.03,1943.0,Short
1697699700,1697714400.0,1949.75,1948.15,1954.5499999999997,1949.75,Long
1697715000,1697715030.0,1950.4,1949.71,1952.4700000000003,1950.4,Long
1697716200,1697726700.0,1951.14,1950.48,1953.1200000000003,1951.14,Long
1697727000,1697727600.0,1951.29,1950.6,1950.6,1948.5299999999997,Short
1697727900,1697760600.0,1951.18,1949.5,1956.2200000000003,1951.18,Long
1697760900,1697764500.0,1976.72,1975.68,1975.68,1972.5600000000002,Short
1697765400,1697772900.0,1974.84,1972.9,1980.6599999999994,1974.84,Long
1697773800,1697773830.0,1977.7,1976.3,1976.3,1972.0999999999997,Short
1697775000,1697781900.0,1978.1,1976.8,1981.9999999999998,1978.1,Long
1697784300,1697784330.0,1976.73,1975.63,1975.63,1972.3300000000004,Short
1697786400,1697802000.0,1979.7,1978.21,1984.17,1979.7,Long
1697803200,1697809200.0,1977.87,1976.94,1976.94,1974.1500000000005,Short
1697809500,1697822100.0,1979.18,1977.66,1983.74,1979.18,Long
1697822400,1697822430.0,1986.04,1976.32,1976.32,1947.1599999999999,Short
1697823600,1697824200.0,1983.21,1977.61,2000.0100000000004,1983.21,Long
1697824500,1698033300.0,1983.25,1981.9,1981.9,1977.8500000000004,Short
1698033600,1698056700.0,1974.44,1973.45,1977.41,1974.44,Long
1698057900,1698061200.0,1976.76,1975.3,1981.14,1976.76,Long
1698062100,1698062130.0,1978.51,1977.63,1981.1499999999996,1978.51,Long
1698062700,1698063300.0,1979.29,1978.12,1978.12,1974.6099999999997,Short
1698064500,1698071700.0,1981.81,1980.77,1980.77,1977.65,Short
1698072600,1698072900.0,1977.3,1976.32,1980.24,1977.3,Long
1698073200,1698073230.0,1978.46,1976.8,1976.8,1971.8199999999997,Short
1698074100,1698075000.0,1978.67,1977.85,1977.85,1975.3899999999994,Short
1698075300,1698075330.0,1978.67,1976.5,1985.1800000000003,1978.67,Long
1698075900,1698077700.0,1976.82,1975.49,1975.49,1971.5000000000002,Short
1698078900,1698082500.0,1979.0,1977.46,1977.46,1972.8400000000001,Short
1698085500,1698087300.0,1976.63,1975.91,1978.7900000000002,1976.63,Long
1698087600,1698106800.0,1977.6,1977.16,1977.16,1975.8400000000006,Short
1698107700,1698124200.0,1975.74,1974.6,1979.1600000000003,1975.74,Long
1698124500,1698126900.0,1976.05,1975.4,1975.4,1973.4500000000005,Short
1698127200,1698127800.0,1976.46,1975.66,1978.86,1976.46,Long
1698128100,1698130800.0,1977.41,1976.73,1976.73,1974.6899999999998,Short
1698131100,1698132300.0,1978.64,1976.9,1983.8600000000001,1978.64,Long
1698132600,1698158700.0,1976.63,1975.2,1975.2,1970.9099999999999,Short
1698160500,1698179100.0,1962.61,1961.36,1966.36,1962.61,Long
1698180600,1698192300.0,1972.06,1970.6,1970.6,1966.2199999999998,Short
1698192900,1698204900.0,1973.67,1971.7,1979.5800000000002,1973.67,Long
1698205200,1698205230.0,1972.17,1971.81,1971.81,1970.7299999999996,Short
1698206400,1698208500.0,1973.11,1971.5,1977.9399999999996,1973.11,Long
1698209700,1698209730.0,1973.23,1971.75,1977.67,1973.23,Long
1698210300,1698216900.0,1972.72,1970.89,1970.89,1965.4000000000003,Short
1698218700,1698219900.0,1972.6,1971.42,1971.42,1967.8800000000006,Short
1698220200,1698220230.0,1970.71,1970.02,1972.7800000000002,1970.71,Long
1698220800,1698231000.0,1971.56,1970.3,1970.3,1966.52,Short
1698232200,1698245700.0,1973.46,1972.44,1976.52,1973.46,Long
1698247200,1698256500.0,1976.17,1973.56,1984.0000000000005,1976.17,Long
1698259200,1698263400.0,1983.49,1982.3,1987.0600000000002,1983.49,Long
1698264000,1698264300.0,1980.82,1980.38,1980.38,1979.0600000000006,Short
1698265200,1698267000.0,1980.55,1979.76,1979.76,1977.39,Short
1698272100,1698272400.0,1981.42,1979.2,1988.0800000000002,1981.42,Long
1698274200,1698276900.0,1981.85,1980.5,1980.5,1976.4500000000003,Short
1698277200,1698299700.0,1982.69,1981.4,1986.56,1982.69,Long
1698300900,1698300930.0,1986.06,1984.1,1984.1,1978.2199999999998,Short
1698301800,1698301830.0,1986.46,1985.78,1985.78,1983.7399999999998,Short
1698303000,1698319200.0,1986.67,1984.35,1993.6300000000006,1986.67,Long
1698319800,1698336900.0,1987.44,1986.77,1986.77,1984.7599999999998,Short
1698337800,1698338400.0,1985.63,1984.64,1984.64,1981.67,Short
1698338700,1698352200.0,1983.06,1982.48,1984.7999999999997,1983.06,Long
1698352800,1698354000.0,1985.2,1984.1,1988.5000000000005,1985.2,Long
1698359700,1698361800.0,1984.77,1983.6,1983.6,1980.0899999999997,Short
1698362400,1698362430.0,1985.26,1985.03,1985.95,1985.26,Long
1698363300,1698365400.0,1985.34,1983.9,1983.9,1979.5800000000006,Short
1698365700,1698367800.0,1983.13,1982.2,1985.9200000000003,1983.13,Long
1698369300,1698369600.0,1985.11,1984.07,1988.2299999999998,1985.11,Long
1698369900,1698370800.0,1986.37,1985.76,1985.76,1983.9300000000003,Short
1698371100,1698387600.0,1984.85,1984.15,1986.9499999999994,1984.85,Long
1698388500,1698389400.0,1986.97,1985.7,1990.78,1986.97,Long
1698390600,1698390900.0,1987.37,1987.01,1987.01,1985.9300000000003,Short
1698393600,1698398100.0,1987.5,1986.1,1986.1,1981.8999999999996,Short
1698399600,1698417600.0,1987.64,1987.13,1987.13,1985.6000000000001,Short
1698417900,1698417930.0,1982.91,1981.07,1988.4300000000005,1982.91,Long
1698418800,1698419100.0,1982.66,1981.65,1985.69,1982.66,Long
1698419700,1698420600.0,1982.5,1981.59,1981.59,1978.8599999999997,Short
1698421500,1698425700.0,1981.75,1980.8,1980.8,1977.9499999999998,Short
1698427200,1698619500.0,1986.68,1983.09,1997.4500000000005,1986.68,Long
1698620100,1698631500.0,2002.56,2001.4,2001.4,1997.9200000000005,Short
1698634800,1698635400.0,2003.72,2002.3,2007.9800000000002,2003.72,Long
1698636300,1698637200.0,2002.85,2001.4,2001.4,1997.0500000000006,Short
1698638400,1698666600.0,2002.56,2001.3,2001.3,1997.52,Short
1698667200,1698667230.0,1995.52,1995.15,1995.15,1994.0400000000004,Short
1698668400,1698676200.0,1994.87,1993.9,1997.7799999999993,1994.87,Long
1698678300,1698683700.0,1998.1,1996.62,2002.54,1998.1,Long
1698684600,1698685500.0,1999.6,1999.05,2001.2499999999998,1999.6,Long
1698685800,1698687300.0,1999.09,1998.42,1998.42,1996.4100000000005,Short
1698689100,1698689130.0,1998.25,1997.2,2001.3999999999999,1998.25,Long
1698690000,1698691200.0,1999.73,1998.65,1998.65,1995.4100000000003,Short
1698691800,1698693300.0,1997.86,1997.48,1998.9999999999995,1997.86,Long
1698694200,1698713400.0,1996.98,1996.24,1996.24,1994.02,Short
1698714300,1698714330.0,1996.1,1995.21,1998.7699999999995,1996.1,Long
1698715500,1698715530.0,1996.82,1995.3,2001.3799999999999,1996.82,Long
1698717000,1698717030.0,1995.41,1994.86,1997.0600000000006,1995.41,Long
1698718200,1698718500.0,1997.04,1995.5,2001.6599999999999,1997.04,Long
1698718800,1698735300.0,1995.98,1995.35,1995.35,1993.4599999999996,Short
1698735600,1698756600.0,1995.08,1993.99,1998.3499999999997,1995.08,Long
1698756900,1698757500.0,1997.82,1996.5,1996.5,1992.5400000000002,Short
1698758700,1698759000.0,1997.96,1997.1,1997.1,1994.5199999999995,Short
1698759900,1698764100.0,1998.24,1996.68,2002.9199999999998,1998.24,Long
1698765300,1698791700.0,1997.19,1993.01,1993.01,1980.4699999999998,Short
1698795000,1698796500.0,1985.12,1983.6,1989.6799999999998,1985.12,Long
1698797100,1698818100.0,1983.69,1983.17,1983.17,1981.6100000000001,Short
1698818400,1698819000.0,1979.29,1978.77,1980.85,1979.29,Long
1698819300,1698819330.0,1980.62,1979.93,1979.93,1977.8600000000006,Short
1698820800,1698822600.0,1980.73,1979.4,1984.7199999999998,1980.73,Long
1698823800,1698824400.0,1977.8,1976.89,1980.5299999999995,1977.8,Long
1698824700,1698825300.0,1979.39,1977.94,1977.94,1973.59,Short
1698826200,1698845100.0,1978.33,1976.78,1982.9799999999998,1978.33,Long
1698845400,1698845430.0,1984.92,1983.58,1983.58,1979.5599999999995,Short
1698847800,1698851700.0,1990.99,1984.76,2009.68,1990.99,Long
1698852000,1698867900.0,1985.56,1984.6,1984.6,1981.7199999999998,Short
1698868800,1698870300.0,1979.18,1978.1,1978.1,1974.8599999999994,Short
1698870900,1698893700.0,1977.71,1977.09,1979.5700000000004,1977.71,Long
1698894900,1698895500.0,1983.99,1983.0,1986.96,1983.99,Long
1698897300,1698897600.0,1985.35,1983.7,1990.2999999999995,1985.35,Long
1698897900,1698899400.0,1985.36,1984.93,1984.93,1983.6400000000006,Short
1698900600,1698902100.0,1986.14,1984.3,1991.6600000000005,1986.14,Long
1698902700,1698902730.0,1985.95,1985.69,1986.73,1985.95,Long
1698903600,1698907800.0,1986.16,1985.55,1985.55,1983.7199999999996,Short
1698908100,1698909600.0,1984.88,1983.8,1988.1200000000006,1984.88,Long
1698911400,1698911700.0,1985.06,1983.86,1988.66,1985.06,Long
1698912300,1698912600.0,1985.4,1984.95,1984.95,1983.6,Short
1698912900,1698930900.0,1985.17,1984.51,1987.1500000000003,1985.17,Long
1698932100,1698946800.0,1986.21,1983.01,1983.01,1973.4099999999999,Short
1698947700,1698963900.0,1986.14,1984.9,1989.8600000000001,1986.14,Long
1698966300,1698970200.0,1985.44,1984.1,1984.1,1980.0799999999995,Short
1698970800,1698970830.0,1985.81,1984.9,1988.5399999999995,1985.81,Long
1698971400,1698972900.0,1985.72,1984.97,1987.97,1985.72,Long
1698973800,1698978300.0,1985.62,1984.2,1984.2,1979.9400000000005,Short
1698981300,1698993600.0,1987.02,1986.0,1990.08,1987.02,Long
1698995400,1698997500.0,1987.84,1986.9,1990.6599999999994,1987.84,Long
1698997800,1698997830.0,1987.37,1986.02,1986.02,1981.9700000000003,Short
1698998700,1699009200.0,1987.02,1986.36,1989.0000000000002,1987.02,Long
1699009500,1699009800.0,1988.58,1987.6,1987.6,1984.6599999999999,Short
1699010100,1699010130.0,1987.77,1986.6,1991.2800000000002,1987.77,Long
1699010700,1699011900.0,1987.89,1987.0,1987.0,1984.3299999999997,Short
1699013400,1699013430.0,1988.53,1986.93,1993.3299999999997,1988.53,Long
1699017000,1699017600.0,2003.9,1990.21,2044.9700000000003,2003.9,Long
1699018800,1699029300.0,1997.12,1992.71,2010.3499999999995,1997.12,Long
1699029900,1699032600.0,1992.36,1991.54,1991.54,1989.0800000000002,Short
1699033800,1699035300.0,1992.25,1991.06,1991.06,1987.4899999999998,Short
1699035600,1699038600.0,1993.46,1993.06,1994.6600000000003,1993.46,Long
1699041000,1699041030.0,1992.47,1991.83,1991.83,1989.9099999999996,Short
1699042200,1699042230.0,1992.68,1991.6,1991.6,1988.3599999999994,Short
1699043400,1699044300.0,1992.86,1992.24,1994.7199999999996,1992.86,Long
1699044600,1699044630.0,1992.29,1992.13,1992.13,1991.6500000000005,Short
1699045200,1699218000.0,1992.34,1992.07,1993.1499999999999,1992.34,Long
1699225200,1699225230.0,1992.35,1992.35,1992.35,1992.35,Long
1699225800,1699233600.0,1991.42,1990.6,1990.6,1988.1399999999994,Short
1699234800,1699234830.0,1993.01,1991.88,1991.88,1988.4900000000005,Short
1699236300,1699256700.0,1992.9,1991.83,1991.83,1988.6199999999994,Short
1699257300,1699257900.0,1984.65,1983.55,1983.55,1980.2499999999995,Short
1699258800,1699273200.0,1986.95,1984.78,1993.4600000000003,1986.95,Long
1699273500,1699274100.0,1986.12,1985.78,1985.78,1984.7600000000002,Short
1699274700,1699276800.0,1985.68,1985.13,1985.13,1983.4800000000002,Short
1699277100,1699277400.0,1986.76,1983.5,1996.54,1986.76,Long
1699278900,1699278930.0,1987.53,1986.83,1986.83,1984.7299999999998,Short
1699280400,1699290000.0,1987.27,1986.02,1986.02,1982.27,Short
1699290300,1699290330.0,1984.14,1983.36,1986.4800000000007,1984.14,Long
1699291500,1699366200.0,1983.81,1983.32,1983.32,1981.85,Short
1699367100,1699371600.0,1967.03,1966.01,1966.01,1962.95,Short
1699373100,1699379100.0,1964.09,1962.51,1968.8299999999997,1964.09,Long
1699379400,1699380600.0,1963.28,1962.54,1962.54,1960.32,Short
1699382700,1699400700.0,1968.14,1966.14,1974.14,1968.14,Long
1699401300,1699401330.0,1969.13,1968.0,1968.0,1964.6099999999997,Short
1699402200,1699407000.0,1969.75,1969.18,1971.4599999999998,1969.75,Long
1699407300,1699407600.0,1968.96,1968.37,1968.37,1966.5999999999995,Short
1699408500,1699408800.0,1968.36,1967.3,1967.3,1964.1200000000001,Short
1699410300,1699410600.0,1970.89,1969.94,1973.7400000000002,1970.89,Long
1699410900,1699410930.0,1969.41,1968.3,1968.3,1964.9699999999996,Short
1699411800,1699411830.0,1968.95,1967.5,1967.5,1963.1499999999999,Short
1699413600,1699426500.0,1968.17,1967.88,1967.88,1967.0100000000002,Short
1699427400,1699428600.0,1967.97,1967.1,1967.1,1964.4899999999996,Short
1699429500,1699430400.0,1968.44,1968.07,1968.07,1966.9599999999996,Short
1699431300,1699431330.0,1968.68,1967.15,1967.15,1962.5600000000002,Short
1699433400,1699433700.0,1968.42,1967.0,1972.6800000000003,1968.42,Long
1699434000,1699434030.0,1968.22,1967.72,1967.72,1966.22,Short
1699436100,1699437000.0,1966.97,1965.87,1970.2700000000004,1966.97,Long
1699438200,1699452600.0,1964.31,1963.64,1963.64,1961.6300000000006,Short
1699453500,1699454700.0,1965.13,1962.58,1972.7800000000007,1965.13,Long
1699455000,1699489800.0,1962.05,1961.12,1961.12,1958.3299999999997,Short
1699490400,1699497600.0,1950.39,1949.19,1953.9900000000002,1950.39,Long
1699498800,1699503900.0,1950.13,1949.16,1949.16,1946.25,Short
1699506600,1699512600.0,1949.75,1948.1,1948.1,1943.1499999999996,Short
1699512900,1699512930.0,1949.65,1949.35,1950.5500000000006,1949.65,Long
1699513500,1699514100.0,1949.26,1948.85,1948.85,1947.6199999999997,Short
1699516200,1699516500.0,1950.43,1949.44,1953.4,1950.43,Long
1699517400,1699519200.0,1949.86,1948.1,1948.1,1942.82,Short
1699520700,1699520730.0,1949.3,1948.12,1952.8400000000001,1949.3,Long
1699521300,1699532100.0,1949.45,1948.73,1948.73,1946.57,Short
1699532400,1699533300.0,1947.96,1946.3,1952.9400000000003,1947.96,Long
1699535100,1699536000.0,1946.26,1944.6,1944.6,1939.6199999999997,Short
1699536300,1699536330.0,1948.69,1946.7,1954.66,1948.69,Long
1699537800,1699557600.0,1947.14,1946.11,1950.2300000000007,1947.14,Long
1699558200,1699575000.0,1960.5,1958.5,1958.5,1952.5,Short
1699575900,1699582200.0,1959.37,1958.99,1960.5099999999995,1959.37,Long
1699583100,1699585500.0,1957.92,1956.43,1956.43,1951.96,Short
1699585800,1699588800.0,1958.21,1957.74,1959.6200000000001,1958.21,Long
1699591800,1699597200.0,1958.64,1957.0,1957.0,1952.0799999999997,Short
1699597500,1699597800.0,1957.27,1956.3,1960.18,1957.27,Long
1699599600,1699652700.0,1957.49,1956.78,1956.78,1954.6499999999999,Short
1699822800,1699843500.0,1942.99,1937.22,1960.3,1942.99,Long
1699845000,1699857300.0,1938.04,1936.75,1936.75,1932.88,Short
1699859700,1699868700.0,1939.89,1938.15,1945.1100000000001,1939.89,Long
1699869300,1699878000.0,1939.23,1937.5,1937.5,1932.31,Short
1699878600,1699879500.0,1938.16,1937.09,1941.3700000000006,1938.16,Long
1699880400,1699881900.0,1936.27,1935.56,1935.56,1933.4299999999998,Short
1699882500,1699890300.0,1937.85,1935.72,1935.72,1929.3300000000004,Short
1699891200,1699908900.0,1938.67,1937.74,1941.4600000000003,1938.67,Long
1699909200,1699909230.0,1946.5,1945.67,1945.67,1943.1800000000003,Short
1699910100,1699910700.0,1946.45,1945.4,1949.6,1946.45,Long
1699911000,1699912800.0,1946.46,1946.24,1946.24,1945.58,Short
1699917300,1699917900.0,1946.33,1945.5,1945.5,1943.0100000000002,Short
1699918500,1699918800.0,1946.42,1945.4,1949.48,1946.42,Long
1699919700,1699920900.0,1946.19,1944.8,1944.8,1940.6299999999997,Short
1699922100,1699922400.0,1947.05,1945.9,1950.4999999999995,1947.05,Long
1699923600,1699926300.0,1946.75,1945.4,1950.7999999999997,1946.75,Long
1699927200,1699929000.0,1946.5,1945.35,1945.35,1941.8999999999996,Short
1699929600,1699929630.0,1945.45,1944.95,1944.95,1943.45,Short
1699930500,1699932600.0,1946.44,1945.97,1945.97,1944.56,Short
1699934100,1699942200.0,1945.72,1944.2,1944.2,1939.64,Short
1699943100,1699945200.0,1945.81,1945.1,1945.1,1942.9699999999998,Short
1699946700,1699947000.0,1946.23,1945.86,1947.3400000000004,1946.23,Long
1699948800,1699949400.0,1946.15,1945.46,1948.2200000000003,1946.15,Long
1699950600,1699950900.0,1945.21,1944.2,1948.24,1945.21,Long
1699951200,1699951230.0,1945.85,1944.8,1944.8,1941.65,Short
1699953300,1699960800.0,1946.06,1945.06,1949.06,1946.06,Long
1699961400,1699962300.0,1946.22,1945.3,1948.9800000000002,1946.22,Long
1699962900,1699962930.0,1945.75,1944.7,1948.8999999999999,1945.75,Long
1699963500,1699965300.0,1946.06,1944.9,1949.5399999999995,1946.06,Long
1699965600,1699965900.0,1946.11,1945.52,1945.52,1943.7500000000002,Short
1699966500,1699966530.0,1945.39,1944.93,1946.7700000000002,1945.39,Long
1699967700,1699968000.0,1945.57,1944.31,1949.35,1945.57,Long
1699969500,1699987200.0,1957.06,1953.97,1966.3299999999997,1957.06,Long
1699988100,1699991700.0,1963.12,1962.57,1962.57,1960.92,Short
1699992600,1699996500.0,1963.92,1963.4,1963.4,1961.8400000000001,Short
1699996800,1699996830.0,1962.95,1962.71,1963.67,1962.95,Long
1699997400,1699998000.0,1962.75,1961.8,1961.8,1958.9499999999998,Short
1699998600,1699998630.0,1962.95,1962.2,1962.2,1959.95,Short
1699999200,1700002800.0,1963.04,1962.87,1963.5500000000002,1963.04,Long
1700003400,1700003700.0,1962.8,1962.64,1962.64,1962.1600000000005,Short
1700004600,1700004630.0,1963.09,1962.0,1966.3599999999997,1963.09,Long
1700005200,1700009100.0,1962.72,1961.4,1961.4,1957.4400000000003,Short
1700009400,1700010000.0,1962.12,1961.2,1964.8799999999994,1962.12,Long
1700010300,1700014200.0,1963.76,1963.2,1963.2,1961.5200000000002,Short
1700014500,1700051100.0,1963.42,1962.95,1964.8300000000002,1963.42,Long
1700051700,1700052000.0,1971.53,1970.51,1970.51,1967.45,Short
1700053800,1700053830.0,1972.12,1971.79,1971.79,1970.8000000000002,Short
1700055000,1700074500.0,1971.96,1970.2,1970.2,1964.92,Short
1700075100,1700077800.0,1960.73,1959.8,1963.5200000000002,1960.73,Long
1700078100,1700081100.0,1961.85,1961.56,1961.56,1960.69,Short
1700082000,1700090700.0,1959.6,1959.18,1959.18,1957.9200000000005,Short
1700091000,1700092500.0,1960.72,1959.5,1964.38,1960.72,Long
1700093700,1700093730.0,1960.72,1959.92,1959.92,1957.5200000000002,Short
1700095200,1700102400.0,1959.93,1959.61,1959.61,1958.6499999999994,Short
1700102700,1700131800.0,1959.02,1957.48,1963.6399999999999,1959.02,Long
1700133300,1700133600.0,1966.23,1965.32,1965.32,1962.5899999999997,Short
1700133900,1700133930.0,1966.2,1965.1,1969.5000000000005,1966.2,Long
1700135100,1700141100.0,1966.31,1964.2,1964.2,1957.8700000000003,Short
1700142000,1700162400.0,1972.59,1965.1,1995.06,1972.59,Long
1700162700,1700163900.0,1983.98,1983.55,1983.55,1982.2599999999998,Short
1700164500,1700164800.0,1983.77,1983.23,1985.3899999999999,1983.77,Long
1700165400,1700167800.0,1984.04,1983.34,1983.34,1981.2399999999998,Short
1700168100,1700168400.0,1981.45,1980.92,1983.04,1981.45,Long
1700169300,1700182200.0,1981.3,1980.2,1980.2,1976.9000000000003,Short
1700183100,1700198100.0,1986.75,1982.59,1999.2300000000002,1986.75,Long
1700198400,1700198430.0,1985.53,1985.3,1985.3,1984.61,Short
1700199300,1700201100.0,1984.66,1984.24,1985.9200000000003,1984.66,Long
1700202300,1700202330.0,1984.34,1984.09,1985.09,1984.34,Long
1700203200,1700206200.0,1983.71,1982.4,1982.4,1978.4700000000003,Short
1700207700,1700207730.0,1986.65,1985.99,1988.6300000000003,1986.65,Long
1700208900,1700209500.0,1985.82,1984.65,1984.65,1981.1400000000006,Short
1700209800,1700226900.0,1985.78,1985.48,1986.6799999999998,1985.78,Long
1700227200,1700247000.0,1991.43,1990.56,1990.56,1987.9499999999996,Short
1700247300,1700247900.0,1982.31,1981.1,1985.94,1982.31,Long
1700248200,1700248500.0,1981.57,1981.3,1981.3,1980.49,Short
1700250000,1700253900.0,1981.4,1979.79,1979.79,1974.9599999999996,Short
1700254800,1700255400.0,1980.68,1980.41,1980.41,1979.6000000000001,Short
1700256600,1700256900.0,1980.34,1979.4,1983.1599999999994,1980.34,Long
1700258100,1700258130.0,1980.45,1979.7,1982.7,1980.45,Long
1700417100,1700442000.0,1980.55,1980.55,1980.55,1980.55,Long
1700443500,1700445300.0,1982.44,1981.53,1985.1700000000003,1982.44,Long
1700445600,1700445900.0,1981.39,1980.68,1980.68,1978.55,Short
1700446500,1700457600.0,1980.39,1980.0,1981.5600000000004,1980.39,Long
1700457900,1700457930.0,1983.16,1981.8,1981.8,1977.7199999999996,Short
1700458500,1700460900.0,1982.35,1981.2,1981.2,1977.7500000000005,Short
1700461200,1700461230.0,1980.36,1979.38,1983.2999999999993,1980.36,Long
1700462100,1700496000.0,1981.0,1980.47,1980.47,1978.88,Short
1700496300,1700548500.0,1973.01,1971.67,1977.0299999999997,1973.01,Long
1700548800,1700548830.0,1991.19,1990.2,1990.2,1987.23,Short
1700549700,1700549730.0,1991.64,1991.22,1991.22,1989.9599999999998,Short
1700550600,1700552400.0,1991.73,1990.98,1993.98,1991.73,Long
1700553300,1700553600.0,1992.55,1991.57,1991.57,1988.6299999999999,Short
1700554200,1700554500.0,1994.21,1993.5,1993.5,1991.37,Short
1700555100,1700555130.0,1992.37,1991.4,1991.4,1988.4900000000007,Short
1700556000,1700571000.0,1992.64,1992.04,1992.04,1990.2399999999996,Short
1700571300,1700590500.0,1988.45,1987.87,1990.1900000000005,1988.45,Long
1700591400,1700598600.0,2000.0,1998.92,1998.92,1995.6800000000003,Short
1700599500,1700608500.0,1999.46,1999.03,1999.03,1997.7399999999998,Short
1700609700,1700610900.0,1999.44,1998.78,2001.4200000000003,1999.44,Long
1700611200,1700611500.0,1999.36,1999.16,1999.16,1998.5600000000006,Short
1700611800,1700611830.0,1999.22,1998.36,2001.8000000000004,1999.22,Long
1700613000,1700627700.0,1998.16,1996.9,1996.9,1993.1200000000001,Short
1700628300,1700648700.0,1998.2,1996.9,2002.1,1998.2,Long
1700649600,1700651400.0,2000.12,1998.8,2004.0799999999997,2000.12,Long
1700651700,1700656500.0,2002.52,2001.79,2001.79,1999.6,Short
1700658900,1700659500.0,2002.98,2000.4,2010.7199999999998,2002.98,Long
1700660100,1700663400.0,2001.38,1998.63,1998.63,1990.38,Short
1700663700,1700664900.0,2000.03,1999.13,2002.7299999999996,2000.03,Long
1700665200,1700687400.0,2002.03,2001.73,2001.73,2000.8300000000002,Short
1700688300,1700689500.0,1989.95,1988.9,1988.9,1985.7500000000002,Short
1700690100,1700695500.0,1990.01,1989.1,1989.1,1986.3699999999997,Short
1700696400,1700699100.0,1991.34,1990.3,1994.4599999999998,1991.34,Long
1700699400,1700699430.0,1991.93,1991.14,1991.14,1988.7700000000002,Short
1700701800,1700725800.0,1992.46,1990.8,1997.4400000000003,1992.46,Long
1700726400,1700729400.0,1997.01,1996.34,1996.34,1994.3299999999997,Short
1700729700,1700729730.0,1994.95,1993.7,1998.7,1994.95,Long
1700731200,1700749200.0,1995.3,1992.4,1992.4,1983.7000000000005,Short
1700750400,1700751600.0,1993.09,1991.7,1997.2599999999995,1993.09,Long
1700752800,1700753100.0,1993.81,1993.22,1995.5799999999997,1993.81,Long
1700753400,1700760900.0,1993.48,1993.2,1993.2,1992.3600000000001,Short
1700761800,1700763900.0,1992.36,1992.21,1992.21,1991.7600000000004,Short
1700764800,1700764830.0,1992.56,1992.38,1993.0999999999995,1992.56,Long
1700766000,1700776800.0,1992.48,1991.1,1991.1,1986.9599999999996,Short
1700781600,1700789400.0,1993.92,1992.15,1999.23,1993.92,Long
1700789700,1700789730.0,1993.34,1992.83,1992.83,1991.3,Short
1700790300,1700790330.0,1992.59,1991.2,1996.7599999999995,1992.59,Long
1700791200,1700794500.0,1992.49,1991.48,1995.52,1992.49,Long
1700796900,1700801100.0,1992.58,1991.4,1991.4,1987.8600000000006,Short
1700801700,1700802900.0,1994.11,1993.45,1993.45,1991.4700000000005,Short
1700803800,1700806500.0,1994.25,1993.71,1995.87,1994.25,Long
1700808000,1700808030.0,1993.71,1993.1,1995.5400000000004,1993.71,Long
1700809800,1700812800.0,1993.97,1993.24,1996.16,1993.97,Long
1700813400,1700813430.0,1994.12,1993.05,1993.05,1989.8400000000001,Short
1700815500,1700815800.0,1993.75,1992.3,1998.1000000000001,1993.75,Long
1700817900,1700818200.0,1994.24,1993.1,1997.6600000000003,1994.24,Long
1700818500,1700818800.0,1994.87,1994.37,1994.37,1992.87,Short
1700819400,1700847600.0,1994.1,1993.72,1995.2399999999996,1994.1,Long
1700848500,1700850300.0,2001.37,1999.6,2006.6799999999998,2001.37,Long
1700851500,1700851530.0,2002.58,1999.88,1999.88,1991.7800000000007,Short
1701039600,1701039900.0,2002.15,2001.95,2001.95,2001.35,Short
1701040200,1701063000.0,2001.58,2000.54,2004.6999999999998,2001.58,Long
1701063600,1701065100.0,2012.08,2011.36,2011.36,2009.1999999999998,Short
1701067500,1701067800.0,2010.26,2009.86,2009.86,2008.6599999999996,Short
1701069000,1701069300.0,2010.8,2009.44,2009.44,2005.3600000000004,Short
1701069600,1701071100.0,2010.79,2010.36,2012.0800000000002,2010.79,Long
1701072300,1701087600.0,2011.25,2010.66,2013.0199999999998,2011.25,Long
1701087900,1701088500.0,2014.4,2013.64,2013.64,2011.3600000000001,Short
1701090600,1701091500.0,2014.19,2013.1,2013.1,2009.8299999999995,Short
1701092100,1701098400.0,2016.06,2014.58,2014.58,2010.1399999999999,Short
1701101400,1701108900.0,2011.32,2008.11,2008.11,1998.4799999999998,Short
1701109200,1701109500.0,2010.92,2010.41,2012.45,2010.92,Long
1701110400,1701113400.0,2012.73,2011.61,2016.0900000000004,2012.73,Long
1701114000,1701137100.0,2013.5,2012.0,2018.0,2013.5,Long
1701138000,1701143700.0,2015.05,2013.6,2019.4,2015.05,Long
1701144000,1701146100.0,2015.12,2014.2,2014.2,2011.4400000000005,Short
1701146400,1701146430.0,2016.18,2015.25,2018.9700000000003,2016.18,Long
1701147300,1701149700.0,2015.94,2015.0,2015.0,2012.1799999999998,Short
1701150900,1701153000.0,2014.92,2014.34,2016.6600000000005,2014.92,Long
1701153300,1701153900.0,2015.93,2015.07,2015.07,2012.4899999999996,Short
1701154200,1701154230.0,2015.89,2015.3,2017.6600000000005,2015.89,Long
1701155100,1701155400.0,2016.58,2015.4,2020.1199999999994,2016.58,Long
1701156000,1701161400.0,2016.15,2014.96,2014.96,2011.3899999999999,Short
1701162900,1701163800.0,2015.48,2014.79,2017.5500000000002,2015.48,Long
1701164100,1701164400.0,2016.15,2015.61,2015.61,2013.9899999999993,Short
1701165300,1701166200.0,2015.73,2013.9,2021.2199999999998,2015.73,Long
1701166500,1701170700.0,2015.83,2015.35,2015.35,2013.9099999999999,Short
1701171600,1701175800.0,2015.56,2014.97,2017.3299999999997,2015.56,Long
1701177000,1701177600.0,2013.9,2013.29,2013.29,2011.4599999999996,Short
1701179400,1701206100.0,2019.74,2018.2,2024.36,2019.74,Long
1701207300,1701208200.0,2040.56,2039.6,2039.6,2036.7199999999998,Short
1701208800,1701208830.0,2041.53,2040.61,2040.61,2037.8499999999997,Short
1701213000,1701228900.0,2041.43,2040.7,2043.6200000000001,2041.43,Long
1701229800,1701229830.0,2044.66,2043.82,2043.82,2041.2999999999995,Short
1701231000,1701231030.0,2044.62,2043.16,2043.16,2038.7800000000007,Short
1701232200,1701244500.0,2043.97,2043.16,2043.16,2040.7300000000002,Short
1701244800,1701244830.0,2042.63,2041.87,2044.9100000000008,2042.63,Long
1701245400,1701261900.0,2043.82,2042.84,2042.84,2039.8999999999999,Short
1701263100,1701264000.0,2042.28,2039.8,2039.8,2032.36,Short
1701264900,1701264930.0,2042.6,2040.24,2040.24,2033.1600000000003,Short
1701268200,1701293400.0,2040.78,2037.31,2051.19,2040.78,Long
1701294300,1701299700.0,2044.32,2043.3,2043.3,2040.24,Short
1701300600,1701304800.0,2044.74,2043.6,2043.6,2040.1799999999996,Short
1701305100,1701305700.0,2045.99,2045.55,2047.3100000000002,2045.99,Long
1701307500,1701308700.0,2046.59,2044.9,2051.6599999999994,2046.59,Long
1701309000,1701311700.0,2044.76,2044.38,2044.38,2043.2400000000005,Short
1701312000,1701314700.0,2043.85,2043.51,2044.8699999999997,2043.85,Long
1701315300,1701315330.0,2045.06,2043.8,2043.8,2040.02,Short
1701316800,1701318300.0,2046.25,2045.47,2048.59,2046.25,Long
1701319200,1701325200.0,2044.62,2043.7,2043.7,2040.9400000000005,Short
1701326100,1701327000.0,2044.31,2043.66,2046.2599999999995,2044.31,Long
1701329700,1701349500.0,2045.27,2043.8,2043.8,2039.3899999999999,Short
1701349800,1701350400.0,2040.02,2038.9,2043.3799999999997,2040.02,Long
1701350700,1701353700.0,2041.34,2040.28,2040.28,2037.1000000000001,Short
1701354300,1701354330.0,2039.59,2037.47,2045.9499999999996,2039.59,Long
1701354900,1701359100.0,2037.34,2035.46,2035.46,2029.8200000000004,Short
1701361200,1701361500.0,2037.9,2036.61,2041.7700000000007,2037.9,Long
1701364800,1701365700.0,2040.57,2039.3,2039.3,2035.49,Short
1701366600,1701366630.0,2039.86,2039.46,2041.0599999999995,2039.86,Long
1701367800,1701368100.0,2038.51,2036.7,2043.9399999999998,2038.51,Long
1701368400,1701369600.0,2038.34,2037.39,2037.39,2034.5400000000006,Short
1701371100,1701371130.0,2035.06,2033.9,2033.9,2030.4200000000005,Short
1701372000,1701373200.0,2036.02,2035.31,2038.15,2036.02,Long
1701373500,1701373530.0,2037.11,2036.4,2036.4,2034.2700000000007,Short
1701375000,1701381600.0,2036.32,2035.31,2035.31,2032.28,Short
1701385200,1701385500.0,2035.97,2035.97,2035.97,2035.97,Long
1701385800,1701385830.0,2038.84,2036.94,2036.94,2031.2400000000005,Short
1701386700,1701402000.0,2039.08,2038.24,2041.5999999999997,2039.08,Long
1701403800,1701411000.0,2039.84,2039.29,2039.29,2037.64,Short
1701411300,1701411600.0,2041.41,2040.93,2042.8500000000001,2041.41,Long
1701412500,1701413700.0,2042.76,2040.9,2040.9,2035.3200000000004,Short
1701414000,1701414900.0,2040.67,2040.22,2042.0200000000002,2040.67,Long
1701416400,1701416700.0,2041.08,2040.3,2040.3,2037.96,Short
1701417900,1701429900.0,2040.08,2039.23,2042.6299999999997,2040.08,Long
1701431700,1701442500.0,2039.16,2037.73,2037.73,2033.4399999999998,Short
1701443400,1701660600.0,2047.84,2044.66,2057.379999999999,2047.84,Long
1701661500,1701668100.0,2086.42,2085.71,2085.71,2083.58,Short
1701668700,1701669000.0,2090.16,2088.73,2094.4499999999994,2090.16,Long
1701669300,1701669900.0,2088.8,2086.9,2086.9,2081.2,Short
1701670800,1701670830.0,2087.24,2083.44,2098.639999999999,2087.24,Long
1701672000,1701690300.0,2084.28,2082.94,2082.94,2078.9199999999996,Short
1701691500,1701694800.0,2071.03,2069.33,2076.130000000001,2071.03,Long
1701696900,1701718200.0,2070.09,2061.39,2061.39,2035.289999999999,Short
1701718500,1701724800.0,2026.95,2026.23,2029.1100000000001,2026.95,Long
1701726600,1701750600.0,2030.08,2028.8,2033.9199999999998,2030.08,Long
1701750900,1701758400.0,2036.89,2035.13,2035.13,2029.8500000000001,Short
1701758700,1701758730.0,2033.07,2032.17,2035.7699999999995,2033.07,Long
1701759600,1701763800.0,2034.07,2032.9,2032.9,2029.3900000000006,Short
1701764100,1701765300.0,2036.08,2035.3,2038.4199999999998,2036.08,Long
1701766200,1701766230.0,2037.3,2033.3,2033.3,2021.3,Short
1701766800,1701783900.0,2034.66,2033.93,2033.93,2031.74,Short
1701784800,1701786600.0,2029.88,2028.06,2028.06,2022.5999999999995,Short
1701787200,1701788100.0,2025.39,2023.07,2023.07,2016.1099999999994,Short
1701789600,1701802500.0,2020.18,2018.21,2018.21,2012.3,Short
1701804000,1701804600.0,2019.47,2017.6,2017.6,2011.9899999999996,Short
1701805800,1701818400.0,2018.68,2017.2,2023.1200000000001,2018.68,Long
1701819000,1701819600.0,2019.3,2017.9,2017.9,2013.7000000000005,Short
1701821400,1701838500.0,2019.56,2017.1,2026.94,2019.56,Long
1701839700,1701855600.0,2021.6,2020.2,2025.7999999999995,2021.6,Long
1701856200,1701867300.0,2024.49,2022.63,2022.63,2017.0500000000004,Short
1701868800,1701882900.0,2030.52,2025.61,2045.2500000000002,2030.52,Long
1701883500,1701885300.0,2028.18,2027.01,2027.01,2023.4999999999998,Short
1701885600,1701885900.0,2029.41,2028.91,2030.91,2029.41,Long
1701886200,1701886800.0,2030.9,2029.46,2029.46,2025.1399999999999,Short
1701887100,1701887130.0,2028.92,2028.07,2031.4700000000005,2028.92,Long
1701888300,1701891300.0,2030.04,2029.42,2031.8999999999996,2030.04,Long
1701891900,1701894300.0,2030.01,2029.2,2029.2,2026.7700000000002,Short
1701894900,1701895200.0,2027.64,2026.7,2030.4600000000003,2027.64,Long
1701895500,1701911100.0,2026.45,2024.6,2024.6,2019.0499999999995,Short
1701912300,1701920100.0,2028.84,2028.12,2031.0,2028.84,Long
1701920400,1701920430.0,2029.67,2028.4,2028.4,2024.5900000000001,Short
1701921000,1701921300.0,2027.71,2026.8,2030.4400000000003,2027.71,Long
1701923400,1701928800.0,2026.67,2025.98,2025.98,2023.9099999999999,Short
1701929400,1701930300.0,2027.13,2026.49,2026.49,2024.5699999999997,Short
1701932400,1701933000.0,2029.69,2027.59,2035.9900000000005,2029.69,Long
1701933600,1701933630.0,2029.04,2028.29,2031.29,2029.04,Long
1701934800,1701952200.0,2030.24,2029.29,2033.0900000000001,2030.24,Long
1701953100,1701953700.0,2032.59,2031.82,2031.82,2029.51,Short
1701954600,1701954630.0,2033.82,2032.93,2032.93,2030.2600000000004,Short
1701955800,1701957900.0,2034.45,2032.2,2041.2,2034.45,Long
1701959100,1701974700.0,2031.72,2031.01,2031.01,2028.8799999999999,Short
1701975000,1701978000.0,2031.19,2030.29,2033.8900000000003,2031.19,Long
1701978600,1701979200.0,2029.91,2028.7,2033.5400000000002,2029.91,Long
1701979800,1701980100.0,2030.28,2029.8,2031.72,2030.28,Long
1701981000,1701990000.0,2029.91,2029.0,2032.6400000000003,2029.91,Long
1701990300,1701996000.0,2028.73,2028.15,2028.15,2026.4100000000003,Short
1701996300,1701998100.0,2030.72,2029.3,2034.9800000000002,2030.72,Long
1701998700,1702011300.0,2030.13,2029.15,2033.0700000000002,2030.13,Long
1702011900,1702011930.0,2031.63,2031.05,2033.3700000000006,2031.63,Long
1702012500,1702012530.0,2031.4,2031.03,2031.03,2029.9199999999996,Short
1702013100,1702013130.0,2031.75,2030.6,2030.6,2027.1499999999996,Short
1702014600,1702029900.0,2031.57,2030.6,2030.6,2027.6899999999998,Short
1702030500,1702030530.0,2031.28,2028.33,2040.13,2031.28,Long
1702032900,1702033800.0,2028.72,2027.34,2027.34,2023.1999999999996,Short
1702034100,1702035000.0,2029.87,2028.79,2033.1099999999997,2029.87,Long
1702035900,1702037100.0,2029.85,2029.42,2029.42,2028.1300000000006,Short
1702038000,1702040400.0,2029.65,2028.74,2028.74,2026.0099999999998,Short
1702040700,1702040730.0,2027.57,2026.67,2030.2699999999995,2027.57,Long
1702041600,1702041630.0,2028.61,2027.35,2032.3899999999999,2028.61,Long
1702043400,1702069200.0,2027.46,2015.15,2015.15,1978.2200000000003,Short
1702069800,1702256100.0,2003.22,2002.86,2004.3000000000004,2003.22,Long
1702256400,1702256430.0,2005.29,2004.54,2004.54,2002.29,Short
1702257600,1702257900.0,2003.99,2002.48,2008.52,2003.99,Long
1702258200,1702258230.0,2003.82,2003.32,2003.32,2001.82,Short
1702259400,1702276500.0,2003.05,2002.37,2002.37,2000.3299999999997,Short
1702277400,1702278600.0,1998.98,1997.4,2003.7199999999998,1998.98,Long
1702279200,1702279500.0,1999.62,1998.42,1998.42,1994.8200000000006,Short
1702280400,1702280700.0,1999.85,1999.01,2002.3699999999997,1999.85,Long
1702281300,1702282500.0,1998.04,1995.79,1995.79,1989.04,Short
1702282800,1702283700.0,1994.99,1994.14,1997.5399999999997,1994.99,Long
1702284000,1702284300.0,1997.62,1996.1,1996.1,1991.54,Short
1702284600,1702284630.0,1995.63,1994.65,1998.5700000000002,1995.63,Long
1702285800,1702296000.0,1996.79,1995.05,1995.05,1989.83,Short
1702297200,1702297500.0,1996.58,1993.94,2004.4999999999995,1996.58,Long
1702297800,1702300500.0,1996.33,1995.35,1995.35,1992.4099999999999,Short
1702302000,1702302600.0,1994.76,1993.63,1993.63,1990.2400000000005,Short
1702302900,1702303200.0,1992.18,1990.24,1998.0000000000002,1992.18,Long
1702303500,1702326300.0,1993.8,1992.88,1992.88,1990.1200000000006,Short
1702327200,1702329300.0,1981.39,1980.3,1980.3,1977.0299999999995,Short
1702329600,1702339200.0,1981.35,1981.02,1982.3399999999997,1981.35,Long
1702339500,1702339800.0,1983.14,1982.53,1982.53,1980.6999999999996,Short
1702340100,1702356000.0,1982.99,1982.42,1984.6999999999998,1982.99,Long
1702356900,1702358400.0,1985.36,1984.5,1987.9399999999996,1985.36,Long
1702359600,1702368300.0,1986.31,1985.67,1988.2299999999996,1986.31,Long
1702369500,1702369530.0,1986.36,1985.21,1989.8099999999995,1986.36,Long
1702371300,1702377600.0,1985.23,1984.1,1984.1,1980.7099999999996,Short
1702378200,1702380000.0,1987.96,1986.8,1986.8,1983.3199999999997,Short
1702380900,1702382100.0,1987.18,1986.79,1988.3500000000004,1987.18,Long
1702383000,1702388700.0,1988.35,1987.33,1991.4099999999999,1988.35,Long
1702389600,1702390200.0,1985.27,1983.75,1989.83,1985.27,Long
1702392000,1702415400.0,1982.47,1980.49,1980.49,1974.55,Short
1702416300,1702422000.0,1979.84,1978.6,1983.56,1979.84,Long
1702423200,1702427400.0,1980.59,1979.7,1983.2599999999995,1980.59,Long
1702428000,1702432800.0,1980.71,1979.8,1983.4400000000003,1980.71,Long
1702434000,1702435500.0,1978.68,1978.01,1978.01,1975.9999999999998,Short
1702436400,1702452300.0,1979.65,1978.5,1978.5,1975.0499999999997,Short
1702453200,1702471500.0,1980.16,1978.31,1985.7100000000005,1980.16,Long
1702471800,1702472100.0,1981.74,1981.5,1981.5,1980.78,Short
1702473000,1702473300.0,1982.25,1981.27,1981.27,1978.33,Short
1702473900,1702479000.0,1981.8,1979.81,1987.77,1981.8,Long
1702479300,1702483800.0,1982.89,1981.99,1981.99,1979.2899999999997,Short
1702484700,1702484730.0,1983.68,1982.9,1986.02,1983.68,Long
1702486500,1702486530.0,1982.48,1981.5,1981.5,1978.56,Short
1702487700,1702488900.0,1983.32,1982.76,1984.9999999999998,1983.32,Long
1702490400,1702493700.0,1983.09,1981.5,1981.5,1976.7300000000002,Short
1702494600,1702525800.0,2000.14,1996.55,2010.9100000000005,2000.14,Long
1702527300,1702527600.0,2031.43,2030.4,2034.52,2031.43,Long
1702528200,1702531800.0,2031.86,2029.9,2029.9,2024.0200000000007,Short
1702533000,1702537800.0,2033.6,2031.89,2038.7299999999993,2033.6,Long
1702538100,1702539900.0,2033.62,2032.26,2032.26,2028.1800000000003,Short
1702540200,1702548000.0,2031.59,2030.1,2036.06,2031.59,Long
1702549500,1702552200.0,2034.07,2033.02,2033.02,2029.8700000000001,Short
1702553700,1702556400.0,2034.71,2033.16,2039.36,2034.71,Long
1702557300,1702557900.0,2037.16,2035.51,2035.51,2030.5599999999997,Short
1702558200,1702558500.0,2038.39,2036.47,2044.1500000000003,2038.39,Long
1702558800,1702561500.0,2038.93,2038.15,2038.15,2035.8100000000002,Short
1702562100,1702572900.0,2036.27,2034.71,2040.9499999999998,2036.27,Long
1702573200,1702573230.0,2040.0,2039.08,2039.08,2036.3199999999997,Short
1702574400,1702576500.0,2038.79,2038.28,2040.32,2038.79,Long
1702577400,1702590600.0,2033.65,2031.37,2031.37,2024.5299999999993,Short
1702595100,1702599600.0,2036.45,2035.5,2039.3000000000002,2036.45,Long
1702602000,1702602030.0,2033.1,2030.4,2041.1999999999994,2033.1,Long
1702602600,1702606800.0,2033.54,2033.06,2033.06,2031.62,Short
1702607700,1702608300.0,2037.27,2035.7,2041.9799999999998,2037.27,Long
1702610400,1702612800.0,2036.26,2035.81,2035.81,2034.4599999999998,Short
1702613100,1702621200.0,2036.21,2035.1,2039.5400000000004,2036.21,Long
1702621800,1702621830.0,2035.7,2035.12,2037.4400000000005,2035.7,Long
1702623300,1702623330.0,2035.86,2035.14,2035.14,2032.9800000000007,Short
1702625100,1702645500.0,2036.91,2035.96,2039.7600000000002,2036.91,Long
1702646100,1702662000.0,2042.04,2040.61,2040.61,2036.3199999999997,Short
1702663200,1702663500.0,2033.24,2032.1,2036.6600000000003,2033.24,Long
1702666200,1702856700.0,2023.07,2021.3,2021.3,2015.99,Short
1702857600,1702857630.0,2018.23,2016.7,2016.7,2012.1100000000001,Short
1702858500,1702864200.0,2018.04,2017.14,2020.7399999999996,2018.04,Long
1702864800,1702880100.0,2019.2,2018.62,2020.9400000000005,2019.2,Long
1702881000,1702883700.0,2023.0,2021.6,2027.2000000000003,2023.0,Long
1702885800,1702886100.0,2023.95,2022.87,2027.1900000000005,2023.95,Long
1702886700,1702887000.0,2023.73,2021.95,2021.95,2016.6100000000001,Short
1702888500,1702892700.0,2024.35,2022.7,2029.2999999999995,2024.35,Long
1702893000,1702893300.0,2025.3,2023.82,2023.82,2019.3799999999999,Short
1702894800,1702894830.0,2023.33,2021.9,2027.6199999999994,2023.33,Long
1702895400,1702901100.0,2022.97,2021.7,2021.7,2017.89,Short
1702901700,1702901730.0,2023.23,2022.25,2026.17,2023.23,Long
1702902600,1702905900.0,2023.12,2022.26,2022.26,2019.6800000000003,Short
1702906800,1702906830.0,2025.28,2022.9,2022.9,2015.7600000000004,Short
1702907700,1702908600.0,2025.84,2025.02,2028.2999999999997,2025.84,Long
1702909500,1702909530.0,2024.49,2021.29,2021.29,2011.6899999999998,Short
1702910400,1702914300.0,2023.81,2022.22,2028.5799999999997,2023.81,Long
1702914600,1702914630.0,2023.63,2022.55,2022.55,2019.3099999999995,Short
1702915500,1702915530.0,2022.45,2021.66,2024.82,2022.45,Long
1702917300,1702917330.0,2023.76,2022.59,2027.2700000000002,2023.76,Long
1702918200,1702918230.0,2024.57,2023.43,2027.9899999999996,2024.57,Long
1702919400,1702921200.0,2022.97,2021.58,2021.58,2017.4099999999996,Short
1702924500,1702936200.0,2028.29,2025.91,2035.4299999999996,2028.29,Long
1702936800,1702942200.0,2027.23,2026.1,2026.1,2022.7099999999996,Short
1702943700,1702945200.0,2027.27,2026.04,2030.96,2027.27,Long
1702946700,1702950300.0,2028.42,2027.4,2031.48,2028.42,Long
1702951200,1702966800.0,2026.86,2025.2,2025.2,2020.2200000000005,Short
1702967100,1702967130.0,2024.43,2024.16,2025.24,2024.43,Long
1702967700,1702969500.0,2024.17,2023.37,2023.37,2020.9699999999993,Short
1702971600,1702982400.0,2026.19,2024.5,2031.2600000000002,2026.19,Long
1702983300,1702983330.0,2024.97,2024.73,2024.73,2024.01,Short
1702983900,1703011800.0,2025.82,2025.46,2026.8999999999996,2025.82,Long
1703012700,1703027100.0,2039.03,2038.25,2038.25,2035.91,Short
1703028300,1703033400.0,2041.4,2038.8,2049.2000000000007,2041.4,Long
1703033700,1703034300.0,2039.73,2038.81,2038.81,2036.0499999999997,Short
1703034600,1703034630.0,2039.24,2038.35,2041.9100000000003,2039.24,Long
1703035800,1703042700.0,2039.42,2038.0,2038.0,2033.7399999999998,Short
1703043300,1703044200.0,2040.85,2039.0,2046.3999999999996,2040.85,Long
1703045700,1703046000.0,2040.39,2039.1,2039.1,2035.2299999999993,Short
1703046600,1703046900.0,2040.52,2039.99,2039.99,2038.4,Short
1703049000,1703059500.0,2040.96,2039.5,2045.3400000000001,2040.96,Long
1703059800,1703059830.0,2040.88,2040.19,2040.19,2038.12,Short
1703061600,1703064900.0,2041.79,2040.49,2045.6899999999998,2041.79,Long
1703066700,1703083500.0,2040.25,2039.59,2039.59,2037.6099999999997,Short
1703085000,1703085900.0,2035.88,2034.82,2034.82,2031.6399999999994,Short
1703087100,1703087700.0,2035.03,2033.34,2033.34,2028.2699999999998,Short
1703089200,1703089230.0,2035.07,2034.0,2034.0,2030.7900000000002,Short
1703091300,1703091600.0,2035.22,2033.18,2033.18,2027.0600000000002,Short
1703092200,1703092230.0,2035.04,2034.29,2037.29,2035.04,Long
1703093100,1703093700.0,2034.41,2032.3,2032.3,2025.9699999999996,Short
1703094000,1703095200.0,2033.15,2032.07,2036.3900000000006,2033.15,Long
1703095800,1703097000.0,2035.11,2034.24,2034.24,2031.6300000000003,Short
1703097300,1703098500.0,2035.25,2034.36,2037.9200000000003,2035.25,Long
1703099400,1703101200.0,2035.85,2035.35,2037.35,2035.85,Long
1703103600,1703119500.0,2033.57,2030.1,2030.1,2019.6899999999998,Short
1703120400,1703138400.0,2033.97,2033.47,2035.47,2033.97,Long
1703140500,1703141400.0,2035.81,2035.61,2036.41,2035.81,Long
1703142300,1703149500.0,2037.21,2036.33,2036.33,2033.6899999999996,Short
1703149800,1703150100.0,2035.9,2035.47,2037.1900000000003,2035.9,Long
1703151000,1703153400.0,2036.72,2035.5,2035.5,2031.84,Short
1703153700,1703154000.0,2035.95,2035.47,2037.39,2035.95,Long
1703155500,1703157900.0,2035.07,2033.08,2033.08,2027.11,Short
1703158800,1703160900.0,2035.18,2034.55,2034.55,2032.6599999999996,Short
1703163900,1703164800.0,2038.41,2037.0,2042.6400000000003,2038.41,Long
1703165400,1703180700.0,2036.18,2034.93,2039.93,2036.18,Long
1703181900,1703182800.0,2041.97,2040.38,2040.38,2035.6100000000004,Short
1703183400,1703183430.0,2039.79,2038.34,2044.14,2039.79,Long
1703185200,1703185500.0,2039.46,2038.27,2038.27,2034.6999999999998,Short
1703188800,1703215800.0,2045.0,2042.8,2051.6000000000004,2045.0,Long
1703216700,1703218500.0,2049.3,2047.14,2047.14,2040.6599999999999,Short
1703218800,1703219700.0,2049.44,2048.4,2052.56,2049.44,Long
1703220300,1703220600.0,2050.09,2049.2,2049.2,2046.5299999999988,Short
1703221800,1703222100.0,2049.79,2048.48,2053.72,2049.79,Long
1703223300,1703223330.0,2049.33,2048.52,2051.7599999999998,2049.33,Long
1703224200,1703224800.0,2048.57,2047.3,2047.3,2043.4899999999993,Short
1703225400,1703226000.0,2048.94,2048.6,2048.6,2047.5799999999995,Short
1703226600,1703230200.0,2048.87,2048.16,2048.16,2046.0299999999997,Short
1703230800,1703259600.0,2050.2,2049.75,2051.5499999999993,2050.2,Long
1703259900,1703260200.0,2063.25,2062.12,2062.12,2058.7299999999996,Short
1703260800,1703261100.0,2060.9,2058.9,2058.9,2052.9,Short
1703262000,1703278200.0,2061.93,2059.17,2059.17,2050.890000000001,Short
1703278800,1703278830.0,2053.35,2052.0,2057.3999999999996,2053.35,Long
1703279400,1703279430.0,2053.44,2053.16,2054.2800000000007,2053.44,Long
1703282100,1703455200.0,2053.16,2051.6,2051.6,2046.92,Short
1703545200,1703545230.0,2054.71,2054.71,2054.71,2054.71,Long
1703549100,1703549700.0,2055.57,2053.2,2053.2,2046.0899999999988,Short
1703550000,1703570400.0,2054.05,2052.9,2057.5000000000005,2054.05,Long
1703571300,1703571900.0,2062.9,2061.9,2065.9,2062.9,Long
1703572500,1703573700.0,2064.34,2063.87,2065.750000000001,2064.34,Long
1703574000,1703575800.0,2064.15,2063.0,2063.0,2059.5499999999997,Short
1703576400,1703576430.0,2064.51,2063.39,2067.8700000000013,2064.51,Long
1703577600,1703583900.0,2064.54,2064.0,2064.0,2062.38,Short
1703584200,1703584500.0,2061.64,2061.32,2062.599999999999,2061.64,Long
1703586300,1703588700.0,2062.73,2061.8,2061.8,2059.0100000000007,Short
1703589000,1703589030.0,2063.4,2062.88,2064.96,2063.4,Long
1703590800,1703595300.0,2063.88,2062.4,2062.4,2057.96,Short
1703596200,1703597100.0,2062.96,2062.31,2064.9100000000003,2062.96,Long
1703598600,1703613600.0,2061.9,2060.1,2060.1,2054.6999999999994,Short
1703613900,1703613930.0,2058.35,2057.3,2061.499999999999,2058.35,Long
1703614800,1703616000.0,2058.59,2058.14,2058.14,2056.789999999999,Short
1703616600,1703641500.0,2058.48,2057.2,2062.3200000000006,2058.48,Long
1703642400,1703650500.0,2067.47,2066.39,2066.39,2063.15,Short
1703651100,1703652600.0,2065.03,2064.0,2064.0,2060.9099999999994,Short
1703652900,1703654100.0,2065.11,2064.3,2067.54,2065.11,Long
1703654400,1703654430.0,2065.92,2065.75,2065.75,2065.24,Short
1703656200,1703657700.0,2064.89,2064.53,2064.53,2063.450000000001,Short
1703658900,1703659500.0,2067.27,2066.29,2070.21,2067.27,Long
1703659800,1703659830.0,2066.06,2064.2,2064.2,2058.6199999999994,Short
1703660400,1703662200.0,2065.55,2064.2,2069.6000000000013,2065.55,Long
1703662800,1703672400.0,2066.0,2064.97,2069.0900000000006,2066.0,Long
1703673600,1703674800.0,2063.97,2061.65,2061.65,2054.690000000001,Short
1703675400,1703675430.0,2065.41,2064.84,2064.84,2063.130000000001,Short
1703676600,1703681100.0,2067.75,2066.64,2071.0800000000004,2067.75,Long
1703681700,1703681730.0,2067.73,2064.62,2064.62,2055.2899999999995,Short
1703682900,1703683200.0,2067.72,2066.0,2072.879999999999,2067.72,Long
1703684700,1703685000.0,2067.99,2066.58,2066.58,2062.3500000000004,Short
1703685300,1703705700.0,2067.55,2066.28,2071.36,2067.55,Long
1703706600,1703720100.0,2078.71,2077.22,2077.22,2072.749999999999,Short
1703721000,1703742900.0,2078.66,2077.8,2081.239999999999,2078.66,Long
1703743800,1703745600.0,2086.59,2085.06,2085.06,2080.4699999999993,Short
1703747100,1703768100.0,2086.63,2085.0,2085.0,2080.1099999999997,Short
1703769000,1703769030.0,2077.52,2075.86,2075.86,2070.8800000000006,Short
1703770800,1703770830.0,2078.68,2077.41,2082.49,2078.68,Long
1703771700,1703774700.0,2077.45,2074.86,2074.86,2067.090000000001,Short
1703775600,1703779200.0,2079.25,2077.8,2083.5999999999995,2079.25,Long
1703780700,1703781600.0,2074.94,2073.6,2078.9600000000005,2074.94,Long
1703782200,1703786400.0,2075.56,2074.68,2074.68,2072.0399999999995,Short
1703789400,1703812200.0,2073.9,2071.71,2071.71,2065.14,Short
1703813700,1703839800.0,2069.43,2068.4,2072.519999999999,2069.43,Long
1703840700,1703860800.0,2070.63,2067.85,2067.85,2059.5099999999993,Short
1703861100,1703861400.0,2062.91,2060.14,2071.22,2062.91,Long
1703862300,1703868000.0,2064.33,2062.06,2062.06,2055.25,Short
1703868300,1703868900.0,2064.28,2063.69,2066.0500000000006,2064.28,Long
1703869200,1703869500.0,2066.55,2065.6,2065.6,2062.749999999999,Short
1703871300,1703875800.0,2067.21,2065.9,2071.14,2067.21,Long
1703876700,1703881200.0,2065.04,2064.53,2066.5699999999993,2065.04,Long
1703882400,1703882430.0,2065.67,2064.5,2069.1800000000003,2065.67,Long
1703884200,1704150000.0,2063.36,2062.3,2062.3,2059.1200000000003,Short
1704150600,1704152400.0,2065.15,2064.07,2068.39,2065.15,Long
1704152700,1704157200.0,2065.22,2064.51,2064.51,2062.3800000000015,Short
1704157800,1704191100.0,2069.48,2067.46,2075.54,2069.48,Long
1704191700,1704192000.0,2075.96,2073.7,2073.7,2066.919999999999,Short
1704193200,1704193500.0,2076.28,2075.39,2078.950000000001,2076.28,Long
1704193800,1704194100.0,2075.99,2074.91,2074.91,2071.67,Short
1704195000,1704224400.0,2075.8,2074.6,2074.6,2070.999999999999,Short
1704225600,1704226200.0,2061.26,2059.8,2065.6400000000003,2061.26,Long
1704226800,1704240900.0,2061.48,2060.79,2060.79,2058.72,Short
1704242700,1704243600.0,2060.95,2059.8,2059.8,2056.3500000000013,Short
1704243900,1704244200.0,2061.19,2060.18,2064.2200000000007,2061.19,Long
1704248100,1704263700.0,2063.86,2059.6,2076.640000000001,2063.86,Long
1704264900,1704307200.0,2064.95,2064.19,2064.19,2061.9100000000008,Short
1704307500,1704307800.0,2035.26,2034.0,2039.04,2035.26,Long
1704308400,1704309600.0,2035.94,2035.0,2035.0,2032.1799999999998,Short
1704309900,1704331500.0,2034.31,2033.42,2036.9799999999996,2034.31,Long
1704333600,1704341700.0,2042.21,2041.76,2043.5600000000002,2042.21,Long
1704342900,1704366600.0,2043.94,2042.3,2048.8600000000006,2043.94,Long
1704366900,1704366930.0,2047.97,2047.38,2047.38,2045.6100000000004,Short
1704368400,1704368430.0,2048.05,2047.4,2050.0000000000005,2048.05,Long
1704371100,1704372300.0,2045.39,2043.67,2043.67,2038.51,Short
1704372900,1704384000.0,2045.79,2045.34,2045.34,2043.9899999999998,Short
1704385500,1704385530.0,2044.56,2043.6,2047.44,2044.56,Long
1704386700,1704389700.0,2046.42,2045.02,2045.02,2040.8199999999997,Short
1704390900,1704395700.0,2043.89,2042.73,2047.3700000000003,2043.89,Long
1704396000,1704398100.0,2043.12,2042.1,2042.1,2039.04,Short
1704398700,1704400500.0,2044.67,2044.07,2044.07,2042.2699999999995,Short
1704401700,1704403200.0,2044.18,2042.6,2042.6,2037.8599999999994,Short
1704403800,1704405000.0,2043.41,2042.3,2046.7400000000005,2043.41,Long
1704411000,1704412800.0,2044.59,2042.0,2052.3599999999997,2044.59,Long
1704413700,1704415800.0,2044.02,2042.8,2047.68,2044.02,Long
1704416400,1704430200.0,2044.37,2043.1,2048.18,2044.37,Long
1704432900,1704438600.0,2044.69,2043.2,2043.2,2038.73,Short
1704439200,1704439230.0,2046.53,2044.94,2051.2999999999997,2046.53,Long
1704440100,1704462900.0,2045.62,2044.55,2044.55,2041.3400000000001,Short
1704463200,1704477900.0,2039.76,2037.31,2047.1100000000001,2039.76,Long
1704478800,1704479100.0,2041.95,2041.23,2044.1100000000001,2041.95,Long
1704480300,1704481500.0,2045.94,2044.88,2049.12,2045.94,Long
1704482100,1704488700.0,2050.16,2049.01,2049.01,2045.5600000000013,Short
1704489000,1704489030.0,2044.39,2043.6,2046.7600000000007,2044.39,Long
1704490800,1704670500.0,2044.81,2043.8,2047.84,2044.81,Long
1704671400,1704674700.0,2044.53,2042.9,2042.9,2038.0100000000004,Short
1704675600,1704675630.0,2046.01,2045.0,2045.0,2041.97,Short
1704676500,1704678000.0,2046.35,2044.8,2051.0,2046.35,Long
1704678900,1704706800.0,2044.31,2042.6,2042.6,2037.4699999999998,Short
1704707100,1704707400.0,2029.32,2028.44,2031.9599999999996,2029.32,Long
1704708600,1704726000.0,2028.92,2028.04,2028.04,2025.3999999999996,Short
1704726900,1704741000.0,2030.01,2025.72,2042.8799999999999,2030.01,Long
1704741600,1704741900.0,2028.13,2027.2,2027.2,2024.4099999999999,Short
1704742200,1704742230.0,2028.44,2027.7,2030.66,2028.44,Long
1704743100,1704750600.0,2028.59,2027.5,2027.5,2024.2300000000002,Short
1704751200,1704774000.0,2027.86,2027.54,2028.8199999999997,2027.86,Long
1704774600,1704778800.0,2033.46,2032.3,2032.3,2028.8199999999997,Short
1704780000,1704780030.0,2033.31,2032.57,2032.57,2030.35,Short
1704781500,1704782100.0,2032.44,2031.4,2031.4,2028.2800000000002,Short
1704782400,1704782430.0,2032.96,2031.46,2037.46,2032.96,Long
1704783300,1704783600.0,2033.15,2032.3,2032.3,2029.7499999999995,Short
1704783900,1704783930.0,2033.29,2032.28,2036.32,2033.29,Long
1704785400,1704787500.0,2036.69,2034.49,2043.2900000000002,2036.69,Long
1704788700,1704789000.0,2032.94,2031.6,2031.6,2027.5799999999995,Short
1704790200,1704798600.0,2034.28,2032.9,2038.4199999999996,2034.28,Long
1704799200,1704799230.0,2034.61,2033.98,2036.4999999999995,2034.61,Long
1704800100,1704800400.0,2035.6,2033.9,2033.9,2028.8000000000006,Short
1704801300,1704801900.0,2035.42,2032.9,2032.9,2025.3400000000001,Short
1704805200,1704805230.0,2036.23,2034.1,2042.6200000000003,2036.23,Long
1704806400,1704806700.0,2035.49,2034.21,2034.21,2030.3700000000001,Short
1704807000,1704810000.0,2033.8,2031.89,2039.5299999999995,2033.8,Long
1704811800,1704813000.0,2036.48,2034.04,2034.04,2026.7199999999998,Short
1704813300,1704813600.0,2034.24,2033.0,2037.96,2034.24,Long
1704814800,1704830400.0,2034.91,2033.5,2033.5,2029.2699999999998,Short
1704831000,1704831900.0,2030.31,2029.55,2032.59,2030.31,Long
1704832800,1704832830.0,2028.93,2028.61,2029.8900000000006,2028.93,Long
1704834900,1704835200.0,2029.42,2027.9,2027.9,2023.3400000000001,Short
1704837000,1704848400.0,2030.02,2028.5,2034.58,2030.02,Long
1704849000,1704849900.0,2030.36,2028.5,2028.5,2022.9200000000003,Short
1704850200,1704855900.0,2028.7,2028.3,2029.9000000000003,2028.7,Long
1704856800,1704858300.0,2030.93,2030.57,2032.0100000000004,2030.93,Long
1704859500,1704863700.0,2029.7,2028.13,2028.13,2023.4200000000003,Short
1704864300,1704864900.0,2028.74,2028.21,2030.33,2028.74,Long
1704865200,1704872400.0,2028.78,2028.06,2028.06,2025.8999999999999,Short
1704872700,1704888600.0,2031.15,2029.81,2035.1700000000005,2031.15,Long
1704889500,1704889800.0,2034.78,2033.2,2039.5199999999998,2034.78,Long
1704890700,1704923700.0,2033.7,2032.65,2032.65,2029.5000000000002,Short
1704927600,1704962400.0,2024.28,2023.5,2026.62,2024.28,Long
1704963000,1704963900.0,2032.45,2031.23,2031.23,2027.57,Short
1704965100,1704974400.0,2031.75,2031.14,2031.14,2029.3100000000004,Short
1704974700,1704979800.0,2034.96,2034.06,2037.6600000000003,2034.96,Long
1704980700,1704983400.0,2037.26,2026.27,2026.27,1993.3,Short
1704983700,1704983730.0,2031.71,2029.24,2039.1200000000001,2031.71,Long
1704984300,1705004700.0,2032.74,2028.27,2028.27,2014.86,Short
1705005000,1705029600.0,2026.16,2024.72,2030.4800000000002,2026.16,Long
1705030200,1705030500.0,2035.45,2034.4,2038.6,2035.45,Long
1705032300,1705032900.0,2034.25,2032.6,2032.6,2027.6499999999996,Short
1705034700,1705042500.0,2034.4,2032.4,2040.4,2034.4,Long
1705043700,1705078200.0,2035.79,2034.98,2038.2199999999998,2035.79,Long
1705078500,1705093500.0,2051.19,2050.07,2050.07,2046.7100000000005,Short
1705094700,1705274400.0,2048.17,2046.6,2052.8800000000006,2048.17,Long
1705275300,1705276500.0,2046.99,2045.5,2051.46,2046.99,Long
1705277100,1705278300.0,2047.6,2045.9,2045.9,2040.8000000000006,Short
1705279500,1705301700.0,2048.21,2047.0,2051.84,2048.21,Long
1705303500,1705305900.0,2054.75,2053.94,2053.94,2051.51,Short
1705307100,1705311300.0,2055.77,2055.06,2057.9,2055.77,Long
1705312200,1705326600.0,2054.63,2053.54,2053.54,2050.2699999999995,Short
1705328700,1705329000.0,2053.55,2053.06,2053.06,2051.5899999999992,Short
1705330200,1705332300.0,2052.43,2051.92,2051.92,2050.390000000001,Short
1705333200,1705333500.0,2052.31,2051.0,2051.0,2047.0700000000002,Short
1705335600,1705362300.0,2054.62,2053.27,2058.6699999999996,2054.62,Long
1705363200,1705387800.0,2054.45,2053.2,2053.2,2049.45,Short
1705389900,1705391100.0,2049.11,2047.8,2047.8,2043.8699999999994,Short
1705392300,1705411800.0,2049.93,2048.42,2048.42,2043.8900000000008,Short
1705413900,1705414500.0,2039.13,2037.15,2037.15,2031.21,Short
1705414800,1705415100.0,2041.05,2040.28,2043.36,2041.05,Long
1705415400,1705419000.0,2042.11,2040.8,2040.8,2036.8700000000001,Short
1705419300,1705420500.0,2039.38,2038.73,2041.3300000000004,2039.38,Long
1705421100,1705421700.0,2041.64,2034.18,2034.18,2011.8,Short
1705422900,1705439400.0,2037.06,2036.08,2036.08,2033.1399999999999,Short
1705439700,1705441200.0,2027.43,2027.12,2028.3600000000006,2027.43,Long
1705442100,1705447200.0,2028.26,2026.9,2032.3399999999997,2028.26,Long
1705447500,1705448400.0,2026.69,2025.4,2025.4,2021.5300000000002,Short
1705448700,1705450200.0,2026.57,2025.5,2029.7799999999997,2026.57,Long
1705451100,1705451400.0,2027.02,2025.61,2025.61,2021.3799999999997,Short
1705453200,1705454700.0,2028.79,2027.5,2027.5,2023.63,Short
1705455600,1705458600.0,2029.79,2027.9,2035.4599999999996,2029.79,Long
1705460100,1705460400.0,2029.02,2028.0,2032.08,2029.02,Long
1705462500,1705477500.0,2027.21,2026.3,2026.3,2023.5699999999997,Short
1705478100,1705480200.0,2026.08,2023.74,2033.0999999999997,2026.08,Long
1705482000,1705483200.0,2022.08,2020.4,2020.4,2015.3600000000006,Short
1705483500,1705491900.0,2020.26,2019.78,2021.7,2020.26,Long
1705492200,1705492500.0,2025.97,2025.13,2025.13,2022.6100000000004,Short
1705494900,1705500000.0,2027.74,2025.5,2034.46,2027.74,Long
1705500300,1705524900.0,2022.96,2021.33,2021.33,2016.4399999999996,Short
1705525500,1705525530.0,2005.98,2005.67,2005.67,2004.7400000000002,Short
1705526400,1705528200.0,2006.27,2005.4,2008.8799999999997,2006.27,Long
1705532400,1705532430.0,2006.28,2005.5,2005.5,2003.16,Short
1705533600,1705548000.0,2007.67,2006.9,2009.98,2007.67,Long
1705548300,1705549200.0,2008.34,2008.01,2008.01,2007.0200000000002,Short
1705549800,1705551600.0,2008.73,2008.23,2008.23,2006.73,Short
1705552800,1705553100.0,2008.56,2007.6,2007.6,2004.7199999999998,Short
1705553700,1705558200.0,2009.1,2007.9,2007.9,2004.3000000000006,Short
1705558800,1705568100.0,2011.73,2010.91,2014.1899999999998,2011.73,Long
1705568400,1705568430.0,2010.13,2009.74,2009.74,2008.5699999999997,Short
1705569300,1705573500.0,2009.53,2008.6,2012.3200000000002,2009.53,Long
1705575000,1705575030.0,2011.28,2010.11,2010.11,2006.5999999999997,Short
1705575900,1705576800.0,2012.15,2010.94,2010.94,2007.31,Short
1705577100,1705578000.0,2012.38,2011.92,2013.7600000000002,2012.38,Long
1705578900,1705578930.0,2012.4,2011.44,2011.44,2008.56,Short
1705579500,1705584600.0,2013.57,2012.64,2016.3599999999994,2013.57,Long
1705586100,1705586400.0,2011.57,2010.03,2010.03,2005.41,Short
1705587000,1705587030.0,2011.23,2010.1,2014.6200000000003,2011.23,Long
1705588200,1705594200.0,2011.85,2010.92,2014.6399999999994,2011.85,Long
1705595700,1705595730.0,2017.13,2015.69,2015.69,2011.37,Short
1705597500,1705597530.0,2015.27,2013.73,2013.73,2009.1100000000001,Short
1705598100,1705633500.0,2014.52,2013.19,2018.5099999999998,2014.52,Long
1705633800,1705635000.0,2024.05,2022.4,2022.4,2017.4500000000005,Short
1705635600,1705636500.0,2022.69,2021.6,2025.9600000000005,2022.69,Long
1705637100,1705645200.0,2022.82,2021.4,2021.4,2017.1400000000006,Short
1705645500,1705645530.0,2022.68,2021.1,2027.4200000000005,2022.68,Long
1705646700,1705647300.0,2023.38,2022.2,2022.2,2018.6599999999999,Short
1705647600,1705674600.0,2024.07,2023.71,2025.1499999999996,2024.07,Long
1705674900,1705689900.0,2031.97,2030.29,2030.29,2025.2499999999998,Short
1705691100,1705691400.0,2028.3,2027.34,2027.34,2024.4599999999998,Short
1705691700,1705874400.0,2028.97,2028.0,2031.88,2028.97,Long
1705878600,1705878630.0,2031.9,2026.8,2026.8,2011.4999999999995,Short
1705880100,1705880130.0,2028.24,2026.4,2033.7599999999998,2028.24,Long
1705881000,1705881030.0,2027.52,2026.6,2030.2800000000002,2027.52,Long
1705881600,1705881630.0,2027.48,2026.4,2030.7199999999998,2027.48,Long
1705882200,1705884600.0,2028.38,2027.67,2027.67,2025.54,Short
1705884900,1705890300.0,2028.86,2027.6,2032.6399999999999,2028.86,Long
1705890600,1705890630.0,2029.53,2028.3,2028.3,2024.61,Short
1705891500,1705891530.0,2029.85,2029.35,2029.35,2027.85,Short
1705893000,1705895100.0,2029.4,2029.1,2029.1,2028.1999999999994,Short
1705896600,1705896900.0,2027.02,2025.8,2025.8,2022.1399999999999,Short
1705897500,1705918200.0,2027.01,2026.1,2026.1,2023.3699999999997,Short
1705919700,1705919730.0,2024.39,2023.15,2023.15,2019.43,Short
1705920300,1705922400.0,2023.82,2022.88,2026.6399999999994,2023.82,Long
1705924200,1705929900.0,2025.82,2024.7,2029.1799999999996,2025.82,Long
1705930200,1705930230.0,2026.37,2024.95,2024.95,2020.6900000000005,Short
1705932000,1705932030.0,2024.15,2022.73,2022.73,2018.4699999999998,Short
1705932600,1705932900.0,2022.29,2020.5,2027.6599999999999,2022.29,Long
1705933500,1705935600.0,2023.77,2021.94,2021.94,2016.4500000000003,Short
1705937100,1705938000.0,2026.15,2024.74,2030.3800000000003,2026.15,Long
1705938900,1705948200.0,2025.46,2023.0,2023.0,2015.62,Short
1705948800,1705949100.0,2021.35,2020.97,2020.97,2019.8300000000004,Short
1705951200,1705960800.0,2019.98,2018.7,2018.7,2014.8600000000001,Short
1705965000,1705965300.0,2021.7,2020.5,2020.5,2016.8999999999999,Short
1705968300,1705972500.0,2021.47,2020.0,2025.88,2021.47,Long
1705973700,1705974000.0,2020.66,2020.14,2022.22,2020.66,Long
1705974300,1705974600.0,2021.43,2020.54,2020.54,2017.8699999999997,Short
1705976100,1706002500.0,2022.05,2020.81,2025.77,2022.05,Long
1706003100,1706022600.0,2029.9,2028.3,2028.3,2023.4999999999995,Short
1706023200,1706023500.0,2024.89,2023.62,2023.62,2019.8099999999993,Short
1706024100,1706026800.0,2024.83,2023.51,2028.7899999999997,2024.83,Long
1706027100,1706027400.0,2025.48,2024.84,2024.84,2022.9199999999996,Short
1706027700,1706028900.0,2024.14,2023.41,2026.3300000000002,2024.14,Long
1706029200,1706034000.0,2026.29,2025.0,2025.0,2021.13,Short
1706034300,1706055600.0,2024.02,2022.97,2027.1699999999998,2024.02,Long
1706056500,1706077200.0,2028.53,2027.2,2027.2,2023.2100000000003,Short
1706077500,1706103300.0,2025.22,2024.58,2027.1400000000003,2025.22,Long
1706104800,1706106600.0,2034.94,2031.8,2044.3600000000004,2034.94,Long
1706106900,1706127000.0,2033.09,2030.92,2030.92,2024.4100000000005,Short
1706127900,1706129100.0,2013.31,2013.0,2013.0,2012.0700000000002,Short
1706130000,1706137800.0,2012.88,2011.78,2011.78,2008.4799999999996,Short
1706138100,1706138130.0,2016.99,2016.0,2019.96,2016.99,Long
1706139000,1706152200.0,2016.84,2015.4,2021.1599999999994,2016.84,Long
1706153700,1706155800.0,2016.53,2015.1,2015.1,2010.8099999999997,Short
1706157000,1706158200.0,2016.05,2014.9,2014.9,2011.4500000000005,Short
1706159100,1706160900.0,2016.12,2014.8,2020.0799999999997,2016.12,Long
1706161800,1706165100.0,2015.65,2014.4,2014.4,2010.65,Short
1706166000,1706166030.0,2015.89,2015.08,2018.3200000000006,2015.89,Long
1706167800,1706168400.0,2016.3,2014.94,2020.3799999999997,2016.3,Long
1706169600,1706175000.0,2016.42,2014.9,2014.9,2010.3400000000001,Short
1706175300,1706182500.0,2014.78,2014.3,2016.22,2014.78,Long
1706182800,1706182830.0,2017.38,2016.58,2016.58,2014.1799999999994,Short
1706183700,1706186400.0,2017.81,2016.5,2021.7399999999998,2017.81,Long
1706187900,1706196300.0,2014.18,2013.38,2016.58,2014.18,Long
1706197500,1706200500.0,2020.36,2016.78,2031.0999999999997,2020.36,Long
1706201400,1706201430.0,2015.6,2014.29,2014.29,2010.3600000000001,Short
1706202600,1706202630.0,2013.92,2012.61,2017.8500000000006,2013.92,Long
1706203800,1706214300.0,2016.34,2015.53,2015.53,2013.1000000000001,Short
1706215500,1706245500.0,2017.82,2017.26,2019.4999999999998,2017.82,Long
1706247000,1706247030.0,2021.64,2020.7,2020.7,2017.8799999999999,Short
1706247600,1706249100.0,2022.82,2022.29,2024.4099999999999,2022.82,Long
1706250600,1706253900.0,2022.54,2021.0,2021.0,2016.38,Short
1706256600,1706256630.0,2021.72,2020.3,2020.3,2016.0399999999997,Short
1706258100,1706258700.0,2021.96,2021.44,2021.44,2019.88,Short
1706259600,1706263800.0,2021.57,2020.0,2020.0,2015.2900000000002,Short
1706264100,1706264700.0,2021.89,2020.8,2025.1600000000005,2021.89,Long
1706267100,1706271900.0,2024.25,2022.6,2029.2000000000003,2024.25,Long
1706272200,1706273100.0,2022.43,2021.78,2021.78,2019.8299999999997,Short
1706274000,1706278500.0,2021.72,2020.62,2025.0200000000004,2021.72,Long
1706279100,1706298900.0,2023.47,2020.3,2020.3,2010.7899999999997,Short
1706299200,1706299500.0,2017.22,2016.78,2018.5400000000002,2017.22,Long
1706301300,1706497800.0,2018.4,2017.99,2019.6300000000003,2018.4,Long
1706498100,1706498130.0,2026.2,2025.6,2025.6,2023.7999999999995,Short
1706499600,1706524200.0,2025.41,2024.7,2027.5400000000002,2025.41,Long
1706524800,1706534400.0,2028.06,2026.7,2026.7,2022.6200000000003,Short
1706535300,1706538600.0,2032.7,2030.67,2038.79,2032.7,Long
1706539800,1706548500.0,2027.22,2022.55,2022.55,2008.5399999999997,Short
1706549700,1706553900.0,2030.42,2029.48,2029.48,2026.6599999999999,Short
1706554200,1706577300.0,2026.78,2025.12,2031.7600000000002,2026.78,Long
1706577900,1706583000.0,2031.62,2030.8,2030.8,2028.3400000000001,Short
1706583300,1706583330.0,2031.79,2031.19,2033.5899999999997,2031.79,Long
1706584200,1706585100.0,2032.23,2031.85,2031.85,2030.7099999999996,Short
1706586600,1706588700.0,2032.43,2031.87,2034.1100000000006,2032.43,Long
1706589900,1706591700.0,2032.61,2031.7,2031.7,2028.9700000000005,Short
1706592000,1706613000.0,2032.45,2032.0,2033.8000000000002,2032.45,Long
1706613300,1706622600.0,2035.55,2035.2,2035.2,2034.1500000000003,Short
1706623200,1706627100.0,2037.81,2036.0,2043.2399999999998,2037.81,Long
1706628000,1706629200.0,2036.52,2032.59,2032.59,2020.7999999999997,Short
1706629500,1706629530.0,2032.57,2030.46,2038.8999999999996,2032.57,Long
1706630400,1706632800.0,2033.41,2032.19,2032.19,2028.53,Short
1706633700,1706633730.0,2035.44,2033.24,2042.0400000000002,2035.44,Long
1706634900,1706634930.0,2036.04,2035.26,2035.26,2032.92,Short
1706635800,1706642400.0,2035.37,2035.04,2035.04,2034.0500000000002,Short
1706643900,1706661300.0,2036.9,2035.6,2040.8000000000006,2036.9,Long
1706664000,1706664030.0,2037.11,2035.2,2042.8399999999995,2037.11,Long
1706665500,1706680200.0,2036.3,2035.03,2035.03,2031.22,Short
1706681700,1706700900.0,2035.62,2034.85,2037.9299999999998,2035.62,Long
1706701800,1706703900.0,2037.78,2037.34,2039.1000000000001,2037.78,Long
1706704800,1706706900.0,2038.43,2036.9,2036.9,2032.3100000000002,Short
1706707200,1706707230.0,2038.95,2036.9,2045.1,2038.95,Long
1706707800,1706726400.0,2038.43,2037.55,2041.0700000000004,2038.43,Long
1706727300,1706746800.0,2046.74,2046.07,2046.07,2044.0599999999997,Short
1706803800,1706817900.0,2056.01,2053.26,2064.26,2056.01,Long
1706818200,1706823900.0,2055.18,2054.4,2054.4,2052.060000000001,Short
1706824200,1706824500.0,2055.05,2054.69,2056.1300000000006,2055.05,Long
1706828700,1706830500.0,2054.82,2054.27,2056.4700000000007,2054.82,Long
1706831100,1706833200.0,2055.53,2054.7,2054.7,2052.2099999999987,Short
1706833500,1706834400.0,2055.51,2054.99,2057.0700000000015,2055.51,Long
1706834700,1706835000.0,2056.7,2056.15,2056.15,2054.500000000001,Short
1706835600,1706835900.0,2055.99,2054.76,2059.6799999999985,2055.99,Long
1706838000,1706842800.0,2054.17,2052.89,2052.89,2049.0499999999993,Short
1706843400,1706846400.0,2054.66,2053.5,2053.5,2050.0200000000004,Short
1706847300,1706850900.0,2055.46,2054.97,2054.97,2053.499999999999,Short
1706851500,1706863500.0,2055.59,2055.16,2056.880000000001,2055.59,Long
1706865300,1706871300.0,2054.43,2053.48,2053.48,2050.6300000000006,Short
1706871900,1706873400.0,2054.75,2054.36,2054.36,2053.1900000000005,Short
1706873700,1706873730.0,2055.76,2055.24,2057.3200000000015,2055.76,Long
1706875500,1706875800.0,2056.09,2054.8,2059.96,2056.09,Long
1706876100,1706876700.0,2055.92,2054.5,2054.5,2050.24,Short
1706877300,1706877330.0,2056.08,2055.57,2057.609999999999,2056.08,Long
1706878800,1706879700.0,2055.4,2053.4,2061.4,2055.4,Long
1706880000,1706896200.0,2057.42,2055.91,2055.91,2051.379999999999,Short
1706897400,1706907000.0,2035.59,2034.5,2038.8599999999997,2035.59,Long
1706907300,1706907600.0,2037.47,2037.12,2037.12,2036.0699999999995,Short
1706909100,1707091800.0,2037.14,2036.1,2040.2600000000007,2037.14,Long
1707093000,1707097800.0,2035.9,2034.5,2034.5,2030.2999999999997,Short
1707098100,1707099300.0,2037.38,2036.7,2039.4200000000003,2037.38,Long
1707100500,1707134700.0,2037.76,2035.3,2035.3,2027.9199999999998,Short
1707135300,1707135330.0,2026.64,2025.91,2025.91,2023.72,Short
1707136800,1707136830.0,2025.51,2023.0,2033.04,2025.51,Long
1707138300,1707152700.0,2023.65,2021.9,2021.9,2016.65,Short
1707153900,1707169500.0,2022.33,2021.35,2025.27,2022.33,Long
1707170400,1707179700.0,2024.93,2023.7,2023.7,2020.01,Short
1707180000,1707188700.0,2026.59,2026.22,2027.6999999999996,2026.59,Long
1707190800,1707197100.0,2024.28,2023.96,2023.96,2023.0000000000002,Short
1707198000,1707208500.0,2028.32,2027.3,2031.3799999999999,2028.32,Long
1707208800,1707208830.0,2025.29,2024.74,2024.74,2023.0900000000001,Short
1707209700,1707220200.0,2025.06,2024.36,2024.36,2022.2599999999998,Short
1707220800,1707220830.0,2026.8,2026.12,2028.8400000000001,2026.8,Long
1707222300,1707222600.0,2026.16,2025.3,2025.3,2022.7199999999996,Short
1707223500,1707247800.0,2026.51,2025.35,2029.9900000000002,2026.51,Long
1707249300,1707249600.0,2036.04,2035.1,2035.1,2032.2799999999997,Short
1707249900,1707250500.0,2036.33,2036.04,2037.1999999999998,2036.33,Long
1707251100,1707253500.0,2036.33,2035.88,2035.88,2034.5300000000007,Short
1707255300,1707255900.0,2035.5,2034.5,2038.5,2035.5,Long
1707256500,1707261300.0,2035.9,2034.8,2034.8,2031.4999999999995,Short
1707263100,1707264900.0,2035.32,2034.47,2034.47,2031.9200000000003,Short
1707267600,1707279000.0,2036.05,2033.9,2033.9,2027.4500000000005,Short
1707280500,1707281400.0,2035.11,2034.2,2034.2,2031.4700000000005,Short
1707282600,1707282630.0,2035.3,2035.15,2035.15,2034.7000000000005,Short
1707283800,1707289800.0,2035.06,2034.89,2034.89,2034.3800000000006,Short
1707291000,1707292800.0,2035.7,2034.1,2040.5000000000005,2035.7,Long
1707293100,1707298500.0,2035.16,2034.47,2034.47,2032.3999999999999,Short
1707299400,1707299430.0,2034.76,2033.4,2038.8399999999997,2034.76,Long
1707302400,1707303600.0,2033.51,2032.3,2037.14,2033.51,Long
1707304200,1707304230.0,2033.43,2032.75,2032.75,2030.7099999999998,Short
1707305400,1707305430.0,2035.25,2034.77,2036.69,2035.25,Long
1707306900,1707309300.0,2034.12,2033.1,2033.1,2030.04,Short
1707310800,1707311700.0,2033.82,2033.42,2033.42,2032.2200000000005,Short
1707312900,1707327600.0,2034.96,2032.52,2042.2800000000002,2034.96,Long
1707328500,1707328530.0,2035.82,2035.03,2038.1899999999998,2035.82,Long
1707329100,1707329130.0,2036.87,2034.82,2043.0199999999998,2036.87,Long
1707329700,1707329730.0,2036.44,2035.71,2038.63,2036.44,Long
1707331200,1707331230.0,2036.42,2034.96,2040.8000000000002,2036.42,Long
1707331800,1707346800.0,2034.96,2034.09,2034.09,2031.4799999999996,Short
1707347400,1707347700.0,2035.8,2034.76,2034.76,2031.64,Short
1707350100,1707362100.0,2036.53,2035.1,2040.8200000000002,2036.53,Long
1707362400,1707384900.0,2035.49,2035.0,2035.0,2033.53,Short
1707385200,1707390300.0,2031.76,2030.57,2035.3300000000002,2031.76,Long
1707391500,1707406200.0,2032.6,2031.66,2031.66,2028.8400000000006,Short
1707406500,1707439800.0,2030.92,2029.91,2033.95,2030.92,Long
1707440100,1707440130.0,2033.03,2032.77,2032.77,2031.99,Short
1707440700,1707448200.0,2034.11,2032.09,2040.1699999999998,2034.11,Long
1707450000,1707450030.0,2034.61,2034.16,2035.9599999999994,2034.61,Long
1707450900,1707453600.0,2034.24,2032.3,2032.3,2026.4799999999998,Short
1707454500,1707454800.0,2033.5,2032.1,2032.1,2027.8999999999996,Short
1707455100,1707455130.0,2032.93,2032.0,2035.7200000000003,2032.93,Long
1707456600,1707461700.0,2032.67,2031.5,2031.5,2027.9899999999998,Short
1707462000,1707462030.0,2034.16,2033.1,2037.3400000000006,2034.16,Long
1707462900,1707465000.0,2033.71,2033.16,2033.16,2031.5100000000002,Short
1707465600,1707470400.0,2033.74,2033.39,2033.39,2032.3400000000004,Short
1707470700,1707470730.0,2031.77,2030.9,2034.3799999999997,2031.77,Long
1707472500,1707474000.0,2033.05,2031.0,2031.0,2024.8500000000001,Short
1707474600,1707480900.0,2032.97,2031.8,2031.8,2028.2899999999997,Short
1707482700,1707485100.0,2031.19,2028.8,2028.8,2021.6299999999997,Short
1707485400,1707485430.0,2027.27,2026.62,2029.2200000000003,2027.27,Long
1707487500,1707505500.0,2030.04,2025.0,2025.0,2009.88,Short
1707506400,1707506430.0,2025.86,2024.96,2024.96,2022.2600000000004,Short
1707507900,1707507930.0,2025.08,2024.83,2024.83,2024.08,Short
1707508800,1707515100.0,2024.98,2024.34,2026.9000000000003,2024.98,Long
1707515400,1707515430.0,2024.28,2023.98,2023.98,2023.0800000000002,Short
1707692400,1707692700.0,2023.45,2023.45,2023.45,2023.45,Long
1707693000,1707693030.0,2026.6,2025.5,2025.5,2022.2000000000003,Short
1707693900,1707693930.0,2025.42,2024.5,2028.1800000000003,2025.42,Long
1707694800,1707696600.0,2025.22,2024.0,2028.88,2025.22,Long
1707697500,1707699900.0,2025.48,2024.3,2029.0200000000002,2025.48,Long
1707700800,1707717300.0,2024.72,2023.3,2023.3,2019.0399999999997,Short
1707717900,1707728400.0,2023.96,2022.7,2027.74,2023.96,Long
1707728700,1707728730.0,2024.0,2022.6,2022.6,2018.3999999999996,Short
1707730800,1707742800.0,2023.45,2021.6,2021.6,2016.0499999999995,Short
1707743100,1707743700.0,2022.08,2020.4,2027.1199999999994,2022.08,Long
1707744000,1707744030.0,2026.48,2025.21,2025.21,2021.4,Short
1707744600,1707744630.0,2024.59,2023.16,2028.8799999999994,2024.59,Long
1707747300,1707760800.0,2020.1,2018.2,2018.2,2012.5000000000005,Short
1707762000,1707774900.0,2018.82,2017.5,2022.7799999999997,2018.82,Long
1707778800,1707778830.0,2019.56,2019.56,2019.56,2019.56,Long
1707780000,1707780030.0,2019.01,2018.1,2021.7400000000002,2019.01,Long
1707782100,1707783900.0,2019.08,2017.8,2017.8,2013.96,Short
1707784200,1707784230.0,2018.79,2017.8,2021.76,2018.79,Long
1707784800,1707785400.0,2018.97,2018.78,2018.78,2018.2099999999998,Short
1707785700,1707788700.0,2019.26,2018.4,2021.8399999999997,2019.26,Long
1707792000,1707796800.0,2019.92,2018.6,2018.6,2014.6399999999994,Short
1707798000,1707798900.0,2019.44,2017.7,2024.66,2019.44,Long
1707800100,1707800130.0,2019.02,2018.69,2018.69,2017.7000000000003,Short
1707801300,1707801600.0,2019.95,2018.9,2018.9,2015.7500000000002,Short
1707802500,1707830700.0,2020.07,2019.2,2022.6799999999996,2020.07,Long
1707831300,1707851100.0,2028.64,2015.05,2015.05,1974.2799999999995,Short
1707851400,1707852000.0,1993.17,1992.3,1995.7800000000004,1993.17,Long
1707853500,1707853530.0,1992.39,1991.97,1991.97,1990.7099999999998,Short
1707855300,1707870000.0,1992.68,1990.9,1990.9,1985.5600000000002,Short
1707870900,1707872700.0,1992.76,1992.16,1994.5599999999997,1992.76,Long
1707873000,1707875400.0,1991.98,1991.68,1991.68,1990.7800000000002,Short
1707876900,1707879300.0,1993.43,1992.29,1992.29,1988.8699999999997,Short
1707879600,1707879630.0,1992.18,1991.1,1995.4200000000005,1992.18,Long
1707880500,1707880800.0,1991.95,1991.57,1991.57,1990.4299999999996,Short
1707881400,1707885000.0,1992.27,1991.22,1995.4199999999998,1992.27,Long
1707885300,1707887100.0,1992.5,1992.29,1992.29,1991.6599999999999,Short
1707887400,1707890400.0,1992.65,1992.25,1993.8500000000004,1992.65,Long
1707891600,1707891630.0,1992.67,1991.74,1991.74,1988.9499999999998,Short
1707892800,1707892830.0,1992.13,1991.2,1994.9200000000003,1992.13,Long
1707894600,1707894630.0,1991.47,1989.7,1989.7,1984.39,Short
1707896100,1707907200.0,1992.36,1991.71,1991.71,1989.7600000000004,Short
1707907500,1707909600.0,1992.12,1990.84,1995.9599999999998,1992.12,Long
1707912000,1707918300.0,1993.24,1990.0,2002.96,1993.24,Long
1707919200,1707920100.0,1991.28,1988.93,1988.93,1981.8800000000003,Short
1707920700,1707920730.0,1991.21,1990.1,1990.1,1986.7699999999995,Short
1707921900,1707927900.0,1991.8,1990.4,1990.4,1986.2000000000005,Short
1707928800,1707931500.0,1992.86,1990.92,1998.6799999999994,1992.86,Long
1707931800,1707931830.0,1991.53,1990.95,1990.95,1989.2100000000003,Short
1707933600,1707936300.0,1995.08,1993.4,2000.1199999999994,1995.08,Long
1707936600,1707936630.0,1992.49,1991.74,1991.74,1989.49,Short
1707937200,1707942600.0,1991.57,1991.21,1992.6499999999996,1991.57,Long
1707942900,1707946200.0,1990.13,1989.69,1989.69,1988.37,Short
1707946800,1707946830.0,1991.37,1990.77,1993.1699999999996,1991.37,Long
1707948000,1707952800.0,1992.59,1988.25,1988.25,1975.2300000000002,Short
1707953400,1707966300.0,1993.09,1992.84,1993.84,1993.09,Long
1707966900,1707977100.0,1993.16,1991.8,1991.8,1987.7199999999996,Short
1707977700,1707977730.0,1992.71,1992.38,1992.38,1991.3900000000003,Short
1707979200,1707979230.0,1993.22,1992.2,1996.28,1993.22,Long
1707979800,1707979830.0,1993.11,1992.0,1992.0,1988.6700000000003,Short
1707980400,1707980430.0,1993.31,1992.8,1992.8,1991.27,Short
1707981900,1708021200.0,1993.28,1992.34,1996.1000000000001,1993.28,Long
1708021800,1708021830.0,2004.07,2002.6,2002.6,1998.1899999999998,Short
1708023000,1708023030.0,2004.24,2003.52,2003.52,2001.36,Short
1708023600,1708024500.0,2004.68,2004.17,2006.21,2004.68,Long
1708027200,1708034100.0,2005.29,2004.3,2008.26,2005.29,Long
1708039200,1708040700.0,2004.72,2003.09,2009.6100000000004,2004.72,Long
1708041000,1708046700.0,2004.05,2003.7,2003.7,2002.6500000000003,Short
1708048500,1708049100.0,2004.53,2003.6,2007.3200000000002,2004.53,Long
1708049400,1708050000.0,2004.85,2004.52,2004.52,2003.5300000000002,Short
1708050900,1708053000.0,2005.04,2003.4,2009.9599999999996,2005.04,Long
1708053600,1708053900.0,2004.67,2003.2,2003.2,1998.79,Short
1708054200,1708054800.0,2004.29,2004.1,2004.8600000000001,2004.29,Long
1708055700,1708062600.0,2003.87,2003.51,2004.9499999999996,2003.87,Long
1708064400,1708067100.0,2004.56,2003.03,2003.03,1998.44,Short
1708068300,1708089900.0,2004.64,2004.34,2005.5400000000006,2004.64,Long
1708090500,1708097400.0,2006.66,1999.6,1999.6,1978.4199999999994,Short
1708097700,1708120200.0,2006.57,2004.76,2011.9999999999998,2006.57,Long
1708297200,1708298400.0,2013.68,2012.3,2012.3,2008.1599999999996,Short
1708299000,1708299900.0,2012.7,2006.37,2031.6900000000005,2012.7,Long
1708301100,1708318800.0,2014.33,2007.0,2036.3199999999997,2014.33,Long
1708319700,1708319730.0,2018.8,2018.47,2018.47,2017.4800000000002,Short
1708321200,1708325100.0,2020.29,2019.52,2022.6,2020.29,Long
1708326000,1708326600.0,2021.84,2021.27,2021.27,2019.5600000000002,Short
1708326900,1708327200.0,2022.0,2021.59,2023.2300000000002,2022.0,Long
1708327500,1708329000.0,2022.65,2022.12,2022.12,2020.5299999999993,Short
1708329300,1708334700.0,2020.52,2020.04,2021.96,2020.52,Long
1708335300,1708335600.0,2019.55,2019.32,2020.24,2019.55,Long
1708336200,1708361700.0,2020.11,2019.2,2019.2,2016.4700000000005,Short
1708362000,1708362030.0,2016.17,2016.05,2016.5300000000004,2016.17,Long
1708362900,1708363500.0,2016.58,2016.02,2016.02,2014.3400000000001,Short
1708365000,1708380000.0,2017.21,2016.83,2018.3500000000004,2017.21,Long
1708383600,1708383630.0,2017.81,2017.81,2017.81,2017.81,Long
1708384200,1708386900.0,2016.87,2014.96,2022.5999999999995,2016.87,Long
1708388400,1708392000.0,2016.31,2014.6,2014.6,2009.4699999999998,Short
1708394400,1708394700.0,2017.84,2016.3,2016.3,2011.68,Short
1708395000,1708395300.0,2017.34,2016.95,2018.5099999999995,2017.34,Long
1708395900,1708395930.0,2017.85,2017.49,2018.9299999999996,2017.85,Long
1708397100,1708398300.0,2018.15,2017.83,2017.83,2016.8699999999994,Short
1708399200,1708407000.0,2017.76,2016.4,2021.8399999999997,2017.76,Long
1708407600,1708407630.0,2018.16,2017.72,2017.72,2016.3999999999999,Short
1708409400,1708444800.0,2019.2,2017.1,2025.5000000000005,2019.2,Long
1708445100,1708445400.0,2027.51,2025.7,2025.7,2020.2700000000002,Short
1708445700,1708446900.0,2026.54,2026.25,2027.4099999999999,2026.54,Long
1708448700,1708454700.0,2027.76,2026.68,2026.68,2023.4400000000003,Short
1708455300,1708455330.0,2027.39,2026.4,2030.3600000000001,2027.39,Long
1708456500,1708477500.0,2027.16,2026.1,2026.1,2022.9199999999994,Short
1708477800,1708500000.0,2023.88,2022.7,2027.4200000000003,2023.88,Long
1708500300,1708512300.0,2030.23,2029.77,2029.77,2028.3899999999999,Short
1708513200,1708517100.0,2030.03,2029.0,2029.0,2025.91,Short
1708518000,1708523100.0,2029.91,2029.47,2031.2300000000002,2029.91,Long
1708524000,1708525500.0,2028.98,2028.25,2031.17,2028.98,Long
1708527300,1708528200.0,2029.64,2027.62,2027.62,2021.5599999999993,Short
1708529400,1708529700.0,2030.12,2028.71,2034.3499999999995,2030.12,Long
1708530900,1708545600.0,2027.35,2025.8,2025.8,2021.15,Short
1708545900,1708547100.0,2026.31,2025.83,2027.75,2026.31,Long
1708547400,1708547430.0,2025.45,2024.77,2024.77,2022.7299999999998,Short
1708548300,1708548600.0,2025.91,2025.46,2027.2600000000002,2025.91,Long
1708549500,1708593900.0,2025.01,2024.31,2027.1100000000001,2025.01,Long
1708594200,1708594230.0,2030.66,2029.37,2029.37,2025.4999999999993,Short
1708595400,1708596600.0,2030.4,2029.87,2031.9900000000007,2030.4,Long
1708596900,1708597200.0,2030.02,2029.49,2029.49,2027.9,Short
1708599000,1708599300.0,2030.34,2029.5,2032.8599999999997,2030.34,Long
1708599600,1708627500.0,2029.44,2028.5,2028.5,2025.6799999999998,Short
1708627800,1708627830.0,2022.97,2022.23,2025.19,2022.97,Long
1708629300,1708631100.0,2022.84,2022.36,2024.28,2022.84,Long
1708632300,1708632900.0,2023.36,2022.85,2022.85,2021.32,Short
1708633200,1708637700.0,2022.9,2022.56,2023.9200000000005,2022.9,Long
1708638000,1708638030.0,2024.65,2023.3,2023.3,2019.2499999999995,Short
1708638600,1708648200.0,2024.3,2023.3,2027.3,2024.3,Long
1708648500,1708648530.0,2025.96,2025.57,2025.57,2024.3999999999996,Short
1708650000,1708656600.0,2024.73,2023.1,2029.6200000000003,2024.73,Long
1708658100,1708658700.0,2025.07,2023.5,2029.7799999999997,2025.07,Long
1708659600,1708662900.0,2025.39,2025.07,2026.3500000000006,2025.39,Long
1708663200,1708663230.0,2026.19,2025.3,2025.3,2022.6299999999997,Short
1708664400,1708664700.0,2026.31,2024.9,2030.5399999999995,2026.31,Long
1708665000,1708684200.0,2026.01,2024.9,2024.9,2021.5700000000004,Short
1708684500,1708720500.0,2019.71,2019.38,2020.6999999999998,2019.71,Long
1708721700,1708922100.0,2036.44,2035.2,2035.2,2031.48,Short
1708922400,1708925400.0,2032.43,2031.3,2035.8200000000004,2032.43,Long
1708925700,1708926000.0,2033.19,2032.76,2032.76,2031.4699999999998,Short
1708926900,1708939200.0,2034.04,2033.6,2035.3600000000001,2034.04,Long
1708939500,1708939530.0,2033.94,2033.39,2033.39,2031.7400000000002,Short
1708940700,1708940730.0,2034.06,2032.8,2037.84,2034.06,Long
1708941900,1708943400.0,2033.56,2032.68,2036.1999999999996,2033.56,Long
1708944600,1708953900.0,2033.2,2032.38,2032.38,2029.9200000000003,Short
1708954200,1708955100.0,2032.51,2031.88,2034.3999999999996,2032.51,Long
1708955400,1708971300.0,2034.07,2033.58,2033.58,2032.11,Short
1708972200,1708972230.0,2029.82,2029.09,2029.09,2026.8999999999999,Short
1708974000,1708997400.0,2029.76,2027.7,2035.9399999999998,2029.76,Long
1708997700,1708998300.0,2033.38,2031.7,2031.7,2026.6599999999999,Short
1709000100,1709011200.0,2033.76,2032.9,2036.3399999999997,2033.76,Long
1709014200,1709014500.0,2033.86,2032.6,2032.6,2028.82,Short
1709014800,1709016000.0,2033.68,2032.5,2037.2200000000003,2033.68,Long
1709016900,1709037300.0,2033.91,2033.67,2034.63,2033.91,Long
1709037900,1709040300.0,2037.66,2036.5,2036.5,2033.0199999999998,Short
1709040600,1709040630.0,2036.75,2035.9,2039.2999999999997,2036.75,Long
1709043900,1709044200.0,2036.34,2034.87,2040.75,2036.34,Long
1709044500,1709057400.0,2036.05,2035.62,2035.62,2034.3299999999997,Short
1709058300,1709069700.0,2036.0,2035.11,2035.11,2032.4399999999996,Short
1709071200,1709080500.0,2030.4,2029.5,2029.5,2026.7999999999997,Short
1709082600,1709089800.0,2031.12,2029.78,2035.1399999999996,2031.12,Long
1709091000,1709094300.0,2030.94,2030.6,2031.9600000000005,2030.94,Long
1709096100,1709096700.0,2030.83,2029.7,2029.7,2026.3100000000004,Short
1709097600,1709121600.0,2030.85,2030.0,2030.0,2027.4500000000003,Short
1709121900,1709141100.0,2028.11,2026.85,2031.8899999999999,2028.11,Long
1709141400,1709148000.0,2033.88,2033.56,2033.56,2032.5999999999995,Short
1709148600,1709150100.0,2031.99,2030.8,2030.8,2027.2299999999998,Short
1709151000,1709152200.0,2033.39,2033.22,2033.9000000000003,2033.39,Long
1709154300,1709154330.0,2034.01,2032.6,2038.2400000000002,2034.01,Long
1709155200,1709155500.0,2033.53,2033.24,2033.24,2032.3700000000001,Short
1709157600,1709183400.0,2035.07,2032.9,2041.5799999999995,2035.07,Long
1709184900,1709185200.0,2035.13,2033.8,2039.1200000000006,2035.13,Long
1709186100,1709187000.0,2035.77,2034.9,2034.9,2032.2900000000004,Short
1709187300,1709187330.0,2035.71,2035.46,2036.46,2035.71,Long
1709187900,1709187930.0,2036.42,2035.93,2037.89,2036.42,Long
1709190600,1709193600.0,2037.25,2036.44,2039.6799999999998,2037.25,Long
1709195400,1709195700.0,2037.13,2036.49,2036.49,2034.5699999999997,Short
1709196300,1709197800.0,2036.44,2035.92,2038.0,2036.44,Long
1709198100,1709198130.0,2036.73,2036.23,2036.23,2034.73,Short
1709199300,1709199600.0,2035.96,2035.07,2038.6300000000003,2035.96,Long
1709199900,1709213100.0,2035.18,2034.82,2034.82,2033.7399999999996,Short
1709213700,1709229300.0,2038.82,2032.32,2058.3199999999997,2038.82,Long
1709230200,1709243400.0,2046.18,2045.58,2045.58,2043.7799999999995,Short
1709248200,1709257200.0,2043.99,2042.4,2042.4,2037.6300000000003,Short
1709257800,1709257830.0,2044.2,2044.01,2044.01,2043.4399999999998,Short
1709258700,1709270100.0,2044.4,2044.15,2045.15,2044.4,Long
1709271600,1709279100.0,2045.16,2044.0,2048.6400000000003,2045.16,Long
1709280000,1709284500.0,2045.5,2044.4,2044.4,2041.1000000000004,Short
1709285700,1709303700.0,2045.18,2043.64,2049.8,2045.18,Long
1709304000,1709305500.0,2052.6,2051.32,2051.32,2047.480000000001,Short
1709305800,1709327400.0,2053.02,2050.44,2060.7599999999998,2053.02,Long
1709329800,1709507100.0,2083.52,2082.5,2082.5,2079.44,Short
1709508600,1709529900.0,2085.54,2084.3,2084.3,2080.580000000001,Short
1709530800,1709532900.0,2081.87,2080.7,2085.38,2081.87,Long
1709534700,1709534730.0,2081.89,2081.43,2083.27,2081.89,Long
1709536200,1709550300.0,2085.24,2083.7,2089.8599999999997,2085.24,Long
1709551200,1709558700.0,2084.26,2082.9,2082.9,2078.8199999999997,Short
1709561100,1709584800.0,2092.39,2090.07,2099.349999999999,2092.39,Long
1709585100,1709586600.0,2117.96,2116.92,2116.92,2113.8,Short
1709589000,1709595300.0,2115.59,2114.1,2114.1,2109.629999999999,Short
1709595600,1709598000.0,2115.67,2114.7,2118.580000000001,2115.67,Long
1709598300,1709612700.0,2114.79,2114.32,2114.32,2112.9100000000008,Short
1709613000,1709613300.0,2114.78,2113.81,2117.690000000001,2114.78,Long
1709614500,1709659500.0,2115.05,2113.8,2118.8,2115.05,Long
1709660100,1709660700.0,2129.71,2128.77,2128.77,2125.95,Short
1709661300,1709663700.0,2129.95,2128.3,2134.8999999999987,2129.95,Long
1709664000,1709664030.0,2132.58,2132.58,2132.58,2132.58,Long
1709665200,1709666100.0,2131.68,2130.0,2136.7199999999993,2131.68,Long
1709667000,1709667300.0,2133.9,2132.4,2138.4,2133.9,Long
1709667900,1709667930.0,2133.02,2132.05,2135.9299999999994,2133.02,Long
1709668500,1709673900.0,2131.45,2130.31,2134.8699999999994,2131.45,Long
1709674200,1709702100.0,2129.1,2128.87,2128.87,2128.18,Short
1709703300,1709704500.0,2127.87,2126.8,2131.079999999999,2127.87,Long
1709706600,1709714100.0,2126.59,2124.8,2131.96,2126.59,Long
1709714400,1709718000.0,2126.51,2125.0,2125.0,2120.4699999999993,Short
1709718600,1709721300.0,2126.64,2125.5,2130.0599999999995,2126.64,Long
1709722800,1709722830.0,2125.85,2125.52,2125.52,2124.53,Short
1709724600,1709724630.0,2128.2,2127.04,2127.04,2123.5600000000004,Short
1709725800,1709751600.0,2130.97,2130.56,2132.1999999999994,2130.97,Long
1709752500,1709752530.0,2142.65,2141.17,2147.09,2142.65,Long
1709753400,1709753430.0,2142.51,2140.96,2140.96,2136.3099999999995,Short
1709754000,1709756100.0,2141.97,2140.79,2145.5099999999993,2141.97,Long
1709756400,1709757300.0,2144.31,2143.2,2143.2,2139.8699999999994,Short
1709759700,1709760000.0,2146.59,2145.2,2145.2,2141.029999999999,Short
1709761200,1709767500.0,2147.09,2146.42,2149.1000000000004,2147.09,Long
1709767800,1709769300.0,2149.28,2149.06,2149.06,2148.399999999999,Short
1709770200,1709775900.0,2149.37,2148.43,2152.19,2149.37,Long
1709778000,1709778030.0,2147.29,2145.2,2153.5600000000004,2147.29,Long
1709778600,1709800200.0,2146.57,2145.8,2148.88,2146.57,Long
1709801100,1709804400.0,2157.71,2156.98,2156.98,2154.79,Short
1709804700,1709808900.0,2156.61,2155.91,2158.710000000001,2156.61,Long
1709810100,1709811000.0,2155.63,2154.4,2154.4,2150.71,Short
1709811600,1709811900.0,2155.96,2155.08,2155.08,2152.4399999999996,Short
1709812200,1709814300.0,2155.29,2154.66,2157.1800000000003,2155.29,Long
1709814900,1709815500.0,2157.32,2155.62,2155.62,2150.519999999999,Short
1709816400,1709819700.0,2158.65,2157.4,2162.4,2158.65,Long
1709820000,1709823900.0,2160.06,2158.3,2158.3,2153.020000000001,Short
1709824200,1709824500.0,2156.41,2154.61,2161.809999999999,2156.41,Long
1709826600,1709828400.0,2156.26,2154.89,2154.89,2150.779999999999,Short
1709829600,1709830200.0,2156.73,2155.42,2160.66,2156.73,Long
1709831100,1709834700.0,2157.17,2155.27,2155.27,2149.5699999999997,Short
1709835000,1709850000.0,2158.97,2158.38,2160.739999999999,2158.97,Long
1709854200,1709858400.0,2160.26,2158.0,2167.040000000001,2160.26,Long
1709859900,1709860500.0,2161.67,2160.31,2165.7500000000005,2161.67,Long
1709863500,1709877900.0,2159.8,2156.9,2156.9,2148.2,Short
1709878200,1709903100.0,2157.12,2156.54,2158.8599999999997,2157.12,Long
1709903700,1709904000.0,2165.63,2164.71,2164.71,2161.95,Short
1709904600,1709906400.0,2167.14,2164.57,2174.849999999999,2167.14,Long
1709908500,1709908530.0,2171.64,2167.34,2167.34,2154.440000000001,Short
1709909700,1709924400.0,2172.51,2169.46,2181.6600000000008,2172.51,Long
1709926800,1709928000.0,2177.41,2176.79,2179.2699999999995,2177.41,Long
1709928600,1709930400.0,2176.62,2175.73,2179.2899999999995,2176.62,Long
1709931000,1709931030.0,2177.63,2176.93,2179.730000000001,2177.63,Long
1709931600,1710108600.0,2178.08,2177.0,2177.0,2173.76,Short
1710109200,1710109800.0,2180.01,2179.38,2181.9000000000005,2180.01,Long
1710111000,1710111030.0,2179.29,2177.3,2177.3,2171.330000000001,Short
1710111900,1710122700.0,2178.38,2176.5,2184.0200000000004,2178.38,Long
1710125400,1710126000.0,2178.63,2176.5,2176.5,2170.1099999999997,Short
1710127200,1710129900.0,2179.09,2178.09,2178.09,2175.09,Short
1710130200,1710130500.0,2180.78,2179.3,2185.2200000000003,2180.78,Long
1710132300,1710138000.0,2181.36,2179.5,2179.5,2173.9199999999996,Short
1710138600,1710138630.0,2179.21,2178.83,2178.83,2177.6899999999996,Short
1710139800,1710145200.0,2179.14,2177.0,2185.5599999999995,2179.14,Long
1710147600,1710150000.0,2178.45,2176.5,2176.5,2170.6500000000005,Short
1710150300,1710152700.0,2179.38,2177.7,2184.420000000001,2179.38,Long
1710153000,1710160800.0,2179.12,2178.6,2178.6,2177.04,Short
1710162000,1710162900.0,2178.9,2176.47,2176.47,2169.179999999999,Short
1710163200,1710165300.0,2177.84,2176.2,2182.760000000001,2177.84,Long
1710165600,1710166200.0,2182.66,2180.63,2180.63,2174.540000000001,Short
1710167100,1710178500.0,2180.71,2179.6,2184.0400000000004,2180.71,Long
1710179100,1710180300.0,2180.5,2179.42,2179.42,2176.1800000000003,Short
1710180600,1710180900.0,2180.01,2178.7,2183.9400000000014,2180.01,Long
1710183000,1710183300.0,2179.43,2177.2,2177.2,2170.5099999999998,Short
1710184500,1710185100.0,2183.18,2182.62,2184.8599999999997,2183.18,Long
1710185400,1710188700.0,2183.77,2183.2,2183.2,2181.4899999999993,Short
1710189900,1710194700.0,2182.33,2181.580000000001,2184.579999999997,2182.33,Long
1710195600,1710202800.0,2182.58,2182.25,2183.5699999999997,2182.58,Long
1710204300,1710205200.0,2181.96,2180.8,2180.8,2177.3200000000006,Short
1710206100,1710207900.0,2182.0,2181.06,2181.06,2178.24,Short
1710208200,1710208230.0,2181.74,2180.74,2184.74,2181.74,Long
1710208800,1710230700.0,2182.85,2182.29,2182.29,2180.61,Short
1710232200,1710233700.0,2177.72,2176.1,2176.1,2171.2400000000002,Short
1710234600,1710235800.0,2178.98,2178.4,2178.4,2176.6600000000003,Short
1710236700,1710237600.0,2178.55,2177.3,2182.3,2178.55,Long
1710238200,1710239100.0,2176.1,2175.71,2175.71,2174.5400000000004,Short
1710239400,1710241200.0,2176.38,2176.07,2177.31,2176.38,Long
1710243600,1710246900.0,2173.61,2171.9,2171.9,2166.77,Short
1710247800,1710265200.0,2181.51,2178.38,2178.38,2168.99,Short
1710266700,1710267300.0,2158.35,2154.48,2154.48,2142.8700000000003,Short
1710267600,1710267630.0,2154.98,2153.35,2159.8700000000003,2154.98,Long
1710269400,1710283200.0,2154.44,2153.67,2153.67,2151.36,Short
1710285300,1710293100.0,2159.15,2156.9,2165.9,2159.15,Long
1710294300,1710294330.0,2157.75,2156.7,2156.7,2153.5499999999993,Short
1710295200,1710296400.0,2158.85,2157.8,2161.999999999999,2158.85,Long
1710297600,1710298500.0,2160.44,2159.55,2163.1099999999997,2160.44,Long
1710298800,1710298830.0,2160.9,2159.4,2159.4,2154.9,Short
1710299400,1710303300.0,2159.8,2159.59,2160.4300000000003,2159.8,Long
1710304500,1710305400.0,2158.52,2156.8,2156.8,2151.640000000001,Short
1710306900,1710307200.0,2159.73,2159.43,2159.43,2158.5299999999993,Short
1710308100,1710310500.0,2159.84,2158.98,2162.4200000000005,2159.84,Long
1710311400,1710313500.0,2159.15,2158.86,2158.86,2157.9900000000002,Short
1710314700,1710314730.0,2160.68,2159.33,2164.7299999999996,2160.68,Long
1710315300,1710315900.0,2159.84,2158.58,2158.58,2154.7999999999993,Short
1710317100,1710317130.0,2160.96,2158.1,2169.5400000000004,2160.96,Long
1710318000,1710319800.0,2159.28,2158.38,2161.9800000000005,2159.28,Long
1710321000,1710321030.0,2159.33,2157.78,2157.78,2153.130000000001,Short
1710322200,1710322230.0,2159.44,2158.36,2158.36,2155.1200000000003,Short
1710324600,1710324630.0,2159.28,2157.79,2157.79,2153.3199999999993,Short
1710325500,1710358200.0,2159.93,2159.2,2162.12,2159.93,Long
1710358800,1710367200.0,2174.16,2173.0,2177.6399999999994,2174.16,Long
1710367500,1710370500.0,2174.15,2172.15,2172.15,2166.15,Short
1710371400,1710372000.0,2175.56,2173.7,2173.7,2168.1199999999994,Short
1710372300,1710372330.0,2175.35,2174.4,2178.1999999999994,2175.35,Long
1710372900,1710373500.0,2176.06,2174.2,2174.2,2168.6199999999994,Short
1710375300,1710375330.0,2175.74,2174.19,2174.19,2169.540000000001,Short
1710376500,1710380100.0,2174.84,2173.3,2179.46,2174.84,Long
1710383100,1710383130.0,2175.27,2172.5,2183.58,2175.27,Long
1710384000,1710408300.0,2174.79,2172.6,2172.6,2166.0299999999997,Short
1710409800,1710410100.0,2171.81,2171.62,2171.62,2171.0499999999997,Short
1710410400,1710416100.0,2170.28,2169.35,2173.070000000001,2170.28,Long
1710417600,1710417630.0,2169.08,2168.38,2168.38,2166.2800000000007,Short
1710418800,1710436200.0,2168.95,2166.01,2166.01,2157.1900000000014,Short
1710437100,1710440400.0,2164.7,2161.01,2161.01,2149.9400000000014,Short
1710441000,1710441300.0,2161.95,2161.55,2163.1499999999987,2161.95,Long
1710441900,1710442200.0,2161.85,2161.57,2162.689999999999,2161.85,Long
1710442800,1710442830.0,2161.79,2161.23,2161.23,2159.55,Short
1710443700,1710454500.0,2162.31,2161.14,2165.82,2162.31,Long
1710455400,1710455700.0,2162.29,2161.2,2161.2,2157.9299999999994,Short
1710460200,1710460230.0,2161.76,2160.0,2160.0,2154.7199999999993,Short
1710461400,1710463500.0,2161.62,2160.59,2160.59,2157.500000000001,Short
1710463800,1710463830.0,2162.42,2162.05,2163.5299999999997,2162.42,Long
1710464700,1710467700.0,2163.57,2162.32,2167.32,2163.57,Long
1710468000,1710468030.0,2163.09,2162.3,2162.3,2159.9300000000003,Short
1710469800,1710470400.0,2162.79,2161.3,2161.3,2156.830000000001,Short
1710471900,1710479700.0,2162.89,2161.1,2168.2599999999998,2162.89,Long
1710480300,1710480330.0,2164.48,2163.8,2163.8,2161.7600000000007,Short
1710481200,1710500100.0,2165.7,2165.09,2167.529999999999,2165.7,Long
1710500400,1710520200.0,2169.8,2168.95,2168.95,2166.3999999999987,Short
1710520500,1710520530.0,2163.0,2162.15,2165.5499999999997,2163.0,Long
1710522300,1710745200.0,2160.01,2157.95,2157.95,2151.7699999999986,Short
1710746400,1710774000.0,2149.01,2148.1,2151.740000000001,2149.01,Long
1710774300,1710774900.0,2159.13,2157.77,2157.77,2153.6899999999996,Short
1710775500,1710775800.0,2160.69,2159.5,2164.26,2160.69,Long
1710776100,1710780900.0,2161.03,2160.36,2160.36,2158.35,Short
1710781500,1710781530.0,2160.31,2158.89,2164.57,2160.31,Long
1710782100,1710785400.0,2160.55,2159.42,2163.9400000000005,2160.55,Long
1710785700,1710785730.0,2160.44,2159.54,2159.54,2156.8399999999997,Short
1710786300,1710786330.0,2159.91,2159.3,2159.3,2157.470000000001,Short
1710787500,1710787530.0,2160.53,2159.0,2165.120000000001,2160.53,Long
1710788100,1710788130.0,2160.58,2159.5,2159.5,2156.26,Short
1710789000,1710790200.0,2160.32,2160.07,2161.07,2160.32,Long
1710791100,1710795300.0,2160.65,2160.34,2161.58,2160.65,Long
1710795600,1710795630.0,2160.2,2159.0,2159.0,2155.4000000000005,Short
1710799500,1710799530.0,2160.27,2159.3,2159.3,2156.390000000001,Short
1710802500,1710811500.0,2162.23,2159.3,2171.0199999999995,2162.23,Long
1710811800,1710812700.0,2161.36,2160.6,2160.6,2158.3199999999993,Short
1710813300,1710815400.0,2159.85,2158.71,2163.2699999999995,2159.85,Long
1710815700,1710815730.0,2162.08,2161.62,2161.62,2160.24,Short
1710816600,1710817500.0,2161.29,2160.85,2160.85,2159.5299999999997,Short
1710817800,1710819600.0,2160.96,2160.68,2161.8000000000006,2160.96,Long
1710819900,1710819930.0,2162.21,2161.12,2161.12,2157.8499999999995,Short
1710822900,1710843000.0,2161.98,2160.54,2160.54,2156.22,Short
1710843900,1710846600.0,2156.13,2155.4,2155.4,2153.21,Short
1710848400,1710848430.0,2155.52,2154.1,2154.1,2149.8399999999997,Short
1710849600,1710855300.0,2156.38,2155.41,2159.290000000001,2156.38,Long
1710856500,1710858900.0,2154.97,2150.86,2150.86,2138.530000000001,Short
1710860100,1710860130.0,2155.11,2153.93,2158.650000000001,2155.11,Long
1710861600,1710865500.0,2154.0,2152.15,2152.15,2146.6000000000004,Short
1710865800,1710866400.0,2155.84,2154.9,2158.6600000000003,2155.84,Long
1710867300,1710868800.0,2154.25,2153.28,2153.28,2150.370000000001,Short
1710869100,1710893100.0,2155.5,2153.7,2160.9000000000005,2155.5,Long
1710894000,1710895500.0,2157.05,2155.2,2155.2,2149.6499999999987,Short
1710896700,1710896730.0,2157.65,2156.6,2156.6,2153.4499999999994,Short
1710897300,1710901200.0,2158.13,2156.5,2163.0200000000004,2158.13,Long
1710902100,1710902130.0,2158.82,2157.7,2157.7,2154.339999999999,Short
1710903600,1710911400.0,2159.13,2158.38,2161.38,2159.13,Long
1710911700,1710919200.0,2157.74,2157.25,2157.25,2155.7800000000007,Short
1710920400,1710942300.0,2159.28,2157.8,2157.8,2153.36,Short
1710942900,1710987600.0,2156.49,2154.69,2161.889999999999,2156.49,Long
1710988200,1710988500.0,2204.55,2203.85,2203.85,2201.749999999999,Short
1710989100,1710990900.0,2203.22,2202.3,2205.9799999999987,2203.22,Long
1710991800,1710991830.0,2204.02,2203.66,2203.66,2202.5799999999995,Short
1710993900,1710993930.0,2202.98,2201.76,2201.76,2198.100000000001,Short
1710996900,1710997800.0,2204.04,2201.87,2210.55,2204.04,Long
1710999000,1710999030.0,2204.07,2201.91,2201.91,2195.429999999999,Short
1711001400,1711009500.0,2209.04,2203.05,2227.0099999999993,2209.04,Long
1711010400,1711012500.0,2202.38,2200.8,2200.8,2196.0600000000004,Short
1711012800,1711014000.0,2202.76,2201.88,2205.4000000000005,2202.76,Long
1711015500,1711019100.0,2205.96,2203.59,2213.0699999999997,2205.96,Long
1711020900,1711022400.0,2208.52,2205.58,2205.58,2196.7599999999998,Short
1711023600,1711026600.0,2208.63,2207.51,2211.99,2208.63,Long
1711028100,1711045800.0,2203.08,2198.44,2198.44,2184.5200000000004,Short
1711046400,1711059000.0,2181.66,2180.7,2184.54,2181.66,Long
1711059300,1711060500.0,2182.5,2181.0,2181.0,2176.5,Short
1711063800,1711064100.0,2181.52,2179.9,2186.3799999999997,2181.52,Long
1711064400,1711066200.0,2181.53,2180.6,2180.6,2177.809999999999,Short
1711066800,1711071000.0,2183.5,2182.48,2186.56,2183.5,Long
1711071300,1711071330.0,2183.89,2182.4,2182.4,2177.9300000000007,Short
1711071900,1711087200.0,2182.33,2180.05,2180.05,2173.210000000001,Short
1711088700,1711106400.0,2176.01,2174.39,2174.39,2169.529999999999,Short
1711108800,1711108830.0,2166.53,2166.02,2168.060000000001,2166.53,Long
1711109400,1711123500.0,2167.94,2166.84,2171.24,2167.94,Long
1711123800,1711138800.0,2166.95,2165.7,2165.7,2161.95,Short
1711139400,1711139700.0,2166.06,2165.88,2165.88,2165.3400000000006,Short
1711140900,1711328400.0,2165.38,2164.78,2167.18,2165.38,Long
1711328700,1711328730.0,2165.5,2164.3,2164.3,2160.7000000000007,Short
1711330200,1711344000.0,2173.01,2171.74,2176.8200000000015,2173.01,Long
1711344600,1711361100.0,2168.72,2167.4,2167.4,2163.440000000001,Short
1711362300,1711384200.0,2170.77,2169.82,2173.6199999999994,2170.77,Long
1711385100,1711386000.0,2175.84,2175.3,2175.3,2173.6800000000003,Short
1711387200,1711388100.0,2176.46,2174.64,2181.9200000000005,2176.46,Long
1711389600,1711411500.0,2176.43,2174.26,2174.26,2167.7500000000014,Short
1711411800,1711416000.0,2173.24,2172.43,2175.6699999999996,2173.24,Long
1711416300,1711429500.0,2173.31,2171.2,2171.2,2164.8699999999994,Short
1711430100,1711430400.0,2172.67,2172.09,2174.41,2172.67,Long
1711431600,1711435200.0,2172.77,2171.2,2177.4800000000005,2172.77,Long
1711436100,1711436700.0,2172.18,2170.3,2177.819999999999,2172.18,Long
1711437000,1711437300.0,2171.45,2171.22,2171.22,2170.5299999999997,Short
1711438500,1711460100.0,2172.41,2171.44,2175.3199999999993,2172.41,Long
1711460400,1711480500.0,2188.24,2187.66,2187.66,2185.92,Short
1711481100,1711481700.0,2177.21,2176.69,2176.69,2175.13,Short
1711482300,1711484400.0,2177.98,2177.34,2179.8999999999996,2177.98,Long
1711485900,1711485930.0,2176.68,2174.65,2174.65,2168.560000000001,Short
1711491600,1711492200.0,2178.72,2177.1,2183.5799999999995,2178.72,Long
1711493100,1711499400.0,2178.67,2177.8,2181.2799999999997,2178.67,Long
1711500300,1711500330.0,2177.16,2176.2,2180.04,2177.16,Long
1711501200,1711503300.0,2177.7,2176.6,2180.9999999999995,2177.7,Long
1711505700,1711508700.0,2177.54,2175.61,2175.61,2169.8200000000006,Short
1711509600,1711510500.0,2180.42,2178.2,2187.080000000001,2180.42,Long
1711511100,1711512900.0,2178.58,2177.3,2177.3,2173.460000000001,Short
1711513800,1711515600.0,2180.04,2178.7,2184.0600000000004,2180.04,Long
1711516800,1711518000.0,2176.73,2175.8,2175.8,2173.0100000000007,Short
1711518600,1711523700.0,2177.67,2176.32,2181.72,2177.67,Long
1711524600,1711525200.0,2180.0,2179.02,2179.02,2176.08,Short
1711526100,1711527900.0,2180.75,2178.8,2186.5999999999995,2180.75,Long
1711528500,1711530000.0,2179.67,2178.7,2178.7,2175.789999999999,Short
1711531500,1711548900.0,2181.3,2179.74,2185.9800000000014,2181.3,Long
1711549200,1711550100.0,2191.68,2190.43,2190.43,2186.68,Short
1711550400,1711551600.0,2192.8,2191.5,2196.7000000000007,2192.8,Long
1711551900,1711554900.0,2193.99,2192.98,2192.98,2189.9500000000007,Short
1711555800,1711561200.0,2191.16,2189.85,2195.0899999999997,2191.16,Long
1711562100,1711563900.0,2191.25,2188.3,2188.3,2179.4500000000007,Short
1711564500,1711567500.0,2191.13,2190.15,2190.15,2187.21,Short
1711568100,1711573200.0,2191.32,2190.9,2192.5800000000004,2191.32,Long
1711577100,1711577130.0,2194.73,2188.19,2188.19,2168.57,Short
1711578900,1711583100.0,2193.42,2192.2,2197.080000000001,2193.42,Long
1711583400,1711591500.0,2191.67,2191.44,2191.44,2190.75,Short
1711591800,1711591830.0,2189.69,2188.5,2193.26,2189.69,Long
1711592400,1711592430.0,2192.2,2191.11,2191.11,2187.840000000001,Short
1711595100,1711610700.0,2195.49,2192.65,2204.009999999999,2195.49,Long
1711611300,1711614600.0,2195.23,2192.94,2192.94,2186.07,Short
1711614900,1711615800.0,2194.4,2193.94,2195.78,2194.4,Long
1711616100,1711617000.0,2195.94,2195.45,2195.45,2193.979999999999,Short
1711618500,1711618530.0,2196.26,2195.13,2195.13,2191.74,Short
1711620300,1711948500.0,2198.22,2196.93,2202.0899999999997,2198.22,Long
1711949100,1711957200.0,2259.66,2258.3,2263.739999999999,2259.66,Long
1711959600,1711994700.0,2259.95,2257.4,2257.4,2249.750000000001,Short
1711995300,1712021100.0,2239.49,2238.97,2241.0499999999997,2239.49,Long
1712021400,1712026500.0,2249.05,2247.9,2247.9,2244.45,Short
1712027400,1712041200.0,2254.82,2253.09,2260.01,2254.82,Long
1712043900,1712059500.0,2255.64,2254.45,2259.21,2255.64,Long
1712059800,1712064600.0,2260.36,2257.98,2257.98,2250.8399999999997,Short
1712064900,1712064930.0,2259.99,2257.11,2268.6299999999987,2259.99,Long
1712066400,1712069400.0,2265.95,2263.1,2274.4999999999995,2265.95,Long
1712070000,1712072400.0,2262.22,2258.15,2258.15,2245.940000000001,Short
1712073900,1712074800.0,2259.84,2258.34,2258.34,2253.84,Short
1712075400,1712081100.0,2257.79,2256.59,2261.3899999999994,2257.79,Long
1712082900,1712083500.0,2272.11,2269.65,2269.65,2262.27,Short
1712085600,1712111100.0,2274.82,2273.28,2279.44,2274.82,Long
1712112300,1712112330.0,2283.25,2282.21,2286.37,2283.25,Long
1712112900,1712119800.0,2283.58,2282.41,2287.09,2283.58,Long
1712122500,1712124600.0,2284.13,2283.3,2286.62,2284.13,Long
1712124900,1712144700.0,2284.37,2283.34,2283.34,2280.250000000001,Short
1712145000,1712146500.0,2271.71,2270.66,2274.8600000000006,2271.71,Long
1712147700,1712148600.0,2272.25,2266.01,2290.9699999999993,2272.25,Long
1712149500,1712150400.0,2275.83,2272.7,2285.2200000000003,2275.83,Long
1712151600,1712187600.0,2276.2,2272.36,2287.719999999999,2276.2,Long
1712188800,1712188830.0,2297.67,2296.79,2300.3100000000004,2297.67,Long
1712189700,1712197800.0,2299.11,2297.1,2305.140000000001,2299.11,Long
1712198400,1712198700.0,2301.87,2300.2,2306.88,2301.87,Long
1712200800,1712201700.0,2300.13,2296.9,2296.9,2287.21,Short
1712202900,1712204400.0,2300.29,2299.2,2303.5600000000004,2300.29,Long
1712205000,1712205300.0,2300.08,2298.8,2298.8,2294.960000000001,Short
1712205600,1712205630.0,2299.3,2297.7,2304.1000000000013,2299.3,Long
1712206500,1712207400.0,2299.04,2297.7,2297.7,2293.6799999999994,Short
1712208000,1712208030.0,2300.5,2298.9,2298.9,2294.1000000000004,Short
1712209200,1712240700.0,2298.93,2297.85,2297.85,2294.61,Short
1712241300,1712242500.0,2298.01,2293.13,2312.6500000000005,2298.01,Long
1712242800,1712242830.0,2295.71,2294.02,2294.02,2288.95,Short
1712244000,1712244030.0,2294.29,2292.72,2299.0000000000005,2294.29,Long
1712244600,1712245500.0,2294.05,2293.55,2293.55,2292.05,Short
1712245800,1712245830.0,2292.37,2290.67,2297.4699999999993,2292.37,Long
1712246700,1712249400.0,2292.99,2291.46,2297.579999999999,2292.99,Long
1712250300,1712257800.0,2287.59,2286.49,2290.8900000000012,2287.59,Long
1712258100,1712258130.0,2299.78,2296.94,2296.94,2288.4199999999996,Short
1712261100,1712262900.0,2285.92,2283.12,2283.12,2274.7199999999993,Short
1712263200,1712269800.0,2290.55,2290.37,2291.090000000001,2290.55,Long
1712270700,1712277900.0,2289.35,2287.7,2287.7,2282.7499999999995,Short
1712280900,1712294100.0,2271.25,2267.98,2267.98,2258.17,Short
1712294400,1712319900.0,2278.9,2277.86,2282.02,2278.9,Long
1712321100,1712321130.0,2290.71,2281.61,2281.61,2254.3100000000004,Short
1712321700,1712344200.0,2286.56,2284.34,2293.2199999999993,2286.56,Long
1712344800,1712348400.0,2322.15,2321.23,2321.23,2318.47,Short
1712348700,1712350800.0,2325.1,2324.1,2328.1,2325.1,Long
1712527200,1712541900.0,2329.57,2329.57,2329.57,2329.57,Long
1712543400,1712558400.0,2332.39,2326.41,2350.33,2332.39,Long
1712559300,1712568900.0,2338.19,2335.93,2335.93,2329.149999999999,Short
1712570400,1712576400.0,2337.25,2336.35,2339.9500000000003,2337.25,Long
1712576700,1712594700.0,2339.42,2337.51,2337.51,2331.7800000000007,Short
1712595000,1712595030.0,2326.77,2326.07,2328.8699999999994,2326.77,Long
1712595600,1712595630.0,2328.54,2327.9,2327.9,2325.9800000000005,Short
1712596200,1712596230.0,2329.77,2328.84,2328.84,2326.0500000000006,Short
1712596800,1712618400.0,2330.36,2328.69,2335.3700000000003,2330.36,Long
1712618700,1712619300.0,2340.0,2338.3,2338.3,2333.2000000000007,Short
1712619900,1712620500.0,2340.3,2338.6,2338.6,2333.499999999999,Short
1712620800,1712622000.0,2338.89,2337.4,2343.359999999999,2338.89,Long
1712622600,1712624100.0,2339.48,2338.67,2341.91,2339.48,Long
1712624400,1712624430.0,2340.86,2339.7,2339.7,2336.219999999999,Short
1712625900,1712640900.0,2344.49,2339.31,2360.0299999999993,2344.49,Long
1712641200,1712641230.0,2347.56,2345.77,2345.77,2340.4,Short
1712641800,1712662200.0,2347.18,2345.9,2351.019999999999,2347.18,Long
1712663400,1712663430.0,2352.58,2349.95,2349.95,2342.0599999999995,Short
1712664300,1712664900.0,2355.02,2353.44,2359.7599999999998,2355.02,Long
1712665800,1712671800.0,2350.23,2346.09,2346.09,2333.6700000000005,Short
1712673300,1712688300.0,2363.35,2359.92,2359.92,2349.6300000000006,Short
1712688900,1712688930.0,2348.66,2347.98,2350.6999999999994,2348.66,Long
1712690100,1712690130.0,2346.86,2345.47,2345.47,2341.299999999999,Short
1712692500,1712710500.0,2349.73,2348.4,2353.72,2349.73,Long
1712710800,1712715900.0,2351.87,2350.0,2350.0,2344.3900000000003,Short
1712716200,1712716500.0,2350.09,2348.7,2354.260000000001,2350.09,Long
1712717400,1712718300.0,2354.01,2351.31,2351.31,2343.209999999999,Short
1712718900,1712722800.0,2353.2,2351.3,2351.3,2345.6000000000013,Short
1712723400,1712736900.0,2354.22,2353.8,2355.4799999999987,2354.22,Long
1712738400,1712738700.0,2354.94,2353.6,2353.6,2349.5799999999995,Short
1712739000,1712739030.0,2354.11,2353.49,2355.970000000001,2354.11,Long
1712740200,1712769300.0,2353.99,2353.42,2353.42,2351.710000000001,Short
1712769900,1712772600.0,2333.03,2332.03,2336.03,2333.03,Long
1712773800,1712786400.0,2336.9,2335.7,2335.7,2332.099999999999,Short
1712786700,1712788200.0,2334.3,2330.99,2344.2300000000014,2334.3,Long
1712788500,1712788800.0,2334.68,2332.6,2332.6,2326.36,Short
1712789700,1712791500.0,2336.75,2335.4,2335.4,2331.3500000000004,Short
1712791800,1712814600.0,2335.69,2334.6,2338.9600000000005,2335.69,Long
1712815200,1712831100.0,2341.81,2338.98,2338.98,2330.4900000000002,Short
1712832900,1712834100.0,2337.86,2336.52,2341.8800000000006,2337.86,Long
1712834700,1712834730.0,2339.04,2338.27,2341.35,2339.04,Long
1712835900,1712836500.0,2336.85,2335.64,2340.48,2336.85,Long
1712838300,1712845800.0,2336.98,2332.24,2351.2000000000007,2336.98,Long
1712847900,1712848800.0,2341.68,2333.24,2367.0,2341.68,Long
1712849700,1712898300.0,2339.25,2337.87,2343.3900000000003,2339.25,Long
1712898900,1712898930.0,2385.17,2384.22,2388.020000000001,2385.17,Long
1712899800,1712900400.0,2385.37,2384.33,2388.49,2385.37,Long
1712903100,1712903400.0,2388.09,2384.86,2384.86,2375.17,Short
1712904900,1712920200.0,2394.14,2390.35,2405.5099999999998,2394.14,Long
1712920800,1712921700.0,2396.3,2392.44,2392.44,2380.8599999999997,Short
1712922900,1712926500.0,2395.37,2392.51,2392.51,2383.930000000001,Short
1712926800,1712926830.0,2397.37,2395.17,2403.9699999999993,2397.37,Long
1712928000,1712936400.0,2397.36,2394.27,2406.6300000000006,2397.36,Long
1712937300,1713132300.0,2393.58,2386.82,2386.82,2366.540000000001,Short
1713132900,1713133800.0,2369.23,2363.24,2363.24,2345.269999999999,Short
1713134100,1713147000.0,2355.91,2352.7,2365.54,2355.91,Long
1713148200,1713149100.0,2362.25,2359.91,2369.2700000000004,2362.25,Long
1713149700,1713149730.0,2360.34,2358.23,2358.23,2351.8999999999996,Short
1713150600,1713151200.0,2359.47,2357.87,2357.87,2353.07,Short
1713152100,1713152130.0,2358.03,2356.9,2361.4200000000005,2358.03,Long
1713153600,1713156300.0,2359.34,2358.2,2358.2,2354.779999999999,Short
1713157200,1713157500.0,2357.32,2355.6,2362.480000000001,2357.32,Long
1713158100,1713158130.0,2355.97,2353.17,2353.17,2344.770000000001,Short
1713159300,1713159330.0,2356.73,2353.85,2365.3700000000003,2356.73,Long
1713160200,1713161400.0,2357.74,2356.12,2362.5999999999995,2357.74,Long
1713162300,1713165600.0,2360.91,2357.9,2357.9,2348.870000000001,Short
1713166500,1713178500.0,2355.98,2353.66,2353.66,2346.6999999999994,Short
1713179100,1713188100.0,2357.55,2354.91,2365.470000000001,2357.55,Long
1713191700,1713192300.0,2339.12,2332.24,2332.24,2311.5999999999995,Short
1713192600,1713192630.0,2348.06,2344.89,2357.57,2348.06,Long
1713194100,1713198900.0,2348.52,2345.65,2345.65,2337.0400000000004,Short
1713199200,1713199800.0,2349.03,2346.62,2356.260000000001,2349.03,Long
1713200100,1713200130.0,2359.67,2357.12,2357.12,2349.4699999999993,Short
1713200700,1713201000.0,2357.22,2354.39,2354.39,2345.9,Short
1713202500,1713226800.0,2366.59,2362.01,2380.33,2366.59,Long
1713227700,1713228300.0,2385.95,2382.64,2395.8799999999997,2385.95,Long
1713228900,1713231000.0,2386.23,2384.15,2384.15,2377.9100000000003,Short
1713231600,1713231900.0,2381.38,2379.9,2379.9,2375.46,Short
1713233100,1713233130.0,2384.39,2382.88,2388.919999999999,2384.39,Long
1713233700,1713235500.0,2382.83,2381.09,2381.09,2375.870000000001,Short
1713237000,1713242100.0,2387.54,2384.38,2397.0199999999995,2387.54,Long
1713242400,1713243000.0,2385.54,2384.0,2384.0,2379.38,Short
1713243600,1713248400.0,2386.17,2383.2,2395.080000000001,2386.17,Long
1713248700,1713264900.0,2386.92,2385.3,2385.3,2380.4400000000005,Short
1713265200,1713265230.0,2370.68,2369.59,2373.949999999999,2370.68,Long
1713265800,1713266700.0,2374.22,2371.71,2371.71,2364.1800000000007,Short
1713267300,1713275400.0,2372.28,2370.61,2377.2900000000004,2372.28,Long
1713277800,1713278100.0,2371.74,2364.76,2364.76,2343.8200000000015,Short
1713278400,1713298200.0,2371.43,2367.71,2382.5899999999992,2371.43,Long
1713298800,1713307800.0,2388.95,2387.7,2387.7,2383.95,Short
1713308700,1713318300.0,2386.37,2384.4,2384.4,2378.4900000000007,Short
1713319500,1713320100.0,2384.98,2383.63,2389.0299999999997,2384.98,Long
1713320400,1713320430.0,2385.61,2383.8,2383.8,2378.3700000000003,Short
1713321900,1713326700.0,2384.62,2383.6,2383.6,2380.54,Short
1713327000,1713327030.0,2382.11,2381.3,2384.54,2382.11,Long
1713329700,1713339600.0,2382.13,2381.17,2381.17,2378.29,Short
1713340800,1713356400.0,2382.99,2381.4,2387.759999999999,2382.99,Long
1713357000,1713360900.0,2385.79,2383.25,2383.25,2375.63,Short
1713362400,1713363300.0,2393.49,2390.64,2390.64,2382.09,Short
1713364800,1713366600.0,2392.64,2390.13,2400.169999999999,2392.64,Long
1713367500,1713386400.0,2387.38,2384.19,2384.19,2374.62,Short
1713387000,1713405000.0,2371.41,2370.9,2370.9,2369.370000000001,Short
1713405600,1713434700.0,2368.0,2366.72,2371.8400000000006,2368.0,Long
1713435300,1713435330.0,2378.76,2377.1,2377.1,2372.119999999999,Short
1713436200,1713438300.0,2381.98,2380.33,2386.9300000000003,2381.98,Long
1713438600,1713438630.0,2382.61,2382.0,2382.0,2380.1699999999996,Short
1713440100,1713447300.0,2384.78,2380.02,2399.060000000001,2384.78,Long
1713449100,1713450000.0,2380.29,2377.19,2389.5899999999997,2380.29,Long
1713453900,1713454500.0,2384.13,2380.61,2394.69,2384.13,Long
1713454800,1713455400.0,2384.73,2382.86,2382.86,2377.2500000000005,Short
1713456300,1713456330.0,2384.76,2382.87,2390.430000000001,2384.76,Long
1713457500,1713460800.0,2383.15,2382.02,2386.5400000000004,2383.15,Long
1713461700,1713462000.0,2385.75,2382.16,2382.16,2371.3899999999994,Short
1713462900,1713463800.0,2385.08,2383.0,2391.3199999999997,2385.08,Long
1713464100,1713464700.0,2382.41,2380.38,2380.38,2374.290000000001,Short
1713465600,1713468000.0,2381.37,2379.98,2385.5399999999995,2381.37,Long
1713469500,1713469800.0,2381.52,2379.49,2379.49,2373.399999999999,Short
1713470400,1713482100.0,2380.29,2378.9,2378.9,2374.7300000000005,Short
1713483000,1713483300.0,2380.8,2379.3,2379.3,2374.8,Short
1713483900,1713488100.0,2381.07,2379.4,2379.4,2374.39,Short
1713488700,1713503400.0,2383.86,2378.11,2401.11,2383.86,Long
1713504600,1713511200.0,2384.14,2382.55,2382.55,2377.780000000001,Short
1713511500,1713512400.0,2389.59,2387.94,2394.5400000000004,2389.59,Long
1713513300,1713516300.0,2389.27,2387.39,2387.39,2381.7499999999995,Short
1713517500,1713517800.0,2385.61,2382.61,2394.61,2385.61,Long
1713519600,1713519630.0,2383.6,2380.25,2380.25,2370.2000000000003,Short
1713520200,1713520230.0,2384.27,2382.4,2389.8799999999997,2384.27,Long
1713521400,1713522000.0,2380.31,2379.6,2379.6,2377.47,Short
1713522300,1713522600.0,2382.64,2380.9,2387.859999999999,2382.64,Long
1713522900,1713522930.0,2382.31,2381.55,2381.55,2379.270000000001,Short
1713523500,1713523800.0,2381.02,2380.29,2383.21,2381.02,Long
1713524400,1713529500.0,2382.81,2380.1,2380.1,2371.97,Short
1713530100,1713530700.0,2383.21,2380.61,2391.0099999999998,2383.21,Long
1713531000,1713533100.0,2384.06,2382.04,2382.04,2375.98,Short
1713534300,1713535200.0,2385.5,2383.67,2383.67,2378.1800000000003,Short
1713535500,1713554100.0,2380.72,2378.97,2385.97,2380.72,Long
1713554400,1713554430.0,2395.23,2394.33,2394.33,2391.6299999999997,Short
1713555300,1713555330.0,2394.2,2392.8,2392.8,2388.6000000000013,Short
1713556800,1713783000.0,2388.12,2386.84,2386.84,2383.000000000001,Short
1713783600,1713819600.0,2358.71,2357.28,2357.28,2352.9900000000007,Short
1713824100,1713825900.0,2331.07,2329.3,2329.3,2323.9900000000002,Short
1713826800,1713827100.0,2330.99,2330.14,2330.14,2327.59,Short
1713827400,1713835500.0,2330.03,2328.86,2333.5400000000004,2330.03,Long
1713836100,1713851700.0,2329.38,2327.38,2327.38,2321.38,Short
1713852600,1713852630.0,2309.63,2305.59,2321.75,2309.63,Long
1713853800,1713855600.0,2307.35,2301.71,2301.71,2284.7900000000004,Short
1713858900,1713861000.0,2310.93,2302.71,2335.5899999999992,2310.93,Long
1713861900,1713868800.0,2305.08,2303.84,2303.84,2300.120000000001,Short
1713869100,1713869700.0,2303.38,2302.29,2306.6500000000005,2303.38,Long
1713870900,1713874500.0,2302.06,2299.8,2299.8,2293.020000000001,Short
1713875700,1713894900.0,2308.93,2305.54,2319.0999999999995,2308.93,Long
1713896400,1713900300.0,2328.57,2327.95,2330.430000000001,2328.57,Long
1713901500,1713901800.0,2322.73,2321.38,2326.7799999999997,2322.73,Long
1713902700,1713927600.0,2323.17,2322.11,2322.11,2318.9300000000003,Short
1713929100,1713943200.0,2326.78,2321.4,2342.9200000000005,2326.78,Long
1713943500,1713962100.0,2324.2,2322.57,2322.57,2317.680000000001,Short
1713962700,1713983100.0,2322.87,2317.91,2337.75,2322.87,Long
1713983400,1714006500.0,2322.78,2321.24,2321.24,2316.6199999999985,Short
1714007400,1714007700.0,2319.3,2317.1,2317.1,2310.499999999999,Short
1714008900,1714014300.0,2318.84,2318.09,2321.09,2318.84,Long
1714016400,1714022100.0,2310.19,2307.6,2307.6,2299.8299999999995,Short
1714023000,1714023900.0,2317.63,2315.6,2315.6,2309.5099999999993,Short
1714025700,1714026600.0,2320.58,2318.07,2318.07,2310.540000000001,Short
1714027800,1714046700.0,2320.61,2319.46,2324.0600000000004,2320.61,Long
1714047300,1714047600.0,2328.98,2326.77,2326.77,2320.14,Short
1714051800,1714054500.0,2318.68,2315.19,2315.19,2304.7200000000007,Short
1714057500,1714059600.0,2335.19,2329.81,2351.3300000000004,2335.19,Long
1714060500,1714061400.0,2330.83,2328.63,2337.4299999999994,2330.83,Long
1714061700,1714062000.0,2332.0,2329.81,2329.81,2323.24,Short
1714063200,1714063500.0,2327.62,2326.49,2331.01,2327.62,Long
1714065300,1714070100.0,2328.97,2326.39,2336.7099999999996,2328.97,Long
1714071600,1714071630.0,2333.01,2332.45,2334.6900000000014,2333.01,Long
1714074000,1714086000.0,2336.16,2334.65,2340.689999999999,2336.16,Long
1714086900,1714095900.0,2332.53,2331.3,2331.3,2327.61,Short
1714096200,1714098900.0,2331.86,2330.2,2336.840000000001,2331.86,Long
1714099800,1714131600.0,2333.32,2331.3,2339.38,2333.32,Long
1714131900,1714134300.0,2345.6,2344.4,2344.4,2340.8000000000006,Short
1714134900,1714135200.0,2348.54,2343.26,2364.379999999999,2348.54,Long
1714135500,1714136100.0,2350.41,2347.81,2347.81,2340.01,Short
1714137600,1714153800.0,2348.79,2346.02,2346.02,2337.71,Short
1714154700,1714156200.0,2338.81,2337.68,2337.68,2334.2899999999995,Short
1714157100,1714162800.0,2340.33,2338.84,2344.7999999999993,2340.33,Long
1714163700,1714338300.0,2338.34,2336.58,2343.620000000001,2338.34,Long
1714344600,1714345500.0,2338.42,2333.7,2333.7,2319.539999999999,Short
1714345800,1714345830.0,2335.79,2335.1,2337.86,2335.79,Long
1714346400,1714365900.0,2335.39,2334.2,2334.2,2330.6299999999997,Short
1714366200,1714370400.0,2332.58,2332.01,2334.289999999999,2332.58,Long
1714370700,1714370730.0,2330.99,2329.59,2329.59,2325.3900000000012,Short
1714371300,1714392000.0,2332.15,2330.16,2338.120000000001,2332.15,Long
1714392300,1714405800.0,2337.36,2336.42,2336.42,2333.6,Short
1714406400,1714415400.0,2338.0,2336.59,2342.2299999999996,2338.0,Long
1714416000,1714416900.0,2339.1,2338.33,2341.41,2339.1,Long
1714417200,1714417500.0,2341.25,2340.27,2340.27,2337.33,Short
1714417800,1714418700.0,2336.6,2333.82,2344.939999999999,2336.6,Long
1714419000,1714437000.0,2335.76,2334.67,2334.67,2331.3999999999996,Short
1714438200,1714521300.0,2334.31,2333.5,2333.5,2331.07,Short
1714522200,1714522230.0,2292.67,2289.83,2301.1900000000005,2292.67,Long
1714523700,1714527300.0,2290.36,2289.37,2289.37,2286.399999999999,Short
1714527600,1714529100.0,2286.78,2286.06,2288.940000000001,2286.78,Long
1714531200,1714544400.0,2288.01,2285.8,2285.8,2279.17,Short
1714545000,1714545900.0,2289.02,2288.51,2290.5499999999993,2289.02,Long
1714546500,1714546530.0,2288.11,2286.85,2286.85,2283.0699999999993,Short
1714548000,1714548030.0,2287.18,2285.4,2285.4,2280.060000000001,Short
1714549200,1714554000.0,2287.07,2285.42,2285.42,2280.47,Short
1714554900,1714554930.0,2288.93,2287.73,2287.73,2284.1300000000006,Short
1714555800,1714584900.0,2287.44,2286.14,2291.3400000000006,2287.44,Long
1714585500,1714586100.0,2301.04,2298.6,2298.6,2291.2799999999997,Short
1714586400,1714586430.0,2299.27,2297.77,2303.77,2299.27,Long
1714588800,1714620600.0,2319.71,2308.39,2353.6700000000005,2319.71,Long
1714620900,1714623000.0,2320.22,2318.89,2318.89,2314.9,Short
1714623300,1714623330.0,2320.78,2320.0,2323.120000000001,2320.78,Long
1714625100,1714626900.0,2320.51,2318.0,2328.040000000001,2320.51,Long
1714627500,1714659300.0,2316.36,2314.22,2314.22,2307.799999999999,Short
1714659900,1714659930.0,2298.94,2292.51,2292.51,2273.2200000000007,Short
1714661700,1714664700.0,2302.45,2297.2,2318.2,2302.45,Long
1714666800,1714666830.0,2301.42,2300.01,2300.01,2295.7800000000007,Short
1714668000,1714668300.0,2302.23,2301.01,2305.8899999999994,2302.23,Long
1714668600,1714668900.0,2303.07,2301.31,2301.31,2296.0299999999993,Short
1714670100,1714677000.0,2302.77,2299.02,2314.02,2302.77,Long
1714679100,1714682100.0,2303.14,2301.62,2307.7,2303.14,Long
1714687200,1714692600.0,2303.37,2303.37,2303.37,2303.37,Long
1714694100,1714698000.0,2303.92,2301.4,2301.4,2293.84,Short
1714699200,1714699230.0,2306.18,2303.1,2303.1,2293.86,Short
1714699800,1714700400.0,2303.75,2302.77,2306.69,2303.75,Long
1714701900,1714710300.0,2302.83,2301.7,2301.7,2298.3099999999995,Short
1714710600,1714716300.0,2302.56,2301.4,2306.0399999999995,2302.56,Long
1714717200,1714718100.0,2305.8,2301.8,2301.8,2289.8,Short
1714718700,1714719000.0,2301.68,2300.55,2305.069999999999,2301.68,Long
1714719300,1714723200.0,2301.5,2299.62,2299.62,2293.9799999999996,Short
1714725600,1714734000.0,2302.52,2298.63,2298.63,2286.9600000000005,Short
1714734300,1714734330.0,2299.32,2298.61,2301.4500000000003,2299.32,Long
1714736100,1714739100.0,2299.7,2297.08,2297.08,2289.2200000000003,Short
1714739700,1714742700.0,2319.52,2295.62,2391.2200000000003,2319.52,Long
1714743000,1714750500.0,2303.3,2300.51,2300.51,2292.1400000000003,Short
1714751100,1714753500.0,2298.69,2297.71,2297.71,2294.77,Short
1714753800,1714754100.0,2298.46,2296.58,2304.1000000000004,2298.46,Long
1714756800,1714757700.0,2299.88,2295.4,2295.4,2281.96,Short
1714760100,1714951500.0,2302.91,2299.7,2312.54,2302.91,Long
1714951800,1714956900.0,2301.56,2300.4,2300.4,2296.9200000000005,Short
1714957200,1714977300.0,2297.26,2295.26,2303.26,2297.26,Long
1714978200,1714978230.0,2313.31,2312.78,2312.78,2311.190000000001,Short
1714979400,1714995300.0,2314.52,2313.24,2318.3600000000006,2314.52,Long
1714995600,1714998600.0,2320.6,2319.0,2319.0,2314.2000000000003,Short
1715001000,1715006100.0,2326.17,2321.77,2339.3700000000003,2326.17,Long
1715006400,1715006430.0,2324.31,2320.63,2320.63,2309.5900000000006,Short
1715007300,1715008500.0,2323.46,2321.15,2330.39,2323.46,Long
1715008800,1715008830.0,2322.51,2320.8,2320.8,2315.67,Short
1715009400,1715013900.0,2322.99,2321.07,2328.7499999999986,2322.99,Long
1715014200,1715014800.0,2324.41,2320.97,2320.97,2310.6499999999996,Short
1715015400,1715015430.0,2324.91,2323.81,2323.81,2320.51,Short
1715016000,1715017800.0,2324.56,2323.2,2323.2,2319.1199999999994,Short
1715018100,1715018130.0,2325.66,2324.1,2330.3399999999997,2325.66,Long
1715018700,1715019900.0,2325.79,2324.63,2324.63,2321.1500000000005,Short
1715020500,1715020530.0,2326.01,2324.91,2324.91,2321.6099999999988,Short
1715021700,1715024700.0,2325.23,2324.23,2328.23,2325.23,Long
1715025000,1715025030.0,2323.97,2323.42,2323.42,2321.770000000001,Short
1715026200,1715026500.0,2325.74,2324.01,2330.9299999999985,2325.74,Long
1715027700,1715045400.0,2324.95,2323.7,2328.7,2324.95,Long
1715046000,1715055000.0,2326.19,2325.0,2325.0,2321.43,Short
1715055900,1715063400.0,2324.19,2323.1,2323.1,2319.8299999999995,Short
1715064300,1715084100.0,2321.14,2320.26,2320.26,2317.6200000000013,Short
1715084400,1715084430.0,2312.71,2311.06,2317.6600000000003,2312.71,Long
1715088000,1715095500.0,2323.36,2316.21,2344.8100000000004,2323.36,Long
1715097000,1715097030.0,2315.77,2313.1,2313.1,2305.0899999999997,Short
1715098200,1715100000.0,2314.16,2312.97,2317.73,2314.16,Long
1715101800,1715108400.0,2313.9,2311.04,2311.04,2302.4599999999996,Short
1715109300,1715111700.0,2315.3,2313.9,2313.9,2309.7,Short
1715112600,1715112900.0,2315.41,2314.39,2318.47,2315.41,Long
1715113800,1715115000.0,2314.04,2312.6,2312.6,2308.2799999999997,Short
1715115300,1715120700.0,2313.84,2312.86,2316.78,2313.84,Long
1715121000,1715122500.0,2316.45,2315.6,2315.6,2313.05,Short
1715123100,1715129400.0,2315.06,2313.6,2319.44,2315.06,Long
1715129700,1715136600.0,2314.6,2313.99,2313.99,2312.1599999999994,Short
1715138100,1715151300.0,2317.96,2312.4,2334.64,2317.96,Long
1715152200,1715164200.0,2314.7,2312.8,2312.8,2307.1000000000013,Short
1715166000,1715175600.0,2316.83,2314.7,2323.2200000000003,2316.83,Long
1715177400,1715178900.0,2312.51,2308.77,2323.730000000001,2312.51,Long
1715179800,1715179830.0,2316.31,2315.05,2320.0899999999992,2316.31,Long
1715181000,1715181300.0,2315.6,2314.76,2314.76,2312.240000000001,Short
1715182200,1715185800.0,2318.2,2315.6,2325.9999999999995,2318.2,Long
1715187300,1715187330.0,2317.45,2315.6,2315.6,2310.05,Short
1715188200,1715192100.0,2316.58,2315.48,2319.8799999999997,2316.58,Long
1715192400,1715214900.0,2313.23,2312.62,2312.62,2310.7899999999995,Short
1715215200,1715216400.0,2309.01,2308.44,2310.7200000000007,2309.01,Long
1715217000,1715220000.0,2310.48,2308.85,2315.3700000000003,2310.48,Long
1715220300,1715222400.0,2310.17,2309.35,2309.35,2306.8899999999994,Short
1715223000,1715239200.0,2310.07,2308.66,2314.300000000001,2310.07,Long
1715240400,1715253600.0,2311.47,2310.26,2310.26,2306.6300000000015,Short
1715254200,1715254230.0,2313.93,2312.51,2312.51,2308.2500000000014,Short
1715254800,1715279100.0,2312.89,2312.17,2315.0499999999993,2312.89,Long
1715280300,1715281800.0,2336.38,2335.91,2337.790000000001,2336.38,Long
1715282700,1715318700.0,2336.12,2334.8,2340.079999999999,2336.12,Long
1715319000,1715319030.0,2356.24,2354.7,2354.7,2350.08,Short
1715319600,1715343300.0,2354.88,2353.84,2358.0,2354.88,Long
1715345100,1715349300.0,2369.74,2366.08,2366.08,2355.1000000000004,Short
1715349600,1715349630.0,2367.58,2365.76,2373.039999999999,2367.58,Long
1715350800,1715359800.0,2368.94,2365.5,2365.5,2355.18,Short
1715361300,1715361900.0,2368.95,2365.8,2378.3999999999987,2368.95,Long
1715362800,1715364300.0,2369.48,2367.65,2374.97,2369.48,Long
1715364900,1715364930.0,2369.59,2368.4,2368.4,2364.83,Short
1715366700,1715369400.0,2369.52,2368.09,2373.8099999999995,2369.52,Long
1715369700,1715370900.0,2363.81,2363.15,2363.15,2361.1700000000005,Short
1715371500,1715371530.0,2364.27,2363.03,2363.03,2359.310000000001,Short
1715372100,1715372130.0,2363.79,2363.1,2365.86,2363.79,Long
1715372700,1715560200.0,2363.34,2362.1,2362.1,2358.379999999999,Short
1715560800,1715561100.0,2363.73,2362.98,2365.98,2363.73,Long
1715561400,1715561430.0,2363.88,2362.8,2362.8,2359.5600000000004,Short
1715562600,1715603700.0,2364.38,2361.0,2361.0,2350.8599999999997,Short
1715604300,1715612100.0,2346.57,2344.67,2352.2700000000004,2346.57,Long
1715613600,1715627400.0,2344.45,2334.9,2334.9,2306.250000000001,Short
1715628900,1715631000.0,2337.67,2335.9,2342.98,2337.67,Long
1715631600,1715632500.0,2337.04,2335.8,2335.8,2332.080000000001,Short
1715632800,1715632830.0,2335.69,2335.23,2337.07,2335.69,Long
1715633700,1715633730.0,2336.49,2334.8,2334.8,2329.7300000000014,Short
1715639400,1715646600.0,2338.25,2336.2,2344.4000000000005,2338.25,Long
1715647800,1715648100.0,2335.55,2334.81,2334.81,2332.5899999999992,Short
1715650200,1715667300.0,2340.94,2337.47,2351.350000000001,2340.94,Long
1715667600,1715676900.0,2342.85,2342.18,2342.18,2340.1699999999996,Short
1715678400,1715693100.0,2348.05,2346.22,2353.5400000000013,2348.05,Long
1715693400,1715693430.0,2349.08,2347.1,2347.1,2341.16,Short
1715696700,1715727900.0,2352.19,2348.16,2364.2800000000007,2352.19,Long
1715728200,1715732100.0,2357.42,2356.4,2356.4,2353.34,Short
1715732400,1715733000.0,2356.4,2355.72,2358.440000000001,2356.4,Long
1715733300,1715733600.0,2356.71,2355.4,2355.4,2351.4700000000003,Short
1715733900,1715733930.0,2355.67,2353.8,2361.2799999999997,2355.67,Long
1715735100,1715736000.0,2356.08,2354.2,2354.2,2348.5599999999995,Short
1715736300,1715736900.0,2356.08,2354.9,2359.6199999999994,2356.08,Long
1715739000,1715739300.0,2357.89,2357.11,2357.11,2354.770000000001,Short
1715741100,1715751300.0,2358.35,2356.0,2365.3999999999996,2358.35,Long
1715753100,1715772600.0,2359.61,2357.1,2367.140000000001,2359.61,Long
1715773200,1715773230.0,2364.4,2362.3,2362.3,2356.0000000000005,Short
1715775600,1715775900.0,2364.22,2361.2,2361.2,2352.14,Short
1715776800,1715777400.0,2376.6,2360.02,2426.3399999999997,2376.6,Long
1715778900,1715783700.0,2375.18,2371.38,2371.38,2359.980000000001,Short
1715784000,1715784030.0,2370.79,2367.03,2382.0699999999993,2370.79,Long
1715784900,1715801100.0,2370.76,2366.94,2382.2200000000007,2370.76,Long
1715801400,1715801430.0,2386.69,2386.08,2386.08,2384.2499999999995,Short
1715802000,1715806500.0,2385.75,2384.01,2390.9699999999993,2385.75,Long
1715810700,1715811000.0,2387.57,2384.7,2396.180000000001,2387.57,Long
1715811600,1715811630.0,2389.24,2386.1,2386.1,2376.6800000000003,Short
1715812500,1715812800.0,2389.03,2388.24,2388.24,2385.8699999999985,Short
1715813400,1715813430.0,2388.44,2387.6,2390.9600000000005,2388.44,Long
1715814300,1715825400.0,2388.97,2388.81,2389.4499999999994,2388.97,Long
1715827200,1715827800.0,2391.55,2388.9,2399.5000000000005,2391.55,Long
1715828100,1715839800.0,2389.99,2388.2,2388.2,2382.83,Short
1715841000,1715843700.0,2388.52,2387.32,2387.32,2383.7200000000007,Short
1715844600,1715844630.0,2389.9,2389.02,2389.02,2386.3799999999997,Short
1715845200,1715847000.0,2389.31,2388.18,2392.7000000000003,2389.31,Long
1715847600,1715877000.0,2388.88,2387.34,2387.34,2382.7200000000003,Short
1715877300,1715877330.0,2381.36,2379.48,2387.0000000000005,2381.36,Long
1715879700,1715887500.0,2381.95,2379.7,2388.7,2381.95,Long
1715888400,1715902500.0,2379.38,2378.71,2378.71,2376.7,Short
1715903700,1715907600.0,2378.9,2377.3,2377.3,2372.5000000000005,Short
1715907900,1715907930.0,2378.65,2377.76,2381.3199999999997,2378.65,Long
1715910000,1715913300.0,2377.27,2376.26,2380.2999999999993,2377.27,Long
1715914500,1715921100.0,2377.34,2373.6,2373.6,2362.379999999999,Short
1715921700,1715940900.0,2378.48,2377.68,2380.8800000000006,2378.48,Long
1715941800,1715972100.0,2383.2,2382.41,2385.5699999999997,2383.2,Long
1715972400,1715972430.0,2417.83,2416.1,2416.1,2410.91,Short
1715974200,1716161700.0,2417.78,2415.37,2425.010000000001,2417.78,Long
1716162000,1716162030.0,2418.46,2416.8,2416.8,2411.8200000000006,Short
1716163200,1716181800.0,2420.3,2418.0,2427.2000000000007,2420.3,Long
1716182100,1716182130.0,2438.79,2436.8,2436.8,2430.830000000001,Short
1716183000,1716197700.0,2440.18,2436.7,2450.62,2440.18,Long
1716198600,1716201300.0,2442.82,2441.0,2441.0,2435.5399999999995,Short
1716201900,1716202500.0,2438.3,2434.92,2448.4400000000005,2438.3,Long
1716203100,1716221700.0,2436.77,2434.43,2434.43,2427.4099999999994,Short
1716222300,1716235200.0,2424.19,2422.48,2429.32,2424.19,Long
1716235500,1716236400.0,2427.7,2426.3,2426.3,2422.1000000000013,Short
1716236700,1716237000.0,2424.83,2423.4,2429.1199999999994,2424.83,Long
1716237600,1716238200.0,2427.11,2423.9,2423.9,2414.27,Short
1716238500,1716242700.0,2425.36,2424.02,2429.3800000000006,2425.36,Long
1716243600,1716252300.0,2427.79,2426.8,2426.8,2423.830000000001,Short
1716254400,1716256200.0,2431.26,2429.07,2437.8300000000004,2431.26,Long
1716257100,1716275700.0,2421.4,2419.26,2419.26,2412.8400000000006,Short
1716276300,1716284100.0,2415.43,2413.26,2421.9399999999987,2415.43,Long
1716284400,1716284430.0,2416.97,2416.05,2416.05,2413.2900000000013,Short
1716285300,1716285600.0,2417.33,2416.12,2420.96,2417.33,Long
1716285900,1716286200.0,2417.71,2416.32,2416.32,2412.1500000000005,Short
1716286500,1716286800.0,2416.53,2415.27,2420.310000000001,2416.53,Long
1716288300,1716306900.0,2417.8,2415.69,2424.1300000000006,2417.8,Long
1716307200,1716321000.0,2423.45,2421.35,2421.35,2415.05,Short
1716321600,1716321900.0,2423.51,2423.14,2423.14,2422.029999999999,Short
1716322800,1716324300.0,2423.11,2421.6,2427.640000000001,2423.11,Long
1716325200,1716329400.0,2420.77,2419.5,2419.5,2415.69,Short
1716330600,1716330630.0,2421.64,2420.2,2420.2,2415.8799999999997,Short
1716332100,1716336300.0,2422.04,2420.8,2425.7599999999993,2422.04,Long
1716336600,1716342000.0,2422.34,2422.16,2422.16,2421.619999999999,Short
1716342300,1716345300.0,2420.37,2419.56,2422.7999999999997,2420.37,Long
1716345600,1716363900.0,2422.68,2422.13,2422.13,2420.480000000001,Short
1716365400,1716365700.0,2417.84,2416.06,2423.1800000000007,2417.84,Long
1716367500,1716373200.0,2415.72,2410.91,2430.1499999999996,2415.72,Long
1716373500,1716373800.0,2417.3,2416.92,2416.92,2415.7799999999997,Short
1716374700,1716420300.0,2415.77,2415.15,2415.15,2413.2900000000004,Short
1716421800,1716426300.0,2382.64,2380.8,2388.159999999999,2382.64,Long
1716426600,1716458100.0,2381.42,2379.7,2379.7,2374.539999999999,Short
1716460200,1716460230.0,2366.54,2365.32,2370.1999999999994,2366.54,Long
1716464400,1716468300.0,2369.0,2367.2,2374.4000000000005,2369.0,Long
1716468600,1716468630.0,2363.38,2362.31,2362.31,2359.0999999999995,Short
1716470100,1716471600.0,2368.07,2360.58,2390.540000000001,2368.07,Long
1716471900,1716513600.0,2366.13,2364.38,2364.38,2359.13,Short
1716513900,1716517200.0,2332.67,2331.41,2336.4500000000007,2332.67,Long
1716517500,1716518400.0,2332.15,2328.97,2328.97,2319.429999999999,Short
1716518700,1716519600.0,2330.6,2328.5,2336.8999999999996,2330.6,Long
1716519900,1716523200.0,2330.92,2329.72,2329.72,2326.119999999999,Short
1716524700,1716544500.0,2333.49,2331.5,2339.459999999999,2333.49,Long
1716545100,1716550200.0,2338.2,2337.04,2341.6799999999994,2338.2,Long
1716550500,1716550530.0,2341.6,2340.45,2340.45,2336.9999999999995,Short
1716551400,1716554400.0,2340.4,2339.33,2343.6100000000006,2340.4,Long
1716555300,1716555330.0,2339.12,2337.88,2337.88,2334.1600000000008,Short
1716557100,1716558600.0,2343.95,2340.63,2353.909999999999,2343.95,Long
1716559200,1716560100.0,2339.34,2336.1,2349.060000000001,2339.34,Long
1716560400,1716580500.0,2339.37,2336.6,2336.6,2328.29,Short
1716580800,1716580830.0,2333.65,2333.37,2334.4900000000007,2333.65,Long
1716581400,1716581700.0,2334.63,2333.97,2336.610000000001,2334.63,Long
1716582000,1716757500.0,2334.07,2333.88,2333.88,2333.31,Short
1716760800,1716792600.0,2333.65,2333.65,2333.65,2333.65,Long
1716794700,1716798000.0,2341.14,2339.82,2339.82,2335.860000000001,Short
1716799200,1716832200.0,2342.84,2342.37,2344.250000000001,2342.84,Long
1716832800,1716859800.0,2354.85,2354.63,2354.63,2353.9700000000007,Short
1716861600,1716863100.0,2356.15,2353.1,2365.3000000000006,2356.15,Long
1716863400,1716863430.0,2354.03,2353.0,2353.0,2349.9099999999994,Short
1716864300,1716866700.0,2352.44,2351.5,2355.26,2352.44,Long
1716867000,1716872100.0,2352.23,2351.1,2351.1,2347.7099999999996,Short
1716873300,1716874500.0,2353.43,2351.0,2360.7199999999993,2353.43,Long
1716875400,1716891900.0,2352.96,2350.6,2350.6,2343.5199999999995,Short
1716892500,1716915900.0,2345.17,2343.8,2349.2799999999997,2345.17,Long
1716917100,1716918600.0,2355.26,2353.72,2353.72,2349.0999999999985,Short
1716918900,1716921000.0,2357.36,2356.69,2359.3700000000003,2357.36,Long
1716921600,1716924000.0,2353.44,2352.84,2355.24,2353.44,Long
1716924600,1716924900.0,2358.09,2357.69,2357.69,2356.49,Short
1716925500,1716927000.0,2359.76,2358.75,2358.75,2355.7199999999993,Short
1716927300,1716927330.0,2358.12,2357.78,2359.139999999999,2358.12,Long
1716928200,1716935700.0,2360.11,2358.7,2364.340000000001,2360.11,Long
1716936000,1716936300.0,2359.56,2358.86,2358.86,2356.7600000000007,Short
1716936900,1716942600.0,2358.72,2357.5,2362.379999999999,2358.72,Long
1716943800,1716944400.0,2358.82,2356.5,2356.5,2349.5399999999995,Short
1716945000,1716949500.0,2359.11,2357.26,2357.26,2351.7100000000005,Short
1716950100,1716957900.0,2360.58,2358.92,2358.92,2353.9400000000005,Short
1716958200,1716958230.0,2357.62,2356.6,2360.68,2357.62,Long
1716959100,1716959400.0,2358.42,2358.09,2359.41,2358.42,Long
1716960600,1716962100.0,2358.72,2356.6,2365.0799999999995,2358.72,Long
1716962400,1716988200.0,2357.93,2356.57,2356.57,2352.490000000001,Short
1716988500,1716989700.0,2344.95,2342.56,2352.1199999999994,2344.95,Long
1716990000,1716990030.0,2346.54,2343.28,2343.28,2333.500000000001,Short
1716990900,1716990930.0,2344.12,2342.36,2349.399999999999,2344.12,Long
1716992100,1716993000.0,2344.98,2342.81,2342.81,2336.2999999999997,Short
1716994800,1717001400.0,2344.71,2341.62,2341.62,2332.3499999999995,Short
1717001700,1717002300.0,2340.87,2339.86,2343.899999999999,2340.87,Long
1717002900,1717004700.0,2340.53,2339.43,2339.43,2336.1299999999987,Short
1717006500,1717011300.0,2343.99,2342.91,2342.91,2339.67,Short
1717011900,1717031100.0,2338.15,2336.61,2336.61,2331.9900000000002,Short
1717034400,1717044000.0,2334.38,2333.09,2333.09,2329.2200000000003,Short
1717044600,1717044630.0,2336.09,2333.6,2343.560000000001,2336.09,Long
1717046100,1717051500.0,2336.85,2334.2,2334.2,2326.2499999999995,Short
1717051800,1717054800.0,2330.7,2328.93,2336.0099999999998,2330.7,Long
1717057200,1717059600.0,2335.16,2331.1,2331.1,2318.92,Short
1717061400,1717070700.0,2337.73,2334.61,2347.0899999999997,2337.73,Long
1717071300,1717090500.0,2336.04,2332.39,2346.9900000000002,2336.04,Long
1717090800,1717099800.0,2344.75,2343.36,2343.36,2339.1900000000005,Short
1717100400,1717100430.0,2341.89,2341.61,2342.729999999999,2341.89,Long
1717101900,1717109100.0,2343.07,2341.6,2341.6,2337.189999999999,Short
1717109400,1717109430.0,2343.96,2342.3,2348.9399999999996,2343.96,Long
1717110600,1717122900.0,2343.79,2342.7,2347.0600000000004,2343.79,Long
1717124400,1717127700.0,2344.65,2341.7,2341.7,2332.849999999999,Short
1717129200,1717137600.0,2345.27,2342.55,2342.55,2334.390000000001,Short
1717139400,1717141500.0,2346.96,2343.0,2358.84,2346.96,Long
1717142100,1717144500.0,2340.99,2340.48,2340.48,2338.9500000000007,Short
1717146000,1717146600.0,2343.77,2341.7,2341.7,2335.4899999999993,Short
1717146900,1717147500.0,2342.49,2340.8,2347.5599999999986,2342.49,Long
1717148100,1717148130.0,2343.65,2342.14,2348.1800000000007,2343.65,Long
1717148700,1717149600.0,2343.26,2342.43,2342.43,2339.9399999999987,Short
1717150200,1717151700.0,2343.2,2341.92,2341.92,2338.080000000001,Short
1717152000,1717152030.0,2342.92,2342.14,2345.2600000000007,2342.92,Long
1717152900,1717153800.0,2343.99,2341.8,2341.8,2335.2300000000014,Short
1717154400,1717155000.0,2344.6,2342.7,2342.7,2336.9999999999995,Short
1717155900,1717164300.0,2344.42,2341.8,2352.2799999999997,2344.42,Long
1717164600,1717367400.0,2346.76,2343.83,2343.83,2335.039999999999,Short
1717368300,1717368600.0,2326.53,2324.5,2324.5,2318.4099999999994,Short
1717368900,1717368930.0,2326.09,2324.5,2330.8600000000006,2326.09,Long
1717369800,1717370100.0,2326.37,2324.5,2331.9799999999996,2326.37,Long
1717371600,1717375500.0,2325.62,2323.9,2330.7799999999993,2325.62,Long
1717377300,1717377900.0,2328.54,2326.0,2336.16,2328.54,Long
1717378800,1717378830.0,2328.5,2327.2,2327.2,2323.2999999999993,Short
1717379700,1717382700.0,2330.7,2328.42,2337.539999999999,2330.7,Long
1717383600,1717384500.0,2326.56,2325.53,2329.649999999999,2326.56,Long
1717385700,1717398600.0,2324.14,2322.9,2322.9,2319.1800000000007,Short
1717398900,1717398930.0,2325.41,2324.11,2329.309999999999,2325.41,Long
1717400400,1717400430.0,2325.01,2323.1,2330.740000000001,2325.01,Long
1717401900,1717416600.0,2325.72,2325.24,2327.16,2325.72,Long
1717417200,1717452000.0,2326.56,2325.78,2328.899999999999,2326.56,Long
1717455900,1717463100.0,2351.12,2349.2,2356.88,2351.12,Long
1717464000,1717478100.0,2348.55,2347.1,2347.1,2342.749999999999,Short
1717478400,1717478430.0,2348.97,2348.1,2351.5799999999995,2348.97,Long
1717480200,1717483500.0,2348.9,2347.4,2353.4,2348.9,Long
1717484700,1717505400.0,2344.48,2343.45,2343.45,2340.359999999999,Short
1717506300,1717506330.0,2336.51,2334.16,2334.16,2327.1099999999988,Short
1717507800,1717508100.0,2337.77,2336.02,2343.02,2337.77,Long
1717508400,1717515000.0,2333.47,2330.5,2330.5,2321.5900000000006,Short
1717515900,1717516500.0,2328.26,2326.08,2326.08,2319.539999999999,Short
1717516800,1717516830.0,2326.67,2325.74,2329.460000000001,2326.67,Long
1717518000,1717523400.0,2324.96,2323.96,2323.96,2320.96,Short
1717524300,1717524330.0,2329.54,2328.0,2334.16,2329.54,Long
1717526100,1717530000.0,2328.41,2326.7,2333.54,2328.41,Long
1717530600,1717530630.0,2326.7,2326.29,2326.29,2325.0600000000004,Short
1717531200,1717531500.0,2327.69,2327.04,2329.6400000000003,2327.69,Long
1717533000,1717540200.0,2326.64,2325.5,2330.0599999999995,2326.64,Long
1717542000,1717542300.0,2327.79,2327.38,2327.38,2326.1500000000005,Short
1717544100,1717548900.0,2328.06,2326.7,2332.1400000000003,2328.06,Long
1717549200,1717550100.0,2328.46,2327.2,2327.2,2323.419999999999,Short
1717550400,1717567800.0,2327.28,2326.64,2329.200000000001,2327.28,Long
1717569300,1717569330.0,2331.92,2329.21,2329.21,2321.08,Short
1717571100,1717582800.0,2333.55,2331.83,2331.83,2326.669999999999,Short
1717583400,1717585500.0,2331.75,2331.08,2333.76,2331.75,Long
1717586100,1717616400.0,2333.67,2332.7,2336.580000000001,2333.67,Long
1717617600,1717617900.0,2354.06,2352.2,2359.6400000000003,2354.06,Long
1717619400,1717619430.0,2353.41,2352.3,2352.3,2348.970000000001,Short
1717620900,1717626300.0,2354.91,2354.1,2357.3399999999997,2354.91,Long
1717627200,1717630200.0,2355.61,2354.3,2359.54,2355.61,Long
1717631700,1717632900.0,2355.31,2354.92,2354.92,2353.7500000000005,Short
1717633200,1717633230.0,2355.15,2354.76,2356.3199999999997,2355.15,Long
1717635600,1717652100.0,2355.93,2355.06,2358.5399999999995,2355.93,Long
1717652700,1717676700.0,2369.34,2366.5,2366.5,2357.9799999999996,Short
1717677600,1717680300.0,2363.11,2357.69,2357.69,2341.43,Short
1717680600,1717702200.0,2360.84,2358.57,2367.65,2360.84,Long
1717703100,1717705200.0,2373.38,2372.79,2372.79,2371.0199999999995,Short
1717705800,1717705830.0,2373.59,2372.39,2377.190000000001,2373.59,Long
1717711200,1717723200.0,2375.81,2374.8,2378.8399999999992,2375.81,Long
1717723500,1717728300.0,2374.73,2373.55,2373.55,2370.0100000000007,Short
1717729500,1717729800.0,2377.94,2375.0,2375.0,2366.18,Short
1717731300,1717743000.0,2377.98,2377.31,2379.9900000000002,2377.98,Long
1717743600,1717743630.0,2376.45,2373.94,2373.94,2366.4100000000008,Short
1717745100,1717978800.0,2377.84,2376.66,2376.66,2373.119999999999,Short
1717979100,1717987500.0,2295.52,2293.5,2301.58,2295.52,Long
1717988100,1717988130.0,2296.84,2295.5,2300.8600000000006,2296.84,Long
1717988700,1717989000.0,2296.36,2295.16,2299.960000000001,2296.36,Long
1717989600,1717993200.0,2297.58,2294.96,2294.96,2287.1000000000004,Short
1717993800,1717993830.0,2295.53,2294.09,2299.8500000000004,2295.53,Long
1717994400,1717996500.0,2295.4,2294.45,2294.45,2291.599999999999,Short
1717998000,1717998300.0,2296.51,2294.6,2302.240000000001,2296.51,Long
1717998900,1718004000.0,2296.91,2296.0,2296.0,2293.2700000000004,Short
1718004300,1718004600.0,2294.88,2293.09,2300.25,2294.88,Long
1718004900,1718005500.0,2295.36,2294.48,2294.48,2291.8399999999997,Short
1718005800,1718007600.0,2295.17,2294.37,2297.5700000000006,2295.17,Long
1718007900,1718008200.0,2296.45,2296.04,2296.04,2294.8100000000004,Short
1718008500,1718009100.0,2295.68,2295.02,2297.6599999999994,2295.68,Long
1718010300,1718010600.0,2293.34,2291.95,2291.95,2287.779999999999,Short
1718010900,1718012400.0,2294.12,2292.83,2297.99,2294.12,Long
1718013900,1718049900.0,2296.65,2294.6,2302.8000000000006,2296.65,Long
1718050200,1718050230.0,2309.46,2308.95,2308.95,2307.419999999999,Short
1718051700,1718058000.0,2309.96,2308.6,2308.6,2304.5199999999995,Short
1718058600,1718058630.0,2311.56,2310.2,2315.6400000000003,2311.56,Long
1718059200,1718059230.0,2310.8,2309.7,2314.1000000000013,2310.8,Long
1718060700,1718067000.0,2310.8,2308.4,2308.4,2301.2,Short
1718067600,1718068500.0,2311.79,2310.65,2310.65,2307.2300000000005,Short
1718068800,1718068830.0,2307.81,2305.78,2313.899999999999,2307.81,Long
1718069400,1718086200.0,2309.26,2308.57,2308.57,2306.5,Short
1718086500,1718087400.0,2301.27,2300.45,2303.7300000000005,2301.27,Long
1718087700,1718087730.0,2303.71,2302.4,2302.4,2298.4700000000003,Short
1718089200,1718122200.0,2302.29,2301.6,2304.36,2302.29,Long
1718123100,1718127600.0,2309.13,2307.33,2307.33,2301.9299999999994,Short
1718127900,1718127930.0,2311.75,2310.86,2314.4199999999996,2311.75,Long
1718129400,1718129700.0,2313.16,2312.36,2312.36,2309.960000000001,Short
1718130300,1718130330.0,2314.49,2313.12,2318.5999999999995,2314.49,Long
1718130900,1718132700.0,2315.29,2314.4,2314.4,2311.7300000000005,Short
1718133000,1718133030.0,2314.25,2314.08,2314.76,2314.25,Long
1718133900,1718148600.0,2314.23,2313.59,2316.1499999999996,2314.23,Long
1718150100,1718153100.0,2314.77,2313.3,2319.1799999999994,2314.77,Long
1718155800,1718162100.0,2314.69,2310.97,2310.97,2299.809999999999,Short
1718162700,1718163000.0,2315.78,2314.16,2320.6400000000012,2315.78,Long
1718165400,1718169000.0,2314.25,2313.86,2313.86,2312.6900000000005,Short
1718170500,1718171700.0,2313.84,2312.0,2319.3600000000006,2313.84,Long
1718172900,1718176200.0,2315.3,2313.3,2321.3,2315.3,Long
1718176800,1718178900.0,2314.9,2313.53,2313.53,2309.4200000000005,Short
1718180100,1718180400.0,2315.49,2313.96,2320.079999999999,2315.49,Long
1718180700,1718182500.0,2314.58,2313.91,2313.91,2311.8999999999996,Short
1718183700,1718184900.0,2315.28,2313.76,2319.84,2315.28,Long
1718186400,1718186430.0,2314.38,2312.47,2320.110000000001,2314.38,Long
1718187600,1718191200.0,2313.58,2312.58,2312.58,2309.58,Short
1718192100,1718193300.0,2314.61,2312.38,2321.3,2314.61,Long
1718193900,1718194500.0,2313.16,2311.9,2311.9,2308.120000000001,Short
1718195400,1718212500.0,2315.02,2313.31,2320.15,2315.02,Long
1718212800,1718214000.0,2338.6,2337.54,2337.54,2334.36,Short
1718214300,1718215200.0,2334.29,2333.36,2337.0799999999995,2334.29,Long
1718215500,1718215530.0,2333.24,2326.6,2326.6,2306.6800000000003,Short
1718217600,1718217630.0,2332.24,2326.81,2348.5299999999993,2332.24,Long
1718219100,1718238000.0,2324.23,2321.5,2321.5,2313.31,Short
1718239800,1718240100.0,2319.7,2318.69,2322.729999999999,2319.7,Long
1718240400,1718257200.0,2320.96,2319.8,2319.8,2316.3200000000006,Short
1718257500,1718257530.0,2310.97,2310.17,2313.369999999999,2310.97,Long
1718258400,1718258700.0,2312.15,2310.99,2315.630000000001,2312.15,Long
1718259000,1718260800.0,2314.21,2312.11,2312.11,2305.8100000000004,Short
1718261100,1718261700.0,2314.07,2312.68,2318.240000000001,2314.07,Long
1718262900,1718276400.0,2314.9,2313.4,2319.4,2314.9,Long
1718277300,1718281500.0,2313.66,2312.37,2312.37,2308.5,Short
1718281800,1718284500.0,2307.09,2305.79,2310.9900000000007,2307.09,Long
1718284800,1718284830.0,2319.84,2317.39,2317.39,2310.039999999999,Short
1718286000,1718286300.0,2323.4,2321.76,2328.3199999999997,2323.4,Long
1718287500,1718308200.0,2320.07,2308.21,2308.21,2272.6299999999997,Short
1718308800,1718317200.0,2303.65,2302.8,2306.2,2303.65,Long
1718318100,1718321400.0,2303.5,2302.3,2307.0999999999995,2303.5,Long
1718321700,1718321730.0,2302.24,2301.86,2301.86,2300.720000000001,Short
1718322600,1718322900.0,2302.36,2301.0,2301.0,2296.9199999999996,Short
1718324100,1718324130.0,2303.46,2301.5,2301.5,2295.62,Short
1718325300,1718328000.0,2304.19,2303.6,2305.9600000000005,2304.19,Long
1718329800,1718376600.0,2304.67,2303.0,2309.6800000000003,2304.67,Long
1718377800,1718378400.0,2329.7,2326.8,2338.3999999999987,2329.7,Long
1718378700,1718382300.0,2330.94,2328.88,2328.88,2322.7000000000003,Short
1718382600,1718382630.0,2329.57,2328.4,2333.0800000000004,2329.57,Long
1718383200,1718383800.0,2331.57,2330.37,2335.170000000001,2331.57,Long
1718384400,1718384430.0,2329.33,2328.83,2328.83,2327.33,Short
1718385600,1718388600.0,2331.82,2330.34,2336.26,2331.82,Long
1718388900,1718388930.0,2333.87,2333.35,2333.35,2331.79,Short
1718390700,1718575200.0,2333.9,2332.9,2336.9,2333.9,Long
1718576700,1718598600.0,2331.06,2329.5,2329.5,2324.82,Short
1718598900,1718598930.0,2324.92,2324.13,2327.29,2324.92,Long
1718600100,1718615100.0,2324.51,2322.92,2322.92,2318.1499999999996,Short
1718615400,1718615700.0,2321.91,2319.8,2328.239999999999,2321.91,Long
1718616300,1718616900.0,2321.99,2321.48,2321.48,2319.9500000000007,Short
1718617200,1718617500.0,2320.7,2319.3,2324.8999999999987,2320.7,Long
1718617800,1718618100.0,2320.84,2320.08,2320.08,2317.7999999999993,Short
1718618400,1718624400.0,2320.02,2319.19,2322.5099999999998,2320.02,Long
1718624700,1718624730.0,2320.21,2318.4,2318.4,2312.9700000000003,Short
1718627100,1718627700.0,2320.09,2317.5,2317.5,2309.7299999999996,Short
1718629200,1718629230.0,2320.99,2318.33,2318.33,2310.3500000000004,Short
1718630400,1718631300.0,2325.86,2322.22,2336.780000000001,2325.86,Long
1718631600,1718631630.0,2324.08,2322.79,2322.79,2318.92,Short
1718632200,1718632500.0,2321.0,2319.04,2326.88,2321.0,Long
1718632800,1718632830.0,2321.34,2320.37,2320.37,2317.459999999999,Short
1718633700,1718637600.0,2320.38,2319.61,2322.69,2320.38,Long
1718639400,1718652600.0,2312.93,2310.29,2310.29,2302.3700000000003,Short
1718653500,1718673300.0,2320.19,2319.55,2322.1099999999997,2320.19,Long
1718675700,1718685300.0,2322.84,2319.3,2333.46,2322.84,Long
1718685900,1718688300.0,2324.03,2321.6,2321.6,2314.309999999999,Short
1718689200,1718689230.0,2323.38,2320.75,2320.75,2312.8599999999997,Short
1718690100,1718712600.0,2321.92,2320.79,2320.79,2317.3999999999996,Short
1718713800,1718739900.0,2312.63,2311.61,2315.69,2312.63,Long
1718740500,1718742600.0,2330.26,2329.26,2333.26,2330.26,Long
1718743500,1718743530.0,2329.34,2328.84,2328.84,2327.34,Short
1718744400,1718748600.0,2329.0,2328.74,2328.74,2327.959999999999,Short
1718749200,1718749230.0,2329.13,2328.0,2332.5200000000004,2329.13,Long
1718749800,1718751600.0,2329.08,2327.6,2327.6,2323.16,Short
1718752500,1718752800.0,2329.09,2328.3,2331.46,2329.09,Long
1718755500,1718758200.0,2329.36,2327.99,2327.99,2323.8799999999987,Short
1718759100,1718760900.0,2329.64,2328.75,2328.75,2326.0800000000004,Short
1718761200,1718767800.0,2329.01,2328.55,2330.3900000000003,2329.01,Long
1718768700,1718771700.0,2328.32,2328.1,2328.1,2327.439999999999,Short
1718772900,1718773800.0,2328.33,2327.2,2327.2,2323.8099999999995,Short
1718774100,1718775000.0,2328.01,2326.9,2331.3400000000006,2328.01,Long
1718775900,1718776200.0,2327.97,2327.43,2329.5899999999997,2327.97,Long
1718779500,1718780100.0,2329.42,2327.6,2327.6,2322.1399999999994,Short
1718780700,1718781000.0,2331.11,2330.27,2330.27,2327.7499999999995,Short
1718781300,1718781330.0,2330.44,2329.88,2332.12,2330.44,Long
1718782500,1718789400.0,2331.53,2330.1,2335.820000000001,2331.53,Long
1718790900,1718792100.0,2329.17,2328.48,2328.48,2326.41,Short
1718793300,1718793330.0,2329.32,2328.47,2331.8700000000013,2329.32,Long
1718794500,1718798100.0,2328.86,2327.48,2327.48,2323.3399999999997,Short
1718799600,1718802900.0,2330.28,2328.5,2328.5,2323.1599999999994,Short
1718804100,1718804130.0,2329.73,2329.16,2329.16,2327.4499999999994,Short
1718805000,1718805030.0,2329.67,2328.82,2332.22,2329.67,Long
1718805600,1718810100.0,2329.43,2327.91,2327.91,2323.35,Short
1718811300,1718811900.0,2326.96,2325.52,2325.52,2321.2,Short
1718812200,1718812230.0,2328.39,2327.78,2330.219999999999,2328.39,Long
1718812800,1718812830.0,2329.7,2328.61,2328.61,2325.340000000001,Short
1718813400,1718813700.0,2330.6,2330.08,2330.08,2328.52,Short
1718814000,1718819100.0,2330.91,2330.45,2332.29,2330.91,Long
1718819400,1718819430.0,2330.76,2330.12,2330.12,2328.199999999999,Short
1718820300,1718838900.0,2329.8,2329.35,2331.150000000001,2329.8,Long
1718840100,1718844900.0,2329.31,2328.2,2328.2,2324.8699999999994,Short
1718846100,1718871000.0,2334.36,2332.34,2340.42,2334.36,Long
1718871600,1718884800.0,2334.7,2333.11,2333.11,2328.340000000001,Short
1718885400,1718909100.0,2340.35,2338.54,2345.7799999999997,2340.35,Long
1718909400,1718911200.0,2359.38,2358.87,2358.87,2357.3399999999992,Short
1718912100,1718925600.0,2359.05,2358.28,2361.36,2359.05,Long
1718925900,1718926500.0,2360.68,2359.98,2359.98,2357.8800000000006,Short
1718927100,1718933100.0,2360.06,2359.48,2361.7999999999997,2360.06,Long
1718933400,1718933430.0,2361.07,2360.33,2360.33,2358.109999999999,Short
1718934000,1718937300.0,2359.07,2357.79,2362.9100000000008,2359.07,Long
1718937600,1718937900.0,2360.67,2359.7,2359.7,2356.789999999999,Short
1718939400,1718939700.0,2359.53,2358.2,2358.2,2354.2099999999987,Short
1718941500,1718943300.0,2361.13,2359.6,2365.7200000000007,2361.13,Long
1718945400,1718946600.0,2362.47,2360.4,2360.4,2354.190000000001,Short
1718947200,1718950500.0,2363.09,2362.1,2366.060000000001,2363.09,Long
1718952000,1718952300.0,2360.51,2359.65,2359.65,2357.0699999999997,Short
1718952900,1718955600.0,2358.92,2357.7,2357.7,2354.039999999999,Short
1718957700,1718962800.0,2365.02,2359.61,2381.2499999999995,2365.02,Long
1718963100,1718965200.0,2363.97,2362.6,2362.6,2358.4900000000002,Short
1718966700,1718972700.0,2362.81,2361.5,2366.74,2362.81,Long
1718973300,1719180900.0,2365.17,2363.11,2363.11,2356.9300000000003,Short
1719181500,1719184500.0,2321.3,2319.5,2326.7000000000007,2321.3,Long
1719186300,1719190800.0,2320.63,2318.2,2318.2,2310.909999999999,Short
1719191100,1719195000.0,2321.81,2319.14,2329.82,2321.81,Long
1719195900,1719207000.0,2320.85,2319.4,2325.1999999999994,2320.85,Long
1719207300,1719207600.0,2326.76,2325.69,2325.69,2322.4799999999996,Short
1719207900,1719207930.0,2324.19,2323.76,2325.4799999999996,2324.19,Long
1719209100,1719211200.0,2324.82,2323.24,2329.5600000000013,2324.82,Long
1719212100,1719213300.0,2323.16,2322.23,2322.23,2319.4400000000005,Short
1719214200,1719221100.0,2327.63,2324.1,2338.2200000000007,2327.63,Long
1719222000,1719222600.0,2325.5,2323.6,2331.2000000000003,2325.5,Long
1719224100,1719228900.0,2326.7,2324.65,2332.849999999999,2326.7,Long
1719229800,1719234600.0,2327.96,2325.53,2325.53,2318.2400000000007,Short
1719235500,1719244200.0,2327.59,2326.5,2330.8600000000006,2327.59,Long
1719244800,1719250800.0,2328.67,2327.58,2331.9400000000005,2328.67,Long
1719251100,1719251130.0,2333.07,2331.5,2331.5,2326.7899999999995,Short
1719252300,1719256200.0,2332.88,2332.08,2335.2800000000007,2332.88,Long
1719256500,1719256800.0,2333.25,2332.4,2332.4,2329.8500000000004,Short
1719257400,1719268500.0,2332.2,2331.73,2333.609999999999,2332.2,Long
1719269700,1719269730.0,2332.35,2332.02,2333.3399999999997,2332.35,Long
1719270600,1719293100.0,2331.37,2330.5,2330.5,2327.8900000000003,Short
1719294600,1719294630.0,2326.43,2325.23,2325.23,2321.6300000000006,Short
1719295200,1719298200.0,2325.1,2324.46,2324.46,2322.5400000000004,Short
1719301200,1719302400.0,2327.56,2325.34,2325.34,2318.6800000000007,Short
1719303300,1719303330.0,2326.79,2325.38,2325.38,2321.1500000000005,Short
1719304200,1719304230.0,2326.29,2325.19,2325.19,2321.8900000000003,Short
1719305400,1719319200.0,2328.51,2325.73,2336.850000000001,2328.51,Long
1719319800,1719344100.0,2327.34,2324.97,2324.97,2317.8599999999988,Short
1719345300,1719347400.0,2319.57,2318.4,2318.4,2314.89,Short
1719347700,1719348000.0,2318.33,2317.93,2319.53,2318.33,Long
1719348300,1719348330.0,2319.32,2318.94,2318.94,2317.7999999999997,Short
1719349200,1719354900.0,2319.35,2318.0,2323.3999999999996,2319.35,Long
1719355200,1719355500.0,2320.47,2319.82,2319.82,2317.8700000000013,Short
1719355800,1719359700.0,2319.15,2318.81,2320.1700000000005,2319.15,Long
1719360000,1719360600.0,2320.52,2319.66,2319.66,2317.0799999999995,Short
1719360900,1719361500.0,2319.09,2318.61,2320.53,2319.09,Long
1719362400,1719363900.0,2319.39,2317.9,2317.9,2313.4300000000007,Short
1719364200,1719365400.0,2318.73,2317.73,2321.73,2318.73,Long
1719366300,1719368100.0,2314.83,2310.81,2310.81,2298.75,Short
1719369600,1719370500.0,2321.25,2319.21,2327.37,2321.25,Long
1719370800,1719372000.0,2319.88,2318.0,2318.0,2312.3599999999997,Short
1719373200,1719390000.0,2320.5,2318.71,2318.71,2313.34,Short
1719390300,1719390330.0,2315.44,2313.55,2321.1099999999997,2315.44,Long
1719393300,1719393330.0,2317.11,2316.36,2319.36,2317.11,Long
1719395400,1719396900.0,2317.97,2315.5,2325.379999999999,2317.97,Long
1719398100,1719402900.0,2309.7,2308.32,2308.32,2304.180000000001,Short
1719403200,1719403230.0,2313.73,2312.0,2318.92,2313.73,Long
1719403800,1719405300.0,2315.88,2313.46,2323.1400000000003,2315.88,Long
1719405900,1719422700.0,2316.69,2314.4,2314.4,2307.53,Short
1719423900,1719425100.0,2302.69,2301.28,2306.9199999999996,2302.69,Long
1719425400,1719425430.0,2301.45,2301.09,2301.09,2300.010000000001,Short
1719426600,1719428100.0,2300.62,2299.5,2303.9799999999996,2300.62,Long
1719428400,1719428430.0,2299.08,2297.9,2297.9,2294.3600000000006,Short
1719429900,1719446700.0,2298.14,2296.8,2296.8,2292.780000000001,Short
1719447600,1719448800.0,2298.94,2297.7,2302.6600000000008,2298.94,Long
1719450300,1719452100.0,2299.45,2298.39,2302.6299999999997,2299.45,Long
1719452400,1719452700.0,2298.75,2297.98,2297.98,2295.67,Short
1719453000,1719453030.0,2297.54,2296.78,2299.8199999999993,2297.54,Long
1719454500,1719454530.0,2298.89,2297.15,2304.109999999999,2298.89,Long
1719457800,1719462300.0,2299.9,2297.8,2306.2,2299.9,Long
1719462900,1719465300.0,2300.01,2299.59,2301.2700000000004,2300.01,Long
1719466200,1719466800.0,2298.48,2298.06,2299.7400000000002,2298.48,Long
1719468000,1719511500.0,2298.53,2296.3,2305.2200000000003,2298.53,Long
1719512700,1719512730.0,2324.59,2322.6,2322.6,2316.629999999999,Short
1719516900,1719517200.0,2327.09,2325.5,2331.8600000000006,2327.09,Long
1719517500,1719519600.0,2326.79,2326.35,2326.35,2325.0299999999997,Short
1719519900,1719526200.0,2326.71,2326.16,2328.3600000000006,2326.71,Long
1719527700,1719528000.0,2326.41,2326.19,2326.19,2325.5300000000007,Short
1719528600,1719533400.0,2326.92,2325.6,2330.8800000000006,2326.92,Long
1719533700,1719550800.0,2327.54,2325.8,2325.8,2320.580000000001,Short
1719551400,1719581100.0,2321.99,2321.14,2324.5399999999995,2321.99,Long
1719581400,1719581430.0,2333.92,2331.62,2331.62,2324.7199999999993,Short
1719582300,1719582900.0,2331.29,2329.19,2337.5899999999997,2331.29,Long
1719583200,1719583230.0,2330.77,2328.15,2328.15,2320.2900000000004,Short
1719583800,1719584100.0,2331.78,2329.38,2338.9800000000005,2331.78,Long
1719585300,1719596100.0,2330.92,2327.52,2327.52,2317.3199999999997,Short
1719597900,1719600000.0,2328.27,2326.3,2326.3,2320.390000000001,Short
1719600900,1719600930.0,2326.23,2325.66,2327.9400000000005,2326.23,Long
1719602100,1719793500.0,2326.14,2324.11,2324.11,2318.020000000001,Short
1719796500,1719799200.0,2326.17,2323.11,2335.35,2326.17,Long
1719799500,1719799530.0,2327.64,2326.72,2326.72,2323.9599999999996,Short
1719800700,1719804600.0,2326.74,2326.15,2328.509999999999,2326.74,Long
1719805500,1719806400.0,2326.06,2323.8,2323.8,2317.020000000001,Short
1719807600,1719807900.0,2325.93,2324.9,2329.019999999999,2325.93,Long
1719808200,1719814800.0,2324.92,2323.4,2323.4,2318.84,Short
1719815100,1719816600.0,2326.01,2324.8,2329.6400000000003,2326.01,Long
1719817800,1719819600.0,2326.73,2324.82,2324.82,2319.0900000000006,Short
1719820800,1719822300.0,2325.82,2323.72,2323.72,2317.4199999999987,Short
1719823200,1719839400.0,2324.97,2322.7,2331.7799999999997,2324.97,Long
1719840000,1719840600.0,2329.08,2326.73,2326.73,2319.6800000000003,Short
1719840900,1719841800.0,2328.0,2325.93,2334.2100000000005,2328.0,Long
1719842100,1719842130.0,2334.05,2331.61,2331.61,2324.29,Short
1719843300,1719853200.0,2331.08,2327.46,2327.46,2316.6000000000004,Short
1719854700,1719855600.0,2327.81,2326.5,2331.74,2327.81,Long
1719856200,1719856800.0,2329.65,2328.2,2328.2,2323.849999999999,Short
1719857400,1719858000.0,2328.34,2327.78,2327.78,2326.1000000000004,Short
1719858600,1719882300.0,2327.31,2326.92,2328.4799999999996,2327.31,Long
1719883200,1719883500.0,2332.29,2331.2,2331.2,2327.9299999999994,Short
1719885600,1719889200.0,2333.96,2331.6,2341.0400000000004,2333.96,Long
1719890700,1719906300.0,2329.9,2328.5,2328.5,2324.2999999999997,Short
1719906900,1719912900.0,2328.74,2327.25,2333.209999999999,2328.74,Long
1719914400,1719927000.0,2325.19,2323.8,2323.8,2319.6300000000006,Short
1719927600,1719931200.0,2331.43,2329.19,2338.149999999999,2331.43,Long
1719932100,1719937800.0,2325.05,2323.49,2329.7300000000014,2325.05,Long
1719938100,1719938130.0,2324.31,2323.23,2323.23,2319.9900000000002,Short
1719938700,1719944400.0,2322.56,2321.82,2321.82,2319.600000000001,Short
1719945000,1719945300.0,2327.37,2326.49,2330.01,2327.37,Long
1719945600,1719945630.0,2326.32,2326.05,2326.05,2325.2400000000002,Short
1719946200,1719947700.0,2327.33,2326.21,2330.6899999999996,2327.33,Long
1719948600,1719967800.0,2329.88,2328.2,2334.920000000001,2329.88,Long
1719969000,1719969900.0,2331.39,2330.42,2334.2999999999993,2331.39,Long
1719970200,1719971700.0,2330.3,2329.0,2329.0,2325.0999999999995,Short
1719972300,1719972330.0,2329.81,2328.76,2332.959999999999,2329.81,Long
1719973200,1719977700.0,2329.76,2328.3,2328.3,2323.92,Short
1719978000,1720028700.0,2330.05,2329.32,2332.2400000000002,2330.05,Long
1720029000,1720029300.0,2357.89,2356.1,2356.1,2350.73,Short
1720030500,1720040100.0,2357.08,2356.42,2356.42,2354.4400000000005,Short
1720044900,1720044930.0,2357.16,2354.9,2363.939999999999,2357.16,Long
1720046100,1720046700.0,2356.88,2355.4,2355.4,2350.96,Short
1720047000,1720064700.0,2357.72,2357.5,2358.379999999999,2357.72,Long
1720065600,1720065630.0,2358.22,2357.58,2360.1399999999994,2358.22,Long
1720067400,1720068900.0,2358.54,2356.6,2364.36,2358.54,Long
1720069500,1720080000.0,2359.32,2358.09,2358.09,2354.4,Short
1720080300,1720080330.0,2357.81,2356.93,2360.4500000000003,2357.81,Long
1720080900,1720082700.0,2358.72,2357.1,2357.1,2352.2400000000002,Short
1720083600,1720084800.0,2359.34,2357.8,2357.8,2353.1800000000003,Short
1720085100,1720087200.0,2356.86,2355.7,2360.340000000001,2356.86,Long
1720088100,1720095900.0,2357.27,2356.0,2361.08,2357.27,Long
1720096200,1720096230.0,2358.25,2357.56,2357.56,2355.49,Short
1720098000,1720098300.0,2357.7,2357.41,2357.41,2356.54,Short
1720098600,1720104300.0,2358.4,2357.49,2361.130000000001,2358.4,Long
1720106700,1720107300.0,2358.57,2355.57,2367.57,2358.57,Long
1720108500,1720108530.0,2358.81,2356.98,2356.98,2351.4900000000002,Short
1720109100,1720111800.0,2358.14,2357.84,2357.84,2356.940000000001,Short
1720112100,1720112400.0,2357.51,2356.4,2360.8400000000006,2357.51,Long
1720113000,1720139100.0,2357.63,2357.43,2357.43,2356.829999999999,Short
1720139400,1720172700.0,2357.03,2356.54,2358.500000000001,2357.03,Long
1720173600,1720175400.0,2365.13,2362.24,2362.24,2353.569999999999,Short
1720176900,1720178100.0,2364.69,2363.75,2367.51,2364.69,Long
1720179300,1720179330.0,2365.13,2363.99,2363.99,2360.569999999999,Short
1720180200,1720180500.0,2364.27,2362.28,2362.28,2356.310000000001,Short
1720181400,1720181700.0,2367.49,2366.28,2371.1199999999985,2367.49,Long
1720182000,1720182030.0,2368.14,2366.2,2366.2,2360.3799999999997,Short
1720184700,1720390500.0,2374.42,2366.81,2397.2500000000005,2374.42,Long
1720391100,1720391700.0,2388.34,2387.1,2387.1,2383.379999999999,Short
1720396500,1720400700.0,2386.78,2384.5,2384.5,2377.6599999999994,Short
1720401600,1720401630.0,2390.58,2389.15,2389.15,2384.8600000000006,Short
1720403700,1720442400.0,2386.38,2384.36,2384.36,2378.3,Short
1720442700,1720446000.0,2372.91,2370.53,2380.049999999999,2372.91,Long
1720446300,1720446330.0,2373.92,2372.3,2372.3,2367.4400000000005,Short
1720446900,1720450500.0,2372.44,2370.67,2377.75,2372.44,Long
1720452300,1720468200.0,2374.51,2371.79,2371.79,2363.629999999999,Short
1720468500,1720478400.0,2359.69,2359.17,2361.25,2359.69,Long
1720479000,1720506900.0,2359.22,2359.07,2359.6699999999987,2359.22,Long
1720508400,1720526700.0,2364.31,2362.2,2362.2,2355.8699999999994,Short
1720527000,1720527300.0,2360.92,2359.7,2364.580000000001,2360.92,Long
1720527600,1720529700.0,2360.77,2359.61,2359.61,2356.1300000000006,Short
1720530600,1720533600.0,2364.0,2360.18,2375.4600000000005,2364.0,Long
1720536600,1720539900.0,2364.93,2359.23,2359.23,2342.1300000000006,Short
1720540500,1720541700.0,2358.88,2356.6,2365.7200000000007,2358.88,Long
1720542600,1720542900.0,2361.11,2359.54,2365.8200000000006,2361.11,Long
1720543800,1720543830.0,2357.93,2356.73,2361.5299999999993,2357.93,Long
1720545900,1720548600.0,2360.55,2358.79,2358.79,2353.5099999999993,Short
1720548900,1720573200.0,2363.14,2361.4,2368.359999999999,2363.14,Long
1720573500,1720573800.0,2365.03,2364.15,2364.15,2361.5099999999998,Short
1720575000,1720590000.0,2367.5,2366.32,2371.0399999999995,2367.5,Long
1720590900,1720591800.0,2369.01,2367.49,2367.49,2362.9299999999985,Short
1720592400,1720628700.0,2367.82,2367.23,2369.5900000000006,2367.82,Long
1720629900,1720650300.0,2378.86,2375.8,2375.8,2366.6200000000003,Short
1720650600,1720652100.0,2372.25,2371.86,2373.4199999999996,2372.25,Long
1720653900,1720655100.0,2372.76,2371.5,2376.540000000001,2372.76,Long
1720655400,1720656000.0,2372.45,2371.3,2371.3,2367.8500000000013,Short
1720656600,1720656900.0,2372.49,2372.08,2373.7199999999993,2372.49,Long
1720657500,1720683300.0,2371.98,2371.7,2372.8200000000006,2371.98,Long
1720683600,1720683630.0,2381.47,2380.73,2380.73,2378.5100000000007,Short
1720684800,1720687200.0,2380.19,2379.73,2381.57,2380.19,Long
1720687500,1720688100.0,2382.6,2381.26,2381.26,2377.240000000001,Short
1720688700,1720690800.0,2382.72,2381.24,2387.16,2382.72,Long
1720691100,1720691130.0,2383.83,2383.47,2383.47,2382.3899999999994,Short
1720692000,1720695600.0,2384.11,2382.7,2388.340000000001,2384.11,Long
1720696500,1720696530.0,2382.03,2380.82,2380.82,2377.19,Short
1720701300,1720724400.0,2400.41,2380.75,2459.3899999999994,2400.41,Long
1720725300,1720729800.0,2416.12,2415.77,2415.77,2414.7200000000003,Short
1720730400,1720730700.0,2414.5,2413.2,2418.4000000000005,2414.5,Long
1720731300,1720735200.0,2414.32,2413.0,2418.2800000000007,2414.32,Long
1720735500,1720735800.0,2414.13,2412.51,2412.51,2407.6500000000005,Short
1720736700,1720738200.0,2412.65,2410.7,2410.7,2404.849999999999,Short
1720738500,1720738530.0,2412.86,2411.8,2416.04,2412.86,Long
1720740300,1720740330.0,2413.06,2412.0,2416.24,2413.06,Long
1720743300,1720762800.0,2413.67,2410.4,2410.4,2400.59,Short
1720764000,1720783800.0,2408.77,2406.34,2406.34,2399.0500000000006,Short
1720785300,1720792500.0,2401.43,2399.7,2399.7,2394.5099999999998,Short
1720793100,1720814400.0,2406.54,2401.73,2420.97,2406.54,Long
1720815000,1721010000.0,2411.72,2411.35,2411.35,2410.2400000000002,Short
1721010600,1721010900.0,2409.4,2408.83,2408.83,2407.1199999999994,Short
1721011500,1721022600.0,2410.09,2409.14,2412.940000000001,2410.09,Long
1721023500,1721033100.0,2408.29,2407.53,2407.53,2405.250000000001,Short
1721034600,1721034630.0,2411.42,2410.53,2414.0899999999997,2411.42,Long
1721037300,1721069100.0,2409.67,2408.81,2412.2500000000005,2409.67,Long
1721069400,1721084400.0,2424.65,2423.56,2423.56,2420.2899999999995,Short
1721085600,1721088300.0,2421.93,2420.95,2420.95,2418.0099999999998,Short
1721088600,1721088630.0,2420.97,2420.39,2422.7099999999996,2420.97,Long
1721089500,1721091300.0,2422.64,2420.6,2420.6,2414.48,Short
1721093100,1721133000.0,2425.38,2422.6,2433.7200000000007,2425.38,Long
1721133300,1721136600.0,2443.27,2436.69,2436.69,2416.9500000000003,Short
1721138700,1721139000.0,2444.82,2442.31,2442.31,2434.7799999999993,Short
1721139600,1721193900.0,2444.24,2440.76,2454.6799999999985,2444.24,Long
1721194200,1721201700.0,2470.84,2469.99,2469.99,2467.4399999999987,Short
1721202000,1721208300.0,2469.61,2467.65,2475.4900000000002,2469.61,Long
1721208600,1721208900.0,2471.45,2469.4,2469.4,2463.250000000001,Short
1721211000,1721217000.0,2473.88,2472.7,2477.420000000001,2473.88,Long
1721217900,1721219700.0,2471.11,2469.73,2469.73,2465.5899999999997,Short
1721220300,1721220330.0,2474.58,2471.69,2483.2499999999995,2474.58,Long
1721221800,1721224800.0,2477.88,2475.59,2484.75,2477.88,Long
1721226900,1721247900.0,2471.51,2464.7,2464.7,2444.2699999999986,Short
1721249100,1721260800.0,2458.29,2456.7,2463.0600000000004,2458.29,Long
1721262300,1721262330.0,2458.33,2457.81,2459.89,2458.33,Long
1721263200,1721292300.0,2458.75,2457.68,2461.9600000000005,2458.75,Long
1721294400,1721312100.0,2466.66,2465.3,2465.3,2461.220000000001,Short
1721312700,1721312730.0,2465.03,2461.89,2474.450000000001,2465.03,Long
1721313600,1721316900.0,2464.32,2460.38,2476.1400000000003,2464.32,Long
1721318100,1721409000.0,2463.04,2461.77,2461.77,2457.96,Short
1721409300,1721409900.0,2400.11,2398.51,2404.91,2400.11,Long
1721411700,1721415300.0,2400.51,2398.09,2398.09,2390.83,Short
1721415900,1721415930.0,2398.95,2397.87,2402.1899999999996,2398.95,Long
1721416800,1721422500.0,2399.05,2398.37,2398.37,2396.329999999999,Short
1721600400,1721614500.0,2406.24,2400.08,2424.7199999999993,2406.24,Long
1721615100,1721641200.0,2404.67,2403.24,2403.24,2398.949999999999,Short
1721642100,1721642400.0,2405.38,2404.68,2404.68,2402.579999999999,Short
1721643600,1721647200.0,2405.51,2403.76,2410.76,2405.51,Long
1721648100,1721666100.0,2404.25,2402.94,2402.94,2399.01,Short
1721667900,1721670300.0,2393.41,2390.7,2390.7,2382.5699999999997,Short
1721670600,1721670900.0,2393.86,2393.49,2394.970000000001,2393.86,Long
1721671200,1721671230.0,2394.01,2392.6,2392.6,2388.369999999999,Short
1721672700,1721690700.0,2394.62,2393.3,2398.579999999999,2394.62,Long
1721691000,1721691030.0,2395.73,2395.55,2395.55,2395.0100000000007,Short
1721691600,1721692200.0,2395.17,2394.92,2395.92,2395.17,Long
1721692800,1721693100.0,2395.94,2394.7,2399.6600000000008,2395.94,Long
1721693700,1721693730.0,2397.27,2395.4,2402.8799999999997,2397.27,Long
1721695200,1721695500.0,2398.57,2397.93,2397.93,2396.009999999999,Short
1721696100,1721709300.0,2399.16,2397.68,2403.6,2399.16,Long
1721710200,1721721600.0,2397.67,2396.1,2396.1,2391.3899999999994,Short
1721721900,1721721930.0,2397.99,2396.35,2402.9099999999994,2397.99,Long
1721723400,1721739300.0,2399.44,2398.55,2402.1099999999997,2399.44,Long
1721739900,1721740200.0,2405.67,2403.84,2411.16,2405.67,Long
1721740800,1721752500.0,2404.97,2403.52,2403.52,2399.1700000000005,Short
1721753400,1721754000.0,2406.76,2406.0,2406.0,2403.7199999999993,Short
1721754300,1721754600.0,2406.21,2404.66,2410.8600000000006,2406.21,Long
1721756400,1721759400.0,2404.41,2403.97,2405.73,2404.41,Long
1721760000,1721760600.0,2404.67,2403.4,2403.4,2399.59,Short
1721761200,1721785500.0,2406.02,2404.35,2411.03,2406.02,Long
1721786100,1721786400.0,2408.75,2406.8,2406.8,2400.9500000000007,Short
1721786700,1721805900.0,2408.66,2407.26,2412.8599999999988,2408.66,Long
1721806200,1721817600.0,2416.45,2415.66,2415.66,2413.29,Short
1721819700,1721821200.0,2414.67,2412.21,2412.21,2404.83,Short
1721822100,1721840100.0,2416.46,2416.08,2417.6000000000004,2416.46,Long
1721841300,1721886900.0,2417.31,2415.85,2415.85,2411.47,Short
1721887800,1721889600.0,2377.95,2376.72,2376.72,2373.0299999999997,Short
1721889900,1721889930.0,2374.33,2373.07,2378.109999999999,2374.33,Long
1721891700,1721891730.0,2370.74,2366.19,2366.19,2352.540000000001,Short
1721894100,1721894130.0,2375.96,2374.34,2374.34,2369.4800000000005,Short
1721895300,1721896800.0,2377.14,2374.95,2374.95,2368.3799999999997,Short
1721897400,1721897430.0,2377.47,2373.77,2388.5699999999993,2377.47,Long
1721898600,1721899500.0,2373.53,2372.41,2372.41,2369.049999999999,Short
1721899800,1721900700.0,2371.85,2369.5,2378.8999999999996,2371.85,Long
1721901300,1721901330.0,2374.99,2373.81,2378.5299999999993,2374.99,Long
1721902500,1721903400.0,2375.3,2371.93,2371.93,2361.819999999999,Short
1721903700,1721907000.0,2374.94,2374.05,2377.6099999999997,2374.94,Long
1721907300,1721910000.0,2374.21,2372.49,2372.49,2367.329999999999,Short
1721910900,1721913000.0,2374.95,2365.63,2365.63,2337.670000000001,Short
1721914500,1721937900.0,2375.75,2367.7,2367.7,2343.5499999999993,Short
1721939400,1721939430.0,2361.71,2360.4,2360.4,2356.4700000000003,Short
1721940900,1721954400.0,2364.83,2361.73,2374.1299999999997,2364.83,Long
1721955000,1721955030.0,2363.37,2361.7,2368.38,2363.37,Long
1721955600,1721955900.0,2362.82,2362.11,2362.11,2359.98,Short
1721956800,1721973600.0,2362.58,2358.71,2374.1899999999996,2362.58,Long
1721974500,1721980500.0,2373.69,2370.04,2370.04,2359.0899999999997,Short
1721981400,1721981700.0,2373.64,2371.85,2371.85,2366.48,Short
1721982000,1721982600.0,2370.72,2369.2,2375.2799999999997,2370.72,Long
1721983200,1721986200.0,2371.97,2370.24,2377.16,2371.97,Long
1721986500,1721986530.0,2374.37,2373.34,2373.34,2370.250000000001,Short
1721988000,1721988300.0,2373.76,2372.04,2372.04,2366.879999999999,Short
1721989500,1722017100.0,2373.91,2373.33,2375.6499999999996,2373.91,Long
1722017400,1722018900.0,2384.17,2383.3,2383.3,2380.6900000000005,Short
1722019500,1722019800.0,2384.8,2383.99,2383.99,2381.5599999999986,Short
1722021000,1722021900.0,2384.15,2383.25,2386.8500000000004,2384.15,Long
1722023700,1722024900.0,2384.55,2384.13,2385.8100000000004,2384.55,Long
1722026400,1722026430.0,2387.41,2384.5,2384.5,2375.7700000000004,Short
1722027300,1722200700.0,2388.1,2387.21,2387.21,2384.5400000000004,Short
1722204300,1722219300.0,2389.25,2387.56,2394.32,2389.25,Long
1722220500,1722232500.0,2393.85,2391.7,2391.7,2385.2499999999995,Short
1722233700,1722234300.0,2394.65,2393.47,2398.190000000001,2394.65,Long
1722235200,1722235800.0,2395.17,2391.77,2391.77,2381.5699999999997,Short
1722236400,1722238200.0,2393.12,2391.76,2391.76,2387.680000000001,Short
1722238500,1722238800.0,2393.58,2391.98,2398.3799999999997,2393.58,Long
1722239700,1722246300.0,2393.0,2390.0,2390.0,2381.0,Short
1722246600,1722246630.0,2391.08,2389.78,2394.979999999999,2391.08,Long
1722247200,1722248100.0,2393.02,2392.46,2392.46,2390.78,Short
1722248400,1722250800.0,2393.11,2392.08,2396.2000000000007,2393.11,Long
1722252000,1722252030.0,2392.5,2390.76,2397.7199999999993,2392.5,Long
1722255600,1722255630.0,2388.76,2385.46,2385.46,2375.5599999999995,Short
1722256800,1722260400.0,2392.26,2391.06,2395.860000000001,2392.26,Long
1722260700,1722260730.0,2394.76,2391.55,2391.55,2381.92,Short
1722261600,1722261900.0,2393.27,2390.88,2400.4399999999996,2393.27,Long
1722262200,1722280500.0,2393.74,2391.91,2391.91,2386.42,Short
1722283200,1722298500.0,2385.19,2382.4,2393.56,2385.19,Long
1722299700,1722308400.0,2381.76,2380.12,2380.12,2375.199999999999,Short
1722309300,1722309600.0,2383.69,2382.0,2382.0,2376.93,Short
1722310200,1722332700.0,2384.13,2382.26,2389.74,2384.13,Long
1722333900,1722333930.0,2389.95,2388.86,2393.219999999999,2389.95,Long
1722335100,1722335400.0,2390.37,2388.7,2395.38,2390.37,Long
1722336300,1722338400.0,2389.74,2388.5,2393.459999999999,2389.74,Long
1722338700,1722338730.0,2391.81,2390.68,2390.68,2387.2899999999995,Short
1722339900,1722344700.0,2389.9,2389.12,2389.12,2386.7799999999993,Short
1722345900,1722348600.0,2392.83,2390.2,2400.7200000000003,2392.83,Long
1722349200,1722351300.0,2391.23,2388.96,2398.04,2391.23,Long
1722351900,1722355200.0,2392.09,2389.4,2389.4,2381.33,Short
1722355500,1722387300.0,2386.42,2385.02,2390.6200000000003,2386.42,Long
1722387600,1722389400.0,2409.02,2408.56,2408.56,2407.18,Short
1722390600,1722394500.0,2410.45,2409.26,2409.26,2405.6900000000014,Short
1722395400,1722411000.0,2411.15,2409.38,2416.46,2411.15,Long
1722413700,1722417600.0,2418.27,2416.17,2424.5699999999997,2418.27,Long
1722418800,1722418830.0,2420.71,2417.4,2417.4,2407.4700000000003,Short
1722419700,1722421200.0,2421.1,2420.25,2423.6499999999996,2421.1,Long
1722422700,1722424200.0,2419.45,2417.3,2417.3,2410.8500000000013,Short
1722425700,1722430200.0,2420.93,2419.05,2426.569999999999,2420.93,Long
1722430800,1722432300.0,2421.58,2420.52,2420.52,2417.34,Short
1722432600,1722448500.0,2419.9,2417.94,2425.78,2419.9,Long
1722450000,1722450300.0,2427.09,2421.88,2421.88,2406.25,Short
1722453300,1722472500.0,2435.0,2431.72,2444.8400000000006,2435.0,Long
1722474600,1722479400.0,2450.7,2447.21,2461.169999999999,2450.7,Long
1722482100,1722486300.0,2442.93,2439.59,2439.59,2429.570000000001,Short
1722487200,1722494700.0,2446.59,2444.6,2444.6,2438.629999999999,Short
1722495000,1722498000.0,2446.29,2444.91,2450.4300000000003,2446.29,Long
1722498300,1722513600.0,2443.72,2442.27,2442.27,2437.9200000000005,Short
1722513900,1722530100.0,2441.34,2439.6,2446.560000000001,2441.34,Long
1722531000,1722541800.0,2446.49,2444.76,2444.76,2439.5700000000015,Short
1722542700,1722545100.0,2443.47,2442.66,2442.66,2440.23,Short
1722546000,1722560700.0,2447.21,2445.74,2451.620000000001,2447.21,Long
1722561900,1722561930.0,2441.59,2438.3,2451.46,2441.59,Long
1722562800,1722592500.0,2441.87,2439.72,2448.32,2441.87,Long
1722593100,1722595500.0,2463.8,2462.28,2462.28,2457.7200000000003,Short
1722595800,1722596100.0,2464.34,2463.89,2465.690000000001,2464.34,Long
1722596700,1722601500.0,2464.81,2463.24,2463.24,2458.5299999999993,Short
1722602100,1722603900.0,2473.44,2456.06,2525.5800000000004,2473.44,Long
1722604200,1722604500.0,2466.13,2461.46,2461.46,2447.45,Short
1722605700,1722608700.0,2470.47,2460.01,2501.8499999999985,2470.47,Long
1722610200,1722625800.0,2438.78,2432.46,2432.46,2413.4999999999995,Short
1722626400,1722629400.0,2429.28,2427.45,2434.7700000000013,2429.28,Long
1722630000,1722816600.0,2437.06,2435.89,2440.57,2437.06,Long
1722816900,1722822000.0,2434.91,2431.01,2431.01,2419.3100000000013,Short
1722822600,1722825600.0,2441.6,2438.35,2438.35,2428.6,Short
1722827400,1722828300.0,2446.63,2444.41,2453.290000000001,2446.63,Long
1722828600,1722828630.0,2444.93,2443.2,2443.2,2438.0099999999998,Short
1722829500,1722836700.0,2446.26,2444.51,2451.51,2446.26,Long
1722838200,1722870300.0,2433.72,2430.59,2430.59,2421.200000000001,Short
1722870600,1722885300.0,2404.54,2400.34,2417.1399999999994,2404.54,Long
1722885900,1722886200.0,2409.2,2407.23,2407.23,2401.3200000000006,Short
1722887700,1722900900.0,2412.24,2409.89,2419.2899999999995,2412.24,Long
1722902100,1722909900.0,2406.21,2404.73,2410.65,2406.21,Long
1722911100,1722911130.0,2412.29,2409.63,2409.63,2401.6500000000005,Short
1722911700,1722913200.0,2411.95,2410.7,2410.7,2406.95,Short
1722913800,1722913830.0,2409.06,2406.54,2416.62,2409.06,Long
1722916800,1722918300.0,2410.36,2407.66,2418.460000000001,2410.36,Long
1722920100,1722930600.0,2411.2,2406.69,2406.69,2393.1600000000008,Short
1722930900,1722932400.0,2410.23,2408.06,2416.7400000000002,2410.23,Long
1722932700,1722933000.0,2412.73,2410.57,2410.57,2404.0900000000006,Short
1722933300,1722946200.0,2409.79,2408.63,2413.2699999999995,2409.79,Long
1722946500,1722964200.0,2411.21,2408.22,2408.22,2399.249999999999,Short
1722965400,1722968400.0,2390.79,2387.5,2387.5,2377.63,Short
1722969000,1722975900.0,2395.04,2393.89,2398.4900000000002,2395.04,Long
1722976200,1722976230.0,2388.52,2387.94,2387.94,2386.2000000000003,Short
1722982800,1723001700.0,2389.9,2388.6,2388.6,2384.6999999999994,Short
1723002900,1723022100.0,2386.51,2384.59,2392.2700000000004,2386.51,Long
1723023300,1723026600.0,2393.14,2392.59,2394.789999999999,2393.14,Long
1723027500,1723044300.0,2397.2,2396.19,2400.229999999999,2397.2,Long
1723045200,1723074600.0,2400.15,2394.37,2394.37,2377.0299999999993,Short
1723075500,1723078500.0,2384.84,2383.41,2383.41,2379.119999999999,Short
1723080300,1723105200.0,2389.49,2386.43,2398.6699999999996,2389.49,Long
1723107600,1723109400.0,2394.4,2393.57,2396.89,2394.4,Long
1723109700,1723109730.0,2395.96,2395.46,2395.46,2393.96,Short
1723110600,1723158600.0,2395.75,2393.81,2401.57,2395.75,Long
1723159200,1723159800.0,2425.32,2424.19,2424.19,2420.7999999999997,Short
1723160100,1723160130.0,2423.72,2423.08,2425.6399999999994,2423.72,Long
1723161900,1723161930.0,2424.98,2423.92,2428.16,2424.98,Long
1723162800,1723163100.0,2424.51,2423.8,2426.6400000000003,2424.51,Long
1723164000,1723164900.0,2424.1,2421.9,2430.6999999999994,2424.1,Long
1723166100,1723170900.0,2423.7,2420.17,2420.17,2409.580000000001,Short
1723172100,1723179000.0,2424.84,2423.29,2423.29,2418.6399999999994,Short
1723179300,1723179330.0,2422.59,2421.5,2425.8600000000006,2422.59,Long
1723179900,1723179930.0,2423.76,2421.68,2421.68,2415.4399999999987,Short
1723181700,1723187400.0,2422.72,2420.88,2420.88,2415.360000000001,Short
1723187700,1723205700.0,2421.57,2420.68,2424.240000000001,2421.57,Long
1723206000,1723206030.0,2427.2,2425.8,2425.8,2421.6000000000013,Short
1723207500,1723210500.0,2429.16,2427.42,2434.379999999999,2429.16,Long
1723211700,1723214700.0,2424.36,2421.91,2431.710000000001,2424.36,Long
1723216200,1723217400.0,2431.16,2426.21,2426.21,2411.3600000000006,Short
1723218000,1723227000.0,2429.55,2428.37,2433.090000000001,2429.55,Long
1723227900,1723229700.0,2428.15,2427.46,2427.46,2425.39,Short
1723230000,1723230030.0,2429.8,2428.81,2432.770000000001,2429.8,Long
1723230900,1723234800.0,2428.9,2427.38,2427.38,2422.82,Short
1723235700,1723236000.0,2429.88,2428.4,2434.32,2429.88,Long
1723413600,1723416900.0,2431.95,2430.27,2430.27,2425.2300000000005,Short
1723417800,1723417830.0,2429.89,2428.4,2428.4,2423.9300000000007,Short
1723418700,1723418730.0,2428.82,2427.6,2427.6,2423.939999999999,Short
1723420800,1723421100.0,2429.34,2426.8,2426.8,2419.1800000000003,Short
1723422300,1723422900.0,2428.71,2427.0,2427.0,2421.87,Short
1723423800,1723423830.0,2428.62,2427.3,2432.579999999999,2428.62,Long
1723425000,1723425600.0,2429.47,2427.7,2427.7,2422.39,Short
1723426200,1723434300.0,2430.07,2428.81,2428.81,2425.0299999999993,Short
1723435200,1723467300.0,2429.06,2427.95,2432.3900000000003,2429.06,Long
1723467900,1723509000.0,2444.34,2442.27,2450.5500000000006,2444.34,Long
1723510200,1723510800.0,2470.11,2467.7,2477.340000000001,2470.11,Long
1723511100,1723532400.0,2473.33,2471.3,2471.3,2465.210000000001,Short
1723532700,1723532730.0,2463.71,2462.52,2467.28,2463.71,Long
1723533900,1723535400.0,2464.0,2462.61,2468.1699999999996,2464.0,Long
1723536000,1723539000.0,2464.47,2462.6,2462.6,2456.9900000000002,Short
1723539600,1723540200.0,2461.18,2460.19,2460.19,2457.2200000000007,Short
1723541100,1723541700.0,2460.47,2459.1,2464.5799999999995,2460.47,Long
1723542600,1723544100.0,2460.69,2459.66,2459.66,2456.5699999999993,Short
1723546200,1723547100.0,2461.62,2459.51,2459.51,2453.180000000001,Short
1723547400,1723547430.0,2462.48,2461.65,2464.97,2462.48,Long
1723548000,1723548600.0,2463.88,2463.24,2465.800000000001,2463.88,Long
1723549800,1723566900.0,2464.99,2463.4,2469.759999999999,2464.99,Long
1723569000,1723569030.0,2470.18,2467.81,2477.2899999999995,2470.18,Long
1723570200,1723570230.0,2468.23,2466.59,2473.1499999999996,2468.23,Long
1723571700,1723574100.0,2467.91,2466.32,2466.32,2461.550000000001,Short
1723574700,1723581000.0,2467.14,2465.5,2465.5,2460.5800000000004,Short
1723581600,1723595100.0,2467.69,2465.8,2465.8,2460.1300000000006,Short
1723596300,1723596600.0,2466.31,2465.1,2469.94,2466.31,Long
1723597800,1723599900.0,2467.3,2465.98,2471.2600000000007,2467.3,Long
1723601400,1723616100.0,2465.2,2462.5,2462.5,2454.4000000000005,Short
1723617300,1723638300.0,2466.9,2464.35,2474.5500000000006,2466.9,Long
1723638600,1723638630.0,2472.13,2471.14,2471.14,2468.169999999999,Short
1723639500,1723664100.0,2471.92,2469.89,2469.89,2463.7999999999993,Short
1723665300,1723697100.0,2446.39,2445.25,2449.8099999999995,2446.39,Long
1723697400,1723697700.0,2454.39,2453.85,2453.85,2452.23,Short
1723698600,1723699200.0,2453.68,2452.72,2456.56,2453.68,Long
1723699800,1723709400.0,2452.88,2452.05,2455.37,2452.88,Long
1723711500,1723725000.0,2456.95,2455.63,2460.909999999999,2456.95,Long
1723725300,1723740000.0,2468.42,2457.68,2457.68,2425.459999999999,Short
1723741200,1723750500.0,2456.37,2454.8,2461.079999999999,2456.37,Long
1723751100,1723755000.0,2457.06,2456.76,2456.76,2455.860000000001,Short
1723759500,1723759800.0,2455.94,2455.22,2458.100000000001,2455.94,Long
1723760100,1723760700.0,2455.65,2455.3,2455.3,2454.2500000000005,Short
1723761000,1723761900.0,2455.0,2454.61,2456.1699999999996,2455.0,Long
1723762800,1723764900.0,2455.02,2454.52,2454.52,2453.02,Short
1723766100,1723766130.0,2457.94,2456.98,2460.82,2457.94,Long
1723766700,1723768500.0,2457.83,2457.33,2457.33,2455.83,Short
1723769100,1723774500.0,2458.04,2456.0,2464.16,2458.04,Long
1723774800,1723775400.0,2456.29,2455.63,2455.63,2453.6500000000005,Short
1723776600,1723777200.0,2455.93,2454.4,2460.519999999999,2455.93,Long
1723779600,1723788900.0,2452.03,2450.4,2450.4,2445.5099999999998,Short
1723789800,1723790700.0,2457.34,2456.93,2458.570000000001,2457.34,Long
1723791300,1723792500.0,2455.94,2454.67,2454.67,2450.86,Short
1723793700,1724024100.0,2453.1,2451.46,2458.0199999999995,2453.1,Long
1724024700,1724026500.0,2505.02,2504.0,2508.08,2505.02,Long
1724028300,1724036100.0,2502.75,2500.46,2500.46,2493.59,Short
1724037000,1724038200.0,2505.08,2504.17,2504.17,2501.4400000000005,Short
1724040300,1724044800.0,2504.09,2502.28,2502.28,2496.8500000000004,Short
1724046000,1724046600.0,2502.11,2500.37,2507.330000000001,2502.11,Long
1724047500,1724051700.0,2501.62,2499.81,2507.0499999999997,2501.62,Long
1724052600,1724053200.0,2504.45,2502.66,2502.66,2497.29,Short
1724054400,1724059800.0,2503.69,2502.64,2506.8400000000006,2503.69,Long
1724060100,1724060130.0,2502.13,2500.32,2500.32,2494.8900000000003,Short
1724060700,1724060730.0,2501.14,2500.46,2500.46,2498.4200000000005,Short
1724061900,1724076900.0,2499.98,2498.84,2498.84,2495.4200000000005,Short
1724078700,1724095800.0,2504.26,2501.86,2511.4600000000005,2504.26,Long
1724097300,1724097900.0,2504.83,2503.58,2508.58,2504.83,Long
1724098800,1724099100.0,2503.91,2503.52,2503.52,2502.3500000000004,Short
1724100600,1724106300.0,2504.22,2502.3,2502.3,2496.5400000000013,Short
1724107500,1724108700.0,2503.31,2501.7,2508.1400000000003,2503.31,Long
1724109000,1724111700.0,2504.11,2503.2,2503.2,2500.469999999999,Short
1724112600,1724112630.0,2504.69,2503.64,2503.64,2500.4899999999993,Short
1724113500,1724113530.0,2504.69,2504.09,2504.09,2502.2900000000004,Short
1724114100,1724115600.0,2505.4,2504.06,2509.4200000000005,2505.4,Long
1724116800,1724117100.0,2504.55,2502.26,2511.42,2504.55,Long
1724117400,1724117700.0,2505.91,2503.8,2503.8,2497.470000000001,Short
1724118000,1724118300.0,2504.09,2503.06,2507.1800000000007,2504.09,Long
1724120100,1724134800.0,2505.06,2498.73,2498.73,2479.7400000000002,Short
1724136000,1724160600.0,2504.48,2502.64,2510.0000000000005,2504.48,Long
1724160900,1724160930.0,2531.51,2527.48,2527.48,2515.3899999999994,Short
1724161800,1724166000.0,2527.92,2523.27,2541.8700000000003,2527.92,Long
1724166300,1724181000.0,2522.64,2522.64,2522.64,2522.64,Long
1724182800,1724197200.0,2513.72,2512.62,2517.0199999999995,2513.72,Long
1724197500,1724197530.0,2515.15,2513.6,2513.6,2508.9499999999994,Short
1724198700,1724201100.0,2513.36,2512.66,2515.460000000001,2513.36,Long
1724203800,1724204400.0,2514.6,2511.81,2511.81,2503.44,Short
1724205900,1724210400.0,2517.84,2516.37,2522.250000000001,2517.84,Long
1724211000,1724211030.0,2514.46,2513.42,2513.42,2510.3,Short
1724212200,1724214900.0,2517.36,2513.51,2528.91,2517.36,Long
1724215800,1724219400.0,2515.08,2514.06,2518.14,2515.08,Long
1724220300,1724224500.0,2516.18,2514.88,2514.88,2510.980000000001,Short
1724224800,1724224830.0,2515.73,2514.77,2518.61,2515.73,Long
1724226000,1724240400.0,2513.71,2512.5,2512.5,2508.87,Short
1724241900,1724243400.0,2511.94,2510.98,2514.82,2511.94,Long
1724244000,1724244600.0,2509.13,2507.0,2507.0,2500.6099999999997,Short
1724247300,1724254200.0,2508.95,2503.2,2503.2,2485.95,Short
1724254800,1724260500.0,2509.45,2507.97,2507.97,2503.5299999999997,Short
1724261100,1724281500.0,2510.71,2508.4,2517.64,2510.71,Long
1724282100,1724286000.0,2514.31,2513.61,2513.61,2511.5100000000007,Short
1724286300,1724286330.0,2512.17,2511.39,2514.5100000000007,2512.17,Long
1724288400,1724288430.0,2514.25,2513.31,2517.07,2514.25,Long
1724289300,1724289900.0,2511.89,2510.49,2516.09,2511.89,Long
1724290200,1724307000.0,2512.69,2511.54,2511.54,2508.0899999999997,Short
1724307300,1724317500.0,2506.69,2505.89,2509.0900000000006,2506.69,Long
1724318100,1724322600.0,2502.26,2501.34,2505.0200000000004,2502.26,Long
1724324100,1724329800.0,2507.57,2507.08,2507.08,2505.609999999999,Short
1724330100,1724330130.0,2500.07,2496.94,2509.4600000000005,2500.07,Long
1724331300,1724349900.0,2503.72,2499.72,2499.72,2487.72,Short
1724350500,1724358000.0,2483.3,2482.45,2485.8500000000013,2483.3,Long
1724358900,1724358930.0,2484.26,2483.88,2485.4000000000005,2484.26,Long
1724359500,1724359530.0,2483.84,2483.64,2483.64,2483.039999999999,Short
1724364000,1724397600.0,2484.37,2484.37,2484.37,2484.37,Long
1724398200,1724398230.0,2492.63,2491.8,2495.12,2492.63,Long
1724400300,1724419500.0,2493.82,2491.88,2499.6400000000003,2493.82,Long
1724420700,1724421300.0,2500.91,2495.14,2495.14,2477.83,Short
1724422200,1724436300.0,2514.66,2510.31,2527.7099999999996,2514.66,Long
1724436600,1724437200.0,2511.12,2509.24,2509.24,2503.5999999999995,Short
1724437800,1724438700.0,2511.17,2510.58,2510.58,2508.8099999999995,Short
1724439300,1724439900.0,2511.01,2510.29,2513.170000000001,2511.01,Long
1724440800,1724442600.0,2512.47,2511.5,2511.5,2508.5900000000006,Short
1724443500,1724624700.0,2510.92,2509.49,2515.210000000001,2510.92,Long
1724625000,1724625300.0,2512.7,2511.3,2511.3,2507.1000000000013,Short
1724625600,1724638500.0,2512.22,2510.4,2517.679999999999,2512.22,Long
1724638800,1724638830.0,2515.14,2514.46,2514.46,2512.4200000000005,Short
1724640000,1724640300.0,2514.06,2513.03,2517.149999999999,2514.06,Long
1724641800,1724654400.0,2512.76,2511.1,2511.1,2506.119999999999,Short
1724654700,1724674500.0,2514.38,2513.24,2517.800000000001,2514.38,Long
1724676000,1724676300.0,2524.95,2523.06,2530.6199999999994,2524.95,Long
1724676900,1724677500.0,2525.33,2523.76,2523.76,2519.050000000001,Short
1724679000,1724679030.0,2525.96,2525.01,2525.01,2522.1600000000008,Short
1724679900,1724691900.0,2524.43,2522.91,2522.91,2518.35,Short
1724692200,1724692230.0,2522.8,2522.03,2525.11,2522.8,Long
1724693400,1724694900.0,2520.82,2518.3,2518.3,2510.7400000000002,Short
1724695500,1724697000.0,2519.38,2517.91,2523.790000000001,2519.38,Long
1724697600,1724697630.0,2516.46,2515.61,2515.61,2513.0600000000004,Short
1724698500,1724698530.0,2516.98,2515.95,2515.95,2512.859999999999,Short
1724700000,1724705700.0,2520.67,2518.56,2527.0000000000005,2520.67,Long
1724710800,1724712600.0,2517.63,2515.8,2515.8,2510.3100000000004,Short
1724712900,1724712930.0,2517.16,2516.99,2517.67,2517.16,Long
1724713800,1724714700.0,2517.21,2516.9,2516.9,2515.9700000000003,Short
1724715000,1724715600.0,2517.46,2516.3,2520.9399999999996,2517.46,Long
1724716200,1724716230.0,2516.21,2515.92,2517.08,2516.21,Long
1724717100,1724737200.0,2515.92,2515.04,2515.04,2512.3999999999996,Short
1724737500,1724745000.0,2511.84,2511.15,2513.9100000000003,2511.84,Long
1724745300,1724745330.0,2508.86,2508.02,2508.02,2505.4999999999995,Short
1724746500,1724751000.0,2509.63,2508.45,2513.170000000001,2509.63,Long
1724751300,1724758200.0,2511.99,2510.34,2510.34,2505.3900000000012,Short
1724760000,1724761200.0,2512.18,2510.29,2517.8499999999995,2512.18,Long
1724762400,1724763300.0,2509.72,2507.77,2507.77,2501.9200000000005,Short
1724763900,1724763930.0,2510.74,2509.87,2513.3499999999995,2510.74,Long
1724764800,1724766000.0,2508.7,2506.78,2506.78,2501.0200000000013,Short
1724766600,1724774100.0,2512.73,2510.0,2520.92,2512.73,Long
1724775000,1724775600.0,2512.48,2510.22,2510.22,2503.439999999999,Short
1724776800,1724802600.0,2513.68,2511.35,2520.6699999999996,2513.68,Long
1724802900,1724803200.0,2526.31,2525.89,2525.89,2524.6299999999997,Short
1724804400,1724805600.0,2525.21,2524.12,2528.4800000000005,2525.21,Long
1724806800,1724836800.0,2524.46,2523.83,2523.83,2521.9399999999996,Short
1724837100,1724840400.0,2509.36,2508.06,2513.2600000000007,2509.36,Long
1724841300,1724842200.0,2506.89,2506.39,2506.39,2504.89,Short
1724842800,1724854500.0,2506.07,2505.26,2505.26,2502.8300000000004,Short
1724854800,1724854830.0,2508.71,2506.23,2516.15,2508.71,Long
1724856900,1724856930.0,2506.97,2504.72,2513.72,2506.97,Long
1724858100,1724861700.0,2507.32,2505.56,2512.600000000001,2507.32,Long
1724864700,1724864730.0,2503.76,2500.62,2513.180000000001,2503.76,Long
1724865900,1724865930.0,2503.09,2500.58,2500.58,2493.0499999999993,Short
1724866500,1724866530.0,2504.44,2502.41,2502.41,2496.3199999999993,Short
1724869800,1724870700.0,2505.74,2503.61,2503.61,2497.220000000001,Short
1724871000,1724873100.0,2506.86,2506.34,2508.42,2506.86,Long
1724873400,1724873430.0,2509.5,2508.59,2508.59,2505.8600000000006,Short
1724875200,1724875230.0,2508.65,2506.4,2506.4,2499.65,Short
1724876100,1724889000.0,2508.25,2507.32,2511.0399999999995,2508.25,Long
1724889600,1724918400.0,2507.84,2507.56,2508.6800000000007,2507.84,Long
1724919600,1724921400.0,2519.72,2517.73,2517.73,2511.7600000000007,Short
1724922300,1724922330.0,2517.61,2516.7,2516.7,2513.969999999999,Short
1724923800,1724932800.0,2517.42,2515.4,2523.48,2517.42,Long
1724933400,1724933430.0,2518.47,2517.62,2521.0199999999995,2518.47,Long
1724934600,1724943000.0,2516.48,2514.82,2514.82,2509.8400000000006,Short
1724943900,1724944200.0,2522.8,2521.04,2528.080000000001,2522.8,Long
1724944500,1724945700.0,2525.06,2523.2,2523.2,2517.6199999999994,Short
1724946000,1724947200.0,2520.4,2518.93,2524.810000000001,2520.4,Long
1724948100,1724958600.0,2520.62,2517.99,2528.51,2520.62,Long
1724960700,1724960730.0,2522.97,2521.98,2525.939999999999,2522.97,Long
1724962500,1724962800.0,2521.87,2521.41,2523.25,2521.87,Long
1724963100,1724998200.0,2521.29,2520.94,2520.94,2519.8900000000003,Short
1724998800,1725013500.0,2516.81,2514.97,2522.3300000000004,2516.81,Long
1725014700,1725015600.0,2519.44,2516.95,2516.95,2509.479999999999,Short
1725017100,1725018000.0,2521.31,2519.17,2527.7299999999996,2521.31,Long
1725019500,1725019800.0,2519.7,2518.6,2522.9999999999995,2519.7,Long
1725021000,1725047400.0,2524.6,2522.61,2522.61,2516.640000000001,Short
1725048600,1725048630.0,2502.85,2502.01,2505.369999999999,2502.85,Long
1725049200,1725049800.0,2502.28,2502.0,2502.0,2501.1599999999994,Short
1725228300,1725232200.0,2505.05,2500.96,2517.3200000000006,2505.05,Long
1725233100,1725234300.0,2502.8,2500.9,2500.9,2495.2,Short
1725234900,1725238200.0,2502.91,2501.0,2508.6399999999994,2502.91,Long
1725239400,1725240600.0,2503.96,2501.71,2510.71,2503.96,Long
1725243000,1725256800.0,2496.64,2493.36,2493.36,2483.520000000001,Short
1725257700,1725264600.0,2499.8,2498.34,2504.1800000000003,2499.8,Long
1725264900,1725264930.0,2500.9,2499.04,2499.04,2493.4599999999996,Short
1725265800,1725273000.0,2500.02,2498.01,2506.0499999999993,2500.02,Long
1725274800,1725280800.0,2500.04,2499.06,2502.98,2500.04,Long
1725281400,1725283800.0,2503.01,2501.99,2501.99,2498.9299999999985,Short
1725284400,1725285000.0,2501.55,2500.65,2504.2500000000005,2501.55,Long
1725285300,1725285330.0,2501.0,2499.46,2499.46,2494.84,Short
1725286200,1725287400.0,2499.42,2498.84,2498.84,2497.1000000000004,Short
1725288000,1725294300.0,2500.92,2500.22,2503.020000000001,2500.92,Long
1725294600,1725297000.0,2500.83,2500.45,2500.45,2499.3099999999995,Short
1725297900,1725298200.0,2500.42,2500.22,2500.22,2499.619999999999,Short
1725298800,1725300300.0,2500.29,2499.94,2499.94,2498.8900000000003,Short
1725301800,1725338700.0,2499.62,2498.99,2498.99,2497.0999999999995,Short
1725339900,1725340200.0,2496.17,2495.23,2495.23,2492.41,Short
1725341100,1725342900.0,2495.59,2494.57,2498.65,2495.59,Long
1725344100,1725358800.0,2495.2,2493.65,2499.849999999999,2495.2,Long
1725359400,1725360600.0,2496.5,2494.8,2494.8,2489.7000000000007,Short
1725362100,1725362400.0,2499.6,2498.77,2502.0899999999997,2499.6,Long
1725362700,1725378600.0,2500.3,2499.03,2499.03,2495.2200000000003,Short
1725379200,1725379230.0,2489.15,2486.72,2496.440000000001,2489.15,Long
1725379800,1725384900.0,2487.78,2486.22,2486.22,2481.5399999999986,Short
1725385800,1725409200.0,2491.89,2490.71,2495.4299999999994,2491.89,Long
1725409800,1725409830.0,2494.31,2492.96,2492.96,2488.9100000000003,Short
1725410700,1725411000.0,2493.49,2492.33,2496.9699999999993,2493.49,Long
1725411600,1725411630.0,2492.87,2492.29,2494.6099999999997,2492.87,Long
1725412200,1725420300.0,2492.53,2491.76,2494.84,2492.53,Long
1725421800,1725429300.0,2494.68,2493.4,2498.519999999999,2494.68,Long
1725429900,1725446400.0,2493.11,2492.5,2492.5,2490.6699999999996,Short
1725447000,1725473100.0,2489.87,2487.03,2498.389999999999,2489.87,Long
1725474000,1725474900.0,2493.81,2492.55,2497.5899999999992,2493.81,Long
1725475500,1725480000.0,2493.44,2493.14,2493.14,2492.2399999999993,Short
1725480300,1725480600.0,2493.24,2492.9,2494.259999999999,2493.24,Long
1725491100,1725491700.0,2495.41,2493.82,2493.82,2489.050000000001,Short
1725492600,1725493800.0,2495.98,2495.74,2495.74,2495.019999999999,Short
1725494400,1725507300.0,2495.99,2494.4,2500.759999999999,2495.99,Long
1725509100,1725510900.0,2494.73,2494.09,2494.09,2492.1700000000005,Short
1725511800,1725512400.0,2494.84,2493.7,2493.7,2490.279999999999,Short
1725512700,1725512730.0,2494.3,2494.01,2495.17,2494.3,Long
1725513900,1725514800.0,2495.49,2494.63,2494.63,2492.050000000001,Short
1725516000,1725541500.0,2501.91,2496.26,2518.8599999999988,2501.91,Long
1725542100,1725542130.0,2514.74,2513.09,2519.6899999999987,2514.74,Long
1725543900,1725545400.0,2517.73,2515.65,2515.65,2509.4100000000003,Short
1725545700,1725546600.0,2514.3,2510.65,2525.2500000000005,2514.3,Long
1725547200,1725558600.0,2518.31,2515.56,2515.56,2507.31,Short
1725559200,1725560400.0,2515.25,2513.3,2521.0999999999995,2515.25,Long
1725561300,1725561900.0,2516.39,2514.9,2514.9,2510.4300000000007,Short
1725563100,1725585300.0,2516.04,2514.1,2521.86,2516.04,Long
1725586800,1725588900.0,2515.29,2513.45,2513.45,2507.9299999999994,Short
1725590400,1725593100.0,2517.24,2515.24,2523.24,2517.24,Long
1725594600,1725609000.0,2517.68,2516.95,2519.87,2517.68,Long
1725609600,1725617700.0,2517.78,2516.54,2516.54,2512.8199999999993,Short
1725619200,1725619230.0,2518.46,2517.34,2517.34,2513.9800000000005,Short
1725620400,1725620430.0,2519.15,2518.18,2522.060000000001,2519.15,Long
1725622500,1725625500.0,2519.23,2517.87,2517.87,2513.7899999999995,Short
1725626700,1725627300.0,2529.01,2521.71,2550.9100000000008,2529.01,Long
1725627600,1725654000.0,2524.84,2521.86,2521.86,2512.92,Short
1725654300,1725850200.0,2495.84,2494.4,2500.1600000000003,2495.84,Long
1725852300,1725858300.0,2498.25,2497.66,2500.0200000000004,2498.25,Long
1725858900,1725874500.0,2496.95,2496.63,2496.63,2495.670000000001,Short
1725875100,1725894600.0,2497.12,2495.42,2502.2199999999993,2497.12,Long
1725895800,1725895830.0,2495.64,2494.43,2499.27,2495.64,Long
1725897000,1725899700.0,2498.63,2496.74,2504.300000000001,2498.63,Long
1725901200,1725902100.0,2504.36,2501.37,2513.330000000001,2504.36,Long
1725902700,1725903600.0,2502.8,2502.07,2504.9900000000002,2502.8,Long
1725905100,1725932400.0,2500.24,2499.45,2502.6099999999997,2500.24,Long
1725933000,1725933030.0,2504.56,2503.4,2503.4,2499.9200000000005,Short
1725933600,1725947700.0,2503.55,2502.94,2502.94,2501.1099999999997,Short
1725948000,1725951900.0,2504.46,2503.55,2507.1899999999996,2504.46,Long
1725952500,1725954600.0,2504.2,2502.79,2508.4299999999994,2504.2,Long
1725955500,1725956100.0,2503.98,2501.82,2501.82,2495.3400000000006,Short
1725957000,1725957030.0,2502.82,2501.81,2501.81,2498.7799999999993,Short
1725958500,1725958530.0,2502.59,2501.57,2505.65,2502.59,Long
1725960000,1725960600.0,2501.29,2499.91,2499.91,2495.7699999999995,Short
1725960900,1725967200.0,2503.29,2502.14,2506.7400000000002,2503.29,Long
1725968400,1725968700.0,2505.47,2504.29,2504.29,2500.7500000000005,Short
1725969300,1725969330.0,2505.49,2503.8,2503.8,2498.7300000000014,Short
1725972900,1725976800.0,2510.83,2509.73,2514.1299999999997,2510.83,Long
1725977400,1725979200.0,2506.62,2505.12,2505.12,2500.62,Short
1725980700,1725989100.0,2509.39,2507.4,2515.359999999999,2509.39,Long
1725990300,1725996900.0,2514.37,2513.17,2517.9699999999993,2514.37,Long
1725997800,1726015800.0,2514.85,2514.39,2516.23,2514.85,Long
1726016100,1726017300.0,2517.68,2516.34,2516.34,2512.320000000001,Short
1726018200,1726033800.0,2517.81,2516.0,2523.24,2517.81,Long
1726034100,1726034130.0,2520.87,2519.6,2519.6,2515.79,Short
1726035000,1726049100.0,2523.21,2519.8,2533.4399999999996,2523.21,Long
1726049700,1726072500.0,2521.91,2521.03,2521.03,2518.3900000000012,Short
1726073700,1726081800.0,2517.64,2516.98,2519.6199999999994,2517.64,Long
1726082100,1726093200.0,2511.53,2510.05,2510.05,2505.61,Short
1726093500,1726093530.0,2513.39,2512.3,2516.659999999999,2513.39,Long
1726094400,1726094700.0,2513.73,2512.5,2517.42,2513.73,Long
1726095300,1726097400.0,2513.39,2512.65,2512.65,2510.4300000000007,Short
1726099500,1726100100.0,2512.31,2511.51,2514.709999999999,2512.31,Long
1726100700,1726100730.0,2511.61,2511.21,2512.8100000000004,2511.61,Long
1726101900,1726106700.0,2511.89,2511.07,2514.349999999999,2511.89,Long
1726107000,1726107030.0,2513.51,2512.88,2512.88,2510.99,Short
1726108200,1726108230.0,2513.49,2512.98,2515.019999999999,2513.49,Long
1726111200,1726130100.0,2513.1,2512.65,2514.4499999999994,2513.1,Long
1726130400,1726130430.0,2518.51,2517.59,2517.59,2514.83,Short
1726131000,1726131030.0,2517.22,2516.53,2519.2899999999986,2517.22,Long
1726131600,1726131630.0,2517.59,2516.0,2522.3600000000006,2517.59,Long
1726132800,1726133100.0,2518.13,2517.56,2517.56,2515.8499999999995,Short
1726134900,1726134930.0,2518.91,2518.05,2518.05,2515.470000000001,Short
1726135500,1726139400.0,2519.37,2518.76,2518.76,2516.930000000001,Short
1726139700,1726188300.0,2516.23,2514.92,2520.16,2516.23,Long
1726191000,1726211400.0,2562.22,2560.6,2567.0799999999995,2562.22,Long
1726211700,1726212000.0,2568.05,2565.47,2565.47,2557.7299999999987,Short
1726212300,1726212600.0,2565.24,2563.9,2569.259999999999,2565.24,Long
1726214700,1726215600.0,2570.69,2567.91,2579.0300000000007,2570.69,Long
1726215900,1726217100.0,2568.38,2567.55,2567.55,2565.0600000000004,Short
1726217700,1726217730.0,2570.23,2568.93,2574.1300000000006,2570.23,Long
1726218600,1726221300.0,2569.69,2568.23,2574.07,2569.69,Long
1726221600,1726221900.0,2570.61,2567.15,2567.15,2556.77,Short
1726222500,1726223400.0,2567.16,2566.02,2570.5799999999995,2567.16,Long
1726224000,1726224300.0,2567.65,2566.12,2572.2400000000007,2567.65,Long
1726225200,1726227000.0,2567.08,2565.58,2571.58,2567.08,Long
1726227600,1726227630.0,2567.27,2564.27,2564.27,2555.27,Short
1726228500,1726230000.0,2567.73,2566.25,2566.25,2561.81,Short
1726231200,1726257600.0,2570.59,2569.65,2573.4100000000003,2570.59,Long
1726258200,1726445100.0,2582.2,2581.31,2581.31,2578.6400000000003,Short
1726445700,1726445730.0,2581.51,2580.1,2585.740000000001,2581.51,Long
1726446300,1726446330.0,2580.87,2579.6,2584.68,2580.87,Long
1726447200,1726447500.0,2582.06,2580.97,2585.3300000000004,2582.06,Long
1726448100,1726448700.0,2582.09,2581.46,2581.46,2579.5699999999997,Short
1726449300,1726449600.0,2580.93,2579.91,2579.91,2576.85,Short
1726450800,1726469700.0,2582.78,2581.57,2586.4100000000003,2582.78,Long
1726471200,1726474200.0,2584.73,2580.52,2580.52,2567.89,Short
1726475100,1726477500.0,2586.75,2585.88,2589.3599999999997,2586.75,Long
1726477800,1726477830.0,2587.39,2586.51,2586.51,2583.8700000000013,Short
1726480200,1726485600.0,2586.82,2584.61,2584.61,2577.98,Short
1726485900,1726485930.0,2581.26,2580.3,2584.1400000000003,2581.26,Long
1726486500,1726487700.0,2582.13,2581.21,2581.21,2578.45,Short
1726488000,1726488030.0,2582.94,2582.23,2585.07,2582.94,Long
1726488600,1726494300.0,2582.37,2581.16,2581.16,2577.5299999999997,Short
1726494600,1726494900.0,2585.94,2582.85,2595.2100000000005,2585.94,Long
1726495200,1726497600.0,2589.17,2587.86,2587.86,2583.9300000000003,Short
1726499700,1726500000.0,2581.36,2580.18,2580.18,2576.639999999999,Short
1726500600,1726500630.0,2580.8,2577.83,2589.710000000001,2580.8,Long
1726501200,1726503600.0,2581.62,2579.91,2579.91,2574.7799999999997,Short
1726504800,1726506000.0,2582.19,2581.39,2584.5900000000006,2582.19,Long
1726507500,1726510800.0,2581.93,2581.32,2581.32,2579.490000000001,Short
1726512000,1726513500.0,2581.54,2580.0,2586.16,2581.54,Long
1726513800,1726514100.0,2581.01,2579.5,2579.5,2574.9699999999993,Short
1726514400,1726518600.0,2580.21,2579.64,2581.9200000000005,2580.21,Long
1726524900,1726533600.0,2582.72,2582.28,2584.0399999999986,2582.72,Long
1726535100,1726538100.0,2581.96,2579.1,2579.1,2570.5199999999995,Short
1726539000,1726540800.0,2583.65,2582.4,2587.4,2583.65,Long
1726542600,1726554000.0,2582.11,2580.37,2580.37,2575.149999999999,Short
1726556100,1726564200.0,2586.13,2584.02,2592.4600000000005,2586.13,Long
1726564500,1726564530.0,2577.24,2575.5,2575.5,2570.2800000000007,Short
1726565400,1726578300.0,2576.43,2574.55,2574.55,2568.910000000001,Short
1726578600,1726579500.0,2577.92,2576.15,2583.23,2577.92,Long
1726580100,1726580130.0,2576.28,2573.99,2573.99,2567.1199999999985,Short
1726581600,1726585800.0,2577.14,2573.92,2586.7999999999993,2577.14,Long
1726586700,1726601400.0,2573.58,2570.67,2570.67,2561.9400000000005,Short
1726604400,1726632600.0,2568.9,2567.96,2571.7200000000003,2568.9,Long
1726635000,1726650000.0,2571.63,2569.0,2569.0,2561.1099999999997,Short
1726651500,1726668300.0,2570.86,2569.29,2575.5700000000006,2570.86,Long
1726669500,1726682100.0,2570.69,2568.36,2568.36,2561.3700000000003,Short
1726682700,1726685700.0,2585.94,2567.87,2640.1500000000005,2585.94,Long
1726686000,1726704300.0,2585.78,2576.56,2576.56,2548.899999999999,Short
1726705800,1726706100.0,2557.68,2556.91,2556.91,2554.6,Short
1726707600,1726708500.0,2559.23,2557.77,2563.61,2559.23,Long
1726709400,1726711500.0,2557.0,2554.96,2554.96,2548.84,Short
1726711800,1726749300.0,2558.66,2557.49,2562.17,2558.66,Long
1726750200,1726761300.0,2579.13,2574.16,2574.16,2559.249999999999,Short
1726761900,1726761930.0,2589.17,2586.19,2598.11,2589.17,Long
1726762500,1726762530.0,2589.94,2588.24,2595.040000000001,2589.94,Long
1726763400,1726776300.0,2588.73,2588.25,2590.17,2588.73,Long
1726777500,1726787700.0,2589.46,2587.94,2587.94,2583.38,Short
1726788000,1726788030.0,2587.51,2586.26,2591.26,2587.51,Long
1726789200,1726791300.0,2587.18,2586.76,2586.76,2585.5000000000014,Short
1726792500,1726793700.0,2587.42,2585.6,2592.8800000000006,2587.42,Long
1726794000,1726795500.0,2588.38,2587.62,2587.62,2585.3399999999992,Short
1726795800,1726837500.0,2585.97,2585.17,2588.369999999999,2585.97,Long
1726839300,1726839330.0,2611.39,2605.58,2628.8199999999997,2611.39,Long
1726840200,1726840230.0,2605.26,2602.84,2602.84,2595.58,Short
1726841100,1726845000.0,2606.96,2605.0,2612.84,2606.96,Long
1726845900,1726861500.0,2614.8,2611.53,2624.61,2614.8,Long
1726863300,1727055000.0,2621.58,2619.6,2619.6,2613.66,Short
1727055600,1727055900.0,2620.76,2618.08,2628.800000000001,2620.76,Long
1727056200,1727057100.0,2621.09,2620.26,2620.26,2617.7700000000004,Short
1727057400,1727057430.0,2619.6,2618.82,2621.939999999999,2619.6,Long
1727058000,1727074500.0,2620.06,2619.74,2621.0200000000004,2620.06,Long
1727075400,1727089800.0,2624.77,2620.74,2620.74,2608.649999999999,Short
1727090100,1727111100.0,2623.54,2622.37,2627.05,2623.54,Long
1727111400,1727112900.0,2628.47,2627.73,2627.73,2625.5100000000007,Short
1727114400,1727118600.0,2628.75,2626.97,2626.97,2621.629999999999,Short
1727118900,1727118930.0,2627.34,2626.84,2628.84,2627.34,Long
1727120100,1727123100.0,2627.8,2626.41,2626.41,2622.239999999999,Short
1727124600,1727125200.0,2627.7,2627.33,2628.8099999999995,2627.7,Long
1727130000,1727130900.0,2627.77,2627.4,2628.8799999999997,2627.77,Long
1727131500,1727132400.0,2627.33,2627.13,2627.13,2626.5300000000007,Short
1727133000,1727139900.0,2627.0,2626.37,2626.37,2624.4799999999996,Short
1727140200,1727142900.0,2627.16,2626.41,2629.41,2627.16,Long
1727143200,1727143500.0,2629.44,2628.88,2628.88,2627.2000000000003,Short
1727145300,1727145330.0,2628.21,2627.2,2627.2,2624.169999999999,Short
1727146500,1727157000.0,2629.05,2627.4,2634.0000000000005,2629.05,Long
1727157300,1727157900.0,2632.89,2631.71,2631.71,2628.1700000000005,Short
1727158800,1727158830.0,2629.73,2625.3,2643.0199999999995,2629.73,Long
1727160000,1727160030.0,2627.22,2624.59,2624.59,2616.700000000001,Short
1727161500,1727171700.0,2629.29,2626.8,2626.8,2619.330000000001,Short
1727175600,1727177100.0,2635.74,2632.99,2643.99,2635.74,Long
1727179200,1727180700.0,2626.75,2625.59,2625.59,2622.1100000000006,Short
1727181300,1727181330.0,2629.37,2626.78,2637.139999999999,2629.37,Long
1727181900,1727181930.0,2628.46,2627.21,2627.21,2623.46,Short
1727183100,1727223300.0,2634.33,2630.61,2645.4899999999993,2634.33,Long
1727224800,1727228700.0,2659.97,2657.61,2657.61,2650.530000000001,Short
1727229600,1727237700.0,2661.15,2659.1,2667.3000000000006,2661.15,Long
1727238300,1727238900.0,2659.99,2657.71,2666.829999999999,2659.99,Long
1727239800,1727240400.0,2659.13,2658.02,2662.4600000000005,2659.13,Long
1727241600,1727242200.0,2659.73,2657.69,2657.69,2651.57,Short
1727242500,1727242530.0,2657.94,2656.42,2662.5,2657.94,Long
1727244300,1727256600.0,2659.41,2654.55,2654.55,2639.970000000001,Short
1727256900,1727256930.0,2655.17,2654.32,2657.72,2655.17,Long
1727259900,1727260200.0,2657.03,2655.8,2660.7200000000003,2657.03,Long
1727261400,1727280000.0,2656.95,2656.42,2658.539999999999,2656.95,Long
1727280900,1727285700.0,2656.68,2655.26,2655.26,2651.0000000000014,Short
1727286900,1727290200.0,2662.36,2661.41,2661.41,2658.559999999999,Short
1727290500,1727303100.0,2660.12,2659.21,2662.8499999999995,2660.12,Long
1727303400,1727306400.0,2658.86,2658.69,2658.69,2658.18,Short
1727309100,1727312700.0,2657.07,2655.93,2655.93,2652.509999999999,Short
1727314200,1727314230.0,2660.12,2657.72,2657.72,2650.5199999999995,Short
1727315700,1727318400.0,2660.03,2657.72,2666.9600000000014,2660.03,Long
1727318700,1727319600.0,2659.56,2658.64,2658.64,2655.8799999999997,Short
1727319900,1727330400.0,2658.65,2657.54,2661.9800000000005,2658.65,Long
1727330700,1727331300.0,2661.47,2660.25,2660.25,2656.5900000000006,Short
1727331600,1727331630.0,2659.53,2658.28,2663.28,2659.53,Long
1727333100,1727355900.0,2661.51,2660.46,2664.6600000000008,2661.51,Long
1727357100,1727359800.0,2662.05,2659.52,2659.52,2651.9299999999994,Short
1727360700,1727370300.0,2668.1,2665.1,2665.1,2656.1,Short
1727371500,1727392200.0,2671.12,2668.95,2677.63,2671.12,Long
1727393400,1727399700.0,2672.15,2670.9,2670.9,2667.15,Short
1727401500,1727407500.0,2669.73,2666.43,2666.43,2656.5299999999993,Short
1727408400,1727409600.0,2672.97,2672.05,2675.7299999999987,2672.97,Long
1727409900,1727409930.0,2673.82,2673.01,2673.01,2670.5800000000004,Short
1727411700,1727411730.0,2670.9,2670.27,2670.27,2668.3799999999997,Short
1727413500,1727413800.0,2670.76,2669.69,2673.9700000000007,2670.76,Long
1727414700,1727430000.0,2670.17,2666.95,2666.95,2657.289999999999,Short
1727430600,1727431200.0,2664.53,2662.2,2671.5200000000013,2664.53,Long
1727432400,1727434500.0,2664.39,2662.65,2662.65,2657.4300000000007,Short
1727435700,1727435730.0,2667.12,2665.74,2665.74,2661.5999999999995,Short
1727437200,1727437800.0,2668.08,2666.79,2671.95,2668.08,Long
1727438400,1727439300.0,2667.08,2665.56,2665.56,2661.0,Short
1727440200,1727445900.0,2666.21,2662.67,2676.83,2666.21,Long
1727446500,1727463900.0,2665.21,2662.32,2662.32,2653.6500000000005,Short
1727465100,1727466000.0,2649.76,2649.15,2649.15,2647.3199999999997,Short
1727466900,1727468400.0,2652.58,2650.7,2658.2200000000003,2652.58,Long
1727469900,1727660400.0,2653.55,2653.14,2654.780000000001,2653.55,Long
1727661600,1727674500.0,2653.96,2652.01,2652.01,2646.1600000000008,Short
1727675700,1727682000.0,2659.12,2657.31,2664.5499999999997,2659.12,Long
1727682300,1727683500.0,2656.5,2655.64,2655.64,2653.0599999999995,Short
1727684700,1727685600.0,2654.08,2651.86,2660.7399999999993,2654.08,Long
1727686200,1727714400.0,2654.67,2652.8,2652.8,2647.1900000000005,Short
1727715300,1727715900.0,2638.7,2636.97,2643.89,2638.7,Long
1727717100,1727718000.0,2639.87,2638.92,2638.92,2636.0700000000006,Short
1727719800,1727737500.0,2638.2,2633.24,2633.24,2618.3599999999997,Short
1727737800,1727752500.0,2635.61,2635.05,2637.29,2635.61,Long
1727753700,1727753730.0,2636.01,2635.45,2635.45,2633.7699999999986,Short
1727755500,1727804400.0,2638.36,2637.0,2642.4400000000005,2638.36,Long
1727805600,1727806800.0,2663.41,2661.87,2661.87,2657.25,Short
1727808300,1727808330.0,2663.82,2662.37,2668.170000000001,2663.82,Long
1727809200,1727810700.0,2661.04,2659.1,2666.86,2661.04,Long
1727811000,1727811900.0,2663.95,2663.24,2663.24,2661.1099999999997,Short
1727812200,1727812230.0,2660.16,2659.46,2662.2599999999993,2660.16,Long
1727813700,1727822100.0,2658.72,2657.6,2657.6,2654.2400000000002,Short
1727822700,1727823900.0,2662.62,2662.32,2662.32,2661.420000000001,Short
1727825700,1727861400.0,2661.19,2660.17,2660.17,2657.11,Short
1727862000,1727866800.0,2655.27,2651.98,2665.14,2655.27,Long
1727867100,1727871300.0,2649.71,2648.45,2648.45,2644.669999999999,Short
1727873100,1727873400.0,2652.59,2644.42,2644.42,2619.91,Short
1727875500,1727880300.0,2656.06,2650.97,2671.3300000000004,2656.06,Long
1727882700,1727884500.0,2646.15,2645.44,2645.44,2643.31,Short
1727884800,1727885100.0,2649.8,2648.82,2652.7400000000002,2649.8,Long
1727886300,1727886330.0,2651.21,2650.25,2654.09,2651.21,Long
1727887200,1727887230.0,2649.99,2647.8,2656.5599999999986,2649.99,Long
1727887800,1727887830.0,2650.47,2649.5,2649.5,2646.5900000000006,Short
1727888700,1727893800.0,2649.55,2648.86,2648.86,2646.79,Short
1727894100,1727894130.0,2653.18,2652.52,2655.1599999999994,2653.18,Long
1727895000,1727895030.0,2655.08,2653.6,2653.6,2649.16,Short
1727895900,1727916000.0,2654.38,2653.56,2656.8400000000006,2654.38,Long
1727917500,1727936100.0,2657.93,2657.37,2657.37,2655.69,Short
1727937600,1727955900.0,2656.36,2654.1,2654.1,2647.3199999999993,Short
1727956500,1727959200.0,2648.41,2646.84,2653.119999999999,2648.41,Long
1727960100,1727960700.0,2647.4,2643.34,2643.34,2631.1600000000003,Short
1727961900,1727963700.0,2649.04,2647.15,2654.7099999999996,2649.04,Long
1727966100,1727988000.0,2652.41,2640.11,2689.309999999999,2652.41,Long
1727993700,1728004500.0,2656.62,2655.0,2655.0,2650.1400000000003,Short
1728004800,1728024300.0,2657.7,2656.99,2659.83,2657.7,Long
1728024900,1728027900.0,2662.94,2662.13,2662.13,2659.7000000000003,Short
1728028800,1728029100.0,2662.95,2660.84,2660.84,2654.510000000001,Short
1728029400,1728029430.0,2660.48,2659.67,2662.91,2660.48,Long
1728030600,1728040200.0,2660.67,2660.29,2660.29,2659.1499999999996,Short
1728040500,1728040530.0,2658.23,2657.77,2659.61,2658.23,Long
1728041100,1728042000.0,2659.13,2658.27,2658.27,2655.6899999999996,Short
1728042300,1728042330.0,2661.36,2660.25,2664.6900000000005,2661.36,Long
1728043200,1728053700.0,2662.5,2660.2,2660.2,2653.2999999999993,Short
1728054000,1728055200.0,2660.26,2657.04,2669.920000000001,2660.26,Long
1728056400,1728059700.0,2658.15,2653.67,2653.67,2640.23,Short
1728063600,1728071100.0,2648.48,2645.85,2645.85,2637.9599999999996,Short
1728073500,1728073530.0,2651.66,2650.93,2650.93,2648.74,Short
1728074400,1728261300.0,2651.76,2650.66,2655.0600000000013,2651.76,Long
1728261600,1728262500.0,2650.47,2648.5,2648.5,2642.5900000000006,Short
1728262800,1728263100.0,2649.92,2648.99,2652.710000000001,2649.92,Long
1728263400,1728285600.0,2651.73,2650.89,2650.89,2648.3699999999994,Short
1728286500,1728303300.0,2647.25,2644.14,2656.5800000000004,2647.25,Long
1728304200,1728306600.0,2651.0,2648.75,2648.75,2642.0,Short
1728306900,1728306930.0,2649.44,2644.27,2664.9500000000003,2649.44,Long
1728309300,1728319200.0,2648.23,2643.82,2643.82,2630.5900000000006,Short
1728319800,1728321300.0,2644.81,2643.08,2650.0,2644.81,Long
1728323400,1728324900.0,2648.54,2647.75,2650.91,2648.54,Long
1728325200,1728325230.0,2645.89,2645.2,2645.2,2643.1299999999997,Short
1728326100,1728326130.0,2646.43,2644.0,2653.7199999999993,2646.43,Long
1728328500,1728329100.0,2642.24,2640.45,2647.6099999999997,2642.24,Long
1728329400,1728339600.0,2643.95,2643.64,2643.64,2642.71,Short
1728340200,1728344400.0,2644.87,2643.7,2643.7,2640.1899999999996,Short
1728345000,1728346500.0,2642.83,2641.5,2646.8199999999997,2642.83,Long
1728346800,1728347400.0,2643.55,2643.09,2643.09,2641.71,Short
1728347700,1728348300.0,2642.92,2641.9,2645.98,2642.92,Long
1728348600,1728351900.0,2644.69,2644.3,2644.3,2643.1300000000006,Short
1728352500,1728353100.0,2644.87,2640.71,2657.3499999999995,2644.87,Long
1728353400,1728358500.0,2645.24,2643.87,2643.87,2639.76,Short
1728359100,1728359130.0,2644.44,2641.57,2653.0499999999997,2644.44,Long
1728360900,1728361500.0,2642.71,2641.36,2641.36,2637.3100000000004,Short
1728361800,1728361830.0,2643.12,2642.1,2646.18,2643.12,Long
1728362700,1728363900.0,2642.22,2641.4,2641.4,2638.940000000001,Short
1728365100,1728367200.0,2644.13,2642.1,2650.2200000000007,2644.13,Long
1728367500,1728368100.0,2645.95,2643.91,2643.91,2637.79,Short
1728369600,1728370200.0,2640.94,2639.22,2646.100000000001,2640.94,Long
1728370800,1728383400.0,2636.62,2634.5,2634.5,2628.1400000000003,Short
1728384900,1728393600.0,2645.6,2644.35,2649.35,2645.6,Long
1728395100,1728395130.0,2640.86,2636.68,2653.400000000001,2640.86,Long
1728396600,1728414600.0,2639.13,2635.59,2635.59,2624.9700000000003,Short
1728416700,1728435000.0,2618.07,2616.57,2622.57,2618.07,Long
1728435300,1728435600.0,2622.5,2621.15,2621.15,2617.1000000000004,Short
1728435900,1728435930.0,2621.93,2620.78,2625.3799999999987,2621.93,Long
1728436500,1728436530.0,2621.81,2620.27,2626.43,2621.81,Long
1728437100,1728437400.0,2623.9,2621.92,2621.92,2615.98,Short
1728437700,1728438600.0,2620.21,2618.5,2625.34,2620.21,Long
1728438900,1728451500.0,2622.62,2621.29,2621.29,2617.3,Short
1728452400,1728452430.0,2624.13,2622.01,2622.01,2615.6500000000005,Short
1728453600,1728462300.0,2621.48,2619.46,2619.46,2613.4,Short
1728463200,1728463800.0,2616.88,2616.23,2616.23,2614.2799999999997,Short
1728464100,1728464130.0,2615.26,2614.26,2618.26,2615.26,Long
1728465300,1728469200.0,2617.31,2616.7,2616.7,2614.8699999999994,Short
1728469800,1728477300.0,2617.07,2616.35,2619.230000000001,2617.07,Long
1728478200,1728479100.0,2618.74,2615.58,2628.2199999999993,2618.74,Long
1728479700,1728496500.0,2618.92,2615.12,2615.12,2603.7199999999993,Short
1728496800,1728497400.0,2609.74,2608.81,2612.5299999999993,2609.74,Long
1728498600,1728499200.0,2607.96,2605.14,2605.14,2596.6799999999994,Short
1728501300,1728511800.0,2609.04,2607.6,2607.6,2603.2799999999997,Short
1728514800,1728516900.0,2606.9,2605.6,2610.8000000000006,2606.9,Long
1728517500,1728518400.0,2608.87,2607.8,2607.8,2604.590000000001,Short
1728519600,1728523500.0,2607.12,2605.88,2610.8399999999992,2607.12,Long
1728523800,1728524100.0,2610.58,2609.78,2609.78,2607.380000000001,Short
1728524400,1728544200.0,2608.25,2607.2,2611.4000000000005,2608.25,Long
1728544500,1728544530.0,2612.36,2610.4,2610.4,2604.52,Short
1728545400,1728546300.0,2614.25,2613.33,2617.01,2614.25,Long
1728546600,1728546630.0,2616.65,2615.71,2615.71,2612.89,Short
1728547200,1728547500.0,2616.69,2615.45,2615.45,2611.729999999999,Short
1728547800,1728559800.0,2614.52,2613.61,2617.2499999999995,2614.52,Long
1728561900,1728563100.0,2614.26,2611.38,2611.38,2602.74,Short
1728565200,1728567300.0,2624.71,2621.56,2634.1600000000003,2624.71,Long
1728568500,1728578700.0,2627.55,2622.04,2644.080000000001,2627.55,Long
1728579300,1728580500.0,2622.09,2620.01,2620.01,2613.7700000000004,Short
1728580800,1728582900.0,2618.82,2617.1,2623.980000000001,2618.82,Long
1728583500,1728584700.0,2625.11,2623.39,2623.39,2618.229999999999,Short
1728585000,1728629100.0,2626.02,2624.89,2629.4100000000003,2626.02,Long
1728629400,1728631800.0,2640.37,2639.45,2639.45,2636.6899999999996,Short
1728632400,1728633900.0,2643.09,2640.84,2649.84,2643.09,Long
1728634200,1728643500.0,2645.56,2644.01,2644.01,2639.360000000001,Short
1728643800,1728645300.0,2641.03,2639.6,2645.320000000001,2641.03,Long
1728645900,1728647700.0,2640.87,2639.71,2639.71,2636.2300000000005,Short
1728648600,1728648630.0,2646.44,2645.6,2645.6,2643.0799999999995,Short
1728651600,1728674700.0,2643.39,2640.13,2653.169999999999,2643.39,Long
1728675300,1728875100.0,2657.18,2655.34,2655.34,2649.820000000001,Short
1728875400,1728875430.0,2655.52,2653.64,2661.1600000000003,2655.52,Long
1728876600,1728877800.0,2656.37,2655.02,2660.4199999999996,2656.37,Long
1728879300,1728879600.0,2656.68,2654.5,2654.5,2647.9600000000005,Short
1728880500,1728895800.0,2656.6,2655.63,2659.5099999999993,2656.6,Long
1728896400,1728897600.0,2660.11,2659.21,2662.8100000000004,2660.11,Long
1728898500,1728898530.0,2660.07,2658.6,2658.6,2654.189999999999,Short
1728900300,1728901200.0,2659.81,2657.5,2666.74,2659.81,Long
1728901500,1728912900.0,2659.89,2658.87,2658.87,2655.81,Short
1728913200,1728913500.0,2654.29,2653.09,2657.8899999999994,2654.29,Long
1728914100,1728930000.0,2660.52,2657.54,2657.54,2648.6,Short
1728930300,1728930900.0,2649.49,2648.0,2653.959999999999,2649.49,Long
1728931200,1728931230.0,2650.86,2649.92,2649.92,2647.1,Short
1728932700,1728938400.0,2650.85,2647.63,2660.5099999999993,2650.85,Long
1728943800,1728943830.0,2649.11,2647.94,2647.94,2644.43,Short
1728948900,1728950700.0,2650.4,2649.3,2653.7,2650.4,Long
1728951000,1728951600.0,2649.93,2648.95,2648.95,2646.0099999999998,Short
1728952200,1728952230.0,2649.25,2647.6,2654.2000000000003,2649.25,Long
1728953400,1728953700.0,2648.63,2647.84,2647.84,2645.4700000000003,Short
1728954000,1728954030.0,2648.75,2648.26,2650.2199999999993,2648.75,Long
1728956100,1728956130.0,2650.06,2649.07,2653.0299999999993,2650.06,Long
1728957300,1728960600.0,2650.0,2647.6,2647.6,2640.3999999999996,Short
1728962100,1728976500.0,2650.07,2648.46,2648.46,2643.6299999999997,Short
1728977100,1728991800.0,2649.97,2648.16,2655.3999999999996,2649.97,Long
1728992100,1728994500.0,2652.86,2650.2,2650.2,2642.219999999999,Short
1728997500,1729000800.0,2649.94,2646.9,2646.9,2637.78,Short
1729001700,1729020600.0,2654.98,2652.19,2663.35,2654.98,Long
1729021500,1729025400.0,2662.76,2662.1,2662.1,2660.119999999999,Short
1729026000,1729031400.0,2662.84,2662.21,2664.7300000000005,2662.84,Long
1729032000,1729032030.0,2662.18,2660.9,2666.019999999999,2662.18,Long
1729033200,1729040100.0,2662.07,2660.9,2660.9,2657.39,Short
1729041000,1729074300.0,2664.98,2661.51,2675.3899999999994,2664.98,Long
1729075800,1729075830.0,2675.71,2673.62,2681.9800000000005,2675.71,Long
1729077300,1729086000.0,2675.85,2674.1,2681.1,2675.85,Long
1729089300,1729089330.0,2679.5,2677.19,2686.43,2679.5,Long
1729090800,1729101600.0,2672.95,2671.18,2671.18,2665.87,Short
1729101900,1729101930.0,2675.55,2674.7,2678.1000000000013,2675.55,Long
1729103100,1729104300.0,2676.52,2675.0,2675.0,2670.44,Short
1729105200,1729107000.0,2675.69,2674.81,2678.3300000000004,2675.69,Long
1729107300,1729107330.0,2674.25,2672.4,2672.4,2666.8500000000004,Short
1729108500,1729112400.0,2674.49,2673.2,2678.3599999999997,2674.49,Long
1729116300,1729117200.0,2673.42,2671.12,2671.12,2664.2199999999993,Short
1729117800,1729123200.0,2674.17,2673.85,2673.85,2672.8899999999994,Short
1729124700,1729145700.0,2675.51,2674.61,2678.2100000000005,2675.51,Long
1729146300,1729147800.0,2682.78,2681.65,2686.1700000000005,2682.78,Long
1729148100,1729148700.0,2682.74,2681.83,2681.83,2679.1000000000004,Short
1729149600,1729150500.0,2682.22,2681.71,2681.71,2680.1800000000007,Short
1729151400,1729156200.0,2683.47,2680.73,2691.689999999999,2683.47,Long
1729159200,1729159500.0,2680.01,2679.28,2679.28,2677.09,Short
1729161300,1729165800.0,2687.77,2683.96,2699.2,2687.77,Long
1729168500,1729170000.0,2682.05,2673.39,2673.39,2647.409999999999,Short
1729170300,1729190400.0,2680.85,2677.95,2689.55,2680.85,Long
1729190700,1729193100.0,2690.54,2688.7,2688.7,2683.1799999999994,Short
1729193700,1729195500.0,2692.52,2692.06,2692.06,2690.68,Short
1729196700,1729198800.0,2692.3,2691.0,2696.2000000000007,2692.3,Long
1729202400,1729203600.0,2692.52,2692.52,2692.52,2692.52,Long
1729203900,1729232100.0,2692.5,2691.0,2697.0,2692.5,Long
1729232400,1729233000.0,2710.3,2707.9,2707.9,2700.7,Short
1729234200,1729235100.0,2706.56,2704.58,2704.58,2698.64,Short
1729236300,1729243200.0,2708.83,2707.2,2707.2,2702.3099999999995,Short
1729243500,1729244100.0,2711.43,2710.56,2714.0399999999995,2711.43,Long
1729246800,1729256700.0,2712.86,2710.1,2721.140000000001,2712.86,Long
1729257000,1729258500.0,2709.21,2706.23,2706.23,2697.29,Short
1729260300,1729488300.0,2715.44,2712.35,2724.7100000000005,2715.44,Long
1729489200,1729489230.0,2727.45,2726.01,2731.7699999999986,2727.45,Long
1729490700,1729491000.0,2725.53,2724.08,2724.08,2719.729999999999,Short
1729491300,1729491330.0,2724.25,2723.53,2726.4099999999994,2724.25,Long
1729493100,1729494900.0,2727.39,2726.72,2729.4,2727.39,Long
1729495200,1729497900.0,2731.57,2730.27,2730.27,2726.3699999999994,Short
1729498200,1729521300.0,2730.22,2729.54,2732.2599999999993,2730.22,Long
1729521900,1729538400.0,2729.83,2725.42,2725.42,2712.1900000000005,Short
1729538700,1729539000.0,2717.99,2716.43,2722.6699999999996,2717.99,Long
1729539300,1729541100.0,2720.58,2719.33,2719.33,2715.58,Short
1729541400,1729541430.0,2719.9,2718.92,2722.84,2719.9,Long
1729542300,1729551900.0,2720.72,2718.8,2718.8,2713.0400000000013,Short
1729553100,1729586700.0,2721.55,2720.4,2725.0000000000005,2721.55,Long
1729587300,1729587600.0,2735.58,2735.21,2735.21,2734.1000000000004,Short
1729587900,1729588500.0,2735.14,2734.08,2738.3199999999997,2735.14,Long
1729589700,1729590600.0,2733.48,2732.59,2732.59,2729.9200000000005,Short
1729591500,1729592700.0,2732.09,2730.5,2736.8600000000006,2732.09,Long
1729593900,1729595400.0,2738.49,2735.09,2748.6899999999987,2738.49,Long
1729597200,1729598400.0,2734.86,2732.03,2732.03,2723.5400000000004,Short
1729598700,1729599900.0,2733.3,2731.41,2738.970000000001,2733.3,Long
1729600200,1729600500.0,2736.46,2734.23,2734.23,2727.54,Short
1729600800,1729601100.0,2735.88,2733.54,2742.9000000000005,2735.88,Long
1729601400,1729601430.0,2737.78,2736.58,2736.58,2732.979999999999,Short
1729602600,1729642800.0,2738.69,2736.5,2745.26,2738.69,Long
1729643100,1729655400.0,2746.59,2745.97,2745.97,2744.1099999999988,Short
1729657800,1729676100.0,2748.88,2745.28,2759.68,2748.88,Long
1729677000,1729677300.0,2751.59,2750.61,2750.61,2747.67,Short
1729677600,1729677630.0,2751.61,2750.05,2756.29,2751.61,Long
1729678500,1729680000.0,2751.58,2750.21,2750.21,2746.1000000000004,Short
1729681500,1729681530.0,2751.75,2749.45,2749.45,2742.5499999999993,Short
1729682400,1729682430.0,2752.68,2749.54,2762.0999999999995,2752.68,Long
1729683600,1729710900.0,2752.27,2750.32,2750.32,2744.4700000000007,Short
1729711500,1729712400.0,2716.08,2714.1,2722.02,2716.08,Long
1729713600,1729721400.0,2716.38,2715.95,2715.95,2714.659999999999,Short
1729722000,1729722030.0,2717.21,2715.2,2723.2400000000007,2717.21,Long
1729722900,1729768200.0,2717.9,2717.24,2719.880000000001,2717.9,Long
1729769400,1729777200.0,2736.76,2735.26,2741.26,2736.76,Long
1729778700,1729792500.0,2735.18,2729.77,2729.77,2713.5400000000004,Short
1729792800,1729807200.0,2735.17,2734.71,2736.55,2735.17,Long
1729807800,1729838100.0,2735.69,2734.1,2734.1,2729.3299999999995,Short
1729838400,1729843200.0,2728.82,2728.08,2731.040000000001,2728.82,Long
1729844400,1729856100.0,2724.86,2722.97,2722.97,2717.299999999999,Short
1729857000,1729858200.0,2729.15,2726.7,2726.7,2719.349999999999,Short
1729858500,1730063100.0,2726.44,2725.3,2729.8599999999997,2726.44,Long
1730066400,1730082600.0,2748.21,2748.21,2748.21,2748.21,Long
1730083200,1730083230.0,2734.21,2732.85,2732.85,2728.7699999999995,Short
1730084700,1730091000.0,2734.21,2732.68,2732.68,2728.0899999999992,Short
1730092200,1730092230.0,2733.77,2732.5,2732.5,2728.69,Short
1730094600,1730105400.0,2737.24,2735.07,2743.7499999999986,2737.24,Long
1730106300,1730119800.0,2732.77,2731.68,2731.68,2728.4099999999994,Short
1730120700,1730139000.0,2735.43,2732.9,2743.019999999999,2735.43,Long
1730140200,1730142600.0,2741.1,2740.09,2740.09,2737.060000000001,Short
1730143500,1730143530.0,2743.31,2740.84,2750.7199999999993,2743.31,Long
1730144100,1730144130.0,2743.09,2742.33,2742.33,2740.0499999999993,Short
1730145000,1730146200.0,2742.63,2740.8,2748.12,2742.63,Long
1730147400,1730153400.0,2742.69,2742.17,2742.17,2740.61,Short
1730154300,1730157300.0,2741.44,2739.93,2739.93,2735.399999999999,Short
1730159400,1730181000.0,2742.19,2740.0,2748.76,2742.19,Long
1730182200,1730184000.0,2750.94,2749.02,2749.02,2743.2599999999998,Short
1730184300,1730188500.0,2754.05,2752.81,2757.770000000001,2754.05,Long
1730189700,1730191500.0,2752.36,2750.82,2750.82,2746.2000000000003,Short
1730191800,1730192400.0,2752.74,2750.1,2760.6599999999994,2752.74,Long
1730193000,1730193600.0,2754.89,2753.7,2753.7,2750.1299999999997,Short
1730196300,1730196600.0,2752.93,2750.09,2761.449999999999,2752.93,Long
1730197800,1730203500.0,2750.61,2747.3,2747.3,2737.3700000000003,Short
1730204100,1730204130.0,2753.23,2752.06,2756.7400000000002,2753.23,Long
1730205000,1730205900.0,2751.64,2749.07,2759.349999999999,2751.64,Long
1730206200,1730207100.0,2752.71,2751.6,2751.6,2748.2699999999995,Short
1730209200,1730261700.0,2758.79,2752.71,2777.0299999999997,2758.79,Long
1730262300,1730265000.0,2778.09,2777.4,2780.1600000000003,2778.09,Long
1730265600,1730280900.0,2779.17,2777.8,2783.2799999999997,2779.17,Long
1730281500,1730283600.0,2782.58,2780.5,2788.8199999999997,2782.58,Long
1730283900,1730292300.0,2786.42,2784.7,2784.7,2779.539999999999,Short
1730293200,1730294400.0,2783.28,2781.12,2789.760000000001,2783.28,Long
1730295600,1730301900.0,2774.99,2770.96,2770.96,2758.870000000001,Short
1730304000,1730319000.0,2785.71,2782.33,2795.8500000000004,2785.71,Long
1730320200,1730321400.0,2785.43,2784.0,2789.7199999999993,2785.43,Long
1730325600,1730326200.0,2786.1,2786.1,2786.1,2786.1,Long
1730327400,1730333400.0,2787.45,2785.92,2785.92,2781.330000000001,Short
1730335200,1730338500.0,2787.22,2786.58,2789.1399999999994,2787.22,Long
1730339100,1730341800.0,2787.42,2786.06,2786.06,2781.9799999999996,Short
1730343300,1730343600.0,2787.54,2786.7,2790.0600000000004,2787.54,Long
1730344200,1730344500.0,2787.45,2786.92,2789.039999999999,2787.45,Long
1730346300,1730354100.0,2786.47,2785.2,2785.2,2781.39,Short
1730355000,1730355600.0,2784.78,2783.87,2787.510000000001,2784.78,Long
1730356500,1730372400.0,2784.86,2782.19,2782.19,2774.18,Short
1730373300,1730373330.0,2781.28,2778.63,2789.2300000000005,2781.28,Long
1730373900,1730376600.0,2779.46,2778.2,2778.2,2774.419999999999,Short
1730377200,1730400000.0,2781.65,2780.22,2780.22,2775.929999999999,Short
1730400900,1730418900.0,2746.68,2744.96,2751.8399999999992,2746.68,Long
1730419200,1730424900.0,2746.67,2746.01,2746.01,2744.0300000000007,Short
1730425500,1730446200.0,2746.64,2745.66,2749.58,2746.64,Long
1730446500,1730448300.0,2750.3,2748.78,2748.78,2744.2200000000003,Short
1730448600,1730450700.0,2751.43,2750.3,2754.819999999999,2751.43,Long
1730451000,1730451030.0,2754.46,2752.4,2752.4,2746.2200000000003,Short
1730452500,1730453100.0,2755.03,2751.3,2766.2200000000003,2755.03,Long
1730453400,1730458800.0,2753.14,2752.27,2752.27,2749.6600000000003,Short
1730460600,1730463000.0,2753.34,2752.47,2755.950000000001,2753.34,Long
1730463300,1730463900.0,2753.93,2752.64,2752.64,2748.77,Short
1730464500,1730464800.0,2758.96,2750.59,2784.0699999999997,2758.96,Long
1730465700,1730471100.0,2758.08,2753.39,2772.15,2758.08,Long
1730471400,1730494500.0,2751.95,2748.96,2748.96,2739.9900000000007,Short
1730674800,1730676600.0,2746.7,2746.7,2746.7,2746.7,Long
1730677800,1730689200.0,2740.18,2736.6,2750.9199999999996,2740.18,Long
1730690100,1730698800.0,2741.99,2739.26,2750.1799999999985,2741.99,Long
1730699700,1730699730.0,2739.13,2737.3,2744.62,2739.13,Long
1730701200,1730701230.0,2738.39,2737.59,2737.59,2735.190000000001,Short
1730703000,1730704500.0,2738.76,2737.0,2744.040000000001,2738.76,Long
1730704800,1730712300.0,2742.96,2741.84,2741.84,2738.4800000000005,Short
1730715000,1730717100.0,2744.28,2740.08,2756.880000000001,2744.28,Long
1730718000,1730719800.0,2738.83,2736.1,2736.1,2727.91,Short
1730720100,1730720130.0,2739.25,2737.5,2744.5,2739.25,Long
1730721600,1730728500.0,2740.77,2739.1,2745.78,2740.77,Long
1730733600,1730734500.0,2744.91,2744.28,2744.28,2742.3900000000012,Short
1730735700,1730737200.0,2742.05,2739.21,2739.21,2730.6899999999996,Short
1730738100,1730738130.0,2738.51,2737.6,2741.240000000001,2738.51,Long
1730739300,1730750700.0,2734.09,2733.63,2733.63,2732.25,Short
1730752500,1730753100.0,2738.26,2737.0,2737.0,2733.2199999999993,Short
1730753700,1730755800.0,2737.14,2736.51,2739.029999999999,2737.14,Long
1730756400,1730757000.0,2736.86,2736.4,2736.4,2735.02,Short
1730773800,1730784600.0,2736.45,2732.3,2732.3,2719.8500000000013,Short
1730784900,1730784930.0,2736.45,2735.41,2739.5699999999997,2736.45,Long
1730786100,1730787900.0,2734.39,2733.1,2733.1,2729.23,Short
1730788200,1730793300.0,2734.43,2733.29,2737.8499999999995,2734.43,Long
1730793600,1730794500.0,2737.05,2735.21,2735.21,2729.6899999999996,Short
1730794800,1730805000.0,2733.48,2732.35,2736.8700000000003,2733.48,Long
1730805900,1730805930.0,2739.93,2738.1,2738.1,2732.61,Short
1730807400,1730810400.0,2742.41,2739.65,2750.689999999999,2742.41,Long
1730810700,1730813700.0,2740.14,2739.12,2739.12,2736.06,Short
1730814000,1730819100.0,2743.11,2742.03,2746.35,2743.11,Long
1730820000,1730821800.0,2737.91,2735.85,2735.85,2729.67,Short
1730822100,1730822130.0,2740.81,2739.2,2745.6400000000003,2740.81,Long
1730822700,1730824800.0,2744.31,2741.84,2741.84,2734.4300000000007,Short
1730825100,1730825400.0,2738.57,2736.5,2744.7800000000007,2738.57,Long
1730825700,1730825730.0,2741.08,2739.96,2739.96,2736.6000000000004,Short
1730826600,1730828100.0,2739.98,2739.27,2742.11,2739.98,Long
1730828700,1730833800.0,2741.61,2740.76,2740.76,2738.2100000000005,Short
1730834100,1730836800.0,2740.32,2738.9,2744.5800000000004,2740.32,Long
1730837700,1730838000.0,2741.69,2740.0,2740.0,2734.93,Short
1730839200,1730852100.0,2741.77,2740.85,2744.53,2741.77,Long
1730852400,1730856300.0,2743.29,2740.8,2740.8,2733.330000000001,Short
1730857200,1730859900.0,2743.99,2740.35,2754.9099999999994,2743.99,Long
1730860200,1730860800.0,2747.82,2746.5,2746.5,2742.5399999999995,Short
1730861100,1730861130.0,2742.46,2739.64,2750.9200000000005,2742.46,Long
1730862300,1730867100.0,2738.77,2735.75,2735.75,2726.69,Short
1730868000,1730870700.0,2739.15,2736.35,2747.5500000000006,2739.15,Long
1730871600,1730889000.0,2738.91,2736.3,2736.3,2728.470000000001,Short
1730891700,1730891730.0,2722.47,2720.6,2728.0799999999995,2722.47,Long
1730893500,1730914800.0,2709.43,2705.27,2705.27,2692.7900000000004,Short
1730916000,1730916300.0,2663.33,2661.66,2661.66,2656.6499999999996,Short
1730918100,1730921400.0,2669.41,2666.48,2678.1999999999994,2669.41,Long
1730923200,1730948100.0,2667.26,2666.71,2666.71,2665.0599999999995,Short
1730949300,1730956800.0,2656.95,2656.25,2656.25,2654.1500000000005,Short
1730958300,1730960400.0,2658.83,2656.7,2665.2200000000003,2658.83,Long
1730961000,1730961600.0,2657.38,2655.53,2662.93,2657.38,Long
1730962200,1730979300.0,2656.47,2655.06,2660.6999999999994,2656.47,Long
1730979900,1730979930.0,2666.77,2665.66,2665.66,2662.3299999999995,Short
1730981100,1731005700.0,2667.87,2664.38,2678.3399999999992,2667.87,Long
1731007200,1731009300.0,2694.15,2690.24,2690.24,2678.509999999999,Short
1731009600,1731027900.0,2694.46,2693.48,2697.4,2694.46,Long
1731028200,1731062100.0,2704.73,2702.77,2702.77,2696.89,Short
1731062400,1731063000.0,2686.01,2684.79,2689.670000000001,2686.01,Long
1731065400,1731069300.0,2689.05,2686.82,2695.7400000000002,2689.05,Long
1731070200,1731078000.0,2691.37,2689.26,2697.699999999999,2691.37,Long
1731078300,1731078900.0,2691.97,2689.88,2689.88,2683.610000000001,Short
1731079200,1731080100.0,2686.59,2683.67,2695.3500000000004,2686.59,Long
1731082800,1731096300.0,2687.03,2685.36,2685.36,2680.35,Short
1731097200,1731098700.0,2687.99,2685.75,2694.709999999999,2687.99,Long
1731099000,1731099900.0,2687.59,2686.91,2686.91,2684.869999999999,Short
1731100500,1731282600.0,2685.29,2684.74,2684.74,2683.0899999999992,Short
1731282900,1731282930.0,2683.61,2682.2,2687.840000000001,2683.61,Long
1731285000,1731285030.0,2683.63,2682.1,2688.2200000000007,2683.63,Long
1731286200,1731305400.0,2684.78,2682.5,2682.5,2675.6599999999994,Short
1731307800,1731308400.0,2673.0,2671.5,2677.5,2673.0,Long
1731310200,1731311100.0,2672.38,2670.89,2676.850000000001,2672.38,Long
1731312600,1731312900.0,2669.65,2668.81,2672.1700000000005,2669.65,Long
1731313500,1731313530.0,2669.56,2668.27,2673.43,2669.56,Long
1731314100,1731314130.0,2669.91,2667.8,2676.239999999999,2669.91,Long
1731315000,1731315030.0,2669.99,2668.58,2668.58,2664.3500000000004,Short
1731315900,1731319200.0,2670.5,2668.81,2668.81,2663.74,Short
1731320700,1731353700.0,2674.68,2672.56,2672.56,2666.2000000000003,Short
1731354900,1731373800.0,2619.78,2618.06,2624.940000000001,2619.78,Long
1731374100,1731374700.0,2624.27,2623.11,2623.11,2619.6300000000006,Short
1731375900,1731375930.0,2622.55,2621.29,2626.330000000001,2622.55,Long
1731377700,1731381900.0,2622.65,2620.98,2627.6600000000003,2622.65,Long
1731382200,1731412800.0,2623.67,2622.69,2622.69,2619.75,Short
1731414900,1731427500.0,2603.93,2600.92,2612.959999999999,2603.93,Long
1731429900,1731440400.0,2602.68,2598.67,2598.67,2586.640000000001,Short
1731441300,1731443400.0,2600.48,2598.1,2598.1,2590.9599999999996,Short
1731443700,1731444300.0,2598.54,2597.57,2601.4499999999994,2598.54,Long
1731446700,1731452400.0,2599.35,2597.1,2606.1,2599.35,Long
1731452700,1731454200.0,2597.95,2597.35,2597.35,2595.55,Short
1731455700,1731456600.0,2599.63,2599.23,2599.23,2598.0299999999997,Short
1731458100,1731459000.0,2599.44,2598.1,2598.1,2594.0799999999995,Short
1731459600,1731475200.0,2599.47,2598.66,2601.8999999999996,2599.47,Long
1731475800,1731478800.0,2607.07,2606.11,2606.11,2603.23,Short
1731479400,1731479430.0,2606.96,2604.6,2614.0400000000004,2606.96,Long
1731480000,1731488100.0,2606.38,2605.39,2605.39,2602.419999999999,Short
1731489000,1731497400.0,2609.02,2607.89,2612.4100000000003,2609.02,Long
1731497700,1731497730.0,2608.24,2607.1,2607.1,2603.6800000000003,Short
1731498600,1731503100.0,2609.53,2607.75,2614.870000000001,2609.53,Long
1731503400,1731503430.0,2610.78,2608.8,2608.8,2602.86,Short
1731505800,1731508200.0,2617.87,2607.01,2650.449999999999,2617.87,Long
1731509100,1731587100.0,2609.46,2606.4,2606.4,2597.2200000000003,Short
1731587700,1731589800.0,2556.02,2554.71,2554.71,2550.78,Short
1731591600,1731614400.0,2558.51,2552.13,2577.6500000000005,2558.51,Long
1731615300,1731632400.0,2567.81,2564.19,2564.19,2553.3300000000004,Short
1731633900,1731637200.0,2569.81,2568.25,2568.25,2563.57,Short
1731637800,1731646500.0,2569.64,2567.63,2575.669999999999,2569.64,Long
1731648000,1731661500.0,2567.4,2565.51,2565.51,2559.8400000000006,Short
1731661800,1731662100.0,2567.71,2566.14,2572.4200000000005,2567.71,Long
1731664500,1731672600.0,2567.61,2565.08,2575.2000000000007,2567.61,Long
1731673200,1731677100.0,2566.79,2565.1,2571.86,2566.79,Long
1731678600,1731678630.0,2571.46,2561.61,2601.0099999999998,2571.46,Long
1731679200,1731681000.0,2567.23,2564.94,2574.1,2567.23,Long
1731681300,1731681330.0,2573.96,2571.6,2571.6,2564.5199999999995,Short
1731683700,1731684300.0,2575.51,2571.19,2588.4700000000007,2575.51,Long
1731684600,1731686100.0,2569.64,2566.7,2566.7,2557.8799999999997,Short
1731687300,1731687900.0,2573.15,2569.99,2582.630000000001,2573.15,Long
1731689100,1731703500.0,2565.35,2562.59,2562.59,2554.310000000001,Short
1731704100,1731704700.0,2563.56,2562.68,2562.68,2560.0399999999995,Short
1731705900,1731705930.0,2562.16,2561.97,2562.73,2562.16,Long
1731707100,1731880800.0,2561.69,2561.12,2561.12,2559.4099999999994,Short
1731884700,1731907500.0,2568.2,2562.95,2583.95,2568.2,Long
1731908700,1731921300.0,2587.31,2585.19,2585.19,2578.8300000000004,Short
1731922500,1731954900.0,2592.95,2590.21,2601.169999999999,2592.95,Long
1731955800,1731957600.0,2609.47,2607.67,2614.869999999999,2609.47,Long
1731959100,1731959400.0,2608.99,2608.41,2608.41,2606.67,Short
1731960000,1731962700.0,2610.27,2609.53,2609.53,2607.310000000001,Short
1731963000,1731963030.0,2609.44,2607.5,2615.26,2609.44,Long
1731965700,1731974700.0,2611.54,2609.3,2618.2599999999993,2611.54,Long
1731975600,1731999600.0,2611.68,2611.06,2613.5399999999995,2611.68,Long
1732000800,1732005300.0,2620.03,2617.96,2617.96,2611.7499999999995,Short
1732006500,1732023600.0,2626.57,2622.6,2638.480000000001,2626.57,Long
1732025100,1732025130.0,2636.53,2634.76,2641.84,2636.53,Long
1732026600,1732037400.0,2628.88,2624.84,2624.84,2612.7200000000003,Short
1732038000,1732040400.0,2631.06,2629.0,2629.0,2622.82,Short
1732041600,1732051800.0,2629.75,2626.6,2639.2000000000003,2629.75,Long
1732053600,1732076700.0,2633.21,2631.0,2639.84,2633.21,Long
1732078800,1732080600.0,2637.24,2636.16,2636.16,2632.92,Short
1732081800,1732102800.0,2638.35,2637.43,2637.43,2634.6699999999996,Short
1732103100,1732134300.0,2624.54,2622.64,2630.2400000000002,2624.54,Long
1732135800,1732139400.0,2649.39,2646.6,2646.6,2638.23,Short
1732143600,1732144200.0,2649.79,2649.79,2649.79,2649.79,Long
1732144500,1732164300.0,2649.5,2649.12,2650.6400000000003,2649.5,Long
1732166100,1732166130.0,2657.49,2654.4,2654.4,2645.130000000001,Short
1732167600,1732191900.0,2656.22,2654.4,2661.679999999999,2656.22,Long
1732192200,1732196100.0,2667.12,2666.09,2666.09,2663.000000000001,Short
1732196700,1732196730.0,2667.08,2663.49,2677.8500000000004,2667.08,Long
1732198800,1732198830.0,2671.09,2666.31,2685.4300000000007,2671.09,Long
1732200000,1732205700.0,2670.85,2668.34,2668.34,2660.810000000001,Short
1732207800,1732207830.0,2664.68,2661.75,2673.4699999999993,2664.68,Long
1732208700,1732209600.0,2665.36,2662.77,2662.77,2654.9999999999995,Short
1732210200,1732217700.0,2667.03,2665.81,2670.690000000001,2667.03,Long
1732218000,1732218300.0,2670.12,2669.5,2669.5,2667.6400000000003,Short
1732219500,1732225800.0,2671.5,2667.9,2682.2999999999997,2671.5,Long
1732230300,1732234500.0,2669.82,2668.2,2668.2,2663.339999999999,Short
1732235700,1732278000.0,2673.16,2672.15,2676.189999999999,2673.16,Long
1732278300,1732278330.0,2699.89,2698.05,2698.05,2692.530000000001,Short
1732279200,1732281600.0,2699.95,2698.3,2704.8999999999987,2699.95,Long
1732282500,1732289400.0,2693.69,2691.01,2691.01,2682.9700000000007,Short
1732289700,1732308600.0,2700.75,2697.99,2709.0300000000007,2700.75,Long
1732309500,1732312500.0,2706.9,2705.53,2711.0099999999998,2706.9,Long
1732543500,1732570200.0,2715.82,2713.31,2713.31,2705.7799999999993,Short
1732571100,1732575900.0,2626.26,2625.74,2625.74,2624.1799999999985,Short
1732577100,1732577400.0,2628.31,2625.6,2636.44,2628.31,Long
1732578000,1732580100.0,2625.14,2618.87,2618.87,2600.06,Short
1732580400,1732580430.0,2612.17,2609.48,2620.2400000000002,2612.17,Long
1732581300,1732582800.0,2623.78,2620.95,2620.95,2612.4599999999987,Short
1732583100,1732583130.0,2624.04,2619.81,2636.73,2624.04,Long
1732584600,1732585500.0,2626.66,2624.31,2633.7099999999996,2626.66,Long
1732586400,1732588500.0,2629.02,2625.74,2638.8600000000006,2629.02,Long
1732589700,1732590000.0,2627.68,2626.02,2626.02,2621.0400000000004,Short
1732590300,1732597800.0,2625.85,2623.73,2632.2099999999996,2625.85,Long
1732598400,1732612500.0,2623.24,2621.84,2621.84,2617.6400000000012,Short
1732612800,1732612830.0,2623.05,2619.81,2632.770000000001,2623.05,Long
1732613700,1732631100.0,2623.3,2620.11,2632.8700000000003,2623.3,Long
1732631700,1732635600.0,2629.71,2622.92,2622.92,2602.55,Short
1732636800,1732639500.0,2631.85,2627.77,2627.77,2615.53,Short
1732640100,1732646700.0,2630.4,2628.86,2628.86,2624.2400000000002,Short
1732647000,1732647030.0,2622.3,2619.6,2630.400000000001,2622.3,Long
1732647600,1732649700.0,2624.11,2623.17,2626.9300000000003,2624.11,Long
1732650000,1732651200.0,2627.36,2625.7,2625.7,2620.719999999999,Short
1732652100,1732652130.0,2629.83,2627.4,2637.1199999999994,2629.83,Long
1732652700,1732652730.0,2629.5,2627.5,2627.5,2621.5,Short
1732654200,1732668300.0,2631.07,2630.47,2632.8700000000013,2631.07,Long
1732668900,1732668930.0,2628.48,2627.36,2627.36,2624.0000000000005,Short
1732670100,1732670130.0,2629.7,2627.86,2627.86,2622.340000000001,Short
1732671900,1732672200.0,2632.58,2630.36,2630.36,2623.7000000000007,Short
1732672500,1732705500.0,2630.26,2628.4,2635.8400000000006,2630.26,Long
1732705800,1732706700.0,2648.61,2646.84,2646.84,2641.53,Short
1732707000,1732712400.0,2646.41,2645.21,2650.0099999999993,2646.41,Long
1732713600,1732713900.0,2650.42,2646.79,2646.79,2635.8999999999996,Short
1732714800,1732719300.0,2652.11,2648.21,2663.8100000000004,2652.11,Long
1732722300,1732744800.0,2644.37,2638.2,2638.2,2619.6899999999996,Short
1732749000,1732749030.0,2637.75,2628.8,2628.8,2601.9500000000007,Short
1732749600,1732753500.0,2636.81,2636.48,2636.48,2635.4900000000002,Short
1732754100,1732755000.0,2637.88,2636.11,2643.19,2637.88,Long
1732755600,1732770600.0,2636.63,2635.71,2635.71,2632.95,Short
1732770900,1732798500.0,2631.71,2631.19,2633.27,2631.71,Long
1732799700,1732800000.0,2645.71,2643.0,2653.84,2645.71,Long
1732800300,1732800600.0,2646.39,2645.34,2645.34,2642.190000000001,Short
1732801200,1732801500.0,2646.62,2643.18,2656.94,2646.62,Long
1732802400,1732802700.0,2647.09,2645.56,2651.6800000000007,2647.09,Long
1732803000,1732803300.0,2647.72,2647.06,2647.06,2645.0800000000004,Short
1732803600,1732804500.0,2646.3,2645.63,2648.3100000000004,2646.3,Long
1732804800,1732831200.0,2645.79,2644.68,2644.68,2641.3499999999995,Short
1732836300,1732842600.0,2639.14,2637.3,2637.3,2631.780000000001,Short
1732843500,1732867200.0,2643.92,2641.38,2651.54,2643.92,Long
1732867500,1732871100.0,2662.48,2660.86,2660.86,2656.0000000000005,Short
1732872900,1732873200.0,2660.51,2658.51,2658.51,2652.51,Short
1732873500,1732875000.0,2659.64,2657.57,2665.849999999999,2659.64,Long
1732875300,1732875600.0,2664.69,2662.91,2662.91,2657.5699999999993,Short
1732876200,1732876230.0,2663.46,2661.29,2669.9700000000003,2663.46,Long
1732876800,1732878600.0,2664.95,2662.39,2662.39,2654.71,Short
1732880400,1732880700.0,2663.37,2661.69,2668.4099999999994,2663.37,Long
1732881300,1732881330.0,2663.26,2660.68,2660.68,2652.9399999999987,Short
1732882800,1732885800.0,2661.92,2659.3,2669.7799999999997,2661.92,Long
1732887000,1732887030.0,2663.07,2661.64,2667.360000000001,2663.07,Long
1732890000,1732896900.0,2660.62,2658.73,2658.73,2653.0600000000004,Short
1732897500,1732898700.0,2661.94,2659.86,2659.86,2653.6200000000003,Short
1732899300,1732899900.0,2661.55,2659.92,2666.4400000000005,2661.55,Long
1732900500,1732900800.0,2660.8,2657.7,2657.7,2648.3999999999987,Short
1732901400,1732901700.0,2658.89,2658.01,2658.01,2655.3700000000013,Short
1732902300,1732903500.0,2661.02,2660.32,2663.1199999999994,2661.02,Long
1732904100,1732904130.0,2659.79,2658.9,2658.9,2656.2300000000005,Short
1732904700,1733122800.0,2659.67,2658.12,2658.12,2653.4699999999993,Short
1733124300,1733125800.0,2629.89,2625.38,2643.419999999999,2629.89,Long
1733126400,1733126700.0,2630.17,2628.92,2628.92,2625.17,Short
1733127000,1733127900.0,2629.75,2627.41,2636.7700000000004,2629.75,Long
1733129100,1733154000.0,2629.28,2626.64,2637.200000000001,2629.28,Long
1733155800,1733156100.0,2643.45,2639.24,2639.24,2626.6099999999997,Short
1733157000,1733157900.0,2643.97,2642.52,2642.52,2638.1700000000005,Short
1733158500,1733158530.0,2642.09,2641.69,2643.2900000000004,2642.09,Long
1733159700,1733159730.0,2640.96,2639.36,2645.7599999999998,2640.96,Long
1733162400,1733170200.0,2640.67,2637.42,2637.42,2627.67,Short
1733171700,1733171730.0,2644.15,2640.19,2640.19,2628.31,Short
1733174100,1733176200.0,2638.71,2637.79,2637.79,2635.0299999999997,Short
1733180100,1733180130.0,2638.75,2638.75,2638.75,2638.75,Long
1733180700,1733188800.0,2638.72,2638.49,2639.41,2638.72,Long
1733189100,1733198400.0,2643.71,2641.41,2641.41,2634.5099999999993,Short
1733199000,1733203800.0,2642.17,2641.11,2641.11,2637.9300000000003,Short
1733204700,1733213100.0,2640.23,2638.61,2645.0899999999997,2640.23,Long
1733214300,1733214330.0,2641.78,2639.35,2639.35,2632.059999999999,Short
1733215200,1733215230.0,2642.09,2640.93,2640.93,2637.449999999999,Short
1733216100,1733220900.0,2644.17,2639.59,2657.91,2644.17,Long
1733222400,1733227800.0,2645.07,2642.1,2642.1,2633.189999999999,Short
1733228100,1733228130.0,2643.24,2642.04,2646.8399999999992,2643.24,Long
1733229600,1733232900.0,2640.19,2638.2,2638.2,2632.229999999999,Short
1733233500,1733237700.0,2647.66,2644.16,2658.16,2647.66,Long
1733238300,1733242200.0,2645.41,2639.81,2639.81,2623.01,Short
1733243400,1733247000.0,2644.91,2640.98,2656.6999999999994,2644.91,Long
1733248200,1733248230.0,2645.34,2644.1,2649.060000000001,2645.34,Long
1733249100,1733252700.0,2649.02,2646.99,2646.99,2640.899999999999,Short
1733253000,1733257200.0,2646.14,2645.04,2649.4399999999996,2646.14,Long
1733259000,1733271300.0,2643.3,2641.1,2641.1,2634.499999999999,Short
1733271900,1733272200.0,2642.8,2642.07,2644.9900000000002,2642.8,Long
1733272500,1733277000.0,2642.64,2642.09,2642.09,2640.440000000001,Short
1733277600,1733279700.0,2642.96,2640.97,2648.9300000000007,2642.96,Long
1733280000,1733280030.0,2645.13,2644.38,2644.38,2642.13,Short
1733280900,1733295900.0,2644.07,2642.79,2647.9100000000008,2644.07,Long
1733296200,1733296230.0,2648.52,2647.86,2647.86,2645.8800000000006,Short
1733297100,1733311500.0,2647.12,2644.05,2644.05,2634.840000000001,Short
1733312400,1733316300.0,2647.35,2645.1,2654.1,2647.35,Long
1733317500,1733318100.0,2638.12,2634.12,2634.12,2622.12,Short
1733319600,1733337000.0,2647.14,2642.08,2662.3199999999997,2647.14,Long
1733337600,1733337630.0,2650.72,2649.91,2649.91,2647.48,Short
1733338200,1733338230.0,2652.2,2649.99,2649.99,2643.3599999999997,Short
1733339100,1733340000.0,2651.06,2647.04,2663.12,2651.06,Long
1733340600,1733340630.0,2651.37,2650.59,2653.709999999999,2651.37,Long
1733341500,1733345400.0,2652.56,2651.25,2651.25,2647.32,Short
1733346300,1733346900.0,2650.4,2649.06,2654.4200000000005,2650.4,Long
1733347500,1733355000.0,2650.52,2649.94,2649.94,2648.2000000000003,Short
1733355900,1733355930.0,2650.99,2649.7,2654.8599999999997,2650.99,Long
1733357100,1733361600.0,2650.35,2649.19,2649.19,2645.7100000000005,Short
1733361900,1733362500.0,2649.58,2648.76,2652.039999999999,2649.58,Long
1733362800,1733375400.0,2650.34,2649.16,2649.16,2645.619999999999,Short
1733376600,1733380800.0,2649.26,2648.48,2651.600000000001,2649.26,Long
1733382900,1733383200.0,2648.06,2645.63,2655.3499999999995,2648.06,Long
1733383800,1733385600.0,2649.57,2647.52,2655.7200000000007,2649.57,Long
1733388000,1733394300.0,2646.21,2644.12,2644.12,2637.8499999999995,Short
1733394600,1733394630.0,2648.4,2646.7,2653.500000000001,2648.4,Long
1733395200,1733395230.0,2650.04,2648.41,2654.9300000000003,2650.04,Long
1733396700,1733398800.0,2649.23,2647.0,2655.92,2649.23,Long
1733399400,1733407800.0,2649.92,2649.38,2651.54,2649.92,Long
1733408100,1733433300.0,2648.54,2646.67,2646.67,2641.0600000000004,Short
1733434200,1733445900.0,2631.79,2630.1,2636.86,2631.79,Long
1733446200,1733454900.0,2632.25,2631.44,2631.44,2629.01,Short
1733455200,1733470800.0,2629.57,2627.3,2636.38,2629.57,Long
1733471100,1733471400.0,2637.11,2636.6,2636.6,2635.0699999999993,Short
1733472600,1733474400.0,2640.72,2638.99,2638.99,2633.7999999999997,Short
1733475000,1733475030.0,2643.26,2641.33,2641.33,2635.539999999999,Short
1733476200,1733476230.0,2645.16,2643.2,2651.04,2645.16,Long
1733477400,1733477700.0,2642.39,2640.7,2640.7,2635.6299999999997,Short
1733478600,1733480400.0,2642.84,2640.82,2648.9,2642.84,Long
1733480700,1733484300.0,2639.54,2638.19,2638.19,2634.1400000000003,Short
1733484600,1733484900.0,2638.09,2637.33,2640.370000000001,2638.09,Long
1733485200,1733485230.0,2639.12,2637.92,2637.92,2634.3200000000006,Short
1733487000,1733487300.0,2637.35,2636.42,2640.1399999999994,2637.35,Long
1733488500,1733488800.0,2639.83,2638.7,2643.2200000000003,2639.83,Long
1733489100,1733496600.0,2641.26,2639.72,2639.72,2635.0999999999985,Short
1733496900,1733499000.0,2635.65,2633.08,2643.3600000000006,2635.65,Long
1733500500,1733501400.0,2636.78,2634.02,2634.02,2625.7399999999993,Short
1733501700,1733502000.0,2637.55,2635.76,2642.92,2637.55,Long
1733502600,1733503200.0,2639.76,2638.9,2642.3400000000006,2639.76,Long
1733503500,1733503800.0,2640.31,2639.18,2639.18,2635.7899999999995,Short
1733504100,1733504130.0,2640.06,2639.23,2642.5499999999997,2640.06,Long
1733505300,1733505900.0,2639.37,2638.86,2640.899999999999,2639.37,Long
1733506200,1733506230.0,2637.97,2636.9,2636.9,2633.690000000001,Short
1733507100,1733507400.0,2636.45,2634.72,2634.72,2629.5299999999997,Short
1733508900,1733511600.0,2636.91,2636.21,2639.0099999999993,2636.91,Long
1733513100,1733695200.0,2635.0,2634.05,2634.05,2631.2000000000007,Short
1733699700,1733700000.0,2647.67,2632.14,2694.2600000000007,2647.67,Long
1733702100,1733702130.0,2638.83,2635.9,2647.6199999999994,2638.83,Long
1733703300,1733703600.0,2636.74,2635.67,2639.949999999999,2636.74,Long
1733703900,1733705700.0,2635.52,2634.0,2634.0,2629.44,Short
1733706000,1733713500.0,2630.87,2628.54,2637.8599999999997,2630.87,Long
1733714100,1733714130.0,2642.51,2641.66,2645.0600000000013,2642.51,Long
1733715000,1733716800.0,2642.41,2640.52,2648.0799999999995,2642.41,Long
1733718000,1733721300.0,2638.69,2637.99,2640.790000000001,2638.69,Long
1733721900,1733726700.0,2639.11,2637.73,2637.73,2633.5899999999997,Short
1733727600,1733727630.0,2644.34,2643.64,2646.440000000001,2644.34,Long
1733728500,1733766900.0,2644.39,2643.58,2646.8199999999997,2644.39,Long
1733767800,1733791200.0,2664.5,2663.37,2663.37,2659.9799999999996,Short
1733792700,1733811000.0,2666.12,2660.18,2683.94,2666.12,Long
1733811600,1733812500.0,2668.16,2666.62,2672.7799999999997,2668.16,Long
1733812800,1733813700.0,2668.81,2668.08,2668.08,2665.89,Short
1733814300,1733816100.0,2670.83,2669.46,2674.9399999999996,2670.83,Long
1733816700,1733825400.0,2669.58,2667.74,2667.74,2662.2199999999993,Short
1733826000,1733826030.0,2667.32,2666.2,2666.2,2662.839999999999,Short
1733827800,1733865300.0,2675.16,2671.41,2686.41,2675.16,Long
1733866200,1733867100.0,2692.83,2691.5,2696.8199999999997,2692.83,Long
1733867700,1733871900.0,2693.99,2692.78,2692.78,2689.1500000000015,Short
1733874000,1733888100.0,2695.52,2693.9,2700.3799999999997,2695.52,Long
1733889300,1733889900.0,2696.69,2695.94,2695.94,2693.69,Short
1733892600,1733905500.0,2695.92,2683.42,2683.42,2645.92,Short
1733906100,1733913000.0,2694.91,2692.2,2703.04,2694.91,Long
1733915700,1733950500.0,2694.89,2693.41,2699.33,2694.89,Long
1733950800,1733950830.0,2717.3,2716.18,2716.18,2712.819999999999,Short
1733952900,1733953500.0,2717.69,2715.9,2723.06,2717.69,Long
1733958000,1733959800.0,2717.86,2715.3,2715.3,2707.6200000000003,Short
1733960700,1733965500.0,2718.95,2717.9,2722.099999999999,2718.95,Long
1733966700,1733981400.0,2718.18,2714.84,2714.84,2704.820000000001,Short
1733982000,1733997000.0,2715.14,2712.96,2721.6799999999994,2715.14,Long
1733997600,1733997900.0,2716.44,2714.02,2714.02,2706.7599999999998,Short
1733999400,1734000000.0,2713.25,2710.18,2722.4600000000005,2713.25,Long
1734000600,1734028500.0,2715.43,2712.12,2712.12,2702.19,Short
1734028800,1734029400.0,2685.91,2684.42,2690.379999999999,2685.91,Long
1734029700,1734030900.0,2686.06,2684.59,2684.59,2680.1800000000007,Short
1734031800,1734032400.0,2685.24,2684.8,2684.8,2683.4800000000014,Short
1734033000,1734034200.0,2683.71,2682.5,2687.34,2683.71,Long
1734035400,1734036000.0,2681.94,2681.51,2683.2299999999996,2681.94,Long
1734036300,1734038700.0,2682.74,2682.2,2682.2,2680.58,Short
1734039300,1734051300.0,2681.76,2681.4,2681.4,2680.3199999999997,Short
1734051900,1734066300.0,2687.17,2682.99,2699.710000000001,2687.17,Long
1734067500,1734069300.0,2686.46,2685.57,2685.57,2682.9000000000005,Short
1734069900,1734069930.0,2688.64,2687.81,2687.81,2685.32,Short
1734070800,1734070830.0,2687.54,2686.72,2690.0000000000005,2687.54,Long
1734071700,1734071730.0,2685.3,2683.76,2683.76,2679.1400000000003,Short
1734073200,1734073800.0,2690.22,2685.76,2703.5999999999985,2690.22,Long
1734075300,1734311400.0,2682.75,2681.48,2681.48,2677.67,Short
1734311700,1734325500.0,2651.04,2649.33,2656.17,2651.04,Long
1734327300,1734328200.0,2652.01,2649.8,2649.8,2643.17,Short
1734328500,1734328800.0,2652.36,2651.46,2655.0600000000004,2652.36,Long
1734329100,1734329700.0,2653.78,2652.0,2652.0,2646.6599999999994,Short
1734330300,1734331500.0,2653.74,2652.11,2658.6299999999987,2653.74,Long
1734333600,1734333900.0,2653.79,2651.5,2660.66,2653.79,Long
1734337800,1734352500.0,2658.1,2652.61,2674.5699999999993,2658.1,Long
1734352800,1734352830.0,2660.04,2657.68,2657.68,2650.5999999999995,Short
1734354000,1734358200.0,2660.31,2659.3,2663.3399999999992,2660.31,Long
1734358800,1734359100.0,2660.34,2657.68,2657.68,2649.699999999999,Short
1734359400,1734359430.0,2658.61,2656.91,2663.710000000001,2658.61,Long
1734361500,1734375600.0,2655.23,2654.58,2654.58,2652.6299999999997,Short
1734376800,1734377400.0,2655.52,2654.64,2658.1600000000003,2655.52,Long
1734379500,1734380700.0,2653.46,2652.63,2652.63,2650.1400000000003,Short
1734381600,1734382500.0,2653.03,2651.1,2658.820000000001,2653.03,Long
1734383700,1734386400.0,2651.92,2651.4,2651.4,2649.84,Short
1734390900,1734396600.0,2652.33,2651.63,2651.63,2649.5300000000007,Short
1734396900,1734410700.0,2653.57,2652.14,2657.860000000001,2653.57,Long
1734411600,1734419700.0,2652.54,2650.5,2650.5,2644.38,Short
1734420900,1734420930.0,2655.76,2654.88,2658.4000000000005,2655.76,Long
1734422700,1734440400.0,2654.25,2652.34,2652.34,2646.6100000000006,Short
1734441900,1734442200.0,2644.37,2642.45,2642.45,2636.6899999999996,Short
1734444300,1734447600.0,2639.43,2635.39,2635.39,2623.27,Short
1734447900,1734449700.0,2637.46,2635.9,2642.14,2637.46,Long
1734450000,1734450600.0,2641.47,2638.38,2638.38,2629.110000000001,Short
1734451200,1734456300.0,2640.75,2639.51,2639.51,2635.790000000001,Short
1734456600,1734476700.0,2642.3,2641.44,2644.8800000000006,2642.3,Long
1734477300,1734477900.0,2646.38,2645.0,2650.5200000000004,2646.38,Long
1734479400,1734479430.0,2645.71,2644.78,2644.78,2641.9900000000007,Short
1734480300,1734491700.0,2647.33,2646.0,2651.3199999999997,2647.33,Long
1734492000,1734492900.0,2648.31,2646.4,2646.4,2640.6700000000005,Short
1734494100,1734494130.0,2646.27,2644.6,2651.28,2646.27,Long
1734495000,1734509400.0,2645.58,2643.0,2643.0,2635.26,Short
1734510600,1734515100.0,2644.44,2643.31,2647.8300000000004,2644.44,Long
1734516300,1734525300.0,2647.12,2645.98,2650.5399999999995,2647.12,Long
1734525600,1734570900.0,2647.39,2646.98,2646.98,2645.7500000000005,Short
1734571800,1734586800.0,2605.19,2603.08,2611.5200000000004,2605.19,Long
1734587700,1734589800.0,2609.47,2608.29,2608.29,2604.7500000000005,Short
1734590400,1734607800.0,2613.97,2609.89,2626.2099999999996,2613.97,Long
1734608700,1734608730.0,2618.96,2615.98,2615.98,2607.04,Short
1734609300,1734609900.0,2618.45,2617.21,2617.21,2613.4900000000007,Short
1734610500,1734633000.0,2616.24,2615.5,2615.5,2613.2800000000007,Short
1734636300,1734651000.0,2600.56,2598.04,2608.12,2600.56,Long
1734651600,1734656700.0,2594.16,2593.0,2593.0,2589.5200000000004,Short
1734657300,1734657600.0,2599.1,2596.35,2607.35,2599.1,Long
1734658200,1734671700.0,2599.16,2597.34,2604.619999999999,2599.16,Long
1734672000,1734672600.0,2598.5,2597.91,2597.91,2596.1399999999994,Short
1734675000,1734692100.0,2601.4,2600.14,2605.1800000000007,2601.4,Long
1734693000,1734694800.0,2605.72,2602.83,2602.83,2594.1600000000003,Short
1734696300,1734701100.0,2604.64,2601.71,2601.71,2592.9200000000005,Short
1734702000,1734724500.0,2608.83,2601.07,2632.109999999999,2608.83,Long
1734724800,1734726000.0,2628.36,2627.49,2627.49,2624.8799999999987,Short
1734726300,1734727200.0,2626.65,2625.76,2629.3199999999997,2626.65,Long
1734728100,1734919200.0,2623.73,2622.63,2622.63,2619.3300000000004,Short
1734921000,1734924300.0,2625.63,2623.08,2633.2800000000007,2625.63,Long
1734925800,1734947100.0,2625.24,2623.49,2630.49,2625.24,Long
1734947400,1734972600.0,2629.08,2628.37,2628.37,2626.24,Short
1734973500,1734981000.0,2616.21,2615.66,2615.66,2614.0099999999993,Short
1734981300,1734981330.0,2611.31,2609.8,2615.8399999999992,2611.31,Long
1734983400,1734983700.0,2611.42,2609.5,2609.5,2603.74,Short
1734984300,1734985500.0,2612.16,2611.02,2615.5799999999995,2612.16,Long
1734986100,1734990300.0,2611.61,2610.89,2610.89,2608.729999999999,Short
1734994800,1735020300.0,2613.07,2612.35,2615.230000000001,2613.07,Long
1735021800,1735022700.0,2618.1,2616.43,2616.43,2611.4199999999996,Short
1735023000,1735027200.0,2618.26,2617.37,2620.930000000001,2618.26,Long
1735028100,1735028130.0,2618.71,2617.63,2617.63,2614.3900000000003,Short
1735028700,1735029000.0,2619.32,2618.3,2618.3,2615.2400000000002,Short
1735029900,1735035600.0,2619.22,2618.2,2618.2,2615.14,Short
1735035900,1735035930.0,2617.44,2616.96,2618.88,2617.44,Long
1735037100,1735048200.0,2615.5,2614.65,2614.65,2612.1000000000004,Short
1735050000,1735056600.0,2615.01,2613.44,2613.44,2608.7299999999996,Short
1735057800,1735192500.0,2616.1,2614.03,2622.309999999999,2616.1,Long
1735194600,1735195800.0,2626.71,2626.25,2626.25,2624.87,Short
1735196100,1735196130.0,2625.27,2624.2,2628.4800000000005,2625.27,Long
1735196700,1735196730.0,2626.57,2625.1,2630.980000000001,2626.57,Long
1735197300,1735199700.0,2628.86,2626.26,2626.26,2618.4600000000005,Short
1735200300,1735201500.0,2626.99,2624.3,2635.0599999999986,2626.99,Long
1735201800,1735203600.0,2627.4,2626.1,2626.1,2622.1999999999994,Short
1735204500,1735205100.0,2627.86,2626.23,2632.7500000000005,2627.86,Long
1735206600,1735206630.0,2627.92,2627.04,2630.5600000000004,2627.92,Long
1735207200,1735207230.0,2627.99,2627.03,2627.03,2624.1500000000015,Short
1735208400,1735214700.0,2628.35,2626.3,2634.499999999999,2628.35,Long
1735215600,1735215900.0,2625.84,2624.93,2624.93,2622.199999999999,Short
1735216500,1735216530.0,2627.11,2625.0,2625.0,2618.6699999999996,Short
1735217700,1735218900.0,2626.73,2625.3,2631.0199999999995,2626.73,Long
1735220400,1735224600.0,2625.45,2624.26,2624.26,2620.6900000000014,Short
1735225500,1735233300.0,2630.76,2628.61,2637.2100000000005,2630.76,Long
1735233600,1735233900.0,2630.87,2629.5,2629.5,2625.3900000000003,Short
1735234200,1735240500.0,2629.19,2628.33,2631.7700000000004,2629.19,Long
1735241400,1735241700.0,2634.16,2632.5,2632.5,2627.5200000000004,Short
1735242000,1735242300.0,2635.24,2633.5,2640.459999999999,2635.24,Long
1735243500,1735243530.0,2635.22,2633.8,2633.8,2629.5400000000013,Short
1735244400,1735250400.0,2635.88,2635.2,2637.920000000001,2635.88,Long
1735256400,1735257900.0,2633.23,2631.2,2631.2,2625.109999999999,Short
1735258500,1735268700.0,2633.47,2632.61,2632.61,2630.030000000001,Short
1735270200,1735271400.0,2632.99,2632.2,2635.3599999999997,2632.99,Long
1735272000,1735272600.0,2634.2,2632.9,2638.099999999999,2634.2,Long
1735272900,1735273800.0,2633.65,2631.9,2631.9,2626.65,Short
1735274400,1735278600.0,2632.89,2631.5,2637.0599999999995,2632.89,Long
1735278900,1735278930.0,2632.68,2631.81,2631.81,2629.2000000000003,Short
1735280700,1735285200.0,2636.29,2633.25,2645.41,2636.29,Long
1735285500,1735301100.0,2636.62,2635.02,2635.02,2630.2200000000003,Short
1735302300,1735302330.0,2631.41,2629.8,2636.239999999999,2631.41,Long
1735303200,1735304700.0,2629.24,2627.51,2627.51,2622.3200000000015,Short
1735305000,1735305030.0,2624.22,2622.04,2630.7599999999993,2624.22,Long
1735306800,1735323000.0,2620.18,2618.63,2618.63,2613.980000000001,Short
1735324200,1735326300.0,2616.75,2615.47,2620.5900000000006,2616.75,Long
1735326600,1735326630.0,2618.14,2616.4,2616.4,2611.1800000000007,Short
1735327800,1735329300.0,2618.49,2618.09,2619.6899999999987,2618.49,Long
1735330200,1735333500.0,2617.74,2616.3,2616.3,2611.9800000000014,Short
1735333800,1735334700.0,2615.74,2615.49,2616.49,2615.74,Long
1735335300,1735531500.0,2615.99,2615.56,2617.2799999999993,2615.99,Long
1735534800,1735534830.0,2622.02,2620.6,2620.6,2616.3399999999997,Short
1735535700,1735535730.0,2623.39,2622.78,2625.219999999999,2623.39,Long
1735536300,1735538700.0,2623.65,2622.67,2622.67,2619.73,Short
1735539300,1735558800.0,2623.74,2622.65,2622.65,2619.380000000001,Short
1735559400,1735560000.0,2618.28,2617.8,2617.8,2616.36,Short
1735560300,1735565400.0,2617.17,2615.77,2621.3700000000003,2617.17,Long
1735568100,1735585800.0,2611.89,2609.4,2609.4,2601.9300000000007,Short
1735586400,1735586700.0,2605.43,2604.1,2604.1,2600.11,Short
1735587000,1735599900.0,2604.57,2602.9,2609.5800000000004,2604.57,Long
1735600800,1735600830.0,2604.16,2603.77,2605.3299999999995,2604.16,Long
1735603200,1735603230.0,2606.83,2603.5,2616.8199999999997,2606.83,Long
1735604100,1735607100.0,2605.47,2604.0,2609.879999999999,2605.47,Long
1735608300,1735614000.0,2609.2,2607.4,2614.599999999999,2609.2,Long
1735616100,1735616400.0,2607.27,2605.4,2612.8799999999997,2607.27,Long
1735617900,1735619700.0,2604.81,2603.1,2603.1,2597.97,Short
1735620000,1735620030.0,2605.74,2604.3,2610.0599999999986,2605.74,Long
1735620900,1735621500.0,2606.91,2605.8,2605.8,2602.470000000001,Short
1735622700,1735627800.0,2607.8,2607.22,2607.22,2605.4799999999987,Short
1735628400,1735645800.0,2608.33,2606.3,2614.419999999999,2608.33,Long
1735646700,1735651200.0,2611.46,2610.57,2610.57,2607.9000000000005,Short
1735652400,1735655100.0,2615.75,2609.21,2609.21,2589.59,Short
1735655400,,2612.02,2611.2,2614.4800000000005,2612.02,Long
